# pointcloud_to_mesh 0.5.1; candidate requires geometry validation; coordinates preserved
v -6.171586445 0.947420389 2.560048164
v -5.908209270 0.478286598 2.559498018
v -5.390457614 0.732877806 2.558143818
v -9.269134833 1.918364278 2.567571951
v -10.475633509 1.635103542 2.570655755
v -10.514178613 1.599690124 2.570760386
v -10.493139314 1.839317270 2.570652224
v -10.799261652 1.866194856 2.571411788
v -10.849728500 1.291402543 2.571671235
v -11.078885928 1.890745908 2.572105603
v -10.691077838 1.856696302 2.571143357
v -10.554249673 3.415101067 2.570439932
v -10.202403238 3.384208899 2.569566916
v -10.218321626 3.202906376 2.569648751
v -9.528189248 2.723708440 2.568033372
v -5.650029564 1.644374039 2.558581934
v -6.287252968 1.947569871 2.560105743
v -6.241465737 2.469063667 2.559870354
v -8.403050051 2.658851084 2.565233767
v -8.280452225 4.055179363 2.564603498
v -8.211927623 4.089944902 2.564424021
v -8.247163383 3.674007036 2.564608555
v -7.082344480 3.571735767 2.561718357
v -6.982061414 4.713910019 2.561202808
v -6.935622772 4.737470381 2.561081178
v -6.245935131 4.073704024 2.559509682
v -5.634786241 4.020045062 2.557993274
v -5.420299083 6.462947137 2.556890608
v -4.987241471 6.696164084 2.555753231
v -5.083324709 7.159041759 2.555886327
v -7.043384295 7.331135275 2.560749708
v -7.130576828 6.338055685 2.561197960
v -7.801344411 5.517177637 2.563066171
v -9.271680509 5.303359214 2.566793895
v -9.781227323 5.913966071 2.567927072
v -10.146819254 5.704840654 2.568890094
v -9.781036619 5.350188833 2.568057242
v -10.447310243 4.633088006 2.569890162
v -10.567705110 4.503508721 2.570221369
v -10.895448786 4.150762863 2.571122992
v -11.314523927 5.040225391 2.571965225
v -10.987473732 5.616428559 2.571013554
v -11.352975131 6.100050030 2.571815815
v -11.497399178 4.796988176 2.572479071
v -12.183158081 -3.013464754 2.576004518
v -11.986288378 -6.288936257 2.576271075
v -11.518886488 -6.329974211 2.575111338
v -11.243385307 -3.192152743 2.573695002
v -9.984210070 -4.523780786 2.570853650
v -10.737630425 -4.457630369 2.572723068
v -10.983135027 -4.892825429 2.573438069
v -10.478425775 -5.176656877 2.572241269
v -10.133550920 -4.867477966 2.571306886
v -10.150171456 -4.905728930 2.571357328
v -9.562618707 -5.385130815 2.569998608
v -8.688291026 -3.828962345 2.567450780
v -8.659640625 -3.707303513 2.567350916
v -7.692246264 -4.487204180 2.565111625
v -8.145656938 -5.412995117 2.566460410
v -7.266706732 -6.069170437 2.564413698
v -6.304048143 -6.787837777 2.562172064
v 11.644303955 -8.363705703 2.517637866
v 11.791277906 -6.689745483 2.516882282
v 11.604531214 -6.777406754 2.517369759
v 11.235369185 -7.468106572 2.518453310
v 10.742866189 -7.918757477 2.519789782
v 10.654804963 -7.911025689 2.520008283
v 10.633183944 -8.157278347 2.520119435
v 10.252946292 -8.123893426 2.521062897
v 10.288771486 -8.156050062 2.520980729
v 3.050702629 -7.563009293 2.538949966
v 1.504795745 -6.725890521 2.542623198
v 0.638279178 -6.683539501 2.544781051
v 0.689083338 -6.515238039 2.544614959
v 2.784831725 -6.699245053 2.539414901
v 2.743648627 -6.575565954 2.539489263
v 10.243771838 -8.123087907 2.521085661
v 9.933276511 -8.095826372 2.521856075
v 10.038661487 -6.895543898 2.521314297
v 8.269512525 -6.863183624 2.525732480
v 7.981625807 -7.151107402 2.526519376
v 3.468066360 -6.891138653 2.537750198
v 4.257139622 -7.286167762 2.535867804
v 5.190576237 -7.112845333 2.533492565
v 7.019221853 -6.753407921 2.528834753
v 10.738568920 -6.956995873 2.519577657
v 10.712574430 -7.253060183 2.519711293
v 11.163305352 -6.984523783 2.518521521
v 11.880307175 -5.675746371 2.516424587
v 9.197512017 -5.986891660 2.523207939
v 8.808589593 -6.378212566 2.524271546
v 8.789139048 -6.397783016 2.524324738
v 8.743049266 -6.389585921 2.524438136
v 8.094818047 -5.876230711 2.525940781
v 8.190921078 -5.813486985 2.525685831
v 8.270198149 -4.910560573 2.525278272
v 6.658339140 -5.207619886 2.529379318
v 6.631872633 -5.509060235 2.529515381
v 6.554980235 -5.198544959 2.529635777
v 7.747395179 -4.608922974 2.526516209
v 7.496831086 -4.464356970 2.527109516
v 7.363957032 -4.387693621 2.527424147
v 7.023142171 -4.507280528 2.528304438
v 6.739421707 -4.150359938 2.528931478
v 6.224858033 -4.439210253 2.530285641
v 5.142523719 -3.404285342 2.532753367
v 5.125235923 -3.387754802 2.532792783
v 5.954965464 -3.062479443 2.530641764
v 6.513616315 -3.111529069 2.529255616
v 6.513958846 -3.107627813 2.529253855
v 6.982885077 -3.101577643 2.528079393
v 6.994981084 -3.101421563 2.528049097
v 7.111674044 -2.634007391 2.527648863
v 7.473264709 -2.423320338 2.526695489
v 7.538221509 -2.488657776 2.526548134
v 7.646098554 -2.452172576 2.526269816
v 8.136108448 -4.183179661 2.525445149
v 9.084317309 -3.715787706 2.522964810
v 9.031346114 -3.434903020 2.523032231
v 9.235809097 -3.304059874 2.522490428
v 8.889752651 -5.794185781 2.523933169
v 12.082182072 -3.376491680 2.515386760
v 11.888138750 -5.520235386 2.516368958
v 11.877900577 -5.636843085 2.516421592
v 11.874450039 -5.581064251 2.516417298
v 10.282306253 -3.218462321 2.519852687
v 9.436195250 -3.419328124 2.522015856
v 7.660409226 -2.447332526 2.526232895
v 8.559761396 -2.143161581 2.523912599
v 8.229147486 -1.637125379 2.524622392
v 7.149770945 -1.994445261 2.527405351
v 7.618871493 -1.203085032 2.526048468
v 7.137565296 -1.421023429 2.527303002
v 7.054247404 -2.369972789 2.527731335
v 4.329222419 -3.278714666 2.534758813
v 4.379373799 -2.707515380 2.534500987
v 2.540899270 -3.026836089 2.539174091
v 2.357903447 -3.131960088 2.539656232
v 2.368462640 -3.011696127 2.539601948
v 4.435712838 -2.065841734 2.534211351
v 2.752653712 -2.053486924 2.538418809
v 4.464152622 -1.741926740 2.534065144
v 6.323059073 -0.905206967 2.529221028
v 6.284347652 -1.346110796 2.529420041
v 6.698536062 -0.354829280 2.528154197
v 6.408452766 -0.087464995 2.528817908
v 6.155621740 0.145564578 2.529396386
v 6.088477479 0.392288825 2.529507179
v 6.052095119 0.525977248 2.529567212
v 5.500419598 0.574414439 2.530936052
v 5.526871364 0.875686897 2.530800065
v 5.401840859 0.716241821 2.531149789
v 4.951230431 0.511708230 2.532324428
v 4.918849335 0.142903657 2.532490898
v 4.328008196 0.211768077 2.533952980
v 3.491398429 -0.348506096 2.536175669
v 3.475712304 -0.523906315 2.536255556
v 5.104232199 -0.666890598 2.532214804
v 5.054024809 -1.238727798 2.532472918
v 5.125433909 -1.390311436 2.532329409
v 5.032745090 -1.481093223 2.532582316
v 5.024788947 -1.571709729 2.532623218
v 3.385395747 -1.427770768 2.536690948
v 3.393007879 -1.341072371 2.536651815
v 2.793184167 -1.772394468 2.538252279
v 2.733240306 -1.787419436 2.538405716
v 2.712433600 -2.024397475 2.538512682
v 2.447197435 -2.114945955 2.539197177
v 2.397269600 -2.683599172 2.539453853
v 1.735770916 -2.055494144 2.540963096
v 1.899341654 -2.069855679 2.540557237
v 2.045259644 -1.959862242 2.540166721
v 1.737392120 -2.037029440 2.540954761
v 1.682415012 -2.050809488 2.541095485
v 1.059074191 -1.996080073 2.542642144
v 1.047734230 -2.125236584 2.542700442
v 0.934216830 -2.061008414 2.542969532
v 0.853129262 -2.984555498 2.543386398
v 0.953050915 -3.297383716 2.543208929
v 1.331871952 -4.483371990 2.542536111
v 2.115771863 -5.075526161 2.540712339
v 1.505072536 -6.064178860 2.542469164
v -2.883315793 -5.705981595 2.553364096
v -2.995339261 -6.981873198 2.553940002
v -3.564014942 -6.533645384 2.555258724
v -3.320530588 -6.041426708 2.554535562
v -3.503295033 -5.842075809 2.554946567
v -3.287329427 -5.446048943 2.554314536
v -3.306886303 -5.668792043 2.554415077
v 0.753087060 -5.925877439 2.544318272
v 0.639320020 -4.296984566 2.544225398
v 0.469728481 -4.324900328 2.544656115
v 0.445634667 -4.328866314 2.544717307
v -0.579346558 -4.238872814 2.547260533
v -0.826760222 -3.483638831 2.547704445
v -1.520010468 -3.211451654 2.549375596
v -1.605653551 -4.186883776 2.549815882
v -1.412214074 -4.205198113 2.549336221
v -1.330058975 -4.422215373 2.549180993
v -2.083828580 -3.797493802 2.550921844
v -1.760723484 -3.116941775 2.549955860
v -1.772895427 -3.112162770 2.549985201
v -1.895188321 -2.989303318 2.550262657
v -2.294621509 -3.478333966 2.551375200
v -3.246360139 -3.394771176 2.553736693
v -3.296818766 -3.969469845 2.553996098
v -3.239623431 -4.055492469 2.553872954
v -3.745006395 -4.348713528 2.555205163
v -3.772038398 -4.328354799 2.555268069
v -4.526799877 -5.709248968 2.557476173
v -5.733031209 -5.078229298 2.560347437
v -5.826503466 -4.899086846 2.560539753
v -5.726197228 -4.722564011 2.560247921
v -5.927846884 -4.704859141 2.560748263
v -6.598476105 -3.419577878 2.562128055
v -5.040989152 -1.926178263 2.557885790
v -7.725050262 -2.114542293 2.564643856
v -7.833570142 -2.307690948 2.564960088
v -8.383044318 -3.285670265 2.566561278
v -8.934847083 -2.210998672 2.567692622
v -8.671708437 -2.031425568 2.566992744
v -4.952548064 -1.490544168 2.557563595
v -10.857323136 -1.189614220 2.572265174
v -10.965072942 -1.263971686 2.572551951
v -11.068858657 -2.446039381 2.573085507
v -11.683381490 -1.759672152 2.574463734
v -11.081122199 -1.344056629 2.572860816
v -10.918618479 0.506779940 2.572025394
v -10.802809891 0.584123783 2.571717765
v -10.942532463 -1.007246841 2.572436071
v -5.314375524 -1.038045947 2.558363879
v -5.327554419 -1.303829190 2.558458438
v -6.551092440 -1.196402374 2.561494332
v -6.937657511 -0.822860453 2.562374795
v -8.398986712 -0.654349812 2.565991389
v -8.320663140 -0.546237607 2.565770402
v -8.900253857 0.318469332 2.567019916
v -9.527162396 0.121747157 2.568633770
v -9.768914082 0.609661476 2.569125466
v -8.063445630 0.215584730 2.564950408
v -7.379362542 1.053463306 2.563044948
v -11.074119979 1.085242137 2.572280345
v -11.294260393 1.505428799 2.572733673
v -8.098884315 5.424356096 2.563832003
v -8.659136984 5.249577803 2.565274027
v -10.990149251 4.159077578 2.571357967
v 5.142549936 -7.659841022 2.533739466
v 6.991933188 -7.064212246 2.528975042
v 8.081868156 -5.925943780 2.525984696
v 8.937824529 -2.938996171 2.523151264
v 5.125758119 -3.348650616 2.532782415
v 5.260688323 -1.811862690 2.532088747
v 5.367944393 -1.905101016 2.531842043
v 5.904350673 -0.627420636 2.530204091
v 1.697375089 -2.492803520 2.541160487
v 2.198628754 -5.495962261 2.540602496
v -2.132493366 -4.351761516 2.551172027
v -9.777157484 -4.047264215 2.570225264
v 3.413900109 -7.508065316 2.538028663
v 9.002812851 -3.283602770 2.523068547
v 5.348889839 -2.122122913 2.531940001
v 2.197635848 -2.775851163 2.539974632
v -8.983363214 -2.244107443 2.567821662
v -10.149673058 -3.420581004 2.571011919
v -8.621601256 -3.710264835 2.567256443
v -8.145172022 -3.747354311 2.566073209
v 5.533676764 -2.270998804 2.531512240
v -11.072550127 -3.113485912 2.573249413
v 2.791171826 -6.617887796 2.539380187
v 6.243998836 -1.398637611 2.529533150
v -4.950775740 -5.757852746 2.558548049
v -11.129774159 -3.139836651 2.573398670
v 7.999365735 -3.195499967 2.525558342
v 6.165566190 -2.291946449 2.529936368
v 2.701653493 -2.023450980 2.538539430
v 6.068668234 -1.767461420 2.530057224
v -3.467137698 -5.430261751 2.554760684
v -3.598718043 -6.928896454 2.555437131
v 8.624620486 -2.242434619 2.523773353
v 8.629483466 -2.187047694 2.523748353
v 8.569375967 -2.139909826 2.523887793
v 4.849825291 2.339582440 2.532154519
v 5.412727435 2.807843465 2.530637856
v 5.443505901 3.158394882 2.530479626
v 5.299534146 3.411256218 2.530781187
v 5.128663726 3.711360379 2.531139090
v 5.103823246 3.428439663 2.531266793
v 4.568582335 3.475433893 2.532594855
v 4.695938185 4.925953696 2.531940126
v 3.513720870 4.212290576 2.535062928
v 3.489617021 4.197671985 2.535126613
v 3.375774443 4.267333858 2.535395258
v 3.401262358 4.294671539 2.535325162
v 3.739916034 5.009892580 2.534312248
v 3.400746419 5.509873672 2.535044847
v 1.897403110 5.171970043 2.538883897
v 1.846462037 5.203141601 2.539004107
v 0.991252058 5.278229162 2.541126090
v 0.752324797 5.833755555 2.541595052
v 0.677711836 5.840306584 2.541780185
v 0.612726329 5.100153976 2.542114271
v 1.581698660 5.015078064 2.539710017
v 1.544141778 4.587323846 2.539903095
v 1.983827524 4.209017339 2.538890849
v 2.212060685 4.188978435 2.538324548
v 2.285600139 5.026556245 2.537946486
v 2.943768145 4.968768998 2.536313412
v 2.802046036 3.354624647 2.537041997
v 2.987737970 3.345250759 2.536579645
v 3.390847077 2.998414866 2.535651606
v 4.339696821 2.915105720 2.533297280
v 4.622074703 2.359578975 2.532719623
v 2.113441693 5.039773000 2.538374092
v 5.467272268 1.347074684 2.530839920
v 5.543209010 1.061764569 2.530716074
v 5.573967798 1.412091866 2.530557945
v 6.226456924 1.354803226 2.528938962
v 6.333255090 1.448421037 2.528650102
v 5.903348199 1.646682065 2.529679608
v 2.103932408 -1.945155875 2.540016538
v 2.106708092 -1.913542209 2.540002268
v 0.668899218 3.499004821 2.542344793
v 0.751482416 4.439586373 2.541920238
v 0.534007549 4.458680697 2.542459846
v 0.669521926 4.899818681 2.542018617
v 0.302976206 5.393269161 2.542821213
v -0.168238123 5.203378894 2.544044002
v -0.106272152 5.909140492 2.543725438
v 0.760758590 6.786167825 2.541353246
v -0.219260620 7.309087883 2.543683671
v -0.558506392 7.055889232 2.544590999
v -1.648513100 7.151591980 2.547295569
v -1.692811259 6.647057980 2.547523304
v -2.102876911 6.479054949 2.548588051
v -2.040803944 7.186035173 2.548268938
v -1.374068896 7.127495739 2.546614607
v -1.362567423 7.258491793 2.546555479
v -1.637011627 7.282588034 2.547236441
v -1.632717161 7.331499868 2.547214363
v -2.841168210 7.437602046 2.550212822
v -2.856964149 7.257694158 2.550294028
v -3.238994466 7.291236475 2.551241938
v -4.517993735 6.702446030 2.554577911
v -3.643756953 6.625687913 2.552408718
v -3.857008233 4.196861863 2.553505031
v -4.551574658 3.707896895 2.555355861
v -4.954880348 3.639318945 2.556380657
v -4.856313637 3.419447929 2.556185036
v -4.687602892 3.043107630 2.555850203
v -4.770015589 2.104468001 2.556273882
v -4.095610049 2.045255096 2.554600518
v -4.034116227 2.745639150 2.554284382
v -3.834175872 2.866536492 2.553756198
v -2.939916119 2.788020356 2.551537323
v -3.748446085 3.359326765 2.553427540
v -3.985124312 3.303632699 2.554032518
v -3.957533387 3.617879613 2.553890674
v -2.983773225 3.868697728 2.551396604
v -2.965932816 3.867131338 2.551352338
v -2.308547597 4.300193634 2.549607475
v -2.119463719 4.283592042 2.549138312
v -1.424881398 5.203065010 2.547187678
v -0.213633770 4.686345050 2.544277378
v -0.227750443 4.525563160 2.544349951
v -0.141721220 4.518009782 2.544136492
v -0.129780381 4.490058274 2.544113098
v -0.563573099 4.025519128 2.545305919
v -0.223499318 3.736994410 2.544522056
v 0.085873514 3.474516932 2.543808958
v 0.233585461 3.480721039 2.543438006
v 0.596858489 3.495979010 2.542525711
v -0.563036768 5.504239103 2.544961905
v -1.202467376 0.405206271 2.547743125
v -1.021337217 2.468188716 2.546811946
v -1.304049613 2.493010906 2.547513423
v -1.404597848 1.347816506 2.548030336
v -2.556041771 0.804376515 2.551036709
v -2.588269984 0.437313202 2.551202392
v -2.111729611 0.152785139 2.550076220
v 1.078507652 0.500487777 2.542014985
v 1.091737615 0.515113988 2.541978500
v 1.115560331 0.786442877 2.541856029
v 1.581424195 1.072987895 2.540624227
v 1.329731363 1.423853434 2.541172550
v 1.724595565 1.917212200 2.540070434
v 1.769805156 2.432126962 2.539838014
v 1.070595041 2.493517712 2.541572923
v 0.773309893 1.530307907 2.542539818
v 0.683748858 0.510252250 2.543000247
v -1.049582957 0.662439036 2.547301061
v -1.068912733 0.442282499 2.547400435
v -0.824954290 0.510008028 2.546774457
v -0.130173992 -0.372441810 2.545240898
v 1.005058730 -0.472115408 2.542424111
v 1.089434594 0.488883721 2.541990340
v 0.475251189 -2.239933322 2.544159138
v 0.356609253 -2.211859814 2.544449426
v 0.347757315 -2.312678988 2.544494933
v 0.192182361 -2.299019484 2.544880952
v 0.306503532 -2.539391000 2.544650670
v -3.231683431 -3.339733832 2.553687224
v -2.518975487 -3.147844613 2.551859855
v -2.455621465 -2.426273804 2.551534156
v -2.539659219 -2.341846720 2.551724819
v -2.978805173 -1.631414822 2.552658749
v -2.867707249 -1.217846942 2.552284989
v -3.494804583 -1.153753082 2.553838875
v -3.746319727 -1.483618785 2.554544504
v -2.867401078 -2.673251253 2.552621492
v -3.449976699 -3.739118062 2.554325856
v -3.642059110 -3.450223200 2.554739419
v -3.490815011 -3.813834985 2.554445331
v -3.305887913 -4.072762919 2.554042722
v -10.765268920 6.707776070 2.570204784
v -10.707700333 7.363453657 2.569908828
v -11.076916860 7.569235305 2.570784768
v -11.302031578 7.022127990 2.571474697
v -11.325314407 6.756948146 2.571594393
v 5.443505901 3.158394882 2.635916475
v 5.464435957 3.396777815 2.635620749
v 5.299534146 3.411256218 2.636181881
v 3.464838999 -0.522951637 2.646252390
v 3.475712304 -0.523906315 2.646215390
v 3.491398429 -0.348506096 2.645996801
v 4.328008196 0.211768077 2.642557697
v 4.918849335 0.142903657 2.640563045
v 4.951230431 0.511708230 2.640105525
v 5.401840839 0.716241787 2.638344049
v 3.437797745 0.703413277 2.645200495
v 3.359465282 -0.188754525 2.646307273
v 2.634288870 0.773961473 2.647934695
v 5.526871364 0.875686897 2.637759319
v 5.543209010 1.061764569 2.637528481
v 6.333255090 1.448421037 2.634413905
v 6.226456951 1.354803223 2.634873576
v 6.477790761 1.332736078 2.634018331
v 6.404242561 0.495058651 2.635057511
v 6.052095119 0.525977248 2.636255807
v 6.088477479 0.392288825 2.636253961
v 6.155621740 0.145564578 2.636250554
v 6.408452766 -0.087464995 2.635587251
v 6.698536062 -0.354829280 2.634826218
v 7.618871493 -1.203085032 2.632411717
v 8.229147486 -1.637125379 2.630690622
v 8.559761396 -2.143161581 2.630011401
v 8.569375967 -2.139909826 2.629974856
v 8.629483466 -2.187047694 2.629809442
v 8.714331972 -1.220665399 2.628610598
v 8.178143699 -1.632647239 2.630864179
v 8.211878437 -1.248425353 2.630387533
v 7.903564530 -1.221355347 2.631436671
v 7.970972781 -0.453608893 2.630484244
v 8.264384998 -0.650401723 2.629645655
v 8.281123424 -0.459759377 2.629409154
v 8.777314560 -0.503325031 2.627720702
v 8.952268139 1.489309239 2.625248743
v 8.876244041 1.181378506 2.625801462
v 8.804016542 0.358743211 2.626821981
v 7.861841122 0.441466350 2.630028039
v 7.934068621 1.264101645 2.629007520
v 5.324922657 1.807790701 2.637591965
v 5.412727435 2.807843465 2.636351351
v 4.849825291 2.339582440 2.638750623
v 5.204649383 2.308428833 2.637543219
v 5.110958300 1.241333982 2.638867002
v 2.875509660 2.512927640 2.645468874
v 4.622074703 2.359578975 2.639525619
v 4.339696821 2.915105720 2.639990490
v 3.390847077 2.998414866 2.643219260
v 2.987737970 3.345250759 2.644299903
v 2.802046036 3.354624647 2.644938256
v 2.775295624 3.049950755 2.645316219
v 2.117127618 3.107738002 2.647555850
v 2.141730967 3.387957917 2.647208223
v 2.001912474 3.395016074 2.647688878
v 1.890343817 2.124304543 2.649265257
v 1.724595565 1.917212200 2.650036414
v 1.654414337 1.117882902 2.651028021
v 1.581424239 1.072987933 2.651324340
v 1.115560331 0.786442877 2.653215619
v 1.089434594 0.488883721 2.653584755
v 1.590237458 -0.042952611 2.652336558
v 2.319531839 -0.106984764 2.649854897
v 2.264753342 -0.730884600 2.650628875
v 2.821710709 -0.779785538 2.648733647
v 2.733240306 -1.787419436 2.649983666
v 2.793184167 -1.772394468 2.649760726
v 3.393007879 -1.341072371 2.647267309
v 7.149770945 -1.994445261 2.634786063
v 2.781818577 1.445832789 2.646792657
v 2.555956407 -0.118206328 2.649041473
v 5.467272268 1.347074684 2.637526467
v 5.903348199 1.646682065 2.635726789
v 5.032745090 -1.481093223 2.641683880
v 5.125433872 -1.390311482 2.641276028
v 5.054024807 -1.238727822 2.641383214
v 8.592670007 -2.606334683 2.630329588
v 8.624620486 -2.242434619 2.629878153
v 7.660409226 -2.447332526 2.633429807
v 7.999365735 -3.195499967 2.632947803
v 9.002812851 -3.283602770 2.629533248
v 8.937824540 -2.938996221 2.629437663
v 6.480266418 -3.491367817 2.638518194
v 6.513616315 -3.111529069 2.638046986
v 6.474919728 -3.108131503 2.638178663
v 5.954965464 -3.062479443 2.639947977
v 6.068668234 -1.767461420 2.638341444
v 5.125235923 -3.387754802 2.643143480
v 5.142523719 -3.404285342 2.643098683
v 6.739421707 -4.150359938 2.638230947
v 7.023142124 -4.507280490 2.637575784
v 7.363957032 -4.387693621 2.636276322
v 7.496831073 -4.464356933 2.635884919
v 7.747395150 -4.608922941 2.635146841
v 8.270198149 -4.910560573 2.633606838
v 8.094818087 -5.876230717 2.635120508
v 8.081868156 -5.925943780 2.635212098
v 8.743049266 -6.389585921 2.633341269
v 8.789139048 -6.397783016 2.633188313
v 8.808589593 -6.378212566 2.633102240
v 9.197512017 -5.986891660 2.631381172
v 8.889752651 -5.794185781 2.632273579
v 8.823463703 -5.752678449 2.632465796
v 8.542846255 -4.710440459 2.632469664
v 8.886414671 -3.813338050 2.630433959
v 8.136108448 -4.183179661 2.633394332
v 7.646098588 -2.452172544 2.633484201
v 7.538221509 -2.488657776 2.633894238
v 7.473264709 -2.423320338 2.634059542
v 7.111674044 -2.634007391 2.635516545
v 6.994981112 -3.101421578 2.636360040
v 6.747956880 -4.090878506 2.638145613
v 5.897827357 -4.016237010 2.641038455
v 6.224858033 -4.439210253 2.640294092
v 8.190921078 -5.813486985 2.634726962
v 8.231471927 -5.351632984 2.634154010
v 6.978428169 -3.152339617 2.636465312
v 6.982885077 -3.101577643 2.636402339
v 6.513958846 -3.107627813 2.638042146
v 9.031346104 -3.434902983 2.629575214
v 9.086477168 -3.290948509 2.629248553
v 11.874450076 -5.581064238 2.621673085
v 11.877900577 -5.636843085 2.621713190
v 11.888138750 -5.520235386 2.621568533
v 6.554980265 -5.198544962 2.639853311
v 6.631872633 -5.509060235 2.639875551
v 6.658339140 -5.207619886 2.639501599
v 7.019221853 -6.753407921 2.639688622
v 6.991933188 -7.064212246 2.640074190
v 7.981625807 -7.151107402 2.636706439
v 8.269512525 -6.863183624 2.635434101
v 11.604531214 -6.777406754 2.623731793
v 11.163305352 -6.984523783 2.625462979
v 10.712574430 -7.253060183 2.627284690
v 10.654804963 -7.911025689 2.628100929
v 10.742866189 -7.918757477 2.627801272
v 11.235369185 -7.468106572 2.625663790
v 4.257139622 -7.286167762 2.649812054
v 3.468066360 -6.891138653 2.652192696
v 3.413900109 -7.508065316 2.652958024
v 5.142549936 -7.659841022 2.647075730
v 5.190576237 -7.112845333 2.646397156
v 10.288771486 -8.156050062 2.629605506
v 10.252946330 -8.123893429 2.629700299
v 10.243771838 -8.123087907 2.629731518
v 3.738808241 6.014840724 2.639187578
v 3.163919856 6.065316008 2.641143823
v 2.534668958 5.383439452 2.643973953
v 1.897403110 5.171970043 2.646392383
v 2.113441664 5.039773008 2.645763062
v 3.400746419 5.509873672 2.640837614
v 3.739916034 5.009892580 2.640122918
v 4.322873378 4.958708840 2.638139216
v 4.346978365 5.233252661 2.637798631
v 3.994833080 5.264171068 2.638996920
v -11.185442506 8.350019548 2.689014415
v -11.302031578 7.022127990 2.690661729
v -11.076916860 7.569235305 2.689365918
v -10.707700333 7.363453657 2.688271561
v -11.325314407 6.756948146 2.690990698
v -11.497399178 4.796988176 2.693422124
v -11.352975131 6.100050030 2.691701013
v -10.987473732 5.616428559 2.690879265
v -11.314523927 5.040225391 2.692557502
v -10.990149251 4.159077578 2.692250594
v -10.895448786 4.150762863 2.691928345
v -10.567705110 4.503508721 2.690456529
v -10.237290080 8.266771626 2.685788018
v -10.765268920 6.707776070 2.689084961
v 4.919058853 4.079494868 2.636883273
v 5.128663726 3.711360379 2.636496874
v 5.269409466 5.314384372 2.634508245
v 4.361103748 5.394133746 2.637599050
v 5.015207665 5.174582031 2.635524764
v 3.375774443 4.267333858 2.642085885
v 3.489617021 4.197671985 2.641754262
v 3.513720870 4.212290576 2.641656601
v 3.401262358 4.294671539 2.641971514
v -0.492261098 3.450234476 2.656329170
v 0.085873514 3.474516932 2.654291746
v -0.223499318 3.736994410 2.655124569
v -10.447310243 4.633088006 2.689915866
v -9.781036619 5.350188833 2.686923797
v -10.146819254 5.704840654 2.687867057
v -9.781227323 5.913966071 2.686397569
v -9.271680509 5.303359214 2.685192517
v -8.659136984 5.249577803 2.683108139
v -8.098884315 5.424356096 2.680992381
v -7.977120800 6.861704301 2.679224739
v -7.085768909 6.848395598 2.676130922
v -7.043384295 7.331135275 2.675532060
v -9.786561375 7.763721406 2.684687421
v -9.274830022 7.718791318 2.682946089
v -5.330913145 7.478721859 2.669426371
v -4.685536290 5.635711882 2.668899741
v -5.388388132 6.138111223 2.670879566
v -5.449874400 6.126098984 2.671105065
v -5.634786241 4.020045062 2.673717727
v -6.245935131 4.073704024 2.675797360
v -6.935622772 4.737470381 2.677580500
v -6.982061414 4.713910019 2.677764352
v -7.082344480 3.571735767 2.679181275
v -8.247163383 3.674007036 2.683144950
v -8.211927623 4.089944902 2.682633432
v -8.280452225 4.055179363 2.682904723
v -8.403050051 2.658851084 2.684636936
v -6.241465737 2.469063667 2.677281443
v -6.287252968 1.947569871 2.677928381
v -5.650029564 1.644374039 2.675991093
v -5.908209270 0.478286598 2.677980615
v -6.171586445 0.947420389 2.678460012
v -6.939065911 1.014805198 2.681071611
v -6.856693189 0.786425360 2.680997990
v -7.341509892 0.488487423 2.682965964
v -7.390743192 -0.072255381 2.683661593
v -6.857246626 -0.360923207 2.682072203
v -6.159527065 -0.071137779 2.679369907
v -5.286394741 -0.473748055 2.676703414
v -5.314375524 -1.038045947 2.677328303
v -4.952548064 -1.490544168 2.676490271
v -6.598476105 -3.419577878 2.684028962
v -5.927846884 -4.704859141 2.682893092
v -5.726197228 -4.722564011 2.682206914
v -5.826503502 -4.899086811 2.682721443
v -5.733031209 -5.078229298 2.682563125
v -4.950775740 -5.757852746 2.680472218
v -4.526799877 -5.709248968 2.678949288
v -3.772038398 -4.328354799 2.675028484
v -4.224649526 -3.987477820 2.676287205
v -4.147279164 -3.106267864 2.675194021
v -4.700506664 -2.813659195 2.676848488
v -5.279869202 -3.352651596 2.679371227
v -5.732212240 -3.148104129 2.680756423
v -4.117285382 -1.535571867 2.673621562
v -3.683913988 -1.791557129 2.672350552
v -3.807675081 -3.201134439 2.674099201
v -3.642059148 -3.450223236 2.673754842
v -3.449976672 -3.739118103 2.673355451
v -3.296818766 -3.969469845 2.673036995
v -3.246360139 -3.394771176 2.672324053
v -2.294621509 -3.478333966 2.669085453
v -1.895188321 -2.989303318 2.667236440
v -1.772895427 -3.112162770 2.666925085
v -1.760723484 -3.116941775 2.666887134
v -1.704861618 -2.999280660 2.666582499
v -1.567276530 -3.192893830 2.666283977
v -1.520010465 -3.211451620 2.666136604
v -1.202467376 0.405206271 2.661649964
v -2.455621465 -2.426273804 2.668663289
v -3.231683431 -3.339733832 2.672221470
v -2.867401078 -2.673251253 2.670329111
v -3.746319727 -1.483618785 2.672280237
v -2.867707249 -1.217846942 2.668969993
v -2.978805173 -1.631414822 2.669743666
v -2.539659219 -2.341846720 2.668877247
v -2.111729611 0.152785139 2.665054541
v -2.588269987 0.437313161 2.666449315
v -2.636301331 -0.109739966 2.667127961
v -3.171173807 -0.393545682 2.669257166
v -2.536172922 1.030672828 2.665713223
v -2.556041771 0.804376515 2.665993955
v -1.404597848 1.347816506 2.661473424
v -1.304049613 2.493010906 2.660052754
v -1.021337217 2.468188716 2.659090734
v -0.760840571 5.435115993 2.655410116
v -1.424881398 5.203065010 2.657941088
v -2.119463719 4.283592042 2.661220942
v -2.308547597 4.300193634 2.661864361
v -2.965932816 3.867131338 2.664560000
v -2.983773225 3.868697728 2.664620708
v -2.939916119 2.788020356 2.665477846
v -3.834175872 2.866536492 2.668520856
v -4.034116223 2.745639195 2.669330612
v -4.095610049 2.045255096 2.670199472
v -4.770015589 2.104468001 2.672494356
v -4.687602892 3.043107630 2.671329928
v -4.856313656 3.419447888 2.671566147
v -4.954880348 3.639318945 2.671704154
v -4.551574658 3.707896895 2.670234590
v -4.219423165 3.941726862 2.668858550
v -3.857008233 4.196861863 2.667357134
v -3.643756953 6.625687913 2.664344057
v -4.517993735 6.702446030 2.667318932
v -3.238994466 7.291236475 2.662311502
v -2.856964149 7.257694158 2.661011520
v -2.841168210 7.437602046 2.660788335
v -1.632717161 7.331499868 2.656676188
v -1.637011627 7.282588034 2.656736865
v -1.362567423 7.258491793 2.655802980
v -1.374068896 7.127495739 2.655965487
v -0.618077221 7.061119560 2.653392979
v -0.586616539 7.419441085 2.652948464
v -10.129106266 8.257273072 2.685419888
v -5.390457614 0.732877806 2.675938378
v -2.518975487 -3.147844613 2.669558433
v -3.494804583 -1.153753082 2.671095452
v -3.042226119 1.075104373 2.667435234
v -5.040989152 -1.926178263 2.677205611
v -4.529894690 7.408392322 2.666700645
v -5.477900513 7.193685572 2.670204992
v -9.332818436 7.058332127 2.683765420
v -9.871987141 6.790764403 2.685894422
v 1.682415012 -2.050809488 2.653891825
v 1.737392117 -2.037029478 2.653687357
v 1.772549389 -1.636605622 2.653190612
v 1.506879193 -0.776272084 2.653312394
v 1.153884809 -0.916234275 2.654673343
v 1.059074191 -1.996080073 2.656012944
v -11.683381490 -1.759672152 2.700197945
v -11.168140388 -2.335150537 2.698940219
v -11.068858653 -2.446039333 2.698697868
v -10.965072946 -1.263971735 2.697231456
v -10.857323158 -1.189614253 2.696786468
v -10.942532463 -1.007246841 2.696912976
v -10.984869538 -0.916635811 2.696975833
v -11.047381467 -0.959766472 2.697233988
v -11.081122199 -1.344056629 2.697710719
v -8.934847063 -2.210998674 2.691041429
v -8.983363214 -2.244107443 2.691241444
v -8.383044318 -3.285670265 2.690122824
v -7.833570142 -2.307690948 2.687293976
v -7.725050262 -2.114542293 2.686735285
v -8.671708437 -2.031425568 2.689956597
v -3.733017131 -3.474712729 2.674094707
v -3.490815011 -3.813834985 2.673567596
v -11.129774159 -3.139836651 2.699558558
v -11.243385304 -3.192152714 2.700003372
v -11.518886488 -6.329974211 2.703895993
v -11.410702675 -6.339472766 2.703527862
v 5.015207665 5.174582031 2.434896836
v 4.346978365 5.233252661 2.435957177
v 4.322873378 4.958708840 2.436173713
v 4.695938185 4.925953696 2.435581736
v 4.568582335 3.475433893 2.436725775
v 5.103823246 3.428439663 2.435876459
v 5.128663726 3.711360379 2.435653316
v 4.919058853 4.079494868 2.435760542
v 2.197666012 4.025030271 2.440267905
v 2.212060685 4.188978435 2.440138597
v 1.983827524 4.209017339 2.440500756
v 1.544141778 4.587323846 2.440979535
v 1.581698660 5.015078064 2.440642161
v 0.612726329 5.100153976 2.442179720
v 0.677711836 5.840306584 2.441595954
v -0.106272152 5.909140492 2.442839975
v -0.168238123 5.203378894 2.443396616
v 0.302976206 5.393269161 2.442499865
v 0.669521926 4.899818681 2.442215484
v 0.534007549 4.458680697 2.442722463
v 0.680256424 4.445840025 2.442490396
v 0.751482416 4.439586373 2.442377376
v 0.668899218 3.499004821 2.443119221
v 0.596858489 3.495979010 2.443239561
v 0.588507035 3.400860097 2.443314582
v 0.124691349 3.441583182 2.444050562
v 0.085873514 3.474516932 2.444093131
v -0.492261098 3.450234476 2.445058870
v -0.563853684 3.447227488 2.445178461
v -0.196061244 1.959557830 2.445532727
v 0.803294202 1.871814276 2.443946957
v 0.773309893 1.530307907 2.444216306
v 1.070595041 2.493517712 2.443107043
v 1.769805156 2.432126962 2.441997541
v 1.724595565 1.917212200 2.442403659
v 1.890343817 2.124304543 2.441997818
v 2.001912474 3.395016074 2.440995595
v 2.141730967 3.387957917 2.440770370
v 0.219018447 3.433301249 2.443900884
v 1.329731363 1.423853434 2.443370499
v 1.581424195 1.072987895 2.443182979
v 1.654414337 1.117882902 2.443034098
v 1.091737615 0.515113988 2.444347223
v 1.078507652 0.500487777 2.444378390
v 1.089434594 0.488883721 2.444367911
v 8.178143699 -1.632647239 2.434085675
v 8.714331972 -1.220665399 2.432939027
v 8.777314560 -0.503325031 2.432373254
v 8.281123424 -0.459759377 2.433160607
v 8.264384998 -0.650401723 2.433310968
v 7.970972781 -0.453608893 2.433666336
v 7.903564530 -1.221355347 2.434271866
v 8.211878437 -1.248425353 2.433782635
v 5.533676764 -2.270998804 2.438842889
v 6.243998836 -1.398637611 2.437113396
v 6.248884082 -1.342997089 2.437069512
v 6.284347652 -1.346110796 2.437013239
v 6.323059073 -0.905206967 2.436665494
v 5.904350673 -0.627420636 2.437174576
v 5.125433872 -1.390311482 2.438946251
v 5.367944393 -1.905101016 2.438879457
v 5.348889839 -2.122122913 2.439050624
v -0.826760222 -3.483638831 2.450076914
v -0.579346558 -4.238872814 2.450157009
v 0.445634655 -4.328866313 2.448530576
v 0.469728479 -4.324900349 2.448488425
v 0.639320020 -4.296984566 2.448191734
v 0.753087060 -5.925877439 2.449054465
v 1.505072536 -6.064178860 2.447907797
v 2.198628754 -5.495962261 2.446401854
v 2.115771863 -5.075526161 2.446267081
v 1.331871952 -4.483371990 2.447173724
v 0.953050915 -3.297383716 2.447031992
v 0.853129262 -2.984555498 2.446994608
v 0.918296209 -2.242336369 2.446409212
v 0.475251189 -2.239933322 2.447135752
v 0.306503532 -2.539391000 2.447606044
v 0.192182361 -2.299019484 2.447639016
v -0.632073244 -2.226649722 2.448946939
v 0.485416385 -0.744810629 2.446155558
v 0.356609253 -2.211859814 2.447312634
v 0.934216830 -2.061008414 2.446266197
v 1.047734230 -2.125236584 2.446121036
v 1.153884809 -0.916234275 2.445167484
v 1.506879193 -0.776272084 2.444497187
v 1.772549389 -1.636605622 2.444615009
v 1.737392120 -2.037029440 2.444930828
v 2.045259644 -1.959862242 2.444375158
v 2.106708092 -1.913542209 2.444244326
v 2.210960286 -0.726161562 2.443307827
v 2.264753342 -0.730884600 2.443222468
v 2.319531839 -0.106984764 2.442730393
v 1.590237458 -0.042952611 2.443887632
v 1.005058730 -0.472115408 2.445125861
v -0.130173992 -0.372441810 2.446927240
v -0.824954290 0.510008028 2.447500354
v -1.068912733 0.442282499 2.447944913
v 0.683748858 0.510252250 2.445020834
v 0.709335364 1.323029157 2.444455015
v -0.497147269 0.934764614 2.446687923
v -0.758735135 1.073274860 2.447028550
v -0.639207284 2.434637652 2.445954830
v -1.021337217 2.468188716 2.446561191
v -0.494414174 -0.658781363 2.447710346
v -1.049582957 0.662439036 2.447771273
v -1.520010468 -3.211451654 2.451040779
v 2.197635848 -2.775851163 2.444650588
v 2.397269600 -2.683599172 2.444263066
v 2.447197435 -2.114945955 2.443814563
v 2.752653662 -2.053486949 2.443272979
v 2.701653493 -2.023450980 2.443337436
v 2.101683177 -1.970773499 2.444289465
v 2.103932408 -1.945155875 2.444269260
v 1.899341654 -2.069855679 2.444685838
v 1.735770916 -2.055494144 2.444945391
v 1.697375089 -2.492803520 2.445290301
v 6.978428169 -3.152339617 2.437036578
v 6.513616315 -3.111529069 2.437774138
v 6.480266418 -3.491367817 2.438073721
v 5.897827357 -4.016237010 2.439369122
v 6.747956880 -4.090878506 2.438020143
v 6.994981112 -3.101421578 2.436976562
v 6.982885081 -3.101577601 2.436996541
v 8.886414671 -3.813338050 2.434327005
v 8.542846255 -4.710440459 2.435469728
v 8.823463703 -5.752678449 2.435680209
v 8.889752651 -5.794185781 2.435598020
v 9.235809097 -3.304059874 2.433424630
v 9.086477168 -3.290948509 2.433661588
v 9.031346104 -3.434902983 2.433844957
v 9.084317309 -3.715787706 2.433938913
v 2.791171826 -6.617887796 2.446151077
v 2.743648678 -6.575565913 2.446201902
v 2.784831725 -6.699245053 2.446213925
v 0.689083338 -6.515238039 2.449539444
v 0.638279178 -6.683539501 2.449731391
v 1.504795745 -6.725890521 2.448334673
v 3.050702629 -7.563009293 2.446333628
v -2.040803944 7.186035173 2.445196274
v -2.102876911 6.479054949 2.445753877
v -1.692811259 6.647057980 2.444971721
v -1.648513100 7.151591980 2.444573790
v -2.556041771 0.804376515 2.450155480
v -2.536172922 1.030672828 2.449976998
v -3.042226119 1.075104373 2.450780000
v -3.171173807 -0.393545682 2.451938338
v -2.636301331 -0.109739966 2.450876453
v -2.588269987 0.437313161 2.450444987
v -1.330058975 -4.422215373 2.451508860
v -1.412214074 -4.205198113 2.451504021
v -1.605653551 -4.186883776 2.451810112
v -1.523758001 -3.254134190 2.451074444
v -1.567276530 -3.192893830 2.451106496
v -1.704861618 -2.999280660 2.451207831
v -1.760723484 -3.116941775 2.451375457
v -2.083828580 -3.797493802 2.452345001
v -2.113793072 -4.138774473 2.452614173
v -2.132493366 -4.351761516 2.452782158
v -1.624049367 -4.396402973 2.451975362
v -3.564014942 -6.533645384 2.456540735
v -3.598718043 -6.928896454 2.456852473
v -2.995339261 -6.981873198 2.455895036
v -2.883315793 -5.705981595 2.454888728
v -3.306886303 -5.668792043 2.455560846
v -3.287329427 -5.446048943 2.455385167
v -3.467137698 -5.430261751 2.455670485
v -3.503295033 -5.842075809 2.455995287
v -3.320530588 -6.041426708 2.455823403
v -4.529894690 7.408392322 2.449143488
v -5.330913145 7.478721859 2.450414539
v -5.477900513 7.193685572 2.450839778
v -5.083324709 7.159041759 2.450213668
v -4.987241471 6.696164084 2.450354055
v -5.420299083 6.462947137 2.451216021
v -5.449874400 6.126098984 2.451481696
v -5.388388132 6.138111223 2.451372910
v -4.685536290 5.635711882 2.450541619
v -8.098884315 5.424356096 2.456287227
v -7.801344411 5.517177637 2.455738441
v -7.130576828 6.338055685 2.454107128
v -7.085768909 6.848395598 2.453704618
v -7.977120800 6.861704301 2.455160866
v -3.985124312 3.303632699 2.450893422
v -3.748446085 3.359326765 2.450468581
v -3.957533387 3.617879613 2.450645573
v -10.475633509 1.635103542 2.462634989
v -9.269134833 1.918364278 2.460469722
v -9.528189248 2.723708440 2.460376464
v -10.218321626 3.202906376 2.461201804
v -10.202403238 3.384208899 2.461058808
v -10.554249673 3.415101067 2.461617116
v -10.691077838 1.856696302 2.462846245
v -10.493139314 1.839317270 2.462532158
v -10.514178615 1.599690100 2.462721154
v -10.849728500 1.291402543 2.463471255
v -10.799261652 1.866194856 2.463017910
v -11.078885928 1.890745908 2.463461616
v -11.294260393 1.505428799 2.464063864
v -11.074119979 1.085242137 2.463972868
v -5.314375524 -1.038045947 2.455875749
v -5.286394741 -0.473748055 2.455466121
v -6.159527065 -0.071137779 2.456641552
v -6.857246626 -0.360923207 2.457974910
v -7.341509892 0.488487423 2.458223357
v -6.856693189 0.786425360 2.457234625
v -6.939065911 1.014805198 2.457222821
v -7.379362542 1.053463306 2.457921481
v -8.063445630 0.215584730 2.459585632
v -9.768914082 0.609661476 2.462134402
v -9.527162396 0.121747157 2.462051536
v -8.900253857 0.318469332 2.460894519
v -8.320663140 -0.546237607 2.460499271
v -8.398986712 -0.654349812 2.460697655
v -6.937657511 -0.822860453 2.458404737
v -6.551092440 -1.196402374 2.458010185
v -6.510691369 -1.199949594 2.457946077
v -5.327554419 -1.303829190 2.456068683
v -7.390743192 -0.072255381 2.458665621
v -10.984869538 -0.916635811 2.465116249
v -10.942532461 -1.007246815 2.465105065
v -10.802809891 0.584123783 2.463849936
v -10.918618476 0.506779970 2.464090094
v -11.047381467 -0.959766472 2.465246774
v -3.239623431 -4.055492469 2.454410664
v -3.296818770 -3.969469891 2.454449222
v -3.305887913 -4.072762919 2.454530690
v -3.733017131 -3.474712729 2.454847227
v -3.642059148 -3.450223236 2.454681967
v -3.807675081 -3.201134439 2.454793618
v -3.683913988 -1.791557129 2.453681871
v -4.117285382 -1.535571867 2.454229099
v -4.700506664 -2.813659195 2.456011176
v -4.147279164 -3.106267864 2.455290580
v -4.224649526 -3.987477820 2.455985599
v -3.772038398 -4.328354799 2.455461459
v -3.745006395 -4.348713528 2.455430155
v -5.279869202 -3.352651596 2.457310624
v -5.732212240 -3.148104129 2.457922178
v -8.145656938 -5.412995117 2.463347913
v -7.692246264 -4.487204180 2.462006190
v -8.145172022 -3.747354311 2.462273741
v -8.621601256 -3.710264835 2.463032791
v -8.659640625 -3.707303513 2.463093396
v -8.688291026 -3.828962345 2.463218879
v -9.562618707 -5.385130815 2.465658554
v -10.150171456 -4.905728930 2.466315186
v -10.133550920 -4.867477966 2.466263222
v -10.478425775 -5.176656877 2.467029222
v -10.737630425 -4.457630369 2.466991836
v -9.984210070 -4.523780786 2.465796313
v -9.777157484 -4.047264215 2.465148971
v -10.149673058 -3.420581004 2.465357305
v -11.072550127 -3.113485912 2.466676038
v -11.129774159 -3.139836651 2.466787060
v -11.410702675 -6.339472766 2.469310644
v -6.304048143 -6.787837777 2.461207440
v -7.266706732 -6.069170437 2.462326323
v -10.983135027 -4.892825429 2.467675740
v -9.786561375 7.763721406 2.760353678
v -9.871987141 6.790764403 2.762602463
v -9.332818436 7.058332127 2.761265754
v -9.274830022 7.718791318 2.759739242
v 5.128663726 3.711360379 2.748448938
v 5.299534146 3.411256218 2.748867860
v 5.464435957 3.396777815 2.748669862
v 5.768634601 6.861449110 2.740662003
v -0.586616539 7.419441085 2.748292755
v -0.618077221 7.061119560 2.749120940
v -0.558506392 7.055889232 2.749049413
v -0.219260620 7.309087883 2.748022630
v 0.760758590 6.786167825 2.747802235
v 0.677711836 5.840306584 2.749988394
v 0.752324797 5.833755555 2.749898807
v 0.991252058 5.278229162 2.750782050
v 1.846462037 5.203141601 2.749755199
v 1.897403080 5.171970052 2.749752478
v 2.534668958 5.383439452 2.748401929
v 3.163919856 6.065316008 2.746032826
v 3.738808241 6.014840724 2.745342557
v 3.994833080 5.264171068 2.746629152
v 4.346978365 5.233252661 2.746206331
v 4.361103748 5.394133746 2.745834488
v 5.269409466 5.314384372 2.744743886
v 2.704123874 7.130513598 2.744341562
v -10.129106266 8.257273072 2.759750426
v -10.237290080 8.266771626 2.759880322
v -10.567705110 4.503508721 2.768578312
v -10.447310243 4.633088006 2.768126967
v 0.233585461 3.480721039 2.755772132
v 0.085873514 3.474516932 2.755991460
v 0.124691349 3.441583182 2.756009483
v 0.219018447 3.433301249 2.755896224
v 0.588507035 3.400860097 2.755452579
v 0.596858486 3.495978972 2.755232732
v -0.492261119 3.450234463 2.756849895
v -0.223499318 3.736994410 2.755847822
v -0.563573099 4.025519128 2.755689931
v -0.129780381 4.490058274 2.754068830
v -0.141721201 4.518009780 2.754024277
v -0.227750443 4.525563160 2.754127572
v -0.213633772 4.686345027 2.753755959
v -0.563036768 5.504239103 2.752452275
v -0.760840571 5.435115993 2.752879105
v -1.021337217 2.468188716 2.759736533
v -0.639207284 2.434637652 2.759277710
v -0.758735135 1.073274860 2.762424213
v -0.497147269 0.934764614 2.762363047
v 0.709335364 1.323029157 2.759832636
v 0.773309890 1.530307863 2.759289794
v 0.803294202 1.871814276 2.758500474
v -0.196061244 1.959557830 2.759700401
v -0.563853684 3.447227488 2.756956198
v 2.357903448 -3.131960068 2.767288296
v 2.540899270 -3.026836089 2.766803287
v 2.368462640 -3.011696127 2.767010331
v 5.110958300 1.241333982 2.785013518
v 5.204649383 2.308428833 2.785013518
v 4.849825291 2.339582440 2.785013518
v 4.622074703 2.359578975 2.785013518
v 2.875509660 2.512927640 2.785013518
v 2.781818577 1.445832789 2.785013518
v 2.555956407 -0.118206328 2.749752656
v 3.359465282 -0.188754525 2.749752656
v 3.437797745 0.703413277 2.749752656
v 2.634288870 0.773961473 2.749752656
v 5.241074028 -2.035259760 2.763751011
v 5.260688323 -1.811862690 2.763751011
v 5.031322201 -1.791724311 2.763751011
v 4.741563912 -1.766283491 2.763751011
v 4.464152622 -1.741926740 2.763751011
v 4.435712838 -2.065841734 2.763751011
v 4.393866817 -2.542447112 2.763751011
v 4.379373799 -2.707515380 2.763751011
v 4.329222419 -3.278714666 2.763751011
v 4.635456950 -3.305602102 2.763751011
v 5.125758119 -3.348650616 2.763751011
v 5.190402518 -2.612383062 2.763751011
v 10.719369003 -7.175673377 2.776262930
v 10.738568920 -6.956995873 2.776262930
v 10.413305096 -6.928437662 2.776262930
v 10.038661487 -6.895543898 2.776262930
v 9.954344786 -7.855869195 2.776262930
v 9.949789932 -7.907746721 2.776262930
v 9.933276511 -8.095826372 2.776262930
v 10.243771838 -8.123087907 2.776262930
v 10.252946292 -8.123893426 2.776262930
v 10.633183944 -8.157278347 2.776262930
v 10.654804963 -7.911025689 2.776262930
v 10.712574430 -7.253060183 2.776262930
v 7.861841122 0.441466350 2.805332460
v 8.804016542 0.358743211 2.805332460
v 8.876244041 1.181378506 2.805332460
v 7.934068621 1.264101645 2.805332460
v 7.085346232 -2.015772602 2.854565826
v 7.137565296 -1.421023429 2.854565826
v 6.608998709 -1.374615206 2.854565826
v 6.286607364 -1.346309199 2.854565826
v 6.284347652 -1.346110796 2.854565826
v 6.248884082 -1.342997089 2.854565826
v 6.243998836 -1.398637611 2.854565826
v 6.165566190 -2.291946449 2.854565826
v 6.582362760 -2.328541249 2.854565826
v 7.047174613 -2.369351797 2.854565826
v 7.054247404 -2.369972789 2.854565826
v 7.061384440 -2.288685504 2.854565826
v 6.052095119 0.525977248 2.776133675
v 6.404242561 0.495058651 2.776133675
v 6.446835927 0.980175908 2.776133675
v 6.477790761 1.332736078 2.776133675
v 6.226456951 1.354803223 2.776133675
v 5.573967798 1.412091866 2.776133675
v 5.543209010 1.061764569 2.776133675
v 5.526871367 0.875686933 2.776133675
v 5.517480629 0.768731096 2.776133675
v 5.500419598 0.574414439 2.776133675
v 5.054024809 -1.238727798 2.778059579
v 5.104232199 -0.666890598 2.778059579
v 4.957700612 -0.654025104 2.778059579
v 4.849711349 -0.644543631 2.778059579
v 4.770850738 -0.637619658 2.778059579
v 3.869880789 -0.558514365 2.778059579
v 3.475712304 -0.523906315 2.778059579
v 3.464838999 -0.522951637 2.778059579
v 3.393007879 -1.341072371 2.778059579
v 3.385395747 -1.427770768 2.778059579
v 3.790437538 -1.463333496 2.778059579
v 4.604510548 -1.534809225 2.778059579
v 4.947182004 -1.564895828 2.778059579
v 5.017040828 -1.571029443 2.778059579
v 5.024788947 -1.571709729 2.778059579
v 5.032745089 -1.481093234 2.778059579
v 2.907348743 4.553970124 2.818671613
v 2.943768145 4.968768998 2.818671613
v 2.285600139 5.026556245 2.818671613
v 2.277923594 4.939124214 2.818671613
v 2.212060685 4.188978435 2.818671613
v 2.197666012 4.025030271 2.818671613
v 2.141730967 3.387957917 2.818671613
v 2.117127618 3.107738002 2.818671613
v 2.775295624 3.049950755 2.818671613
v 2.802046036 3.354624647 2.818671613
v 2.814323339 3.494457025 2.818671613
v 2.830866910 3.682880071 2.818671613
v 2.733240306 -1.787419436 2.822187359
v 2.821710709 -0.779785538 2.822187359
v 2.264753342 -0.730884600 2.822187359
v 2.210960286 -0.726161562 2.822187359
v 2.203315961 -0.813226620 2.822187359
v 2.106708092 -1.913542209 2.822187359
v 2.103932410 -1.945155851 2.822187359
v 2.101683177 -1.970773499 2.822187359
v 2.701653493 -2.023450980 2.822187359
v 2.712433600 -2.024397475 2.822187359
v -0.013067902 -0.701043636 2.809727142
v -0.494414174 -0.658781363 2.809727142
v -0.522971176 -0.984031415 2.809727142
v -0.632073244 -2.226649722 2.809727142
v 0.192182361 -2.299019484 2.809727142
v 0.347757315 -2.312678988 2.809727142
v 0.356609251 -2.211859842 2.809727142
v 0.485416385 -0.744810629 2.809727142
v 7.660409228 -2.447332492 2.633429807
v 7.660409228 -2.447332492 2.526232895
v 5.517480629 0.768731096 2.530848342
v 5.401840859 0.716241821 -2.702225977
v 3.869880789 -0.558514365 2.535277528
v 4.770850728 -0.637619657 2.533042004
v 4.849711349 -0.644543631 2.532846332
v 4.957700611 -0.654025104 2.532578385
v 5.125433909 -1.390311436 -2.702225977
v 5.017040855 -1.571029446 2.532642443
v 5.017040855 -1.571029446 -2.702225977
v 4.947182004 -1.564895828 2.532815779
v 4.604510572 -1.534809227 2.533666030
v 3.790437538 -1.463333496 2.535685942
v 3.393007877 -1.341072399 -2.702225977
v 1.059074191 -1.996080073 2.446019169
v 0.918296212 -2.242336340 2.543051379
v 0.918296212 -2.242336340 -2.702225977
v 0.445634667 -4.328866314 -2.702225977
v -1.523758004 -3.254134219 2.549394862
v -1.624049367 -4.396402973 2.549910454
v -2.113793073 -4.138774484 2.551075889
v -5.826503466 -4.899086846 -2.702225977
v -6.510691353 -1.199949596 2.561394087
v -6.551092428 -1.196402375 2.561494332
v -6.551092428 -1.196402375 2.458010185
v -6.551092428 -1.196402375 -2.702225977
v -6.939065926 1.014805199 2.561952466
v -5.449874398 6.126099003 2.557042653
v -5.477900563 7.193685576 2.556865365
v -7.085768910 6.848395591 2.560967605
v -11.715760976 2.309955871 2.573601656
v -11.497399178 4.796988176 -2.702225977
v -11.715760976 2.309955871 -2.702225977
v -12.183158081 -3.013464754 -2.702225977
v -11.986288378 -6.288936257 -2.702225977
v -11.518886488 -6.329974211 -2.702225977
v -5.887650041 -6.824397591 2.561138880
v -6.304048143 -6.787837777 -2.702225977
v -5.887650041 -6.824397591 -2.702225977
v -4.151030872 -6.976873007 2.556829908
v -4.151030872 -6.976873007 -2.702225977
v -3.009123826 -7.077132612 2.553996561
v -3.009123826 -7.077132612 -2.702225977
v -1.868212947 -7.177304753 2.551165685
v -1.868212947 -7.177304753 -2.702225977
v 11.644303955 -8.363705703 -2.702225977
v 11.791277906 -6.689745483 -2.702225977
v 11.880307175 -5.675746371 -2.702225977
v 12.082182072 -3.376491680 -2.702225977
v 10.282306253 -3.218462321 -2.702225977
v 9.436195250 -3.419328124 -2.702225977
v 8.937824540 -2.938996221 -2.702225977
v 9.086477181 -3.290948510 2.522860956
v 8.231471929 -5.351632953 2.525477361
v 7.496831086 -4.464356970 -2.702225977
v 6.474919682 -3.108131499 2.529351632
v 6.994981084 -3.101421563 -2.702225977
v 7.646098554 -2.452172576 -2.702225977
v 8.886414677 -3.813338057 2.523482486
v 9.031346114 -3.434903020 -2.702225977
v 6.286607359 -1.346309198 2.529414434
v 6.286607359 -1.346309198 -2.702225977
v 6.608998709 -1.374615206 2.528614504
v 7.085346231 -2.015772609 2.527571457
v 7.061384440 -2.288685504 2.527694644
v 7.047174613 -2.369351797 2.527748884
v 6.582362760 -2.328541249 2.528902195
v 2.743648627 -6.575565954 -2.702225977
v 9.949789932 -7.907746721 2.521771180
v 9.954344786 -7.855869195 2.521747764
v 10.413305120 -6.928437664 2.520384715
v 10.719369000 -7.175673413 2.519676363
v 5.190402518 -2.612383062 2.532450082
v 5.241074027 -2.035259774 2.532189583
v 4.635456924 -3.305602100 2.533998971
v 4.393866817 -2.542447112 2.534426479
v 4.741563912 -1.766283491 2.533376820
v 5.031322202 -1.791724311 2.532657859
v -10.514178613 1.599690124 -2.702225977
v -11.047381468 -0.959766477 2.572687357
v -10.857323136 -1.189614220 -2.702225977
v -10.965072942 -1.263971686 -2.702225977
v -11.168140388 -2.335150530 2.573308172
v -8.934847083 -2.210998672 -2.702225977
v 8.559761413 -2.143161563 -2.702225977
v 8.624620486 -2.242434619 -2.702225977
v 8.629483466 -2.187047694 -2.702225977
v 4.322873378 4.958708840 2.532865790
v 2.277923592 4.939124199 2.537985950
v 2.907348745 4.553970143 2.536500642
v 2.830866908 3.682880056 2.536893831
v 2.814323339 3.494457025 2.536978880
v 2.802046037 3.354624665 -2.702225977
v 5.436106474 3.074119094 2.530517666
v 5.412727435 2.807843465 -2.702225977
v 5.436106474 3.074119094 -2.702225977
v 5.443505901 3.158394882 -2.702225977
v -0.618077221 7.061119560 2.544738809
v -4.219423155 3.941726875 2.554470768
v -4.856313637 3.419447929 -2.702225977
v -0.760840574 5.435115949 2.545472747
v 0.680256424 4.445840025 2.542096967
v -1.692811262 6.647057939 2.547523304
v -1.692811262 6.647057939 2.444971721
v -2.588269984 0.437313202 -2.702225977
v -1.202467376 0.405206278 2.448188286
v 1.091737615 0.515113988 2.653552215
v -3.642059110 -3.450223200 -2.702225977
v -3.449976699 -3.739118062 -2.702225977
v -3.490815024 -3.813835029 2.454667736
v -11.302031578 7.022127990 -2.702225977
v -11.325314407 6.756948146 -2.702225977
v 5.464435957 3.396777815 -2.702225977
v 8.714331972 -1.220665399 -2.702225977
v 8.777314560 -0.503325031 -2.702225977
v 8.952268139 1.489309239 -2.702225977
v 5.324922657 1.807790701 -2.702225977
v 2.141730964 3.387957887 -2.702225977
v 1.581424239 1.072987933 -2.702225977
v 3.475712269 -0.523906311 -2.702225977
v 6.446835925 0.980175889 2.634455699
v 5.054024807 -1.238727822 -2.702225977
v 8.592670007 -2.606334683 -2.702225977
v 7.023142124 -4.507280490 -2.702225977
v 7.747395150 -4.608922941 -2.702225977
v 8.094818087 -5.876230717 -2.702225977
v 11.874450076 -5.581064238 -2.702225977
v 6.554980265 -5.198544962 -2.702225977
v 2.113441664 5.039773008 -2.702225977
v -10.237290080 8.266771626 -2.702225977
v -11.185442506 8.350019548 -2.702225977
v -2.545580340 7.591438392 2.659614475
v -0.586616539 7.419441085 -2.702225977
v -2.545580340 7.591438392 -2.702225977
v -4.142437180 7.731642655 2.665048300
v -4.142437180 7.731642655 -2.702225977
v -4.964574391 7.803826422 2.667845889
v -4.964574391 7.803826422 -2.702225977
v -7.725353582 8.046223236 2.677240338
v -7.725353582 8.046223236 -2.702225977
v -10.129106266 8.257273072 -2.702225977
v -1.520010465 -3.211451620 -2.702225977
v -2.983773183 3.868697724 -2.702225977
v -4.034116223 2.745639195 -2.702225977
v 1.737392117 -2.037029478 -2.702225977
v -11.068858653 -2.446039333 -2.702225977
v -11.410702675 -6.339472766 -2.702225977
v -11.243385304 -3.192152714 -2.702225977
v 2.203315961 -0.813226620 2.443376496
v 0.469728479 -4.324900349 -2.702225977
v -0.522971176 -0.984031415 2.447966874
v -0.013067929 -0.701043633 2.446946549
v 2.045259681 -1.959862278 -2.702225977
v 6.982885081 -3.101577601 -2.702225977
v -10.849728504 1.291402501 -2.702225977
v -10.918618476 0.506779970 -2.702225977
v -10.942532461 -1.007246815 -2.702225977
v 5.768634601 6.861449110 -2.702225977
v 2.704123874 7.130513598 -2.702225977
v 1.897403080 5.171970052 -2.702225977
v 0.596858486 3.495978972 -2.702225977
v -0.141721201 4.518009780 -2.702225977
v -0.213633772 4.686345027 -2.702225977
v 0.773309890 1.530307863 -2.702225977
v -0.492261119 3.450234463 -2.702225977
v 2.357903448 -3.131960068 -2.702225977
v 4.741563912 -1.766283491 -2.702225977
v 9.949789932 -7.907746721 -2.702225977
v 10.719369000 -7.175673413 -2.702225977
v 5.526871367 0.875686933 -2.702225977
v 5.517480629 0.768731096 -2.702225977
v 4.947182004 -1.564895828 -2.702225977
v 5.032745089 -1.481093234 -2.702225977
v 2.814323339 3.494457025 -2.702225977
v 2.103932410 -1.945155851 -2.702225977
v -0.522971176 -0.984031415 -2.702225977
v 0.356609251 -2.211859842 -2.702225977
g roof
f 1 2 3
g roof
f 1 3 4
g roof
f 1 4 5
g roof
f 1 5 6
g roof
f 6 7 11 8
g roof
f 6 8 9
g roof
f 10 8 11 12
g roof
f 13 14 15
g roof
f 15 4 3
g roof
f 15 3 16
g roof
f 15 16 17
g roof
f 15 17 18
g roof
f 15 18 19
g roof
f 15 19 20
g roof
f 21 22 23
g roof
f 21 23 24
g roof
f 25 26 27
g roof
f 25 27 1199 28
g roof
f 28 29 30
g roof
f 28 30 1200 31
g roof
f 28 31 1201 32
g roof
f 28 32 33
g roof
f 34 35 36
g roof
f 34 36 37
g roof
f 34 37 38
g roof
f 34 38 39
g roof
f 34 39 40
g roof
f 41 42 43
g roof
f 41 43 44
g roof
f 41 44 1202 45
g roof
f 41 45 46
g roof
f 46 47 48
g roof
f 49 50 51
g roof
f 49 51 52
g roof
f 49 52 53
g roof
f 53 54 55
g roof
f 53 55 56
g roof
f 53 56 57
g roof
f 58 59 60
g roof
f 58 60 61
g roof
f 62 63 64
g roof
f 62 64 65
g roof
f 62 65 66
g roof
f 62 66 67
g roof
f 62 67 68
g roof
f 62 68 69
g roof
f 62 69 70
g roof
f 62 70 71
g roof
f 71 72 73
g roof
f 74 75 76
g roof
f 71 70 77
g roof
f 71 77 78
g roof
f 79 80 81
g roof
f 82 83 84
g roof
f 85 80 79
g roof
f 86 1243 87 88
g roof
f 86 88 64
g roof
f 86 64 63
g roof
f 86 63 89
g roof
f 86 89 90
g roof
f 86 90 91
g roof
f 86 91 92
g roof
f 86 92 93
g roof
f 94 95 1225 96
g roof
f 94 96 97
g roof
f 94 97 98
g roof
f 99 97 96
g roof
f 99 96 100
g roof
f 99 100 101
g roof
f 99 101 102
g roof
f 99 102 103
g roof
f 99 103 104
g roof
f 99 104 105
g roof
f 99 105 106
g roof
f 99 106 107
g roof
f 108 1227 109 110
g roof
f 108 110 111
g roof
f 108 111 112
g roof
f 114 115 116
g roof
f 117 1230 118 119
g roof
f 120 121 90
g roof
f 120 90 89
g roof
f 89 122 123
g roof
f 89 123 124
g roof
f 125 123 122
g roof
f 125 122 126
g roof
f 125 126 127
g roof
f 128 1172 129 130
g roof
f 128 1172 130 131
g roof
f 131 132 133
g roof
f 131 133 1235 1236 134
g roof
f 135 136 137
g roof
f 135 137 138
g roof
f 139 137 136
g roof
f 139 136 1247 140
g roof
f 141 140 142
g roof
f 143 144 1232 1234 133
g roof
f 143 133 132
g roof
f 143 132 145
g roof
f 143 145 146
g roof
f 143 146 147
g roof
f 143 147 148
g roof
f 143 148 149
g roof
f 143 149 150
g roof
f 150 1173 151 152
g roof
f 150 152 153
g roof
f 150 153 154
g roof
f 154 155 156
g roof
f 154 156 157
g roof
f 154 157 1175 1176 1177 1178 158
g roof
f 158 159 160
g roof
f 160 161 162
g roof
f 163 164 165
g roof
f 165 166 167
g roof
f 141 168 169
g roof
f 170 171 172
g roof
f 170 172 173
g roof
f 170 173 174
g roof
f 174 175 176
g roof
f 176 177 1187 178
g roof
f 176 178 179
g roof
f 176 179 180
g roof
f 176 180 181
g roof
f 182 183 184
g roof
f 185 186 187
g roof
f 188 189 183
g roof
f 190 191 192
g roof
f 190 192 193
g roof
f 190 193 194
g roof
f 194 195 196
g roof
f 194 196 1190 197
g roof
f 194 197 198
g roof
f 194 198 199
g roof
f 200 201 202
g roof
f 200 202 203
g roof
f 200 203 204
g roof
f 200 204 205
g roof
f 200 205 206
g roof
f 200 206 207
g roof
f 200 207 208
g roof
f 208 209 210
g roof
f 212 213 214
g roof
f 215 216 217
g roof
f 215 217 218
g roof
f 215 218 219
g roof
f 221 217 216
g roof
f 221 216 222
g roof
f 221 222 223
g roof
f 221 223 224
g roof
f 221 224 225
g roof
f 226 227 1251 228
g roof
f 229 230 223
g roof
f 222 231 232
g roof
f 222 232 1194 233 1195
g roof
f 1195 233 234 235
g roof
f 235 236 237
g roof
f 235 237 238
g roof
f 239 240 241
g roof
f 241 1198 1 6
g roof
f 241 6 9
g roof
f 241 9 242
g roof
f 243 10 12
g roof
f 13 15 20
g roof
f 13 20 21
g roof
f 13 21 24
g roof
f 13 24 25
g roof
f 13 25 28
g roof
f 13 28 33
g roof
f 13 33 244
g roof
f 13 244 245
g roof
f 13 245 34
g roof
f 13 34 40
g roof
f 13 40 246
g roof
f 49 53 57
g roof
f 61 1208 1211 1213 1215 62 71
g roof
f 81 84 247
g roof
f 82 84 81
g roof
f 82 81 248
g roof
f 82 248 85
g roof
f 79 1242 86 93
g roof
f 249 94 98
g roof
f 98 99 107
g roof
f 108 112 113
g roof
f 108 113 114
g roof
f 120 89 124
g roof
f 120 124 125
g roof
f 120 125 127
g roof
f 120 127 250
g roof
f 251 1246 135 138
g roof
f 252 253 160
g roof
f 254 143 150
g roof
f 254 150 154
g roof
f 254 154 158
g roof
f 254 158 160
g roof
f 162 1180 1182 1183 1184 163 165
g roof
f 162 165 167
g roof
f 255 170 174
g roof
f 255 174 176
g roof
f 255 176 181
g roof
f 255 181 256
g roof
f 190 194 199
g roof
f 190 199 1191 257
g roof
f 257 1192 200 208
g roof
f 257 208 210
g roof
f 214 215 219
g roof
f 220 221 225
g roof
f 223 222 1195 233
g roof
f 223 1195 233 235
g roof
f 223 235 238
g roof
f 223 238 239
g roof
f 239 241 242
g roof
f 12 13 246
g roof
f 258 49 57
g roof
f 78 1240 1241 79 81
g roof
f 78 81 247
g roof
f 78 247 259
g roof
f 85 79 93
g roof
f 85 93 249
g roof
f 85 249 98
g roof
f 85 98 107
g roof
f 260 1224 120 250
g roof
f 261 253 252
g roof
f 261 252 1245 1244 251
g roof
f 262 255 256
g roof
f 212 214 219
g roof
f 263 220 225
g roof
f 229 223 239
g roof
f 229 239 242
g roof
f 243 12 246
g roof
f 243 246 41
g roof
f 264 258 57
g roof
f 264 57 265
g roof
f 264 265 266
g roof
f 71 78 259
g roof
f 71 259 82
g roof
f 82 85 107
g roof
f 267 261 251
g roof
f 211 212 219
g roof
f 219 263 225
g roof
f 228 229 242
g roof
f 228 242 243
g roof
f 268 264 266
g roof
f 269 71 82
g roof
f 269 82 107
g roof
f 270 267 251
g roof
f 271 211 219
g roof
f 226 228 243
g roof
f 226 243 41
g roof
f 226 41 46
g roof
f 226 46 48
g roof
f 226 48 272
g roof
f 226 272 268
g roof
f 76 269 107
g roof
f 225 1254 226 268
g roof
f 225 268 266
g roof
f 219 225 266
g roof
f 219 266 58
g roof
f 219 58 61
g roof
f 271 219 61
g roof
f 210 271 61
g roof
f 257 210 61
g roof
f 117 119 260
g roof
f 117 260 273
g roof
f 117 273 1172 128
g roof
f 252 160 162
g roof
f 116 117 128
g roof
f 116 128 1172 131
g roof
f 142 1248 1249 252 162
g roof
f 142 162 167
g roof
f 114 116 131
g roof
f 114 131 134
g roof
f 114 134 1237 1238 274
g roof
f 141 142 167
g roof
f 141 167 275
g roof
f 108 114 274
g roof
f 108 274 270
g roof
f 139 140 141
g roof
f 276 108 270
g roof
f 276 270 251
g roof
f 107 276 251
g roof
f 107 251 138
g roof
f 76 107 138
g roof
f 139 141 169
g roof
f 139 169 262
g roof
f 138 139 262
g roof
f 138 262 256
g roof
f 76 138 256
g roof
f 76 256 182
g roof
f 188 183 182
g roof
f 188 182 190
g roof
f 188 190 257
g roof
f 74 76 182
g roof
f 74 182 184
g roof
f 277 188 257
g roof
f 277 257 61
g roof
f 73 74 184
g roof
f 278 185 187 277 61
g roof
f 278 61 71
g roof
f 71 73 184
g roof
f 71 184 278
g roof
f 129 279 280
g roof
f 129 280 281
g roof
f 282 283 1265 284
g roof
f 282 284 285
g roof
f 285 286 287
g roof
f 288 289 290
g roof
f 288 290 291
g roof
f 288 291 292
g roof
f 293 290 289
g roof
f 293 289 1259 294
g roof
f 293 294 295
g roof
f 296 297 298
g roof
f 298 299 300
g roof
f 298 300 301
g roof
f 298 301 302
g roof
f 302 303 304
g roof
f 302 304 305
g roof
f 302 305 1260 306
g roof
f 307 1261 1262 1263 308 309
g roof
f 307 309 310
g roof
f 311 312 282
g roof
f 311 282 285
g roof
f 311 285 287
g roof
f 311 287 288
g roof
f 311 288 292
g roof
f 292 293 295
g roof
f 313 296 298
g roof
f 313 298 302
g roof
f 313 302 306
g roof
f 310 311 292
g roof
f 295 313 306
g roof
f 295 306 307
g roof
f 307 310 292
g roof
f 307 292 295
g roof
f 314 315 316
g roof
f 316 317 318
g roof
f 316 318 319
g roof
f 316 319 314
g roof
f 320 321 172
g roof
f 322 323 1273 324
g roof
f 324 325 326
g roof
f 324 326 327
g roof
f 328 300 329
g roof
f 328 329 330
g roof
f 328 330 331
g roof
f 328 331 1269 336 332
g roof
f 328 332 333 1274
g roof
f 328 333 1274 334
g roof
f 335 332 336 337
g roof
f 335 337 338
g roof
f 335 338 339
g roof
f 335 339 340
g roof
f 335 340 341
g roof
f 341 342 343
g roof
f 341 343 344
g roof
f 341 344 345
g roof
f 346 347 348
g roof
f 346 348 349
g roof
f 346 349 350
g roof
f 346 350 351
g roof
f 346 351 352
g roof
f 346 352 353
g roof
f 353 354 355
g roof
f 353 355 356
g roof
f 357 355 354
g roof
f 357 354 358
g roof
f 358 359 360
g roof
f 360 361 362
g roof
f 363 364 365
g roof
f 366 367 368
g roof
f 366 368 369
g roof
f 366 369 370
g roof
f 366 370 371
g roof
f 366 371 322
g roof
f 366 322 324
g roof
f 366 324 327
g roof
f 334 335 341
g roof
f 334 341 345
g roof
f 346 353 356
g roof
f 346 356 357
g roof
f 346 357 358
g roof
f 346 358 360
g roof
f 346 360 362
g roof
f 363 365 366 327
g roof
f 328 334 345
g roof
f 328 345 1270 346
g roof
f 328 346 362
g roof
f 328 362 1272 372
g roof
f 372 363 327
g roof
f 372 327 328
g roof
f 373 374 375
g roof
f 373 375 376
g roof
f 373 376 377
g roof
f 373 377 378
g roof
f 373 378 379
g roof
f 380 381 382
g roof
f 382 383 384
g roof
f 384 385 386
g roof
f 384 386 387
g roof
f 384 387 388
g roof
f 384 388 389
g roof
f 390 391 392
g roof
f 392 393 394
g roof
f 392 394 395
g roof
f 392 395 380
g roof
f 382 384 389
g roof
f 389 390 392
g roof
f 389 392 380
g roof
f 389 380 382
g roof
f 396 397 398
g roof
f 398 399 400
g roof
f 398 400 396
g roof
f 401 402 403
g roof
f 401 403 404
g roof
f 405 406 407
g roof
f 405 407 408
g roof
f 405 408 409
g roof
f 409 401 404
g roof
f 409 404 405
g roof
f 410 401 411
g roof
f 206 410 412
g roof
f 412 413 206
g roof
f 414 415 416
g roof
f 414 416 417
g roof
f 414 417 418
g roof
f 419 420 421
g roof
f 422 423 424
g roof
f 425 426 427
g roof
f 427 428 429
g roof
f 427 429 430
g roof
f 431 429 428
g roof
f 431 428 432
g roof
f 431 432 433
g roof
f 434 435 436
g roof
f 437 438 439
g roof
f 437 439 440
g roof
f 437 440 441
g roof
f 437 441 442
g roof
f 437 442 443
g roof
f 444 445 446
g roof
f 444 446 447
g roof
f 444 447 448
g roof
f 444 448 449
g roof
f 449 450 451
g roof
f 452 453 454
g roof
f 455 456 457
g roof
f 455 457 458
g roof
f 455 458 459
g roof
f 460 457 456
g roof
f 460 456 461
g roof
f 462 463 464
g roof
f 462 464 465
g roof
f 466 467 468
g roof
f 466 468 469
g roof
f 466 469 470
g roof
f 466 470 471
g roof
f 466 471 472
g roof
f 466 472 473
g roof
f 473 474 475
g roof
f 473 475 476
g roof
f 476 477 478
g roof
f 478 479 480 1278 481
g roof
f 478 481 482
g roof
f 478 482 483
g roof
f 483 484 485
g roof
f 485 486 487
g roof
f 485 487 488
g roof
f 485 488 422
g roof
f 485 422 424
g roof
f 485 424 425
g roof
f 425 427 430
g roof
f 436 1292 437 443
g roof
f 489 444 449
g roof
f 489 449 451
g roof
f 454 455 459
g roof
f 461 462 465
g roof
f 490 466 473
g roof
f 490 473 476
g roof
f 490 476 478
g roof
f 490 478 483
g roof
f 485 425 430
g roof
f 485 430 491
g roof
f 443 489 451
g roof
f 443 451 452
g roof
f 452 454 459
g roof
f 483 485 491
g roof
f 483 491 431
g roof
f 436 443 452
g roof
f 436 452 459
g roof
f 436 459 460
g roof
f 490 483 431
g roof
f 490 431 433
g roof
f 434 436 460
g roof
f 465 490 433
g roof
f 465 433 492
g roof
f 465 492 493
g roof
f 493 434 460
g roof
f 493 460 461
g roof
f 493 461 465
g roof
f 494 495 496
g roof
f 497 498 445
g roof
f 497 445 1171 499
g roof
f 497 1171 499 500
g roof
f 497 500 501
g roof
f 497 501 502
g roof
f 503 504 505
g roof
f 503 505 506
g roof
f 506 507 508
g roof
f 506 508 509
g roof
f 510 511 512
g roof
f 512 513 514
g roof
f 516 517 518
g roof
f 516 518 519
g roof
f 519 520 521
g roof
f 519 520 521 522
g roof
f 519 522 523
g roof
f 519 523 524
g roof
f 524 525 526
g roof
f 526 527 528
g roof
f 526 528 529
g roof
f 526 529 530
g roof
f 526 530 531
g roof
f 526 531 532
g roof
f 533 503 506
g roof
f 533 506 509
g roof
f 533 509 534
g roof
f 533 534 510
g roof
f 535 516 519
g roof
f 535 519 524
g roof
f 524 526 532
g roof
f 532 533 510
g roof
f 532 510 512
g roof
f 536 535 524
g roof
f 524 532 512
g roof
f 524 512 513 514
g roof
f 524 514 515
g roof
f 524 515 536
g roof
f 504 537 538
g roof
f 504 538 539
g roof
f 501 540 541
g roof
f 542 543 544
g roof
f 545 546 547
g roof
f 548 549 550
g roof
f 548 550 551
g roof
f 552 553 554
g roof
f 552 554 555
g roof
f 552 555 556
g roof
f 552 556 557
g roof
f 558 559 560
g roof
f 558 560 561
g roof
f 558 561 562
g roof
f 563 564 565
g roof
f 566 567 568
g roof
f 568 569 570
g roof
f 568 570 571
g roof
f 571 572 573
g roof
f 573 574 575
g roof
f 566 568 571
g roof
f 571 573 575
g roof
f 571 575 566
g roof
f 576 577 578
g roof
f 576 578 579
g roof
f 580 581 582
g roof
f 580 582 583
g roof
f 583 584 585
g roof
f 583 585 586
g roof
f 583 586 587
g roof
f 583 587 588
g roof
f 588 576 579
g roof
f 588 579 589
g roof
f 589 580 583
g roof
f 589 583 588
g roof
f 590 591 592
g roof
f 592 593 574
g roof
f 592 574 594
g roof
f 592 594 590
g roof
f 595 596 597
g roof
f 595 597 598
g roof
f 599 600 601
g roof
f 602 603 604
g roof
f 605 606 607
g roof
f 605 607 608
g roof
f 605 608 609
g roof
f 609 610 611
g roof
f 612 613 614
g roof
f 615 616 617
g roof
f 615 617 618
g roof
f 619 620 621
g roof
f 619 621 622
g roof
f 623 624 625
g roof
f 623 625 626
g roof
f 623 626 627
g roof
f 627 628 629
g roof
f 630 631 632
g roof
f 630 632 633
g roof
f 630 633 634
g roof
f 630 634 635
g roof
f 630 635 636
g roof
f 630 636 637
g roof
f 630 637 638
g roof
f 638 639 640
g roof
f 641 642 643
g roof
f 643 644 645
g roof
f 643 645 646
g roof
f 643 646 647
g roof
f 643 647 648
g roof
f 643 648 649
g roof
f 643 649 650
g roof
f 643 650 651
g roof
f 643 651 652
g roof
f 643 652 653
g roof
f 653 651 654
g roof
f 655 656 657
g roof
f 658 659 660
g roof
f 660 661 662
g roof
f 662 663 664
g roof
f 662 664 665
g roof
f 665 666 667
g roof
f 665 667 668
g roof
f 665 668 669
g roof
f 670 671 672
g roof
f 673 674 675
g roof
f 673 675 669
g roof
f 673 669 668
g roof
f 673 668 676
g roof
f 676 677 678
g roof
f 676 678 679
g roof
f 680 681 682
g roof
f 680 682 683
g roof
f 683 684 685
g roof
f 683 685 686
g roof
f 683 686 687
g roof
f 683 687 688
g roof
f 683 688 689
g roof
f 683 689 690
g roof
f 683 690 691
g roof
f 683 691 692
g roof
f 683 692 693
g roof
f 683 693 694
g roof
f 695 696 697
g roof
f 695 697 698
g roof
f 698 699 700
g roof
f 698 700 701
g roof
f 698 701 702
g roof
f 698 702 703
g roof
f 704 705 706
g roof
f 707 708 709
g roof
f 709 710 711
g roof
f 709 711 712
g roof
f 713 602 604
g roof
f 713 604 605
g roof
f 618 619 622
g roof
f 622 623 627
g roof
f 714 630 638
g roof
f 714 638 640
g roof
f 641 643 653
g roof
f 641 653 654
g roof
f 670 658 660
g roof
f 670 660 662
g roof
f 662 665 669
g roof
f 662 669 715
g roof
f 716 673 676
g roof
f 716 676 679
g roof
f 716 679 717
g roof
f 717 680 683
g roof
f 717 683 694
g roof
f 717 694 695
g roof
f 707 709 712
g roof
f 707 712 1303 1306 1308 1310 713
g roof
f 618 622 627
g roof
f 618 627 629
g roof
f 618 629 714
g roof
f 618 714 640
g roof
f 718 641 654
g roof
f 670 662 715
g roof
f 672 716 717
g roof
f 672 717 695
g roof
f 706 707 713
g roof
f 640 718 654
g roof
f 670 672 695
g roof
f 704 706 713
g roof
f 618 640 654
g roof
f 618 654 655
g roof
f 655 657 670
g roof
f 655 670 695
g roof
f 618 655 695
g roof
f 618 695 698
g roof
f 615 618 698
g roof
f 615 698 703
g roof
f 719 615 703
g roof
f 719 703 704
g roof
f 719 704 713
g roof
f 614 719 713
g roof
f 611 720 614
g roof
f 611 614 613
g roof
f 611 613 721
g roof
f 611 721 722
g roof
f 612 614 713
g roof
f 609 611 722
g roof
f 722 612 713
g roof
f 722 713 605
g roof
f 722 605 609
g roof
f 723 724 725
g roof
f 723 725 726
g roof
f 723 726 727
g roof
f 723 727 728
g roof
f 729 730 731
g roof
f 729 730 731 732 737
g roof
f 732 733 734
g roof
f 732 734 735
g roof
f 732 735 736
g roof
f 732 736 737
g roof
f 738 739 740
g roof
f 738 740 741
g roof
f 738 741 742
g roof
f 738 742 743
g roof
f 658 657 744
g roof
f 658 744 745
g roof
f 746 747 748
g roof
f 746 748 749
g roof
f 750 751 752
g roof
f 750 752 753
g roof
f 750 753 754
g roof
f 754 755 756
g roof
f 754 756 757
g roof
f 754 757 750
g roof
f 758 759 760
g roof
f 761 762 763
g roof
f 763 764 765
g roof
f 765 766 767
g roof
f 768 769 770
g roof
f 768 770 771
g roof
f 772 773 774
g roof
f 775 776 777
g roof
f 775 777 778
g roof
f 775 778 779
g roof
f 775 779 780
g roof
f 780 781 782
g roof
f 783 784 785
g roof
f 783 785 786
g roof
f 786 787 758
g roof
f 786 758 760 761
g roof
f 786 761 763
g roof
f 786 763 765
g roof
f 786 765 767
g roof
f 786 767 768
g roof
f 786 768 771
g roof
f 786 771 772
g roof
f 786 772 774
g roof
f 788 775 780
g roof
f 788 780 782
g roof
f 788 782 783
g roof
f 783 786 774
g roof
f 783 774 788
g roof
f 784 789 790
g roof
f 784 790 791
g roof
f 792 793 794
g roof
f 795 796 797
g roof
f 797 798 799
g roof
f 799 800 801
g roof
f 799 801 802
g roof
f 802 795 797
g roof
f 802 797 799
g roof
f 803 804 805
g roof
f 805 806 807
g roof
f 805 807 808
g roof
f 805 808 809
g roof
f 805 809 810
g roof
f 805 810 811
g roof
f 805 811 803
g roof
f 812 813 814
g roof
f 812 814 815
g roof
f 812 815 816
g roof
f 816 817 818
g roof
f 816 818 819
g roof
f 816 819 820
g roof
f 816 820 821
g roof
f 816 821 822
g roof
f 816 822 823
g roof
f 816 823 824
g roof
f 816 824 825
g roof
f 816 825 826
g roof
f 816 826 827
g roof
f 816 827 828
g roof
f 829 830 825
g roof
f 829 825 824
g roof
f 829 824 831
g roof
f 829 831 832
g roof
f 829 832 1186 833
g roof
f 829 833 834
g roof
f 835 836 837
g roof
f 835 837 838
g roof
f 835 838 1320 839
g roof
f 839 840 841
g roof
f 839 841 842
g roof
f 839 842 794
g roof
f 839 794 843
g roof
f 839 843 844
g roof
f 844 845 846
g roof
f 847 781 848
g roof
f 847 848 849
g roof
f 850 851 852
g roof
f 812 816 828
g roof
f 812 828 1322 853
g roof
f 853 1323 829 834
g roof
f 834 835 839
g roof
f 834 839 844
g roof
f 854 847 849
g roof
f 854 849 850
g roof
f 854 850 852
g roof
f 854 852 1277 855
g roof
f 855 812 853
g roof
f 853 834 844
g roof
f 853 844 846
g roof
f 846 854 855
g roof
f 846 855 853
g roof
f 856 857 858
g roof
f 858 859 860
g roof
f 858 860 861
g roof
f 861 862 837
g roof
f 863 864 865
g roof
f 863 865 856
g roof
f 863 856 858
g roof
f 863 858 861
g roof
f 863 861 837
g roof
f 866 867 868
g roof
f 866 868 869
g roof
f 866 869 870
g roof
f 866 870 871
g roof
f 871 872 866
g roof
f 873 874 875
g roof
f 873 875 876
g roof
f 877 878 879
g roof
f 877 879 880
g roof
f 880 873 876
g roof
f 880 876 877
g roof
f 881 882 883
g roof
f 883 884 885
g roof
f 883 885 886
g roof
f 883 886 887
g roof
f 883 887 881
g roof
f 888 889 1275 890
g roof
f 888 1275 890 891
g roof
f 892 893 894
g roof
f 892 894 895
g roof
f 895 896 897
g roof
f 895 897 892
g roof
f 898 899 900
g roof
f 901 855 902
g roof
f 902 903 904
g roof
f 902 904 905
g roof
f 902 905 906
g roof
f 902 906 907
g roof
f 902 907 908
g roof
f 908 898 900
g roof
f 900 901 902
g roof
f 900 902 908
g roof
f 909 910 911
g roof
f 909 911 912
g roof
f 913 914 915
g roof
f 913 915 916
g roof
f 913 916 917
g roof
f 917 909 912
g roof
f 917 912 913
g roof
f 918 919 920
g roof
f 918 920 921
g roof
f 918 921 922
g roof
f 922 923 924
g roof
f 922 924 925
g roof
f 922 925 926
g roof
f 922 926 918
g roof
f 927 928 929
g roof
f 927 929 930
g roof
f 927 930 931
g roof
f 932 933 934
g roof
f 935 936 937
g roof
f 935 937 938
g roof
f 935 938 939
g roof
f 935 939 940
g roof
f 940 941 942
g roof
f 942 943 935
g roof
f 942 935 940
g roof
f 944 945 946
g roof
f 944 946 947
g roof
f 944 947 948
g roof
f 949 950 951
g roof
f 949 951 952
g roof
f 953 954 955
g roof
f 953 955 956
g roof
f 953 956 957
g roof
f 958 959 960
g roof
f 961 962 963
g roof
f 963 964 1196 965
g roof
f 963 965 966
g roof
f 963 966 949
g roof
f 963 949 952
g roof
f 963 952 967
g roof
f 967 953 957
g roof
f 967 957 958
g roof
f 967 958 960
g roof
f 967 960 961
g roof
f 967 961 963
g roof
f 968 969 970
g roof
f 968 970 971
g roof
f 968 971 972
g roof
f 973 974 975
g roof
f 976 977 978
g roof
f 978 979 980
g roof
f 978 980 981
g roof
f 978 981 982
g roof
f 978 982 983
g roof
f 978 983 984
g roof
f 978 984 985
g roof
f 985 973 975
g roof
f 985 975 1281 976
g roof
f 985 976 978
g roof
f 986 981 987
g roof
f 988 989 990
g roof
f 988 990 991
g roof
f 988 991 992
g roof
f 988 992 993
g roof
f 988 993 994
g roof
f 995 996 997
g roof
f 998 999 1000
g roof
f 998 1000 1001
g roof
f 998 1001 1002
g roof
f 998 1002 1003
g roof
f 1004 1005 1006
g roof
f 1004 1006 988
g roof
f 1004 988 994
g roof
f 1004 994 995
g roof
f 1004 995 997
g roof
f 1004 997 1007
g roof
f 1007 998 1003
g roof
f 1007 1003 1004
g roof
f 1008 1009 1010
g roof
f 1008 1010 1011
g roof
f 1012 1013 1014
g roof
f 1012 1014 1015
g roof
f 1016 1017 1018
g roof
f 1016 1018 1019
g roof
f 1020 1021 1022
g roof
f 1020 1022 1023
g roof
f 1020 1023 1024
g roof
f 1020 1024 1025
g roof
f 1020 1025 1026
g roof
f 1020 1026 1027
g roof
f 1020 1027 1028
g roof
f 1028 1029 1030
g roof
f 1028 1030 1031
g roof
f 1028 1031 1032
g roof
f 1032 1012 1015
g roof
f 1032 1015 1033
g roof
f 1033 1016 1019
g roof
f 1033 1019 1020
g roof
f 1033 1020 1028
g roof
f 1033 1028 1032
g roof
f 1034 1035 1036
g roof
f 1034 1036 1037
g roof
f 1038 1039 1040
g roof
f 1038 1040 1041
g roof
f 1038 1041 1042
g roof
f 1038 1042 1043
g roof
f 1044 1045 1046
g roof
f 1046 1047 1048
g roof
f 1046 1048 1049
g roof
f 1046 1049 1050
g roof
f 1046 1050 1051
g roof
f 1046 1051 1052
g roof
f 1046 1052 1053
g roof
f 1046 1053 1054
g roof
f 1054 1055 1056
g roof
f 1056 1057 1058
g roof
f 1056 1058 1059
g roof
f 1056 1059 1060
g roof
f 1056 1060 1061
g roof
f 1061 1044 1046
g roof
f 1061 1046 1054
g roof
f 1061 1054 1056
g roof
f 1062 1063 1064
g roof_fixture
f 1065 1066 1067
g roof_fixture
f 1065 1067 1068
g roof_fixture
f 1065 1068 1069
g roof_fixture
f 1065 1069 1070
g roof_fixture
f 1071 1072 1073
g roof_fixture
f 1071 1073 1074
g roof_fixture
f 1075 1076 1077
g roof_fixture
f 1075 1077 1078
g roof_fixture
f 1075 1078 1079
g roof_fixture
f 1075 1079 1080
g roof_fixture
f 1075 1080 1081
g roof_fixture
f 1075 1081 1082
g roof_fixture
f 1075 1082 1083
g roof_fixture
f 1075 1083 1084
g roof_fixture
f 1084 1085 1086
g roof_fixture
f 1084 1086 1075
g roof_fixture
f 1087 1088 1089
g roof_fixture
f 1087 1089 1090
g roof_fixture
f 1087 1090 1091
g roof_fixture
f 1087 1091 1092
g roof_fixture
f 1087 1092 1093
g roof_fixture
f 1087 1093 1094
g roof_fixture
f 1087 1094 1095
g roof_fixture
f 1095 1096 1097
g roof_fixture
f 1095 1097 1098
g roof_fixture
f 1095 1098 1087
g roof_fixture
f 1099 1100 1101
g roof_fixture
f 1099 1101 1102
g roof_fixture
f 1103 1104 1105
g roof_fixture
f 1103 1105 1106
g roof_fixture
f 1103 1106 1107
g roof_fixture
f 1103 1107 1108
g roof_fixture
f 1103 1108 1109
g roof_fixture
f 1103 1109 1110
g roof_fixture
f 1103 1110 1111
g roof_fixture
f 1103 1111 1112
g roof_fixture
f 1112 1113 1114
g roof_fixture
f 1112 1114 1103
g roof_fixture
f 1115 1116 1117
g roof_fixture
f 1115 1117 1118
g roof_fixture
f 1115 1118 1119
g roof_fixture
f 1115 1119 1120
g roof_fixture
f 1115 1120 1121
g roof_fixture
f 1115 1121 1122
g roof_fixture
f 1115 1122 1123
g roof_fixture
f 1115 1123 1124
g roof_fixture
f 1125 1126 1127
g roof_fixture
f 1125 1127 1128
g roof_fixture
f 1125 1128 1129
g roof_fixture
f 1125 1129 1130
g roof_fixture
f 1125 1130 1131
g roof_fixture
f 1125 1131 1132
g roof_fixture
f 1125 1132 1133
g roof_fixture
f 1125 1133 1134
g roof_fixture
f 1125 1134 1135
g roof_fixture
f 1125 1135 1136
g roof_fixture
f 1125 1136 1137
g roof_fixture
f 1125 1137 1138
g roof_fixture
f 1138 1139 1140
g roof_fixture
f 1138 1140 1125
g roof_fixture
f 1141 1142 1143
g roof_fixture
f 1141 1143 1144
g roof_fixture
f 1141 1144 1145
g roof_fixture
f 1141 1145 1146
g roof_fixture
f 1141 1146 1147
g roof_fixture
f 1141 1147 1148
g roof_fixture
f 1148 1149 1150
g roof_fixture
f 1148 1150 1151
g roof_fixture
f 1148 1151 1152
g roof_fixture
f 1148 1152 1141
g roof_fixture
f 1153 1154 1155
g roof_fixture
f 1153 1155 1156
g roof_fixture
f 1153 1156 1157
g roof_fixture
f 1153 1157 1158
g roof_fixture
f 1153 1158 1159
g roof_fixture
f 1153 1159 1160
g roof_fixture
f 1153 1160 1161
g roof_fixture
f 1153 1161 1162
g roof_fixture
f 1163 1164 1165
g roof_fixture
f 1163 1165 1166
g roof_fixture
f 1163 1166 1167
g roof_fixture
f 1163 1167 1168
g roof_fixture
f 1163 1168 1169
g roof_fixture
f 1163 1169 1170
g roof_step_or_fixture_side
f 499 1171 445 129 1172 128
g roof_step_or_fixture_side
f 445 444 130 129
g roof_step_or_fixture_side
f 444 489 131 130
g roof_step_or_fixture_side
f 489 443 132 131
g roof_step_or_fixture_side
f 443 442 145 132
g roof_step_or_fixture_side
f 442 441 146 145
g roof_step_or_fixture_side
f 441 440 147 146
g roof_step_or_fixture_side
f 440 439 148 147
g roof_step_or_fixture_side
f 439 438 149 148
g roof_step_or_fixture_side
f 1115 1124 150 149 438
g roof_step_or_fixture_side
f 1124 1123 1173 150
g roof_step_or_fixture_side
f 1123 1122 432 151 1173
g roof_step_or_fixture_side
f 432 428 152 151
g roof_step_or_fixture_side
f 428 427 153 152
g roof_step_or_fixture_side
f 427 426 154 153
g roof_step_or_fixture_side
f 426 425 155 154
g roof_step_or_fixture_side
f 425 424 156 155
g roof_step_or_fixture_side
f 424 423 157 156
g roof_step_or_fixture_side
f 1131 1130 1175 157 423
g roof_step_or_fixture_side
f 1130 1129 1176 1175
g roof_step_or_fixture_side
f 1129 1128 1177 1176
g roof_step_or_fixture_side
f 1128 1127 1178 1177
g roof_step_or_fixture_side
f 1127 1126 158 1178
g roof_step_or_fixture_side
f 1126 1125 496 159 158
g roof_step_or_fixture_side
f 496 495 160 159
g roof_step_or_fixture_side
f 495 494 161 160
g roof_step_or_fixture_side
f 1140 1139 162 161 494
g roof_step_or_fixture_side
f 1139 1138 1180 162
g roof_step_or_fixture_side
f 1138 1137 1182 1180
g roof_step_or_fixture_side
f 1137 1136 1183 1182
g roof_step_or_fixture_side
f 1136 1135 1184 1183
g roof_step_or_fixture_side
f 1135 1134 163 1184
g roof_step_or_fixture_side
f 1134 1133 488 164 163
g roof_step_or_fixture_side
f 488 487 165 164
g roof_step_or_fixture_side
f 487 486 166 165
g roof_step_or_fixture_side
f 1153 1162 167 166 486
g roof_step_or_fixture_side
f 1162 1161 275 167
g roof_step_or_fixture_side
f 141 275 860 859
g roof_step_or_fixture_side
f 168 141 859 858
g roof_step_or_fixture_side
f 169 168 858 857
g roof_step_or_fixture_side
f 262 169 857 856
g roof_step_or_fixture_side
f 255 262 856 865
g roof_step_or_fixture_side
f 170 255 865 864
g roof_step_or_fixture_side
f 171 170 864 863
g roof_step_or_fixture_side
f 172 171 863 837
g roof_step_or_fixture_side
f 173 172 837 836
g roof_step_or_fixture_side
f 724 723 174 173
g roof_step_or_fixture_side
f 723 728 175 174
g roof_step_or_fixture_side
f 176 175 1186 832
g roof_step_or_fixture_side
f 177 176 832 831
g roof_step_or_fixture_side
f 1187 177 831 824
g roof_step_or_fixture_side
f 178 1187 824 823
g roof_step_or_fixture_side
f 179 178 823 822
g roof_step_or_fixture_side
f 180 179 822 821
g roof_step_or_fixture_side
f 181 180 821 820
g roof_step_or_fixture_side
f 256 181 820 819
g roof_step_or_fixture_side
f 182 256 819 818
g roof_step_or_fixture_side
f 190 182 818 817
g roof_step_or_fixture_side
f 191 190 817 816
g roof_step_or_fixture_side
f 192 191 816 815
g roof_step_or_fixture_side
f 193 192 815 814
g roof_step_or_fixture_side
f 194 193 814 813
g roof_step_or_fixture_side
f 195 194 813 812
g roof_step_or_fixture_side
f 196 195 812 855
g roof_step_or_fixture_side
f 1190 196 855 901
g roof_step_or_fixture_side
f 197 1190 901 900
g roof_step_or_fixture_side
f 198 197 900 899
g roof_step_or_fixture_side
f 199 198 899 898
g roof_step_or_fixture_side
f 1191 199 898 908
g roof_step_or_fixture_side
f 257 1191 908 907
g roof_step_or_fixture_side
f 1192 257 907 906
g roof_step_or_fixture_side
f 200 1192 906 905
g roof_step_or_fixture_side
f 201 200 905 904
g roof_step_or_fixture_side
f 664 663 202 201
g roof_step_or_fixture_side
f 663 662 203 202
g roof_step_or_fixture_side
f 662 661 204 203
g roof_step_or_fixture_side
f 661 660 205 204
g roof_step_or_fixture_side
f 660 659 206 205
g roof_step_or_fixture_side
f 207 206 974 973
g roof_step_or_fixture_side
f 208 207 973 985
g roof_step_or_fixture_side
f 209 208 985 984
g roof_step_or_fixture_side
f 648 647 210 209
g roof_step_or_fixture_side
f 647 646 271 210
g roof_step_or_fixture_side
f 646 645 211 271
g roof_step_or_fixture_side
f 645 644 212 211
g roof_step_or_fixture_side
f 644 643 213 212
g roof_step_or_fixture_side
f 643 642 214 213
g roof_step_or_fixture_side
f 642 641 215 214
g roof_step_or_fixture_side
f 641 718 216 215
g roof_step_or_fixture_side
f 718 640 222 216
g roof_step_or_fixture_side
f 640 639 231 222
g roof_step_or_fixture_side
f 232 231 949 966
g roof_step_or_fixture_side
f 1194 232 966 965
g roof_step_or_fixture_side
f 1195 1194 965 1196 964
g roof_step_or_fixture_side
f 234 233 1195 1196 964 963
g roof_step_or_fixture_side
f 235 234 963 962
g roof_step_or_fixture_side
f 236 235 962 961
g roof_step_or_fixture_side
f 237 236 961 960
g roof_step_or_fixture_side
f 238 237 960 959
g roof_step_or_fixture_side
f 239 238 959 958
g roof_step_or_fixture_side
f 240 239 958 957
g roof_step_or_fixture_side
f 241 240 957 956
g roof_step_or_fixture_side
f 1198 241 956 955
g roof_step_or_fixture_side
f 632 631 1 1198
g roof_step_or_fixture_side
f 631 630 2 1
g roof_step_or_fixture_side
f 630 714 3 2
g roof_step_or_fixture_side
f 714 629 16 3
g roof_step_or_fixture_side
f 629 628 17 16
g roof_step_or_fixture_side
f 628 627 18 17
g roof_step_or_fixture_side
f 627 626 19 18
g roof_step_or_fixture_side
f 626 625 20 19
g roof_step_or_fixture_side
f 625 624 21 20
g roof_step_or_fixture_side
f 624 623 22 21
g roof_step_or_fixture_side
f 623 622 23 22
g roof_step_or_fixture_side
f 622 621 24 23
g roof_step_or_fixture_side
f 621 620 25 24
g roof_step_or_fixture_side
f 620 619 26 25
g roof_step_or_fixture_side
f 619 618 27 26
g roof_step_or_fixture_side
f 618 617 1199 27
g roof_step_or_fixture_side
f 28 1199 924 923
g roof_step_or_fixture_side
f 29 28 923 922
g roof_step_or_fixture_side
f 30 29 922 921
g roof_step_or_fixture_side
f 1200 30 921 920
g roof_step_or_fixture_side
f 720 611 31 1200
g roof_step_or_fixture_side
f 611 610 1201 31
g roof_step_or_fixture_side
f 32 1201 930 929
g roof_step_or_fixture_side
f 33 32 929 928
g roof_step_or_fixture_side
f 244 33 928 927
g roof_step_or_fixture_side
f 608 607 245 244
g roof_step_or_fixture_side
f 607 606 34 245
g roof_step_or_fixture_side
f 606 605 35 34
g roof_step_or_fixture_side
f 605 604 36 35
g roof_step_or_fixture_side
f 604 603 37 36
g roof_step_or_fixture_side
f 603 602 38 37
g roof_step_or_fixture_side
f 1037 1036 587 39 38 602
g roof_step_or_fixture_side
f 587 586 40 39
g roof_step_or_fixture_side
f 586 585 246 40
g roof_step_or_fixture_side
f 585 584 41 246
g roof_step_or_fixture_side
f 584 583 42 41
g roof_step_or_fixture_side
f 583 582 43 42
g roof_step_or_fixture_side
f 582 581 44 43
g facade_completed
f 1202 44 1203 1204
g facade_completed
f 45 1202 1204 1205
g facade_completed
f 46 45 1205 1206
g facade_completed
f 47 46 1206 1207
g roof_step_or_fixture_side
f 748 747 48 47
g roof_step_or_fixture_side
f 747 746 272 48
g roof_step_or_fixture_side
f 268 272 1003 1002
g roof_step_or_fixture_side
f 264 268 1002 1001
g roof_step_or_fixture_side
f 258 264 1001 1000
g roof_step_or_fixture_side
f 49 258 1000 999
g roof_step_or_fixture_side
f 50 49 999 998
g roof_step_or_fixture_side
f 51 50 998 1007
g roof_step_or_fixture_side
f 52 51 1007 997
g roof_step_or_fixture_side
f 53 52 997 996
g roof_step_or_fixture_side
f 54 53 996 995
g roof_step_or_fixture_side
f 55 54 995 994
g roof_step_or_fixture_side
f 56 55 994 993
g roof_step_or_fixture_side
f 57 56 993 992
g roof_step_or_fixture_side
f 265 57 992 991
g roof_step_or_fixture_side
f 266 265 991 990
g roof_step_or_fixture_side
f 58 266 990 989
g roof_step_or_fixture_side
f 59 58 989 988
g roof_step_or_fixture_side
f 60 59 988 1006
g roof_step_or_fixture_side
f 61 60 1006 1005
g facade_completed
f 1208 61 1005 1209 1210
g facade_completed
f 1211 1208 1210 1212
g facade_completed
f 1213 1211 1212 1214
g facade_completed
f 1215 1213 1214 1216
g facade_completed
f 62 1215 1216 1217
g facade_completed
f 63 62 1217 1218
g facade_completed
f 89 63 1218 1219
g facade_completed
f 122 89 1219 1220
g facade_completed
f 126 122 1220 1221
g facade_completed
f 127 126 1221 1222
g facade_completed
f 250 127 1222 1223
g roof_step_or_fixture_side
f 502 501 260 250
g roof_step_or_fixture_side
f 501 500 273 260
g roof_step_or_fixture_side
f 500 499 1171 1172 128 273
g roof_step_or_fixture_side
f 540 501 260 119
g roof_step_or_fixture_side
f 501 541 1224 260
g roof_step_or_fixture_side
f 120 1224 878 877
g roof_step_or_fixture_side
f 121 120 877 876
g roof_step_or_fixture_side
f 522 521 90 121
g roof_step_or_fixture_side
f 521 520 91 90
g roof_step_or_fixture_side
f 520 519 92 91
g roof_step_or_fixture_side
f 519 518 93 92
g roof_step_or_fixture_side
f 518 517 249 93
g roof_step_or_fixture_side
f 517 516 94 249
g roof_step_or_fixture_side
f 516 535 95 94
g roof_step_or_fixture_side
f 535 536 1225 95
g roof_step_or_fixture_side
f 536 515 96 1225
g roof_step_or_fixture_side
f 515 514 100 96
g roof_step_or_fixture_side
f 514 513 101 100
g roof_step_or_fixture_side
f 513 512 102 101
g roof_step_or_fixture_side
f 512 511 103 102
g roof_step_or_fixture_side
f 511 510 104 103
g roof_step_or_fixture_side
f 510 534 105 104
g roof_step_or_fixture_side
f 534 509 106 105
g roof_step_or_fixture_side
f 509 508 107 106
g roof_step_or_fixture_side
f 508 507 276 107
g roof_step_or_fixture_side
f 507 506 108 276
g roof_step_or_fixture_side
f 506 505 1227 108
g roof_step_or_fixture_side
f 505 504 109 1227
g roof_step_or_fixture_side
f 504 539 110 109
g roof_step_or_fixture_side
f 539 538 111 110
g roof_step_or_fixture_side
f 112 111 872 871
g roof_step_or_fixture_side
f 531 530 113 112
g roof_step_or_fixture_side
f 530 529 114 113
g roof_step_or_fixture_side
f 529 528 115 114
g roof_step_or_fixture_side
f 528 527 116 115
g roof_step_or_fixture_side
f 527 526 117 116
g roof_step_or_fixture_side
f 526 525 1230 117
g roof_step_or_fixture_side
f 118 1230 873 880
g roof_step_or_fixture_side
f 119 118 880 879
g roof_step_or_fixture_side
f 160 253 810 809
g roof_step_or_fixture_side
f 254 160 809 808
g roof_step_or_fixture_side
f 143 254 808 807
g roof_step_or_fixture_side
f 144 143 807 806
g roof_step_or_fixture_side
f 1107 1106 1232 144
g roof_step_or_fixture_side
f 1106 1105 1234 1232
g roof_step_or_fixture_side
f 1105 1104 133 1234
g roof_step_or_fixture_side
f 1104 1103 1235 133
g roof_step_or_fixture_side
f 1103 1114 1236 1235
g roof_step_or_fixture_side
f 1114 1113 134 1236
g roof_step_or_fixture_side
f 1113 1112 1237 134
g roof_step_or_fixture_side
f 1112 1111 1238 1237
g roof_step_or_fixture_side
f 1111 1110 274 1238
g roof_step_or_fixture_side
f 1110 1109 270 274
g roof_step_or_fixture_side
f 267 270 804 803
g roof_step_or_fixture_side
f 261 267 803 811
g roof_step_or_fixture_side
f 253 261 811 810
g roof_step_or_fixture_side
f 74 73 885 884
g roof_step_or_fixture_side
f 75 74 884 883
g roof_step_or_fixture_side
f 76 75 883 882
g roof_step_or_fixture_side
f 269 76 882 881
g roof_step_or_fixture_side
f 71 269 881 887
g roof_step_or_fixture_side
f 72 71 887 886
g roof_step_or_fixture_side
f 73 72 886 885
g roof_step_or_fixture_side
f 1063 1062 138 137
g roof_step_or_fixture_side
f 1062 1064 139 138
g roof_step_or_fixture_side
f 1064 1063 137 139
g roof_step_or_fixture_side
f 554 553 88 87
g roof_step_or_fixture_side
f 553 552 64 88
g roof_step_or_fixture_side
f 552 557 65 64
g roof_step_or_fixture_side
f 557 556 66 65
g roof_step_or_fixture_side
f 556 555 67 66
g roof_step_or_fixture_side
f 1097 1096 68 67 555
g roof_step_or_fixture_side
f 1096 1095 564 69 68
g roof_step_or_fixture_side
f 564 563 70 69
g roof_step_or_fixture_side
f 563 565 77 70
g roof_step_or_fixture_side
f 1094 1093 78 77 565
g roof_step_or_fixture_side
f 1093 1092 1240 78
g roof_step_or_fixture_side
f 1092 1091 1241 1240
g roof_step_or_fixture_side
f 1091 1090 79 1241
g roof_step_or_fixture_side
f 1090 1089 1242 79
g roof_step_or_fixture_side
f 1089 1088 86 1242
g roof_step_or_fixture_side
f 1088 1087 1243 86
g roof_step_or_fixture_side
f 1087 1098 554 87 1243
g roof_step_or_fixture_side
f 549 548 85 248
g roof_step_or_fixture_side
f 548 551 80 85
g roof_step_or_fixture_side
f 551 550 81 80
g roof_step_or_fixture_side
f 550 549 248 81
g roof_step_or_fixture_side
f 546 545 99 98
g roof_step_or_fixture_side
f 545 547 97 99
g roof_step_or_fixture_side
f 547 546 98 97
g roof_step_or_fixture_side
f 543 542 125 124
g roof_step_or_fixture_side
f 542 544 123 125
g roof_step_or_fixture_side
f 544 543 124 123
g roof_step_or_fixture_side
f 1075 1086 1244 1245
g roof_step_or_fixture_side
f 1086 1085 251 1244
g roof_step_or_fixture_side
f 1085 1084 1246 251
g roof_step_or_fixture_side
f 1084 1083 135 1246
g roof_step_or_fixture_side
f 1083 1082 136 135
g roof_step_or_fixture_side
f 1082 1081 1247 136
g roof_step_or_fixture_side
f 1081 1080 140 1247
g roof_step_or_fixture_side
f 1080 1079 142 140
g roof_step_or_fixture_side
f 1079 1078 1248 142
g roof_step_or_fixture_side
f 1078 1077 1249 1248
g roof_step_or_fixture_side
f 1077 1076 252 1249
g roof_step_or_fixture_side
f 1076 1075 1245 252
g roof_step_or_fixture_side
f 558 562 84 83
g roof_step_or_fixture_side
f 562 561 247 84
g roof_step_or_fixture_side
f 561 560 259 247
g roof_step_or_fixture_side
f 560 559 82 259
g roof_step_or_fixture_side
f 559 558 83 82
g roof_step_or_fixture_side
f 277 187 916 915
g roof_step_or_fixture_side
f 188 277 915 914
g roof_step_or_fixture_side
f 189 188 914 913
g roof_step_or_fixture_side
f 183 189 913 912
g roof_step_or_fixture_side
f 184 183 912 911
g roof_step_or_fixture_side
f 278 184 911 910
g roof_step_or_fixture_side
f 185 278 910 909
g roof_step_or_fixture_side
f 186 185 909 917
g roof_step_or_fixture_side
f 187 186 917 916
g roof_step_or_fixture_side
f 11 7 942 941
g roof_step_or_fixture_side
f 12 11 941 940
g roof_step_or_fixture_side
f 13 12 940 939
g roof_step_or_fixture_side
f 14 13 939 938
g roof_step_or_fixture_side
f 15 14 938 937
g roof_step_or_fixture_side
f 4 15 937 936
g roof_step_or_fixture_side
f 5 4 936 935
g roof_step_or_fixture_side
f 6 5 935 943
g roof_step_or_fixture_side
f 7 6 943 942
g roof_step_or_fixture_side
f 243 242 948 947
g roof_step_or_fixture_side
f 10 243 947 946
g roof_step_or_fixture_side
f 8 10 946 945
g roof_step_or_fixture_side
f 9 8 945 944
g roof_step_or_fixture_side
f 242 9 944 948
g roof_step_or_fixture_side
f 228 1251 972 971
g roof_step_or_fixture_side
f 229 228 971 970
g roof_step_or_fixture_side
f 230 229 970 969
g roof_step_or_fixture_side
f 734 733 223 230
g roof_step_or_fixture_side
f 733 732 224 223
g roof_step_or_fixture_side
f 732 731 225 224
g roof_step_or_fixture_side
f 731 730 1254 225
g roof_step_or_fixture_side
f 730 729 226 1254
g roof_step_or_fixture_side
f 729 737 227 226
g roof_step_or_fixture_side
f 737 736 1251 227
g roof_step_or_fixture_side
f 743 742 217 221
g roof_step_or_fixture_side
f 742 741 218 217
g roof_step_or_fixture_side
f 741 740 219 218
g roof_step_or_fixture_side
f 740 739 263 219
g roof_step_or_fixture_side
f 739 738 220 263
g roof_step_or_fixture_side
f 738 743 221 220
g roof_step_or_fixture_side
f 447 446 281 280
g roof_step_or_fixture_side
f 446 445 129 281
g roof_step_or_fixture_side
f 445 498 279 129
g facade_completed
f 280 279 1257 1258
g roof_step_or_fixture_side
f 1013 1012 591 286 285 421
g roof_step_or_fixture_side
f 287 286 756 755
g roof_step_or_fixture_side
f 288 287 755 754
g roof_step_or_fixture_side
f 289 288 754 753
g roof_step_or_fixture_side
f 1259 289 753 752
g roof_step_or_fixture_side
f 573 572 294 1259
g roof_step_or_fixture_side
f 572 571 295 294
g roof_step_or_fixture_side
f 571 570 313 295
g roof_step_or_fixture_side
f 570 569 296 313
g roof_step_or_fixture_side
f 1025 1024 297 296 569
g roof_step_or_fixture_side
f 1024 1023 298 297
g roof_step_or_fixture_side
f 1023 1022 299 298
g roof_step_or_fixture_side
f 1022 1021 300 299
g roof_step_or_fixture_side
f 301 300 764 763
g roof_step_or_fixture_side
f 302 301 763 762
g roof_step_or_fixture_side
f 303 302 762 761
g roof_step_or_fixture_side
f 304 303 761 760
g roof_step_or_fixture_side
f 305 304 760 759
g roof_step_or_fixture_side
f 1145 1144 1260 305
g roof_step_or_fixture_side
f 1144 1143 306 1260
g roof_step_or_fixture_side
f 1143 1142 307 306
g roof_step_or_fixture_side
f 1142 1141 1261 307
g roof_step_or_fixture_side
f 1141 1152 1262 1261
g roof_step_or_fixture_side
f 1152 1151 1263 1262
g roof_step_or_fixture_side
f 1151 1150 471 308 1263
g roof_step_or_fixture_side
f 471 470 309 308
g roof_step_or_fixture_side
f 470 469 310 309
g roof_step_or_fixture_side
f 469 468 311 310
g roof_step_or_fixture_side
f 468 467 312 311
g roof_step_or_fixture_side
f 1068 1067 463 282 312 467
g roof_step_or_fixture_side
f 463 462 283 282
g facade_completed
f 1265 283 1266 1267
g facade_completed
f 284 1265 1267 1268
g roof_step_or_fixture_side
f 419 421 285 284
g roof_step_or_fixture_side
f 598 597 290 293
g roof_step_or_fixture_side
f 597 596 291 290
g roof_step_or_fixture_side
f 596 595 292 291
g roof_step_or_fixture_side
f 595 598 293 292
g roof_step_or_fixture_side
f 492 433 315 314
g roof_step_or_fixture_side
f 1121 1120 316 315 433
g roof_step_or_fixture_side
f 1120 1119 435 317 316
g roof_step_or_fixture_side
f 435 434 318 317
g roof_step_or_fixture_side
f 434 493 319 318
g roof_step_or_fixture_side
f 493 492 314 319
g roof_step_or_fixture_side
f 320 172 837 862
g roof_step_or_fixture_side
f 1159 1158 321 320
g roof_step_or_fixture_side
f 172 321 838 837
g roof_step_or_fixture_side
f 327 326 767 766
g roof_step_or_fixture_side
f 328 327 766 765
g roof_step_or_fixture_side
f 300 328 765 764
g roof_step_or_fixture_side
f 1021 1020 329 300
g roof_step_or_fixture_side
f 1020 1019 330 329
g roof_step_or_fixture_side
f 1019 1018 331 330
g roof_step_or_fixture_side
f 1018 1017 711 1269 331
g roof_step_or_fixture_side
f 711 710 336 1269
g roof_step_or_fixture_side
f 710 709 337 336
g roof_step_or_fixture_side
f 709 708 338 337
g roof_step_or_fixture_side
f 708 707 339 338
g roof_step_or_fixture_side
f 707 706 340 339
g roof_step_or_fixture_side
f 706 705 341 340
g roof_step_or_fixture_side
f 705 704 342 341
g roof_step_or_fixture_side
f 704 703 343 342
g roof_step_or_fixture_side
f 703 702 344 343
g roof_step_or_fixture_side
f 702 701 345 344
g roof_step_or_fixture_side
f 701 700 1270 345
g roof_step_or_fixture_side
f 700 699 346 1270
g roof_step_or_fixture_side
f 699 698 347 346
g roof_step_or_fixture_side
f 698 697 348 347
g roof_step_or_fixture_side
f 697 696 349 348
g roof_step_or_fixture_side
f 696 695 350 349
g roof_step_or_fixture_side
f 695 694 351 350
g roof_step_or_fixture_side
f 694 693 352 351
g roof_step_or_fixture_side
f 693 692 353 352
g roof_step_or_fixture_side
f 692 691 354 353
g roof_step_or_fixture_side
f 691 690 358 354
g roof_step_or_fixture_side
f 690 689 359 358
g roof_step_or_fixture_side
f 689 688 360 359
g roof_step_or_fixture_side
f 688 687 361 360
g roof_step_or_fixture_side
f 687 686 362 361
g roof_step_or_fixture_side
f 686 685 1272 362
g roof_step_or_fixture_side
f 1052 1051 372 1272 685
g roof_step_or_fixture_side
f 1051 1050 363 372
g roof_step_or_fixture_side
f 1050 1049 364 363
g roof_step_or_fixture_side
f 1049 1048 365 364
g roof_step_or_fixture_side
f 1048 1047 366 365
g roof_step_or_fixture_side
f 1047 1046 367 366
g roof_step_or_fixture_side
f 1046 1045 601 368 367
g roof_step_or_fixture_side
f 601 600 369 368
g roof_step_or_fixture_side
f 1039 1038 370 369 600
g roof_step_or_fixture_side
f 1038 1043 371 370
g roof_step_or_fixture_side
f 322 371 773 772
g roof_step_or_fixture_side
f 323 322 772 771
g roof_step_or_fixture_side
f 1273 323 771 770
g roof_step_or_fixture_side
f 324 1273 770 769
g roof_step_or_fixture_side
f 325 324 769 768
g roof_step_or_fixture_side
f 326 325 768 767
g roof_step_or_fixture_side
f 334 1274 333 890 1275 889
g roof_step_or_fixture_side
f 335 334 889 888
g roof_step_or_fixture_side
f 332 335 888 891
g roof_step_or_fixture_side
f 1274 333 332 891 890 1275
g roof_step_or_fixture_side
f 356 355 933 932
g roof_step_or_fixture_side
f 357 356 932 934
g roof_step_or_fixture_side
f 355 357 934 933
g roof_step_or_fixture_side
f 683 682 376 375
g roof_step_or_fixture_side
f 682 681 377 376
g roof_step_or_fixture_side
f 378 377 892 897
g roof_step_or_fixture_side
f 677 676 379 378
g roof_step_or_fixture_side
f 676 668 373 379
g roof_step_or_fixture_side
f 374 373 1277 852
g roof_step_or_fixture_side
f 684 683 375 374
g roof_step_or_fixture_side
f 1278 480 382 381
g roof_step_or_fixture_side
f 480 479 383 382
g roof_step_or_fixture_side
f 384 383 790 789
g roof_step_or_fixture_side
f 385 384 789 784
g roof_step_or_fixture_side
f 386 385 784 783
g roof_step_or_fixture_side
f 387 386 783 782
g roof_step_or_fixture_side
f 388 387 782 781
g roof_step_or_fixture_side
f 389 388 781 847
g roof_step_or_fixture_side
f 390 389 847 854
g roof_step_or_fixture_side
f 391 390 854 846
g roof_step_or_fixture_side
f 392 391 846 845
g roof_step_or_fixture_side
f 393 392 845 844
g roof_step_or_fixture_side
f 394 393 844 843
g roof_step_or_fixture_side
f 395 394 843 794
g roof_step_or_fixture_side
f 380 395 794 793
g roof_step_or_fixture_side
f 381 380 793 792
g roof_step_or_fixture_side
f 1169 1168 398 397
g roof_step_or_fixture_side
f 1168 1167 399 398
g roof_step_or_fixture_side
f 400 399 827 826
g roof_step_or_fixture_side
f 396 400 826 825
g roof_step_or_fixture_side
f 397 396 825 830
g roof_step_or_fixture_side
f 669 675 404 403
g roof_step_or_fixture_side
f 675 674 405 404
g roof_step_or_fixture_side
f 674 673 406 405
g roof_step_or_fixture_side
f 673 716 407 406
g roof_step_or_fixture_side
f 716 672 408 407
g roof_step_or_fixture_side
f 672 671 409 408
g roof_step_or_fixture_side
f 671 670 401 409
g roof_step_or_fixture_side
f 670 715 402 401
g roof_step_or_fixture_side
f 715 669 403 402
g roof_step_or_fixture_side
f 658 670 401 410
g roof_step_or_fixture_side
f 670 657 411 401
g roof_step_or_fixture_side
f 657 658 410 411
g roof_step_or_fixture_side
f 413 412 1281 975
g roof_step_or_fixture_side
f 206 413 975 974
g roof_step_or_fixture_side
f 659 658 410 206
g roof_step_or_fixture_side
f 658 745 412 410
g roof_step_or_fixture_side
f 578 577 417 416
g facade_completed
f 418 417 1282 1283
g roof_step_or_fixture_side
f 580 589 414 418
g roof_step_or_fixture_side
f 589 579 415 414
g roof_step_or_fixture_side
f 579 578 416 415
g facade_completed
f 420 419 284 1268 1284
g roof_step_or_fixture_side
f 1014 1013 421 420
g facade_completed
f 448 447 280 1258 1285 796
g roof_step_or_fixture_side
f 449 448 796 795
g roof_step_or_fixture_side
f 450 449 795 802
g roof_step_or_fixture_side
f 451 450 802 801
g roof_step_or_fixture_side
f 452 451 801 800
g roof_step_or_fixture_side
f 453 452 800 799
g roof_step_or_fixture_side
f 454 453 799 798
g roof_step_or_fixture_side
f 455 454 798 797
g facade_completed
f 456 455 797 1286 1287
g facade_completed
f 461 456 1287 1288
g facade_completed
f 462 461 1288 1266 283
g roof_step_or_fixture_side
f 1067 1066 464 463
g roof_step_or_fixture_side
f 1066 1065 465 464
g roof_step_or_fixture_side
f 1065 1070 490 465
g roof_step_or_fixture_side
f 1070 1069 466 490
g roof_step_or_fixture_side
f 1069 1068 467 466
g roof_step_or_fixture_side
f 1150 1149 472 471
g roof_step_or_fixture_side
f 1149 1148 473 472
g roof_step_or_fixture_side
f 1148 1147 474 473
g roof_step_or_fixture_side
f 475 474 787 786
g roof_step_or_fixture_side
f 476 475 786 785
g roof_step_or_fixture_side
f 477 476 785 784 385
g roof_step_or_fixture_side
f 478 477 385 784 791
g roof_step_or_fixture_side
f 479 478 791 790 383
g roof_step_or_fixture_side
f 481 1278 381 792 794 395
g roof_step_or_fixture_side
f 482 481 395 794 842
g roof_step_or_fixture_side
f 483 482 842 841
g roof_step_or_fixture_side
f 484 483 841 840
g roof_step_or_fixture_side
f 1155 1154 485 484
g roof_step_or_fixture_side
f 1154 1153 486 485
g roof_step_or_fixture_side
f 1133 1132 422 488
g roof_step_or_fixture_side
f 1132 1131 423 422
g roof_step_or_fixture_side
f 1122 1121 433 432
g roof_step_or_fixture_side
f 1119 1118 436 435
g roof_step_or_fixture_side
f 1118 1117 1292 436
g roof_step_or_fixture_side
f 1117 1116 437 1292
g roof_step_or_fixture_side
f 1116 1115 438 437
g roof_step_or_fixture_side
f 1074 1073 429 431
g roof_step_or_fixture_side
f 1073 1072 430 429
g roof_step_or_fixture_side
f 1072 1071 491 430
g roof_step_or_fixture_side
f 1071 1074 431 491
g roof_step_or_fixture_side
f 1102 1101 457 460
g roof_step_or_fixture_side
f 1101 1100 458 457
g roof_step_or_fixture_side
f 1100 1099 459 458
g roof_step_or_fixture_side
f 1099 1102 460 459
g roof_step_or_fixture_side
f 1125 1140 494 496
g facade_completed
f 497 502 250 1223 1294
g facade_completed
f 498 497 1294 1257 279
g roof_step_or_fixture_side
f 523 522 121 876 875
g roof_step_or_fixture_side
f 524 523 875 874
g roof_step_or_fixture_side
f 525 524 874 873 1230
g roof_step_or_fixture_side
f 532 531 112 871 870
g roof_step_or_fixture_side
f 533 532 870 869
g roof_step_or_fixture_side
f 503 533 869 868
g roof_step_or_fixture_side
f 504 503 868 867 109
g roof_step_or_fixture_side
f 537 504 109 867 866
g roof_step_or_fixture_side
f 538 537 866 872 111
g roof_step_or_fixture_side
f 541 540 119 879 878 1224
g roof_step_or_fixture_side
f 1098 1097 555 554
g roof_step_or_fixture_side
f 1095 1094 565 564
g roof_step_or_fixture_side
f 1026 1025 569 568
g roof_step_or_fixture_side
f 574 573 1259 752 751
g roof_step_or_fixture_side
f 1030 1029 575 574
g roof_step_or_fixture_side
f 1029 1028 566 575
g roof_step_or_fixture_side
f 1028 1027 567 566
g roof_step_or_fixture_side
f 1027 1026 568 567
g facade_completed
f 581 580 418 1283 1203 44
g roof_step_or_fixture_side
f 1036 1035 588 587
g facade_completed
f 576 588 1301 1302
g facade_completed
f 577 576 1302 1282 417
g roof_step_or_fixture_side
f 1032 1031 593 592
g roof_step_or_fixture_side
f 1031 1030 574 593
g roof_step_or_fixture_side
f 594 574 751 750
g roof_step_or_fixture_side
f 590 594 750 757
g roof_step_or_fixture_side
f 591 590 757 756 286
g roof_step_or_fixture_side
f 1012 1032 592 591
g roof_step_or_fixture_side
f 1045 1044 599 601
g roof_step_or_fixture_side
f 600 599 777 776 369
g roof_step_or_fixture_side
f 1017 1016 712 711
g facade_completed
f 1303 712 1304 1305
g facade_completed
f 1306 1303 1305 1307
g facade_completed
f 1308 1306 1307 1309
g facade_completed
f 1310 1308 1309 1311
g facade_completed
f 713 1310 1311 1312
g roof_step_or_fixture_side
f 1034 1037 602 713
g roof_step_or_fixture_side
f 609 608 244 927 931
g roof_step_or_fixture_side
f 610 609 931 930 1201
g roof_step_or_fixture_side
f 614 720 1200 920 919
g roof_step_or_fixture_side
f 719 614 919 918
g roof_step_or_fixture_side
f 615 719 918 926
g roof_step_or_fixture_side
f 616 615 926 925
g roof_step_or_fixture_side
f 617 616 925 924 1199
g roof_step_or_fixture_side
f 633 632 1198 955 954
g roof_step_or_fixture_side
f 634 633 954 953
g roof_step_or_fixture_side
f 635 634 953 967
g roof_step_or_fixture_side
f 636 635 967 952
g roof_step_or_fixture_side
f 637 636 952 951
g roof_step_or_fixture_side
f 638 637 951 950
g roof_step_or_fixture_side
f 639 638 950 949 231
g roof_step_or_fixture_side
f 649 648 209 984 983
g roof_step_or_fixture_side
f 650 649 983 982
g roof_step_or_fixture_side
f 651 650 982 981
g roof_step_or_fixture_side
f 654 651 981 980
g roof_step_or_fixture_side
f 655 654 980 979
g roof_step_or_fixture_side
f 656 655 979 978
g roof_step_or_fixture_side
f 657 656 978 977 411
g roof_step_or_fixture_side
f 665 664 201 904 903
g roof_step_or_fixture_side
f 666 665 903 902
g roof_step_or_fixture_side
f 667 666 902 855 196
g roof_step_or_fixture_side
f 668 667 196 855 1277 373
g roof_step_or_fixture_side
f 678 677 378 897 896
g roof_step_or_fixture_side
f 679 678 896 895
g roof_step_or_fixture_side
f 717 679 895 894
g roof_step_or_fixture_side
f 680 717 894 893
g roof_step_or_fixture_side
f 681 680 893 892 377
g roof_step_or_fixture_side
f 1053 1052 685 684
g roof_step_or_fixture_side
f 651 653 987 981
g roof_step_or_fixture_side
f 652 651 981 986
g roof_step_or_fixture_side
f 653 652 986 987
g roof_step_or_fixture_side
f 1009 1008 612 722
g roof_step_or_fixture_side
f 1008 1011 613 612
g roof_step_or_fixture_side
f 1011 1010 721 613
g roof_step_or_fixture_side
f 1010 1009 722 721
g roof_step_or_fixture_side
f 725 724 173 836 835
g roof_step_or_fixture_side
f 726 725 835 834
g roof_step_or_fixture_side
f 727 726 834 833
g roof_step_or_fixture_side
f 728 727 833 1186 175
g roof_step_or_fixture_side
f 735 734 230 969 968
g roof_step_or_fixture_side
f 736 735 968 972 1251
g roof_step_or_fixture_side
f 745 744 976 1281 412
g roof_step_or_fixture_side
f 744 657 411 977 976
g facade_completed
f 749 748 47 1207 1318 1004
g roof_step_or_fixture_side
f 746 749 1004 1003 272
g roof_step_or_fixture_side
f 1043 1042 774 773 371
g roof_step_or_fixture_side
f 1042 1041 788 774
g roof_step_or_fixture_side
f 1041 1040 775 788
g roof_step_or_fixture_side
f 1040 1039 600 369 776 775
g roof_step_or_fixture_side
f 1044 1061 778 777 599
g roof_step_or_fixture_side
f 1061 1060 779 778
g roof_step_or_fixture_side
f 1060 1059 780 779
g roof_step_or_fixture_side
f 1059 1058 388 781 780
g roof_step_or_fixture_side
f 1147 1146 758 787 474
g roof_step_or_fixture_side
f 1146 1145 305 759 758
g facade_completed
f 797 796 1285 1286
g roof_step_or_fixture_side
f 1108 1107 144 806 805
g roof_step_or_fixture_side
f 1109 1108 805 804 270
g roof_step_or_fixture_side
f 1158 1157 1320 838 321
g roof_step_or_fixture_side
f 1157 1156 839 1320
g roof_step_or_fixture_side
f 1156 1155 484 840 839
g roof_step_or_fixture_side
f 1058 1057 848 781 388
g roof_step_or_fixture_side
f 1057 1056 849 848
g roof_step_or_fixture_side
f 1056 1055 850 849
g roof_step_or_fixture_side
f 1055 1054 851 850
g roof_step_or_fixture_side
f 1054 1053 684 374 852 851
g roof_step_or_fixture_side
f 1167 1166 828 827 399
g roof_step_or_fixture_side
f 1166 1165 1322 828
g roof_step_or_fixture_side
f 1165 1164 853 1322
g roof_step_or_fixture_side
f 1164 1163 1323 853
g roof_step_or_fixture_side
f 1163 1170 829 1323
g roof_step_or_fixture_side
f 1170 1169 397 830 829
g roof_step_or_fixture_side
f 1161 1160 861 860 275
g roof_step_or_fixture_side
f 1160 1159 320 862 861
g facade_completed
f 1005 1004 1318 1209
g facade_completed
f 1015 1014 420 1284 1329
g facade_completed
f 1033 1015 1329 1330
g facade_completed
f 1016 1033 1330 1304 712
g facade_completed
f 1035 1034 713 1312 1301 588
g ground_assumed
f 1216 1218 1217
g ground_assumed
f 1216 1219 1218
g ground_assumed
f 1216 1220 1219
g ground_assumed
f 1216 1221 1220
g ground_assumed
f 1216 1222 1221
g ground_assumed
f 1216 1223 1222
g ground_assumed
f 1216 1294 1223
g ground_assumed
f 1216 1257 1294
g ground_assumed
f 1216 1258 1257
g ground_assumed
f 1216 1285 1258
g ground_assumed
f 1216 1286 1285
g ground_assumed
f 1216 1287 1286
g ground_assumed
f 1216 1288 1287
g ground_assumed
f 1216 1266 1288
g ground_assumed
f 1216 1267 1266
g ground_assumed
f 1216 1268 1267
g ground_assumed
f 1216 1284 1268
g ground_assumed
f 1216 1329 1284
g ground_assumed
f 1216 1330 1329
g ground_assumed
f 1216 1313 1304 1330
g ground_assumed
f 1216 1305 1304 1313
g ground_assumed
f 1216 1307 1305
g ground_assumed
f 1216 1309 1307
g ground_assumed
f 1216 1311 1309
g ground_assumed
f 1216 1312 1311
g ground_assumed
f 1216 1301 1312
g ground_assumed
f 1216 1302 1301
g ground_assumed
f 1216 1282 1302
g ground_assumed
f 1216 1283 1282
g ground_assumed
f 1216 1203 1283
g ground_assumed
f 1216 1204 1203
g ground_assumed
f 1216 1205 1204
g ground_assumed
f 1205 1207 1206
g ground_assumed
f 1205 1318 1207
g ground_assumed
f 1205 1209 1318
g ground_assumed
f 1205 1210 1209
g ground_assumed
f 1205 1212 1210
g ground_assumed
f 1205 1214 1212
g ground_assumed
f 1205 1216 1214
