# Source coordinates; no display transform
v -0.263208125499 0.0398968817733 0.110804305354
v -0.252129124063 0.0201626965911 0.110781163377
v -0.230349820901 0.030872114972 0.110724198746
v -0.393506975576 0.0807397860251 0.111120794613
v -0.444258528227 0.0688243795327 0.111250515303
v -0.445879933965 0.0673347086495 0.111254916622
v -0.444994912611 0.0774146614574 0.111250366771
v -0.457871995913 0.0785452712526 0.111282317947
v -0.459994891648 0.0543665440672 0.111293231625
v -0.469634434156 0.0795780150368 0.111311503382
v -0.453321227113 0.0781457131155 0.111271026356
v -0.447565529276 0.143700249607 0.111241436675
v -0.43276505479 0.142400765801 0.111204713123
v -0.433434664234 0.134774247244 0.111208155525
v -0.404404139447 0.114616712252 0.111140204358
v -0.241268754961 0.069214344417 0.110742628163
v -0.268073655606 0.0819683237933 0.110806727423
v -0.266147608681 0.103905040651 0.110796825748
v -0.357074985813 0.111888477582 0.111022438542
v -0.351917889378 0.170625241723 0.11099592618
v -0.349035391439 0.172087659477 0.110988376452
v -0.350517589111 0.154591169074 0.110996138903
v -0.301519302532 0.15028911239 0.110874562279
v -0.297300879913 0.198334848237 0.110852875631
v -0.295347431284 0.199325918494 0.110847759247
v -0.266335614428 0.171404484442 0.110781654025
v -0.240627542231 0.16914731194 0.110717866089
v -0.231605106891 0.271908364021 0.110671482274
v -0.213388471735 0.281718670821 0.110623638335
v -0.217430227942 0.30118969152 0.110629237039
v -0.299880436348 0.308428831779 0.11083381591
v -0.30354820368 0.266654785855 0.110852671699
v -0.331764145381 0.232124424321 0.110931258283
v -0.39361405983 0.223130119421 0.111088065567
v -0.415048225049 0.248815390917 0.111135732832
v -0.430426905941 0.240018498038 0.111176242501
v -0.415040203056 0.225100014558 0.111141208453
v -0.44306710568 0.19493505781 0.111218310515
v -0.448131534306 0.189484285227 0.111232242789
v -0.461918122521 0.174645976374 0.111270169699
v -0.479546582881 0.212061354625 0.11130559836
v -0.46578916605 0.236299429643 0.111265566173
v -0.4811640387 0.256643041316 0.111299313405
v -0.487239258483 0.201829543708 0.111327213371
v -0.51608581237 -0.126718361889 0.111475511842
v -0.507804457988 -0.264501575205 0.111486724604
v -0.488143125488 -0.266227843061 0.111437940088
v -0.476554125872 -0.13423489967 0.111378361696
v -0.423586725569 -0.190250038419 0.111258839787
v -0.455279468856 -0.187467410938 0.111337477143
v -0.465606657756 -0.205773958173 0.11136755377
v -0.444375985327 -0.217713371754 0.111317210194
v -0.429868771428 -0.204707713237 0.111277905229
v -0.430567916835 -0.20631674593 0.111280027079
v -0.405852419944 -0.226482860068 0.111222872313
v -0.369073691364 -0.161022393671 0.111115697536
v -0.367868507832 -0.155904796163 0.111111496741
v -0.327174915023 -0.188711437853 0.11101730062
v -0.346247704866 -0.227654976224 0.111074037469
v -0.309274529061 -0.255257092135 0.110987942214
v -0.26878014723 -0.285487944493 0.110893647534
v 0.486220048478 -0.351777071542 0.109020309635
v 0.492402530366 -0.281361677036 0.108988525878
v 0.484547002001 -0.285049161904 0.109009031673
v 0.469018144387 -0.314103556141 0.109054611413
v 0.448300929996 -0.333060255877 0.109110830313
v 0.44459662096 -0.332735017023 0.109120021592
v 0.443687129465 -0.343093673014 0.109124697218
v 0.427692374063 -0.34168933117 0.109164384092
v 0.429199366367 -0.343042005016 0.109160927682
v 0.12472888497 -0.318095653718 0.109916806405
v 0.0597000737677 -0.282882123627 0.110071321475
v 0.0232499209015 -0.281100621447 0.110162091893
v 0.0253870057176 -0.274020994524 0.110155105208
v 0.113544984439 -0.281761277911 0.109936363967
v 0.111812611078 -0.276558697561 0.109939492016
v 0.427306449243 -0.341655446889 0.109165341663
v 0.414245415485 -0.34050868622 0.109197749247
v 0.418678450733 -0.290018619064 0.109174959272
v 0.344258927133 -0.288657379153 0.10936081082
v 0.332148927995 -0.300768937226 0.109393911722
v 0.142285354603 -0.289833311754 0.109866337979
v 0.175477842916 -0.306450272073 0.109787154785
v 0.214742997909 -0.299159437399 0.109687239991
v 0.291665257425 -0.284039647297 0.109491308412
v 0.448120164714 -0.292603605858 0.109101907243
v 0.447026702488 -0.305057596663 0.109107528662
v 0.465986768151 -0.293761571632 0.109057480719
v 0.49614756028 -0.238707648197 0.108969272867
v 0.38329536871 -0.251796022706 0.109254615614
v 0.366935287036 -0.268256996895 0.109299356406
v 0.366117096865 -0.269080230889 0.109301593936
v 0.364178323085 -0.268735418825 0.10930636404
v 0.336910377007 -0.247141052841 0.109369573034
v 0.340952965809 -0.244501728342 0.109358848523
v 0.344287768012 -0.206519989737 0.109341704491
v 0.276484670513 -0.219015835497 0.109514215622
v 0.275371352819 -0.23169597021 0.109519939133
v 0.272136862253 -0.218634097294 0.10952500361
v 0.322295980548 -0.193831557672 0.109393778501
v 0.31175596338 -0.187750366445 0.109418736052
v 0.306166595831 -0.184525510861 0.109431971053
v 0.291830166205 -0.189555952524 0.10946900063
v 0.279895421184 -0.174542032927 0.109495377164
v 0.258250220975 -0.186692565921 0.109552340239
v 0.212721661338 -0.143158290124 0.109656145513
v 0.211994447536 -0.142462930412 0.109657803553
v 0.246897148487 -0.128780172331 0.109567320608
v 0.270396882587 -0.130843452405 0.109509012079
v 0.270411291206 -0.13067934547 0.109508938002
v 0.290136745345 -0.130424844137 0.109459534077
v 0.290645565743 -0.130418278608 0.109458259671
v 0.29555427308 -0.110756429464 0.109441423766
v 0.310764640102 -0.101893846126 0.109401319942
v 0.313497057899 -0.10464227552 0.109395121431
v 0.318034922414 -0.103107519961 0.109383413942
v 0.338647264085 -0.175922599631 0.109348724197
v 0.378533815882 -0.156261685048 0.109244388355
v 0.376305574405 -0.144446227465 0.10924722443
v 0.384906341279 -0.138942290374 0.109224433403
v 0.370349423573 -0.243689820222 0.109285122526
v 0.504639458919 -0.14198914545 0.108925616515
v 0.496476996689 -0.232166054658 0.108966932825
v 0.496046326364 -0.237071175479 0.108969146882
v 0.495901178952 -0.234724830234 0.108968966254
v 0.428927405345 -0.135341616122 0.109113476422
v 0.393335615672 -0.143791067066 0.109204470459
v 0.318636903036 -0.102903922513 0.109381860854
v 0.356468290601 -0.0901089248578 0.109284257246
v 0.34256096555 -0.0688224340725 0.109314114797
v 0.297156825089 -0.0838531499492 0.109431180396
v 0.316889611899 -0.0505644600178 0.109374102904
v 0.296643392584 -0.0597320722581 0.10942687507
v 0.293138612623 -0.0996497732595 0.109444892964
v 0.178510016875 -0.137876140295 0.109740504908
v 0.1806196424 -0.113848554344 0.109729659418
v 0.103283928145 -0.127280829155 0.109926234257
v 0.0955861806622 -0.131702886366 0.109946515593
v 0.0960303547422 -0.126643964321 0.109944232128
v 0.182989552753 -0.0868564535836 0.109717475835
v 0.112191411365 -0.0863367465979 0.109894463204
v 0.184185876648 -0.0732309194662 0.109711325615
v 0.262381062849 -0.0380341733294 0.109507557129
v 0.260752660962 -0.0565808608117 0.109515928642
v 0.278175560229 -0.0148824511474 0.109462680719
v 0.265973161699 -0.00363573131499 0.109490599824
v 0.255337785645 0.00616669356836 0.10951493359
v 0.252513351964 0.016545187023 0.109519594115
v 0.250982922386 0.0221688111294 0.109522119412
v 0.227776606617 0.0242063290299 0.109579699878
v 0.228889304228 0.0368794013827 0.109573979564
v 0.223629876776 0.0301723197004 0.109588690758
v 0.204674879712 0.0215685826893 0.109638102128
v 0.203312763921 0.00605476151661 0.109645104714
v 0.178458940397 0.00895155395156 0.109706607419
v 0.14326682168 -0.0146164654385 0.109800105174
v 0.142606982415 -0.0219947026688 0.109803465633
v 0.21111092265 -0.028009358558 0.109633490778
v 0.208998941056 -0.0520637784599 0.109644348383
v 0.212002775847 -0.0584401675418 0.109638311655
v 0.208103806399 -0.0622589173957 0.109648950227
v 0.207769130018 -0.0660707146788 0.109650670776
v 0.138807802533 -0.0600159001125 0.109821780465
v 0.139128008038 -0.056368918688 0.109820134329
v 0.113896331198 -0.0745125491377 0.109887458094
v 0.111374783452 -0.075144576731 0.109893912445
v 0.110499546159 -0.0851130944449 0.109898411986
v 0.099342346022 -0.0889220302038 0.109927205374
v 0.097242123952 -0.11284251537 0.109938002489
v 0.0694160799144 -0.0864211806164 0.110001489028
v 0.0762967082043 -0.0870253007984 0.109984416507
v 0.0824347709304 -0.0823984099279 0.109967989391
v 0.0694842761104 -0.0856444599984 0.110001138415
v 0.0671716555939 -0.0862241198401 0.110007057992
v 0.0409507279412 -0.0839219185678 0.110072118441
v 0.040473710735 -0.0893549070979 0.110074570755
v 0.0356985838181 -0.0866531392333 0.110085890068
v 0.0322876227797 -0.125502289582 0.1101034256
v 0.0364908425048 -0.138661456759 0.110095960339
v 0.0524260077785 -0.188550236191 0.110067658147
v 0.0854008782841 -0.213459292607 0.109990940896
v 0.0597117170237 -0.255047120679 0.110064842011
v -0.124886514008 -0.239979497552 0.110523139003
v -0.129598798446 -0.293650074366 0.110547364578
v -0.153520228564 -0.274795302327 0.110602836822
v -0.143278021707 -0.254090047901 0.110572416901
v -0.150966036239 -0.245704321627 0.11058970589
v -0.141881409756 -0.229045390506 0.110563119408
v -0.142704072757 -0.238415113318 0.110567348681
v 0.0280793321424 -0.249229450102 0.110142625024
v 0.0232937040805 -0.18070982049 0.110138718264
v 0.0161598098692 -0.181884101318 0.110156836441
v 0.0151462998719 -0.18205093113 0.110159410492
v -0.0279696932424 -0.17826534069 0.110266391686
v -0.0383771871293 -0.146496306862 0.110285064912
v -0.0675388655133 -0.135046711334 0.110355362137
v -0.0711414549919 -0.176078413799 0.110373882835
v -0.0630043935951 -0.176848809206 0.110353705821
v -0.0595485267008 -0.185977673676 0.110347176131
v -0.0912559612433 -0.159698664562 0.110420405297
v -0.07766449561 -0.131071138716 0.110379771031
v -0.0781765102672 -0.130870109135 0.110381005265
v -0.0833207796909 -0.125702007362 0.110392676494
v -0.100122998271 -0.146273156898 0.110439475787
v -0.140158030345 -0.142758075265 0.110538812354
v -0.142280580262 -0.166932863301 0.110549724265
v -0.139874649685 -0.170551418231 0.110544544194
v -0.161133661914 -0.182885807244 0.11060058377
v -0.162270767284 -0.182029414173 0.110603229921
v -0.194019925159 -0.2401169401 0.110696114156
v -0.244760231943 -0.213573000481 0.110816894318
v -0.248692156832 -0.206037345644 0.110824984121
v -0.24447275948 -0.198611885398 0.110812708162
v -0.252955183321 -0.197867127315 0.110833755126
v -0.281165304804 -0.143801573006 0.110891796289
v -0.215649376216 -0.0809814881627 0.110713344758
v -0.328554820252 -0.0889050500996 0.110997623845
v -0.33311972572 -0.0970298780242 0.111010926193
v -0.356233441573 -0.138168728638 0.111078280497
v -0.37944510988 -0.0929625025401 0.111125870657
v -0.368376142203 -0.0854087322595 0.111096430181
v -0.211929088226 -0.0626564728529 0.110699791576
v -0.460314361181 -0.049997808236 0.111318215761
v -0.464846873368 -0.0531256664971 0.11133027908
v -0.469212635457 -0.102849526169 0.111352723195
v -0.495062633086 -0.0739773829555 0.111410698526
v -0.46972850324 -0.0564944519604 0.111343271534
v -0.462892759226 0.0213612734113 0.111308129378
v -0.458021253133 0.0246147540809 0.111295188917
v -0.463898704647 -0.0423264963471 0.11132540457
v -0.227149416065 -0.0436220654852 0.110733455646
v -0.227703788314 -0.0548022785424 0.110737433284
v -0.279172103637 -0.0502833529797 0.110865138633
v -0.295433022894 -0.0345702545336 0.110902175445
v -0.356904060832 -0.0274818284632 0.111054308029
v -0.353609367711 -0.0229340719066 0.111045012176
v -0.3779899405 0.013439958679 0.111097573175
v -0.40436094476 0.00516481008523 0.111165460192
v -0.41453026667 0.0256890010707 0.11118614346
v -0.342789473532 0.00911210204791 0.111010519002
v -0.314013413061 0.0443575934114 0.110930365534
v -0.469433953777 0.0456943748325 0.111318853931
v -0.478694194202 0.0633695914937 0.111337923244
v -0.344280207275 0.228219871901 0.110963473124
v -0.367847322096 0.220867796083 0.111024132086
v -0.465901712169 0.174995736142 0.111280053959
v 0.21272276416 -0.322168895314 0.10969762592
v 0.290517355528 -0.297113679103 0.10949720969
v 0.336365637847 -0.249232240746 0.109371420325
v 0.372371574526 -0.123585829474 0.109252231572
v 0.212016413791 -0.140818006805 0.109657367422
v 0.217692273607 -0.0761727859757 0.109628188171
v 0.222204016712 -0.080094870521 0.109617810529
v 0.244768029507 -0.0263490485266 0.109548909826
v 0.0678009535373 -0.10481666688 0.110009792311
v 0.088886266167 -0.231145001916 0.109986320334
v -0.0933030529625 -0.183014021329 0.110430929283
v -0.414877026645 -0.170205295459 0.111232406633
v 0.140006842911 -0.315784426863 0.109878051652
v 0.375105318301 -0.138081759143 0.109248752068
v 0.221402483963 -0.0892239300476 0.109621931147
v 0.0888444994232 -0.116723109582 0.109959909138
v -0.381485948404 -0.0943552280922 0.111131298744
v -0.430546951646 -0.143843769656 0.111265497396
v -0.366268375916 -0.156029364629 0.11110752272
v -0.3462273068 -0.15758953915 0.1110577498
v 0.229175574427 -0.0954864173349 0.109603937315
v -0.469367917711 -0.130925767307 0.111359617926
v 0.113811681764 -0.278338972364 0.109934903717
v 0.259055381802 -0.0587904093757 0.109520686589
v -0.211854535144 -0.242161465509 0.110741202785
v -0.471775055431 -0.132034215202 0.111365896445
v 0.332895160799 -0.134375701164 0.109353485678
v 0.255756100466 -0.0963675832485 0.109537648016
v 0.110046079297 -0.0850732799869 0.109899537145
v 0.251680073021 -0.0743050397137 0.109542731843
v -0.149445072372 -0.228381299843 0.110581886693
v -0.154980019853 -0.291421599469 0.11061034154
v 0.359196598212 -0.0942848604929 0.109278399841
v 0.359401160215 -0.0919550009612 0.109277348212
v 0.356872729011 -0.0899721392828 0.109283213777
v 0.200409256877 0.0984583928926 0.10963095488
v 0.224087822272 0.118155865039 0.109567156217
v 0.225382523186 0.132901864393 0.109560500248
v 0.219326329135 0.143538515441 0.109573185458
v 0.212138638597 0.156162443201 0.109588240703
v 0.21109371998 0.144261339702 0.109593612549
v 0.188578728612 0.146238159226 0.109649477682
v 0.193935972059 0.207254498172 0.109621936405
v 0.144205818599 0.177234149099 0.109753297553
v 0.143191886478 0.176619215817 0.109755976472
v 0.138403080898 0.179549553235 0.109767277065
v 0.139475233969 0.180699516998 0.109764328466
v 0.153720753015 0.210785400257 0.109721720083
v 0.139453530915 0.231817181908 0.109752536972
v 0.0762151630523 0.217603213704 0.109914027202
v 0.0740723189698 0.218914450093 0.109919083854
v 0.0380977794695 0.222073019913 0.110008345396
v 0.0280472674319 0.245441323206 0.110028072355
v 0.0249086617343 0.24571689325 0.110035860003
v 0.0221750363722 0.214582259784 0.110049913382
v 0.062935006733 0.211003528441 0.109948778067
v 0.0613551707066 0.193009981371 0.109956899923
v 0.0798506193398 0.177096459881 0.109914319639
v 0.0894512824135 0.176253520297 0.1098904981
v 0.0925447308738 0.211486359893 0.109874594864
v 0.120230669428 0.209055530446 0.109805899355
v 0.114269107083 0.141156299684 0.109836547395
v 0.12208026689 0.140761985641 0.109817098487
v 0.139037113569 0.126172280377 0.109778060383
v 0.178950624208 0.122667868318 0.109679025297
v 0.190828893311 0.0992995502176 0.109654726067
v 0.0853028593241 0.212042324727 0.109892582176
v 0.226382259074 0.0567084012539 0.109575656071
v 0.229576549824 0.0447067873182 0.109570446469
v 0.230870422979 0.0594433590297 0.109563794749
v 0.258317478571 0.0570335035636 0.109495691979
v 0.262809959875 0.0609715512039 0.109483541039
v 0.244725860284 0.0693114318862 0.109526847367
v 0.0849028497858 -0.0817797843347 0.10996167192
v 0.0850196093608 -0.0804499506048 0.10996107165
v 0.0245379576007 0.147229673943 0.110059610325
v 0.0280118325454 0.186795381812 0.110041751354
v 0.0188637187659 0.187598587492 0.110064450048
v 0.0245641519086 0.206155124741 0.110045889682
v 0.00914534973534 0.226912195191 0.110079651006
v -0.0106763535983 0.21892443186 0.110131087814
v -0.00806974548319 0.248612402193 0.11011768737
v 0.0284020362336 0.28550469205 0.110017900748
v -0.012822622794 0.307501404839 0.110115930435
v -0.0270930484495 0.296850564582 0.110154097327
v -0.0729443485225 0.300876315419 0.11026786548
v -0.0748077574044 0.279653014992 0.110277445188
v -0.0920572322209 0.272585941614 0.110322233935
v -0.0894461233025 0.302325173638 0.110308810397
v -0.0613998108068 0.299862703329 0.110239220709
v -0.0609159995734 0.305373072519 0.110236733481
v -0.0724605372891 0.306386684608 0.110265378252
v -0.0722798899153 0.30844416844 0.110264449538
v -0.123113569437 0.312907372901 0.110390580177
v -0.123778028044 0.30533951988 0.11039399612
v -0.139848192176 0.306750482611 0.1104338701
v -0.193649493439 0.281982921847 0.110574198318
v -0.15687458854 0.278754079832 0.110482950881
v -0.165845036481 0.17658513791 0.110529067456
v -0.195062080138 0.156016751213 0.110606922905
v -0.212027196111 0.153132009183 0.110650031107
v -0.20788097223 0.143883101026 0.110641802279
v -0.200784128754 0.128052288379 0.110627717477
v -0.204250831548 0.0885682677998 0.1106455396
v -0.175881858625 0.0860774678301 0.110575149285
v -0.17329511153 0.115539230946 0.110561850976
v -0.164884589699 0.12062479626 0.110539632835
v -0.12726741544 0.117322002905 0.110446295516
v -0.161278353003 0.141354095002 0.110525807785
v -0.171234259079 0.139011315537 0.110551256278
v -0.170073642569 0.15223016038 0.110545289588
v -0.12911227136 0.162780863022 0.110440376149
v -0.128361811807 0.162714972586 0.110438514093
v -0.100708801308 0.180931804774 0.110365116162
v -0.0927549588544 0.18023345625 0.110345380749
v -0.0635372465304 0.218911228281 0.110263327029
v -0.012585928482 0.19717532357 0.110140904811
v -0.0131797485062 0.190412008601 0.110143957606
v -0.00956091598907 0.190094274592 0.11013497842
v -0.00905862275721 0.188918490102 0.110133994348
v -0.0273061802599 0.169377579369 0.110184170547
v -0.0130009242783 0.157240742663 0.110151197229
v 1.28915545818e-05 0.14619958712 0.110121200652
v 0.0062264173582 0.146460563837 0.110105596499
v 0.0215075532384 0.147102392737 0.110067220669
v -0.0272836194137 0.231580162895 0.110169699545
v -0.054181366435 0.0170885613787 0.110286691993
v -0.046562098396 0.103868235703 0.110247521804
v -0.0584544388818 0.104912384949 0.110277029543
v -0.0626840158752 0.0567396061106 0.110298773567
v -0.111119681861 0.0338797191795 0.110425237111
v -0.112475366605 0.0184391443769 0.110432206592
v -0.0924296224101 0.00647042757905 0.110384833993
v 0.0417681994716 0.0210965926055 0.110045736901
v 0.0423247199031 0.0217118464242 0.110044202154
v 0.0433268261212 0.0331253379346 0.110039050392
v 0.0629234613205 0.0451788982552 0.109987234452
v 0.0523359635725 0.0599381111994 0.110010299743
v 0.0689459870532 0.0806913236865 0.109963939064
v 0.0708477354626 0.102351292466 0.109954162281
v 0.0414353542711 0.104933703821 0.110027141495
v 0.0289300087276 0.064416135004 0.110067814082
v 0.0251626099947 0.0215073366663 0.110087182099
v -0.0477502598 0.0279090972618 0.110268096502
v -0.0485633698049 0.0186481786207 0.110272276685
v -0.0383012203216 0.0214970634303 0.110245944824
v -0.00907518006455 -0.0156233249349 0.110181435428
v 0.0386785592539 -0.0198161101881 0.110062946849
v 0.04222784297 0.0206084662024 0.110044700205
v 0.0163921234319 -0.0941796430493 0.110135931027
v 0.0114014321189 -0.092998726611 0.110148142037
v 0.0110290739834 -0.0972397006951 0.110150056296
v 0.0044847895791 -0.0966651115553 0.110166294244
v 0.00929372724687 -0.106776376402 0.110156607397
v -0.139540652362 -0.140442920912 0.110536731433
v -0.109560482915 -0.132371071357 0.110459862874
v -0.106895486221 -0.102018084128 0.110446162296
v -0.110430547287 -0.0984666458346 0.110454182564
v -0.128903289487 -0.0685822186127 0.110493468473
v -0.124229938201 -0.0511854220358 0.110477746201
v -0.150608884152 -0.0484893039421 0.110543110655
v -0.161188907426 -0.0623651555503 0.110572793048
v -0.124217059071 -0.112407228564 0.110491901252
v -0.148723192306 -0.157243080067 0.110563595586
v -0.156803168512 -0.145090673196 0.110580992177
v -0.150441062191 -0.160386058942 0.11056862132
v -0.142662075328 -0.17127790237 0.110551685511
v -0.456442086406 0.282207130801 0.111231545138
v -0.454020454926 0.309788309496 0.111219095704
v -0.469551605007 0.318444546217 0.111255942255
v -0.479021090296 0.295430392737 0.111284964224
v -0.480000486084 0.284275561752 0.111289999255
v 0.225382523186 0.132901864393 0.113995717542
v 0.226262949215 0.142929479189 0.113983277782
v 0.219326329135 0.143538515441 0.114006881886
v 0.142149595166 -0.0219545439916 0.114430499399
v 0.142606982415 -0.0219947026688 0.114428942988
v 0.14326682168 -0.0146164654385 0.114419748008
v 0.178458940397 0.00895155395156 0.114275081569
v 0.203312763921 0.00605476151661 0.114191176225
v 0.204674879712 0.0215685826893 0.114171930576
v 0.223629875935 0.0301723182702 0.114097833816
v 0.141012100651 0.029632685021 0.114386251274
v 0.137717033529 -0.00789649099675 0.114432808061
v 0.107212376054 0.0326003057527 0.114501265818
v 0.228889304228 0.0368794013827 0.114073237059
v 0.229576549824 0.0447067873182 0.114063526823
v 0.262809959875 0.0609715512039 0.113932511704
v 0.258317479707 0.0570335034374 0.113951847835
v 0.268889875139 0.0561052455838 0.113915871822
v 0.265796058777 0.020868215584 0.113959585089
v 0.250982922386 0.0221688111294 0.114009991595
v 0.252513351964 0.016545187023 0.114009913943
v 0.255337785645 0.00616669356836 0.114009770627
v 0.265973161699 -0.00363573131499 0.113981868684
v 0.278175560229 -0.0148824511474 0.113949855714
v 0.316889611899 -0.0505644600178 0.113848289357
v 0.34256096555 -0.0688224340725 0.113775891231
v 0.356468290601 -0.0901089248578 0.113747319695
v 0.356872729011 -0.0899721392828 0.113745782424
v 0.359401160215 -0.0919550009612 0.113738824258
v 0.36297032569 -0.0513039808637 0.113688394701
v 0.340415483393 -0.0686340604236 0.113783191933
v 0.341834540343 -0.0524717076048 0.113763141745
v 0.328865268354 -0.0513330036326 0.113807273897
v 0.331700806816 -0.019037630784 0.113767209908
v 0.34404323692 -0.0273157514912 0.113731934533
v 0.344747341388 -0.0192963518408 0.113721986082
v 0.365619697955 -0.021128947787 0.113650961089
v 0.372979147205 0.0626915197193 0.113546977752
v 0.369781181812 0.049738366003 0.113570227962
v 0.366742920941 0.0151340856028 0.113613156251
v 0.327110166769 0.0186138471873 0.113748019575
v 0.330148427641 0.0532181275875 0.113705091286
v 0.220394300761 0.0760884914762 0.114066197287
v 0.224087822272 0.118155865039 0.114014010668
v 0.200409256877 0.0984583928926 0.114114936414
v 0.215334986963 0.0971479116154 0.114064146779
v 0.211393857125 0.0522604023363 0.114119831915
v 0.117359365742 0.105750185432 0.114397540678
v 0.190828893311 0.0992995502176 0.114147536741
v 0.178950624208 0.122667868318 0.114167091611
v 0.139037113569 0.126172280377 0.114302910318
v 0.12208026689 0.140761985641 0.114348367732
v 0.114269107083 0.141156299684 0.11437522015
v 0.113143846881 0.128340145486 0.114391119221
v 0.085457908327 0.130770974932 0.114485329644
v 0.0864928519925 0.142558468821 0.114470706661
v 0.0806113655473 0.142855371282 0.114490925488
v 0.0759182128049 0.0894026949946 0.114557236113
v 0.0689459870532 0.0806913236865 0.114589674951
v 0.0659938028869 0.0470674136401 0.114631387052
v 0.0629234631714 0.0451788998537 0.114643851757
v 0.0433268261212 0.0331253379346 0.114723408699
v 0.04222784297 0.0206084662024 0.114738936462
v 0.0632941925862 -0.00176331102549 0.114686430863
v 0.093972073061 -0.00445683340474 0.114582039411
v 0.0916678071468 -0.0307012761095 0.114614596914
v 0.115096304582 -0.0327583015991 0.114534873857
v 0.111374783452 -0.075144576731 0.114587456099
v 0.113896331198 -0.0745125491377 0.114578078093
v 0.139128008038 -0.056368918688 0.114473192123
v 0.297156825089 -0.0838531499492 0.113948166587
v 0.113418235904 0.0608626761531 0.114453225813
v 0.103917308932 -0.00492887022293 0.114547822605
v 0.226382259074 0.0567084012539 0.114063442104
v 0.244725860284 0.0693114318862 0.113987738371
v 0.208103806399 -0.0622589173957 0.114238324322
v 0.212002774291 -0.0584401694768 0.114221167965
v 0.208998940972 -0.0520637794695 0.11422567676
v 0.357852596391 -0.109592372739 0.11376070428
v 0.359196598212 -0.0942848604929 0.113741714597
v 0.318636903036 -0.102903922513 0.11389111547
v 0.332895160799 -0.134375701164 0.113870839897
v 0.375105318301 -0.138081759143 0.113727206115
v 0.372371574989 -0.123585831577 0.113723185317
v 0.268994014032 -0.146821427848 0.114105159253
v 0.270396882587 -0.130843452405 0.114085337816
v 0.268769104694 -0.130700533267 0.114090876829
v 0.246897148487 -0.128780172331 0.114165303295
v 0.251680073021 -0.0743050397137 0.114097724237
v 0.211994447536 -0.142462930412 0.114299722621
v 0.212721661338 -0.143158290124 0.114297838228
v 0.279895421184 -0.174542032927 0.114093076163
v 0.291830164228 -0.189555950926 0.114065516631
v 0.306166595831 -0.184525510861 0.114010854562
v 0.311755962833 -0.187750364889 0.113994390134
v 0.322295979328 -0.193831556284 0.113963342769
v 0.344287768012 -0.206519989737 0.113898562306
v 0.336910378689 -0.247141053093 0.113962235068
v 0.336365637847 -0.249232240746 0.113966087815
v 0.364178323085 -0.268735418825 0.113887391105
v 0.366117096865 -0.269080230889 0.113880956987
v 0.366935287036 -0.268256996895 0.113877336313
v 0.38329536871 -0.251796022706 0.113804939323
v 0.370349423573 -0.243689820222 0.113842478561
v 0.367560968764 -0.241943807908 0.113850564199
v 0.355756752589 -0.198101906316 0.113850726907
v 0.37020901093 -0.160365155295 0.113765094662
v 0.338647264085 -0.175922599631 0.113889623208
v 0.318034923844 -0.103107518615 0.113893403562
v 0.313497057899 -0.10464227552 0.113910651831
v 0.310764640102 -0.101893846126 0.11391760537
v 0.29555427308 -0.110756429464 0.113978894425
v 0.290645566921 -0.130418279239 0.114014376172
v 0.280254454551 -0.172039937328 0.114089486576
v 0.244493625215 -0.168900131301 0.11421117442
v 0.258250220975 -0.186692565921 0.114179862676
v 0.340952965809 -0.244501728342 0.113945680495
v 0.342658743518 -0.225073768647 0.113921579181
v 0.289949264823 -0.132560154393 0.114018804455
v 0.290136745345 -0.130424844137 0.114016155486
v 0.270411291206 -0.13067934547 0.11408513422
v 0.376305573984 -0.144446225908 0.113728971421
v 0.378624670683 -0.138390758785 0.113715230376
v 0.495901180508 -0.234724829688 0.113396567148
v 0.496046326364 -0.237071175479 0.113398254171
v 0.496476996689 -0.232166054658 0.113392169152
v 0.272136863515 -0.218634097421 0.114161321155
v 0.275371352819 -0.23169597021 0.114162256684
v 0.276484670513 -0.219015835497 0.114146526336
v 0.291665257425 -0.284039647297 0.114154393487
v 0.290517355528 -0.297113679103 0.114170612464
v 0.332148927995 -0.300768937226 0.1140289475
v 0.344258927133 -0.288657379153 0.113975426406
v 0.484547002001 -0.285049161904 0.113483167017
v 0.465986768151 -0.293761571632 0.113555989623
v 0.447026702488 -0.305057596663 0.113632620177
v 0.44459662096 -0.332735017023 0.113666955396
v 0.448300929996 -0.333060255877 0.113654350278
v 0.469018144387 -0.314103556141 0.113564436768
v 0.175477842916 -0.306450272073 0.114580237213
v 0.142285354603 -0.289833311754 0.114680379286
v 0.140006842911 -0.315784426863 0.114712572926
v 0.21272276416 -0.322168895314 0.114465133323
v 0.214742997909 -0.299159437399 0.114436589003
v 0.429199366367 -0.343042005016 0.113730245659
v 0.427692375662 -0.341689331296 0.113734233141
v 0.427306449243 -0.341655446889 0.113735546373
v 0.153674153532 0.253058698734 0.114133316994
v 0.129491385063 0.25518194933 0.114215606741
v 0.103021849111 0.226498706968 0.114334656595
v 0.0762151630523 0.217603213704 0.114436388226
v 0.0853028581042 0.212042325064 0.114409915741
v 0.139453530915 0.231817181908 0.114202726012
v 0.153720753015 0.210785400257 0.114172662215
v 0.178242943487 0.20863234835 0.114089217485
v 0.179256923478 0.22018107647 0.114074890724
v 0.164443877822 0.221481664023 0.114125296936
v -0.474116753023 0.351288355668 0.116229290567
v -0.479021090296 0.295430392737 0.116298585085
v -0.469551605007 0.318444546217 0.116244076595
v -0.454020454926 0.309788309496 0.116198042299
v -0.480000486084 0.284275561752 0.116312423216
v -0.487239258483 0.201829543708 0.116414701525
v -0.4811640387 0.256643041316 0.116342302726
v -0.46578916605 0.236299429643 0.11630773577
v -0.479546582881 0.212061354625 0.116378331068
v -0.465901712169 0.174995736142 0.116365420935
v -0.461918122521 0.174645976374 0.116351865482
v -0.448131534306 0.189484285227 0.116289953315
v -0.434232575173 0.347786519006 0.116093571681
v -0.456442086406 0.282207130801 0.116232258096
v 0.203321577327 0.171648077187 0.114036386049
v 0.212138638597 0.156162443201 0.114020132116
v 0.21805912983 0.223593894391 0.11393648013
v 0.17985110989 0.226948564092 0.114066495319
v 0.207366091915 0.217713087382 0.113979240159
v 0.138403080898 0.179549553235 0.114255234724
v 0.143191886478 0.176619215817 0.114241284952
v 0.144205818599 0.177234149099 0.114237176827
v 0.139475233969 0.180699516998 0.11425042369
v -0.0243064299531 0.145178141868 0.114854380702
v 1.28915545818e-05 0.14619958712 0.114768676147
v -0.0130009242783 0.157240742663 0.114803708975
v -0.44306710568 0.19493505781 0.116267210243
v -0.415040203056 0.225100014558 0.116141348399
v -0.430426905941 0.240018498038 0.116181026776
v -0.415048225049 0.248815390917 0.116119212537
v -0.39361405983 0.223130119421 0.116068521839
v -0.367847322096 0.220867796083 0.115980842158
v -0.344280207275 0.228219871901 0.115891842471
v -0.339158206261 0.288682145548 0.115817486338
v -0.301663351665 0.288122312907 0.11568734445
v -0.299880436348 0.308428831779 0.115662153228
v -0.415272602768 0.326625634014 0.116047274898
v -0.393746544579 0.324735642941 0.115974025499
v -0.22784507364 0.314637084169 0.115405316479
v -0.200697196823 0.237110585595 0.115383163707
v -0.230262767822 0.258244091262 0.115466445351
v -0.232849197156 0.257738794578 0.115475931001
v -0.240627542231 0.16914731194 0.11558583303
v -0.266335614428 0.171404484442 0.115673313113
v -0.295347431284 0.199325918494 0.115748321172
v -0.297300879913 0.198334848237 0.115756054934
v -0.301519302532 0.15028911239 0.115815658019
v -0.350517589111 0.154591169074 0.115982390618
v -0.349035391439 0.172087659477 0.115960873535
v -0.351917889378 0.170625241723 0.115972285432
v -0.357074985813 0.111888477582 0.116045151239
v -0.266147608681 0.103905040651 0.115735741293
v -0.268073655606 0.0819683237933 0.115762954839
v -0.241268754961 0.069214344417 0.115681462521
v -0.252129124063 0.0201626965911 0.115765152071
v -0.263208125499 0.0398968817733 0.115785317979
v -0.295492267456 0.0427314341436 0.115895175294
v -0.292027246217 0.0331246010793 0.115892078415
v -0.312421135508 0.020591795866 0.115974861544
v -0.314492141857 -0.00299593655924 0.116004123285
v -0.29205052663 -0.0151387931254 0.11593726535
v -0.262700845822 -0.00294892445896 0.115823592853
v -0.225972400118 -0.0198847877357 0.115711426414
v -0.227149416065 -0.0436220654852 0.115737712466
v -0.211929088226 -0.0626564728529 0.115702460521
v -0.281165304804 -0.143801573006 0.116019576719
v -0.252955183321 -0.197867127315 0.115971796172
v -0.24447275948 -0.198611885398 0.115942931989
v -0.248692158346 -0.206037344171 0.115964575731
v -0.244760231943 -0.213573000481 0.11595791606
v -0.211854535144 -0.242161465509 0.115869961735
v -0.194019925159 -0.2401169401 0.11580589945
v -0.162270767284 -0.182029414173 0.115640970225
v -0.181309924102 -0.167690371544 0.115693918518
v -0.178055327906 -0.130622139006 0.115647933565
v -0.201326927911 -0.118313510272 0.115717528974
v -0.225697902315 -0.140986308645 0.115823648379
v -0.244725781886 -0.132381987937 0.115881916862
v -0.176793634846 -0.0645505699473 0.115581787835
v -0.158563800403 -0.0753186294244 0.115528322603
v -0.163769829843 -0.134612716096 0.115601879793
v -0.156803170111 -0.145090674711 0.115587394279
v -0.14872319117 -0.157243081792 0.115570593835
v -0.142280580262 -0.166932863301 0.115557197934
v -0.140158030345 -0.142758075265 0.115527207919
v -0.100122998271 -0.146273156898 0.115390975711
v -0.0833207796909 -0.125702007362 0.115313196694
v -0.0781765102672 -0.130870109135 0.115300099498
v -0.07766449561 -0.131071138716 0.115298503084
v -0.0753146576119 -0.12612170579 0.115285688565
v -0.069527119692 -0.134266073609 0.115273131192
v -0.0675388653871 -0.135046709904 0.115266931924
v -0.054181366435 0.0170885613787 0.115078200721
v -0.106895486221 -0.102018084128 0.115373217317
v -0.139540652362 -0.140442920912 0.115522892749
v -0.124217059071 -0.112407228564 0.115443290376
v -0.161188907426 -0.0623651555503 0.115525364792
v -0.124229938201 -0.0511854220358 0.115386118868
v -0.128903289487 -0.0685822186127 0.115418663542
v -0.110430547287 -0.0984666458346 0.115382217494
v -0.0924296224101 0.00647042757905 0.115221414777
v -0.112475366731 0.0184391426522 0.11528008616
v -0.114495812615 -0.00457273140127 0.115308633509
v -0.136995305708 -0.0165110625613 0.115398198845
v -0.110283895667 0.0433989084438 0.115249122337
v -0.111119681861 0.0338797191795 0.115260931371
v -0.0626840158752 0.0567396061106 0.115070774539
v -0.0584544388818 0.104912384949 0.115011013836
v -0.046562098396 0.103868235703 0.114970546317
v -0.035604266856 0.228672488625 0.114815720554
v -0.0635372465304 0.218911228281 0.114922186281
v -0.0927549588544 0.18023345625 0.115060153844
v -0.100708801308 0.180931804774 0.115087219364
v -0.128361811807 0.162714972586 0.115200611834
v -0.12911227136 0.162780863022 0.115203165525
v -0.12726741544 0.117322002905 0.115239221167
v -0.164884589699 0.12062479626 0.115367225851
v -0.173295111362 0.115539232839 0.115401288362
v -0.175881858625 0.0860774678301 0.115437837092
v -0.204250831548 0.0885682677998 0.115534371741
v -0.200784128754 0.128052288379 0.115485389898
v -0.20788097303 0.143883099302 0.115495326486
v -0.212027196111 0.153132009183 0.115501131772
v -0.195062080138 0.156016751213 0.115439314336
v -0.181090076421 0.165852844793 0.115381431001
v -0.165845036481 0.17658513791 0.115318273706
v -0.15687458854 0.278754079832 0.115191528158
v -0.193649493439 0.281982921847 0.115316666733
v -0.139848192176 0.306750482611 0.115106028419
v -0.123778028044 0.30533951988 0.115051344476
v -0.123113569437 0.312907372901 0.115041956164
v -0.0722798899153 0.30844416844 0.114868978067
v -0.0724605372891 0.306386684608 0.114871530455
v -0.0609159995734 0.305373072519 0.114832246438
v -0.0613998108068 0.299862703329 0.11483908232
v -0.0295989045474 0.297070579135 0.114730869375
v -0.028275506113 0.312143429279 0.114712170783
v -0.429681806373 0.347386960869 0.116078086235
v -0.230349820901 0.030872114972 0.115679245057
v -0.109560482915 -0.132371071357 0.115410871688
v -0.150608884152 -0.0484893039421 0.115475526629
v -0.13157110135 0.0452679282283 0.115321558995
v -0.215649376216 -0.0809814881627 0.115732551408
v -0.194150108944 0.311678661362 0.115290658395
v -0.234028119917 0.30264698885 0.115438069292
v -0.396185836146 0.296953325337 0.116008490784
v -0.418866050774 0.285698047812 0.116098047581
v 0.0671716555939 -0.0862241198401 0.114751853409
v 0.0694842759842 -0.0856444615968 0.114743252431
v 0.0709631720464 -0.0688005704142 0.114722356776
v 0.0597877143287 -0.0326105076153 0.114727479555
v 0.0449389511917 -0.0384980387391 0.114784728084
v 0.0409507279412 -0.0839219185678 0.114841078606
v -0.495062633086 -0.0739773829555 0.116699727479
v -0.473388936764 -0.0981849698653 0.116646821042
v -0.469212635288 -0.10284952415 0.116636626509
v -0.464846873537 -0.0531256685583 0.116574941663
v -0.460314362107 -0.0499978096242 0.116556223174
v -0.463898704647 -0.0423264963471 0.116561544752
v -0.465679620228 -0.0385149294128 0.116564188842
v -0.468309194151 -0.0403292273114 0.116575048172
v -0.46972850324 -0.0564944519604 0.116595101935
v -0.379445109039 -0.0929625026242 0.116314557223
v -0.381485948404 -0.0943552280922 0.116322970885
v -0.356233441573 -0.138168728638 0.116275915963
v -0.33311972572 -0.0970298780242 0.116156920036
v -0.328554820252 -0.0889050500996 0.116133418613
v -0.368376142203 -0.0854087322595 0.116268923598
v -0.160629331677 -0.146120829006 0.115601690752
v -0.150441062191 -0.160386058942 0.115579517747
v -0.471775055431 -0.132034215202 0.116672831567
v -0.476554125746 -0.134234898451 0.116691542736
v -0.488143125488 -0.266227843061 0.116855286438
v -0.48359235673 -0.266627401241 0.116839800951
v 0.207366091915 0.217713087382 0.105539795463
v 0.179256923478 0.22018107647 0.105584398871
v 0.178242943487 0.20863234835 0.105593507491
v 0.193935972059 0.207254498172 0.105568605887
v 0.188578728612 0.146238159226 0.105616730064
v 0.21109371998 0.144261339702 0.105581003456
v 0.212138638597 0.156162443201 0.105571616911
v 0.203321577327 0.171648077187 0.105576127389
v 0.0888457682765 0.169357015524 0.105765730308
v 0.0894512824135 0.176253520297 0.105760290947
v 0.0798506193398 0.177096459881 0.105775525221
v 0.0613551707066 0.193009981371 0.105795665134
v 0.062935006733 0.211003528441 0.105781473444
v 0.0221750363722 0.214582259784 0.105846151101
v 0.0249086617343 0.24571689325 0.105821594894
v -0.00806974548319 0.248612402193 0.105873924829
v -0.0106763535983 0.21892443186 0.105897340018
v 0.00914534973534 0.226912195191 0.105859618049
v 0.0245641519086 0.206155124741 0.105847655519
v 0.0188637187659 0.187598587492 0.105868981668
v 0.0250157002205 0.187058442647 0.105859219734
v 0.0280118325454 0.186795381812 0.105854465531
v 0.0245379576007 0.147229673943 0.105885671355
v 0.0215075532384 0.147102392737 0.105890733475
v 0.0211562480395 0.14310120101 0.105893889245
v 0.00164576976323 0.144814223853 0.105924848357
v 1.28915545818e-05 0.14619958712 0.105926639029
v -0.0243064299531 0.145178141868 0.105967262989
v -0.0273179831111 0.145051652455 0.105972293603
v -0.011846737469 0.0824725991353 0.105987195857
v 0.0301913033044 0.0787816530205 0.105920490197
v 0.0289300087276 0.064416135004 0.105931820404
v 0.0414353542711 0.104933703821 0.105885159085
v 0.0708477354626 0.102351292466 0.105838487713
v 0.0689459870532 0.0806913236865 0.105855571129
v 0.0759182128049 0.0894026949946 0.105838499365
v 0.0806113655473 0.142855371282 0.1057963407
v 0.0864928519925 0.142558468821 0.105786866576
v 0.00561365367043 0.144465843066 0.105918552129
v 0.0523359635725 0.0599381111994 0.105896241403
v 0.0629234613205 0.0451788982552 0.105888353345
v 0.0659938028869 0.0470674136401 0.105882090643
v 0.0423247199031 0.0217118464242 0.105937327448
v 0.0417681994716 0.0210965926055 0.105938638493
v 0.04222784297 0.0206084662024 0.105938197692
v 0.340415483393 -0.0686340604236 0.105505673851
v 0.36297032569 -0.0513039808637 0.105457439926
v 0.365619697955 -0.021128947787 0.105433640598
v 0.344747341388 -0.0192963518408 0.105466760723
v 0.34404323692 -0.0273157514912 0.105473085682
v 0.331700806816 -0.019037630784 0.105488034291
v 0.328865268354 -0.0513330036326 0.105513506004
v 0.341834540343 -0.0524717076048 0.105492926427
v 0.229175574427 -0.0954864173349 0.105705786791
v 0.259055381802 -0.0587904093757 0.105633035401
v 0.259260880427 -0.0564498822471 0.105631189414
v 0.260752660962 -0.0565808608117 0.105628822281
v 0.262381062849 -0.0380341733294 0.105614194334
v 0.244768029507 -0.0263490485266 0.105635608947
v 0.212002774291 -0.0584401694768 0.105710134729
v 0.222204016712 -0.080094870521 0.105707325029
v 0.221402483963 -0.0892239300476 0.105714525195
v -0.0383771871293 -0.146496306862 0.106178347783
v -0.0279696932424 -0.17826534069 0.106181716991
v 0.0151462993672 -0.182050931088 0.106113300836
v 0.0161598097851 -0.181884102202 0.106111527748
v 0.0232937040805 -0.18070982049 0.106099047396
v 0.0280793321424 -0.249229450102 0.106135338308
v 0.0597117170237 -0.255047120679 0.106087103542
v 0.088886266167 -0.231145001916 0.106023755818
v 0.0854008782841 -0.213459292607 0.106018086571
v 0.0524260077785 -0.188550236191 0.106056224648
v 0.0364908425048 -0.138661456759 0.10605026267
v 0.0322876227797 -0.125502289582 0.106048690106
v 0.0350288804434 -0.0942807275916 0.106024065333
v 0.0163921234319 -0.0941796430493 0.10605462735
v 0.00929372724687 -0.106776376402 0.106074410255
v 0.0044847895791 -0.0966651115553 0.106075797228
v -0.0301876494108 -0.0936208663692 0.10613081521
v 0.0168197239675 -0.0312870766645 0.106013395338
v 0.0114014321189 -0.092998726611 0.106062067919
v 0.0356985838181 -0.0866531392333 0.106018049385
v 0.040473710735 -0.0893549070979 0.106011943165
v 0.0449389511917 -0.0384980387391 0.105971831853
v 0.0597877143287 -0.0326105076153 0.105943635707
v 0.0709631720464 -0.0688005704142 0.105948591907
v 0.0694842761104 -0.0856444599984 0.105961876882
v 0.0824347709304 -0.0823984099279 0.105938502538
v 0.0850196093608 -0.0804499506048 0.10593299907
v 0.0894049939601 -0.0305026007886 0.105893605095
v 0.0916678071468 -0.0307012761095 0.105890014456
v 0.093972073061 -0.00445683340474 0.105869315245
v 0.0632941925862 -0.00176331102549 0.105917994682
v 0.0386785592539 -0.0198161101881 0.105970080976
v -0.00907518006455 -0.0156233249349 0.106045856261
v -0.0383012203216 0.0214970634303 0.106069964389
v -0.0485633698049 0.0186481786207 0.106088664832
v 0.0251626099947 0.0215073366663 0.105965662999
v 0.0262389103108 0.0556969224567 0.105941861735
v -0.0245119674889 0.0393645146485 0.106035789354
v -0.0355157013663 0.0451909694821 0.106050117881
v -0.0304877439023 0.102456905027 0.106004951684
v -0.046562098396 0.103868235703 0.106030458353
v -0.0243969994267 -0.0276682423386 0.106078797735
v -0.0477502598 0.0279090972618 0.106081360639
v -0.0675388655133 -0.135046711334 0.106218892912
v 0.0888444994232 -0.116723109582 0.105950088544
v 0.097242123952 -0.11284251537 0.105933787371
v 0.099342346022 -0.0889220302038 0.105914921023
v 0.112191409262 -0.0863367476495 0.105892139209
v 0.110046079297 -0.0850732799869 0.105894850602
v 0.0848082355373 -0.0828573936344 0.105934897849
v 0.0849028497858 -0.0817797843347 0.105934047923
v 0.0762967082043 -0.0870253007984 0.10595157134
v 0.0694160799144 -0.0864211806164 0.105962489477
v 0.0678009535373 -0.10481666688 0.105976998169
v 0.289949264823 -0.132560154393 0.10562980404
v 0.270396882587 -0.130843452405 0.105660829615
v 0.268994014032 -0.146821427848 0.10567343162
v 0.244493625215 -0.168900131301 0.105727922863
v 0.280254454551 -0.172039937328 0.105671177853
v 0.290645566921 -0.130418279239 0.105627279458
v 0.290136745513 -0.13042484237 0.105628119878
v 0.37020901093 -0.160365155295 0.105515825434
v 0.355756752589 -0.198101906316 0.105563894254
v 0.367560968764 -0.241943807908 0.105572748169
v 0.370349423573 -0.243689820222 0.105569290876
v 0.384906341279 -0.138942290374 0.105477866891
v 0.378624670683 -0.138390758785 0.105487834566
v 0.376305573984 -0.144446225908 0.105495548011
v 0.378533815882 -0.156261685048 0.105499500285
v 0.113811681764 -0.278338972364 0.106013206845
v 0.111812613223 -0.276558695836 0.106015344806
v 0.113544984439 -0.281761277911 0.106015850555
v 0.0253870057176 -0.274020994524 0.106155739024
v 0.0232499209015 -0.281100621447 0.106163813304
v 0.0597000737677 -0.282882123627 0.106105060147
v 0.12472888497 -0.318095653718 0.10602088588
v -0.0894461233025 0.302325173638 0.105973042909
v -0.0920572322209 0.272585941614 0.105996498565
v -0.0748077574044 0.279653014992 0.105963597053
v -0.0729443485225 0.300876315419 0.105946858024
v -0.111119681861 0.0338797191795 0.106181652674
v -0.110283895667 0.0433989084438 0.106174144801
v -0.13157110135 0.0452679282283 0.106207923204
v -0.136995305708 -0.0165110625613 0.10625664887
v -0.114495812615 -0.00457273140127 0.106211980514
v -0.112475366731 0.0184391426522 0.10619383083
v -0.0595485267008 -0.185977673676 0.106238582812
v -0.0630043935951 -0.176848809206 0.106238379258
v -0.0711414549919 -0.176078413799 0.106251255023
v -0.0676965060662 -0.136842158786 0.106220309036
v -0.069527119692 -0.134266073609 0.106221657308
v -0.0753146576119 -0.12612170579 0.10622591998
v -0.07766449561 -0.131071138716 0.106232971194
v -0.0912559612433 -0.159698664562 0.106273755212
v -0.0925164222149 -0.174054688557 0.106285077973
v -0.0933030529625 -0.183014021329 0.106292144288
v -0.0719152778255 -0.184891871094 0.10625820629
v -0.153520228564 -0.274795302327 0.106450249409
v -0.154980019853 -0.291421599469 0.106463362716
v -0.129598798446 -0.293650074366 0.106423087981
v -0.124886514008 -0.239979497552 0.10638075748
v -0.142704072757 -0.238415113318 0.106409030227
v -0.141881409756 -0.229045390506 0.106401640263
v -0.149445072372 -0.228381299843 0.106413642208
v -0.150966036239 -0.245704321627 0.106427305055
v -0.143278021707 -0.254090047901 0.106420074728
v -0.194150108944 0.311678661362 0.106139083074
v -0.22784507364 0.314637084169 0.10619255003
v -0.234028119917 0.30264698885 0.106210437774
v -0.217430227942 0.30118969152 0.106184100361
v -0.213388471735 0.281718670821 0.106190005762
v -0.231605106891 0.271908364021 0.106226264494
v -0.232849197156 0.257738794578 0.106237440154
v -0.230262767822 0.258244091262 0.106232864054
v -0.200697196823 0.237110585595 0.10619789567
v -0.344280207275 0.228219871901 0.106439585556
v -0.331764145381 0.232124424321 0.106416500788
v -0.30354820368 0.266654785855 0.106347879355
v -0.301663351665 0.288122312907 0.10633094771
v -0.339158206261 0.288682145548 0.106392205007
v -0.171234259079 0.139011315537 0.106212694317
v -0.161278353003 0.141354095002 0.106194823315
v -0.170073642569 0.15223016038 0.106202268511
v -0.444258528227 0.0688243795327 0.106706605142
v -0.393506975576 0.0807397860251 0.106615522852
v -0.404404139447 0.114616712252 0.10661159994
v -0.433434664234 0.134774247244 0.106646317994
v -0.43276505479 0.142400765801 0.106640302845
v -0.447565529276 0.143700249607 0.106663788157
v -0.453321227113 0.0781457131155 0.106715491658
v -0.444994912611 0.0774146614574 0.10670227954
v -0.445879934049 0.06733470764 0.106710229686
v -0.459994891648 0.0543665440672 0.1067417828
v -0.457871995913 0.0785452712526 0.106722712773
v -0.469634434156 0.0795780150368 0.106741377334
v -0.478694194202 0.0633695914937 0.106766710989
v -0.469433953777 0.0456943748325 0.106762883228
v -0.227149416065 -0.0436220654852 0.10642227667
v -0.225972400118 -0.0198847877357 0.106405045605
v -0.262700845822 -0.00294892445896 0.106454490291
v -0.29205052663 -0.0151387931254 0.106510578201
v -0.312421135508 0.020591795866 0.106521029162
v -0.292027246217 0.0331246010793 0.106479437998
v -0.295492267456 0.0427314341436 0.106478941461
v -0.314013413061 0.0443575934114 0.106508330702
v -0.342789473532 0.00911210204791 0.10657833347
v -0.41453026667 0.0256890010707 0.106685547873
v -0.40436094476 0.00516481008523 0.106682062102
v -0.3779899405 0.013439958679 0.106633392003
v -0.353609367711 -0.0229340719066 0.106616765835
v -0.356904060832 -0.0274818284632 0.106625110889
v -0.295433022894 -0.0345702545336 0.10652865894
v -0.279172103637 -0.0502833529797 0.106512062049
v -0.277472626362 -0.0504325673354 0.106509365336
v -0.227703788314 -0.0548022785424 0.106430392469
v -0.314492141857 -0.00299593655924 0.106539633066
v -0.465679620228 -0.0385149294128 0.106810979726
v -0.463898704563 -0.0423264952534 0.106810509269
v -0.458021253133 0.0246147540809 0.106757712075
v -0.4628927591 0.0213612746733 0.106767814358
v -0.468309194151 -0.0403292273114 0.10681647028
v -0.139874649685 -0.170551418231 0.106360647644
v -0.142280580431 -0.166932865236 0.106362269592
v -0.142662075328 -0.17127790237 0.106365696556
v -0.160629331677 -0.146120829006 0.106379011734
v -0.156803170111 -0.145090674711 0.106372060046
v -0.163769829843 -0.134612716096 0.106376756663
v -0.158563800403 -0.0753186294244 0.106329990854
v -0.176793634846 -0.0645505699473 0.106353010084
v -0.201326927911 -0.118313510272 0.106427973428
v -0.178055327906 -0.130622139006 0.106397661446
v -0.181309924102 -0.167690371544 0.106426897527
v -0.162270767284 -0.182029414173 0.106404849497
v -0.161133661914 -0.182885807244 0.10640353269
v -0.225697902315 -0.140986308645 0.106482634908
v -0.244725781886 -0.132381987937 0.106508360021
v -0.346247704866 -0.227654976224 0.1067365944
v -0.327174915023 -0.188711437853 0.106680154615
v -0.3462273068 -0.15758953915 0.106691409189
v -0.366268375916 -0.156029364629 0.106723338744
v -0.367868507832 -0.155904796163 0.106725888103
v -0.369073691364 -0.161022393671 0.106731166565
v -0.405852419944 -0.226482860068 0.106833791869
v -0.430567916835 -0.20631674593 0.106861413196
v -0.429868771428 -0.204707713237 0.106859227322
v -0.444375985327 -0.217713371754 0.10689144923
v -0.455279468856 -0.187467410938 0.106889876582
v -0.423586725569 -0.190250038419 0.106839586723
v -0.414877026645 -0.170205295459 0.106812356182
v -0.430546951646 -0.143843769656 0.106821119784
v -0.469367917711 -0.130925767307 0.106876592491
v -0.471775055431 -0.132034215202 0.106881262648
v -0.48359235673 -0.266627401241 0.106987417598
v -0.26878014723 -0.285487944493 0.106646555073
v -0.309274529061 -0.255257092135 0.106693621059
v -0.465606657756 -0.205773958173 0.106918645109
v -0.415272602768 0.326625634014 0.119230187654
v -0.418866050774 0.285698047812 0.119324783142
v -0.396185836146 0.296953325337 0.119268554272
v -0.393746544579 0.324735642941 0.119204341309
v 0.212138638597 0.156162443201 0.118729412932
v 0.219326329135 0.143538515441 0.118747034951
v 0.226262949215 0.142929479189 0.118738706135
v 0.239059112033 0.2886714109 0.118401854312
v -0.028275506113 0.312143429279 0.11872284307
v -0.0295989045474 0.297070579135 0.1187576808
v -0.0270930484495 0.296850564582 0.118754672006
v -0.012822622794 0.307501404839 0.118711480221
v 0.0284020362336 0.28550469205 0.118702209271
v 0.0249086617343 0.24571689325 0.118794170386
v 0.0280472674319 0.245441323206 0.118790401895
v 0.0380977794695 0.222073019913 0.118827555648
v 0.0740723189698 0.218914450093 0.118784361003
v 0.0762151617904 0.217603214083 0.118784246543
v 0.103021849111 0.226498706968 0.118727435492
v 0.129491385063 0.25518194933 0.118627778809
v 0.153674153532 0.253058698734 0.118598742537
v 0.164443877822 0.221481664023 0.118652863354
v 0.179256923478 0.22018107647 0.118635077324
v 0.17985110989 0.226948564092 0.11861943569
v 0.21805912983 0.223593894391 0.118573559349
v 0.110149996255 0.299989650033 0.118556635528
v -0.429681806373 0.347386960869 0.119204811766
v -0.434232575173 0.347786519006 0.119210275861
v -0.448131534306 0.189484285227 0.11957615815
v -0.44306710568 0.19493505781 0.119557172253
v 0.0062264173582 0.146460563837 0.119037464216
v 1.28915545818e-05 0.14619958712 0.119046690282
v 0.00164576976323 0.144814223853 0.119047448422
v 0.00561365367043 0.144465843066 0.119042684165
v 0.0211562480395 0.14310120101 0.11902402217
v 0.0215075531122 0.147102391139 0.119014774272
v -0.0243064308365 0.145178141321 0.119082800483
v -0.0130009242783 0.157240742663 0.119040648128
v -0.0273061802599 0.169377579369 0.119034006418
v -0.00905862275721 0.188918490102 0.118965814555
v -0.00956091518983 0.190094274507 0.118963940426
v -0.0131797485062 0.190412008601 0.118968285546
v -0.0125859285661 0.197175322602 0.118952653588
v -0.0272836194137 0.231580162895 0.11889781392
v -0.035604266856 0.228672488625 0.11891576859
v -0.046562098396 0.103868235703 0.119204227355
v -0.0304877439023 0.102456905027 0.119184926895
v -0.0355157013663 0.0451909694821 0.119317285028
v -0.0245119674889 0.0393645146485 0.119314712071
v 0.0262389103108 0.0556969224567 0.119208269942
v 0.0289300086014 0.0644161331532 0.11918543521
v 0.0301913033044 0.0787816530205 0.119152232343
v -0.011846737469 0.0824725991353 0.119202707457
v -0.0273179831111 0.145051652455 0.119087272135
v 0.0955861807043 -0.131702885525 0.119521893429
v 0.103283928145 -0.127280829155 0.11950149145
v 0.0960303547422 -0.126643964321 0.119510200788
v 0.211393857125 0.0522604023363 0.120267507622
v 0.215334986963 0.0971479116154 0.120267507622
v 0.200409256877 0.0984583928926 0.120267507622
v 0.190828893311 0.0992995502176 0.120267507622
v 0.117359365742 0.105750185432 0.120267507622
v 0.113418235904 0.0608626761531 0.120267507622
v 0.103917308932 -0.00492887022293 0.118784254031
v 0.137717033529 -0.00789649099675 0.118784254031
v 0.141012100651 0.029632685021 0.118784254031
v 0.107212376054 0.0326003057527 0.118784254031
v 0.216867195266 -0.0855700181366 0.11937309699
v 0.217692273607 -0.0761727859757 0.11937309699
v 0.208043952354 -0.075325661961 0.11937309699
v 0.195855225294 -0.0742554899489 0.11937309699
v 0.184185876648 -0.0732309194662 0.11937309699
v 0.182989552753 -0.0868564535836 0.11937309699
v 0.181229293434 -0.106904932224 0.11937309699
v 0.1806196424 -0.113848554344 0.11937309699
v 0.178510016875 -0.137876140295 0.11937309699
v 0.191391819593 -0.139007164432 0.11937309699
v 0.212016413791 -0.140818006805 0.11937309699
v 0.214735690393 -0.109846798733 0.11937309699
v 0.447312517248 -0.301802308748 0.11989941279
v 0.448120164714 -0.292603605858 0.11989941279
v 0.434437891855 -0.291402300313 0.11989941279
v 0.418678450733 -0.290018619064 0.11989941279
v 0.415131655718 -0.330414850607 0.11989941279
v 0.414940055083 -0.332597086729 0.11989941279
v 0.414245415485 -0.34050868622 0.11989941279
v 0.427306449243 -0.341655446889 0.11989941279
v 0.427692374063 -0.34168933117 0.11989941279
v 0.443687129465 -0.343093673014 0.11989941279
v 0.44459662096 -0.332735017023 0.11989941279
v 0.447026702488 -0.305057596663 0.11989941279
v 0.327110166769 0.0186138471873 0.121122227048
v 0.366742920941 0.0151340856028 0.121122227048
v 0.369781181812 0.049738366003 0.121122227048
v 0.330148427641 0.0532181275875 0.121122227048
v 0.294446789613 -0.0847502878336 0.123193236172
v 0.296643392584 -0.0597320722581 0.123193236172
v 0.274409157683 -0.0577799032091 0.123193236172
v 0.260847716095 -0.0565892066644 0.123193236172
v 0.260752660962 -0.0565808608117 0.123193236172
v 0.259260880427 -0.0564498822471 0.123193236172
v 0.259055381802 -0.0587904093757 0.123193236172
v 0.255756100466 -0.0963675832485 0.123193236172
v 0.273288712385 -0.0979069491475 0.123193236172
v 0.29284109458 -0.0996236511354 0.123193236172
v 0.293138612623 -0.0996497732595 0.123193236172
v 0.293438833141 -0.0962304110948 0.123193236172
v 0.250982922386 0.0221688111294 0.119893975659
v 0.265796058777 0.020868215584 0.119893975659
v 0.267587755279 0.0412747477256 0.119893975659
v 0.268889875139 0.0561052455838 0.119893975659
v 0.258317479707 0.0570335034374 0.119893975659
v 0.230870422979 0.0594433590297 0.119893975659
v 0.229576549824 0.0447067873182 0.119893975659
v 0.228889304354 0.0368794028971 0.119893975659
v 0.228494281514 0.0323802891385 0.119893975659
v 0.227776606617 0.0242063290299 0.119893975659
v 0.208998941056 -0.0520637784599 0.119974989107
v 0.21111092265 -0.028009358558 0.119974989107
v 0.204947048872 -0.0274681695711 0.119974989107
v 0.20040446389 -0.0270693299489 0.119974989107
v 0.197087180141 -0.0267780719581 0.119974989107
v 0.159187740453 -0.0234504956229 0.119974989107
v 0.142606982415 -0.0219947026688 0.119974989107
v 0.142149595166 -0.0219545439916 0.119974989107
v 0.139128008038 -0.056368918688 0.119974989107
v 0.138807802533 -0.0600159001125 0.119974989107
v 0.155845947863 -0.0615118517438 0.119974989107
v 0.190090054426 -0.0645184892941 0.119974989107
v 0.204504582006 -0.0657840868837 0.119974989107
v 0.207443204199 -0.0660420983435 0.119974989107
v 0.207769130018 -0.0660707146788 0.119974989107
v 0.208103806357 -0.0622589178584 0.119974989107
v 0.118698681673 0.191606951917 0.121683340573
v 0.120230669428 0.209055530446 0.121683340573
v 0.0925447308738 0.211486359893 0.121683340573
v 0.0922218158259 0.207808518041 0.121683340573
v 0.0894512824135 0.176253520297 0.121683340573
v 0.0888457682765 0.169357015524 0.121683340573
v 0.0864928519925 0.142558468821 0.121683340573
v 0.085457908327 0.130770974932 0.121683340573
v 0.113143846881 0.128340145486 0.121683340573
v 0.114269107083 0.141156299684 0.121683340573
v 0.114785553725 0.147038370204 0.121683340573
v 0.115481461587 0.154964414658 0.121683340573
v 0.111374783452 -0.075144576731 0.12183123097
v 0.115096304582 -0.0327583015991 0.12183123097
v 0.0916678071468 -0.0307012761095 0.12183123097
v 0.0894049939601 -0.0305026007886 0.12183123097
v 0.0890834342515 -0.0341650058645 0.12183123097
v 0.0850196093608 -0.0804499506048 0.12183123097
v 0.0849028498699 -0.0817797833252 0.12183123097
v 0.0848082355373 -0.0828573936344 0.12183123097
v 0.110046079297 -0.0850732799869 0.12183123097
v 0.110499546159 -0.0851130944449 0.12183123097
v -0.00414909435007 -0.0294460113623 0.121307090023
v -0.0243969994267 -0.0276682423386 0.121307090023
v -0.0255982541147 -0.0413499358764 0.121307090023
v -0.0301876494108 -0.0936208663692 0.121307090023
v 0.0044847895791 -0.0966651115553 0.121307090023
v 0.0110290739834 -0.0972397006951 0.121307090023
v 0.0114014320347 -0.0929987277888 0.121307090023
v 0.0168197239675 -0.0312870766645 0.121307090023
v 0.31863690312 -0.102903921082 0.11389111547
v 0.31863690312 -0.102903921082 0.109381860854
v 0.228494281514 0.0323802891385 0.109576010343
v 0.223629876776 0.0301723197004 -0.110554066971
v 0.159187740453 -0.0234504956229 0.109762324735
v 0.19708717972 -0.026778071916 0.109668287073
v 0.20040446389 -0.0270693299489 0.1096600561
v 0.20494704883 -0.0274681695711 0.109648784869
v 0.212002775847 -0.0584401675418 -0.110554066971
v 0.207443205334 -0.0660420984697 0.109651479478
v 0.207443205334 -0.0660420984697 -0.110554066971
v 0.204504582006 -0.0657840868837 0.109658770884
v 0.190090055435 -0.0645184893782 0.109694536823
v 0.155845947863 -0.0615118517438 0.109779504732
v 0.139128007954 -0.0563689198658 -0.110554066971
v 0.0409507279412 -0.0839219185678 0.106007658114
v 0.0350288805696 -0.0942807263717 0.110089332974
v 0.0350288805696 -0.0942807263717 -0.110554066971
v 0.0151462998719 -0.18205093113 -0.110554066971
v -0.0676965061924 -0.136842160006 0.110356172564
v -0.0719152778255 -0.184891871094 0.110377861021
v -0.0925164222569 -0.17405468902 0.110426885224
v -0.248692156832 -0.206037345644 -0.110554066971
v -0.277472625689 -0.0504325674195 0.110860921812
v -0.279172103132 -0.0502833530217 0.110865138633
v -0.279172103132 -0.0502833530217 0.106512062049
v -0.279172103132 -0.0502833530217 -0.110554066971
v -0.295492268087 0.0427314341857 0.11088441011
v -0.232849197072 0.257738795378 0.11067787807
v -0.23402812202 0.302646989018 0.110670420423
v -0.301663351707 0.288122312612 0.110842981781
v -0.496424681152 0.0972121467041 0.111374435082
v -0.487239258483 0.201829543708 -0.110554066971
v -0.496424681152 0.0972121467041 -0.110554066971
v -0.51608581237 -0.126718361889 -0.110554066971
v -0.507804457988 -0.264501575205 -0.110554066971
v -0.488143125488 -0.266227843061 -0.110554066971
v -0.251264296928 -0.287025838701 0.11085018649
v -0.26878014723 -0.285487944493 -0.110554066971
v -0.251264296928 -0.287025838701 -0.110554066971
v -0.178213144081 -0.293439740561 0.110668928919
v -0.178213144081 -0.293439740561 -0.110554066971
v -0.130178648296 -0.297657176289 0.110549743741
v -0.130178648296 -0.297657176289 -0.110554066971
v -0.0821860564284 -0.301870932831 0.110430662506
v -0.0821860564284 -0.301870932831 -0.110554066971
v 0.486220048478 -0.351777071542 -0.110554066971
v 0.492402530366 -0.281361677036 -0.110554066971
v 0.49614756028 -0.238707648197 -0.110554066971
v 0.504639458919 -0.14198914545 -0.110554066971
v 0.428927405345 -0.135341616122 -0.110554066971
v 0.393335615672 -0.143791067066 -0.110554066971
v 0.372371574989 -0.123585831577 -0.110554066971
v 0.37862467123 -0.138390758827 0.109240019721
v 0.342658743603 -0.225073767343 0.1093500792
v 0.31175596338 -0.187750366445 -0.110554066971
v 0.268769102759 -0.130700533099 0.109513051007
v 0.290645565743 -0.130418278608 -0.110554066971
v 0.318034922414 -0.103107519961 -0.110554066971
v 0.370209011182 -0.160365155589 0.109266164476
v 0.376305574405 -0.144446227465 -0.110554066971
v 0.260847715885 -0.0565892066224 0.109515692782
v 0.260847715885 -0.0565892066224 -0.110554066971
v 0.274409157683 -0.0577799032091 0.109482043604
v 0.294446789571 -0.084750288128 0.109438167671
v 0.293438833141 -0.0962304110948 0.109443349551
v 0.29284109458 -0.0996236511354 0.109445631165
v 0.273288712385 -0.0979069491475 0.10949414537
v 0.111812611078 -0.276558697561 -0.110554066971
v 0.414940055083 -0.332597086729 0.109194178125
v 0.415131655718 -0.330414850607 0.109193193128
v 0.434437892864 -0.291402300397 0.109135856262
v 0.447312517122 -0.301802310262 0.109106059326
v 0.214735690393 -0.109846798733 0.109643387783
v 0.216867195224 -0.0855700187255 0.109632429852
v 0.191391818499 -0.139007164348 0.109708542037
v 0.181229293434 -0.106904932224 0.109726525227
v 0.195855225294 -0.0742554899489 0.10968237116
v 0.208043952396 -0.075325661961 0.109652127955
v -0.445879933965 0.0673347086495 -0.110554066971
v -0.468309194193 -0.0403292275218 0.111335974954
v -0.460314361181 -0.049997808236 -0.110554066971
v -0.464846873368 -0.0531256664971 -0.110554066971
v -0.473388936764 -0.0981849695708 0.111362089633
v -0.37944510988 -0.0929625025401 -0.110554066971
v 0.356468291316 -0.0901089241006 -0.110554066971
v 0.359196598212 -0.0942848604929 -0.110554066971
v 0.359401160215 -0.0919550009612 -0.110554066971
v 0.178242943487 0.20863234835 0.109660874604
v 0.0922218157418 0.20780851741 0.109876254923
v 0.118698681757 0.191606952716 0.109813775213
v 0.115481461503 0.154964414027 0.109830314769
v 0.114785553725 0.147038370204 0.109833892369
v 0.114269107125 0.141156300441 -0.110554066971
v 0.225071265149 0.129356790389 0.109562100406
v 0.224087822272 0.118155865039 -0.110554066971
v 0.225071265149 0.129356790389 -0.110554066971
v 0.225382523186 0.132901864393 -0.110554066971
v -0.0295989045474 0.297070579135 0.110160314977
v -0.181090076001 0.16585284534 0.110569691332
v -0.20788097223 0.143883101026 -0.110554066971
v -0.0356042669822 0.228672486774 0.110191188192
v 0.0250157002205 0.187058442647 0.110049185487
v -0.0748077575306 0.279653013267 0.110277445188
v -0.0748077575306 0.279653013267 0.105963597053
v -0.112475366605 0.0184391443769 -0.110554066971
v -0.054181366435 0.0170885616732 0.106098902355
v 0.0423247199031 0.0217118464242 0.114737567662
v -0.156803168512 -0.145090673196 -0.110554066971
v -0.148723192306 -0.157243080067 -0.110554066971
v -0.150441062738 -0.160386060793 0.106371461417
v -0.479021090296 0.295430392737 -0.110554066971
v -0.480000486084 0.284275561752 -0.110554066971
v 0.226262949215 0.142929479189 -0.110554066971
v 0.36297032569 -0.0513039808637 -0.110554066971
v 0.365619697955 -0.021128947787 -0.110554066971
v 0.372979147205 0.0626915197193 -0.110554066971
v 0.220394300761 0.0760884914762 -0.110554066971
v 0.0864928518663 0.142558467559 -0.110554066971
v 0.0629234631714 0.0451788998537 -0.110554066971
v 0.142606980943 -0.0219947025005 -0.110554066971
v 0.267587755195 0.0412747469263 0.113934269775
v 0.208998940972 -0.0520637794695 -0.110554066971
v 0.357852596391 -0.109592372739 -0.110554066971
v 0.291830164228 -0.189555950926 -0.110554066971
v 0.322295979328 -0.193831556284 -0.110554066971
v 0.336910378689 -0.247141053093 -0.110554066971
v 0.495901180508 -0.234724829688 -0.110554066971
v 0.272136863515 -0.218634097421 -0.110554066971
v 0.0853028581042 0.212042325064 -0.110554066971
v -0.434232575173 0.347786519006 -0.110554066971
v -0.474116753023 0.351288355668 -0.110554066971
v -0.110679620154 0.319378522492 0.114992577563
v -0.028275506113 0.312143429279 -0.110554066971
v -0.110679620154 0.319378522492 -0.110554066971
v -0.177851649104 0.325276236412 0.115221152248
v -0.177851649104 0.325276236412 -0.110554066971
v -0.212434977524 0.32831265769 0.11533883326
v -0.212434977524 0.32831265769 -0.110554066971
v -0.328567579454 0.338509117008 0.115734012205
v -0.328567579454 0.338509117008 -0.110554066971
v -0.429681806373 0.347386960869 -0.110554066971
v -0.0675388653871 -0.135046709904 -0.110554066971
v -0.129112269593 0.162780862854 -0.110554066971
v -0.173295111362 0.115539232839 -0.110554066971
v 0.0694842759842 -0.0856444615968 -0.110554066971
v -0.469212635288 -0.10284952415 -0.110554066971
v -0.48359235673 -0.266627401241 -0.110554066971
v -0.476554125746 -0.134234898451 -0.110554066971
v 0.0890834342515 -0.0341650058645 0.105896493667
v 0.0161598097851 -0.181884102202 -0.110554066971
v -0.0255982541147 -0.0413499358764 0.106089588625
v -0.00414909548583 -0.0294460112361 0.106046668497
v 0.0824347724868 -0.0823984114423 -0.110554066971
v 0.290136745513 -0.13042484237 -0.110554066971
v -0.459994891817 0.0543665423004 -0.110554066971
v -0.4628927591 0.0213612746733 -0.110554066971
v -0.463898704563 -0.0423264952534 -0.110554066971
v 0.239059112033 0.2886714109 -0.110554066971
v 0.110149996255 0.299989650033 -0.110554066971
v 0.0762151617904 0.217603214083 -0.110554066971
v 0.0215075531122 0.147102391139 -0.110554066971
v -0.00956091518983 0.190094274507 -0.110554066971
v -0.0125859285661 0.197175322602 -0.110554066971
v 0.0289300086014 0.0644161331532 -0.110554066971
v -0.0243064308365 0.145178141321 -0.110554066971
v 0.0955861807043 -0.131702885525 -0.110554066971
v 0.195855225294 -0.0742554899489 -0.110554066971
v 0.414940055083 -0.332597086729 -0.110554066971
v 0.447312517122 -0.301802310262 -0.110554066971
v 0.228889304354 0.0368794028971 -0.110554066971
v 0.228494281514 0.0323802891385 -0.110554066971
v 0.204504582006 -0.0657840868837 -0.110554066971
v 0.208103806357 -0.0622589178584 -0.110554066971
v 0.114785553725 0.147038370204 -0.110554066971
v 0.0849028498699 -0.0817797833252 -0.110554066971
v -0.0255982541147 -0.0413499358764 -0.110554066971
v 0.0114014320347 -0.0929987277888 -0.110554066971
g roof
f 1 2 3
g roof
f 1 3 4
g roof
f 1 4 5
g roof
f 1 5 6
g roof
f 6 7 11 8
g roof
f 6 8 9
g roof
f 10 8 11 12
g roof
f 13 14 15
g roof
f 15 4 3
g roof
f 15 3 16
g roof
f 15 16 17
g roof
f 15 17 18
g roof
f 15 18 19
g roof
f 15 19 20
g roof
f 21 22 23
g roof
f 21 23 24
g roof
f 25 26 27
g roof
f 25 27 1199 28
g roof
f 28 29 30
g roof
f 28 30 1200 31
g roof
f 28 31 1201 32
g roof
f 28 32 33
g roof
f 34 35 36
g roof
f 34 36 37
g roof
f 34 37 38
g roof
f 34 38 39
g roof
f 34 39 40
g roof
f 41 42 43
g roof
f 41 43 44
g roof
f 41 44 1202 45
g roof
f 41 45 46
g roof
f 46 47 48
g roof
f 49 50 51
g roof
f 49 51 52
g roof
f 49 52 53
g roof
f 53 54 55
g roof
f 53 55 56
g roof
f 53 56 57
g roof
f 58 59 60
g roof
f 58 60 61
g roof
f 62 63 64
g roof
f 62 64 65
g roof
f 62 65 66
g roof
f 62 66 67
g roof
f 62 67 68
g roof
f 62 68 69
g roof
f 62 69 70
g roof
f 62 70 71
g roof
f 71 72 73
g roof
f 74 75 76
g roof
f 71 70 77
g roof
f 71 77 78
g roof
f 79 80 81
g roof
f 82 83 84
g roof
f 85 80 79
g roof
f 86 1243 87 88
g roof
f 86 88 64
g roof
f 86 64 63
g roof
f 86 63 89
g roof
f 86 89 90
g roof
f 86 90 91
g roof
f 86 91 92
g roof
f 86 92 93
g roof
f 94 95 1225 96
g roof
f 94 96 97
g roof
f 94 97 98
g roof
f 99 97 96
g roof
f 99 96 100
g roof
f 99 100 101
g roof
f 99 101 102
g roof
f 99 102 103
g roof
f 99 103 104
g roof
f 99 104 105
g roof
f 99 105 106
g roof
f 99 106 107
g roof
f 108 1227 109 110
g roof
f 108 110 111
g roof
f 108 111 112
g roof
f 114 115 116
g roof
f 117 1230 118 119
g roof
f 120 121 90
g roof
f 120 90 89
g roof
f 89 122 123
g roof
f 89 123 124
g roof
f 125 123 122
g roof
f 125 122 126
g roof
f 125 126 127
g roof
f 128 1172 129 130
g roof
f 128 1172 130 131
g roof
f 131 132 133
g roof
f 131 133 1235 1236 134
g roof
f 135 136 137
g roof
f 135 137 138
g roof
f 139 137 136
g roof
f 139 136 1247 140
g roof
f 141 140 142
g roof
f 143 144 1232 1234 133
g roof
f 143 133 132
g roof
f 143 132 145
g roof
f 143 145 146
g roof
f 143 146 147
g roof
f 143 147 148
g roof
f 143 148 149
g roof
f 143 149 150
g roof
f 150 1173 151 152
g roof
f 150 152 153
g roof
f 150 153 154
g roof
f 154 155 156
g roof
f 154 156 157
g roof
f 154 157 1175 1176 1177 1178 158
g roof
f 158 159 160
g roof
f 160 161 162
g roof
f 163 164 165
g roof
f 165 166 167
g roof
f 141 168 169
g roof
f 170 171 172
g roof
f 170 172 173
g roof
f 170 173 174
g roof
f 174 175 176
g roof
f 176 177 1187 178
g roof
f 176 178 179
g roof
f 176 179 180
g roof
f 176 180 181
g roof
f 182 183 184
g roof
f 185 186 187
g roof
f 188 189 183
g roof
f 190 191 192
g roof
f 190 192 193
g roof
f 190 193 194
g roof
f 194 195 196
g roof
f 194 196 1190 197
g roof
f 194 197 198
g roof
f 194 198 199
g roof
f 200 201 202
g roof
f 200 202 203
g roof
f 200 203 204
g roof
f 200 204 205
g roof
f 200 205 206
g roof
f 200 206 207
g roof
f 200 207 208
g roof
f 208 209 210
g roof
f 212 213 214
g roof
f 215 216 217
g roof
f 215 217 218
g roof
f 215 218 219
g roof
f 221 217 216
g roof
f 221 216 222
g roof
f 221 222 223
g roof
f 221 223 224
g roof
f 221 224 225
g roof
f 226 227 1251 228
g roof
f 229 230 223
g roof
f 222 231 232
g roof
f 222 232 1194 233 1195
g roof
f 1195 233 234 235
g roof
f 235 236 237
g roof
f 235 237 238
g roof
f 239 240 241
g roof
f 241 1198 1 6
g roof
f 241 6 9
g roof
f 241 9 242
g roof
f 243 10 12
g roof
f 13 15 20
g roof
f 13 20 21
g roof
f 13 21 24
g roof
f 13 24 25
g roof
f 13 25 28
g roof
f 13 28 33
g roof
f 13 33 244
g roof
f 13 244 245
g roof
f 13 245 34
g roof
f 13 34 40
g roof
f 13 40 246
g roof
f 49 53 57
g roof
f 61 1208 1211 1213 1215 62 71
g roof
f 81 84 247
g roof
f 82 84 81
g roof
f 82 81 248
g roof
f 82 248 85
g roof
f 79 1242 86 93
g roof
f 249 94 98
g roof
f 98 99 107
g roof
f 108 112 113
g roof
f 108 113 114
g roof
f 120 89 124
g roof
f 120 124 125
g roof
f 120 125 127
g roof
f 120 127 250
g roof
f 251 1246 135 138
g roof
f 252 253 160
g roof
f 254 143 150
g roof
f 254 150 154
g roof
f 254 154 158
g roof
f 254 158 160
g roof
f 162 1180 1182 1183 1184 163 165
g roof
f 162 165 167
g roof
f 255 170 174
g roof
f 255 174 176
g roof
f 255 176 181
g roof
f 255 181 256
g roof
f 190 194 199
g roof
f 190 199 1191 257
g roof
f 257 1192 200 208
g roof
f 257 208 210
g roof
f 214 215 219
g roof
f 220 221 225
g roof
f 223 222 1195 233
g roof
f 223 1195 233 235
g roof
f 223 235 238
g roof
f 223 238 239
g roof
f 239 241 242
g roof
f 12 13 246
g roof
f 258 49 57
g roof
f 78 1240 1241 79 81
g roof
f 78 81 247
g roof
f 78 247 259
g roof
f 85 79 93
g roof
f 85 93 249
g roof
f 85 249 98
g roof
f 85 98 107
g roof
f 260 1224 120 250
g roof
f 261 253 252
g roof
f 261 252 1245 1244 251
g roof
f 262 255 256
g roof
f 212 214 219
g roof
f 263 220 225
g roof
f 229 223 239
g roof
f 229 239 242
g roof
f 243 12 246
g roof
f 243 246 41
g roof
f 264 258 57
g roof
f 264 57 265
g roof
f 264 265 266
g roof
f 71 78 259
g roof
f 71 259 82
g roof
f 82 85 107
g roof
f 267 261 251
g roof
f 211 212 219
g roof
f 219 263 225
g roof
f 228 229 242
g roof
f 228 242 243
g roof
f 268 264 266
g roof
f 269 71 82
g roof
f 269 82 107
g roof
f 270 267 251
g roof
f 271 211 219
g roof
f 226 228 243
g roof
f 226 243 41
g roof
f 226 41 46
g roof
f 226 46 48
g roof
f 226 48 272
g roof
f 226 272 268
g roof
f 76 269 107
g roof
f 225 1254 226 268
g roof
f 225 268 266
g roof
f 219 225 266
g roof
f 219 266 58
g roof
f 219 58 61
g roof
f 271 219 61
g roof
f 210 271 61
g roof
f 257 210 61
g roof
f 117 119 260
g roof
f 117 260 273
g roof
f 117 273 1172 128
g roof
f 252 160 162
g roof
f 116 117 128
g roof
f 116 128 1172 131
g roof
f 142 1248 1249 252 162
g roof
f 142 162 167
g roof
f 114 116 131
g roof
f 114 131 134
g roof
f 114 134 1237 1238 274
g roof
f 141 142 167
g roof
f 141 167 275
g roof
f 108 114 274
g roof
f 108 274 270
g roof
f 139 140 141
g roof
f 276 108 270
g roof
f 276 270 251
g roof
f 107 276 251
g roof
f 107 251 138
g roof
f 76 107 138
g roof
f 139 141 169
g roof
f 139 169 262
g roof
f 138 139 262
g roof
f 138 262 256
g roof
f 76 138 256
g roof
f 76 256 182
g roof
f 188 183 182
g roof
f 188 182 190
g roof
f 188 190 257
g roof
f 74 76 182
g roof
f 74 182 184
g roof
f 277 188 257
g roof
f 277 257 61
g roof
f 73 74 184
g roof
f 278 185 187 277 61
g roof
f 278 61 71
g roof
f 71 73 184
g roof
f 71 184 278
g roof
f 129 279 280
g roof
f 129 280 281
g roof
f 282 283 1265 284
g roof
f 282 284 285
g roof
f 285 286 287
g roof
f 288 289 290
g roof
f 288 290 291
g roof
f 288 291 292
g roof
f 293 290 289
g roof
f 293 289 1259 294
g roof
f 293 294 295
g roof
f 296 297 298
g roof
f 298 299 300
g roof
f 298 300 301
g roof
f 298 301 302
g roof
f 302 303 304
g roof
f 302 304 305
g roof
f 302 305 1260 306
g roof
f 307 1261 1262 1263 308 309
g roof
f 307 309 310
g roof
f 311 312 282
g roof
f 311 282 285
g roof
f 311 285 287
g roof
f 311 287 288
g roof
f 311 288 292
g roof
f 292 293 295
g roof
f 313 296 298
g roof
f 313 298 302
g roof
f 313 302 306
g roof
f 310 311 292
g roof
f 295 313 306
g roof
f 295 306 307
g roof
f 307 310 292
g roof
f 307 292 295
g roof
f 314 315 316
g roof
f 316 317 318
g roof
f 316 318 319
g roof
f 316 319 314
g roof
f 320 321 172
g roof
f 322 323 1273 324
g roof
f 324 325 326
g roof
f 324 326 327
g roof
f 328 300 329
g roof
f 328 329 330
g roof
f 328 330 331
g roof
f 328 331 1269 336 332
g roof
f 328 332 333 1274
g roof
f 328 333 1274 334
g roof
f 335 332 336 337
g roof
f 335 337 338
g roof
f 335 338 339
g roof
f 335 339 340
g roof
f 335 340 341
g roof
f 341 342 343
g roof
f 341 343 344
g roof
f 341 344 345
g roof
f 346 347 348
g roof
f 346 348 349
g roof
f 346 349 350
g roof
f 346 350 351
g roof
f 346 351 352
g roof
f 346 352 353
g roof
f 353 354 355
g roof
f 353 355 356
g roof
f 357 355 354
g roof
f 357 354 358
g roof
f 358 359 360
g roof
f 360 361 362
g roof
f 363 364 365
g roof
f 366 367 368
g roof
f 366 368 369
g roof
f 366 369 370
g roof
f 366 370 371
g roof
f 366 371 322
g roof
f 366 322 324
g roof
f 366 324 327
g roof
f 334 335 341
g roof
f 334 341 345
g roof
f 346 353 356
g roof
f 346 356 357
g roof
f 346 357 358
g roof
f 346 358 360
g roof
f 346 360 362
g roof
f 363 365 366 327
g roof
f 328 334 345
g roof
f 328 345 1270 346
g roof
f 328 346 362
g roof
f 328 362 1272 372
g roof
f 372 363 327
g roof
f 372 327 328
g roof
f 373 374 375
g roof
f 373 375 376
g roof
f 373 376 377
g roof
f 373 377 378
g roof
f 373 378 379
g roof
f 380 381 382
g roof
f 382 383 384
g roof
f 384 385 386
g roof
f 384 386 387
g roof
f 384 387 388
g roof
f 384 388 389
g roof
f 390 391 392
g roof
f 392 393 394
g roof
f 392 394 395
g roof
f 392 395 380
g roof
f 382 384 389
g roof
f 389 390 392
g roof
f 389 392 380
g roof
f 389 380 382
g roof
f 396 397 398
g roof
f 398 399 400
g roof
f 398 400 396
g roof
f 401 402 403
g roof
f 401 403 404
g roof
f 405 406 407
g roof
f 405 407 408
g roof
f 405 408 409
g roof
f 409 401 404
g roof
f 409 404 405
g roof
f 410 401 411
g roof
f 206 410 412
g roof
f 412 413 206
g roof
f 414 415 416
g roof
f 414 416 417
g roof
f 414 417 418
g roof
f 419 420 421
g roof
f 422 423 424
g roof
f 425 426 427
g roof
f 427 428 429
g roof
f 427 429 430
g roof
f 431 429 428
g roof
f 431 428 432
g roof
f 431 432 433
g roof
f 434 435 436
g roof
f 437 438 439
g roof
f 437 439 440
g roof
f 437 440 441
g roof
f 437 441 442
g roof
f 437 442 443
g roof
f 444 445 446
g roof
f 444 446 447
g roof
f 444 447 448
g roof
f 444 448 449
g roof
f 449 450 451
g roof
f 452 453 454
g roof
f 455 456 457
g roof
f 455 457 458
g roof
f 455 458 459
g roof
f 460 457 456
g roof
f 460 456 461
g roof
f 462 463 464
g roof
f 462 464 465
g roof
f 466 467 468
g roof
f 466 468 469
g roof
f 466 469 470
g roof
f 466 470 471
g roof
f 466 471 472
g roof
f 466 472 473
g roof
f 473 474 475
g roof
f 473 475 476
g roof
f 476 477 478
g roof
f 478 479 480 1278 481
g roof
f 478 481 482
g roof
f 478 482 483
g roof
f 483 484 485
g roof
f 485 486 487
g roof
f 485 487 488
g roof
f 485 488 422
g roof
f 485 422 424
g roof
f 485 424 425
g roof
f 425 427 430
g roof
f 436 1292 437 443
g roof
f 489 444 449
g roof
f 489 449 451
g roof
f 454 455 459
g roof
f 461 462 465
g roof
f 490 466 473
g roof
f 490 473 476
g roof
f 490 476 478
g roof
f 490 478 483
g roof
f 485 425 430
g roof
f 485 430 491
g roof
f 443 489 451
g roof
f 443 451 452
g roof
f 452 454 459
g roof
f 483 485 491
g roof
f 483 491 431
g roof
f 436 443 452
g roof
f 436 452 459
g roof
f 436 459 460
g roof
f 490 483 431
g roof
f 490 431 433
g roof
f 434 436 460
g roof
f 465 490 433
g roof
f 465 433 492
g roof
f 465 492 493
g roof
f 493 434 460
g roof
f 493 460 461
g roof
f 493 461 465
g roof
f 494 495 496
g roof
f 497 498 445
g roof
f 497 445 1171 499
g roof
f 497 1171 499 500
g roof
f 497 500 501
g roof
f 497 501 502
g roof
f 503 504 505
g roof
f 503 505 506
g roof
f 506 507 508
g roof
f 506 508 509
g roof
f 510 511 512
g roof
f 512 513 514
g roof
f 516 517 518
g roof
f 516 518 519
g roof
f 519 520 521
g roof
f 519 520 521 522
g roof
f 519 522 523
g roof
f 519 523 524
g roof
f 524 525 526
g roof
f 526 527 528
g roof
f 526 528 529
g roof
f 526 529 530
g roof
f 526 530 531
g roof
f 526 531 532
g roof
f 533 503 506
g roof
f 533 506 509
g roof
f 533 509 534
g roof
f 533 534 510
g roof
f 535 516 519
g roof
f 535 519 524
g roof
f 524 526 532
g roof
f 532 533 510
g roof
f 532 510 512
g roof
f 536 535 524
g roof
f 524 532 512
g roof
f 524 512 513 514
g roof
f 524 514 515
g roof
f 524 515 536
g roof
f 504 537 538
g roof
f 504 538 539
g roof
f 501 540 541
g roof
f 542 543 544
g roof
f 545 546 547
g roof
f 548 549 550
g roof
f 548 550 551
g roof
f 552 553 554
g roof
f 552 554 555
g roof
f 552 555 556
g roof
f 552 556 557
g roof
f 558 559 560
g roof
f 558 560 561
g roof
f 558 561 562
g roof
f 563 564 565
g roof
f 566 567 568
g roof
f 568 569 570
g roof
f 568 570 571
g roof
f 571 572 573
g roof
f 573 574 575
g roof
f 566 568 571
g roof
f 571 573 575
g roof
f 571 575 566
g roof
f 576 577 578
g roof
f 576 578 579
g roof
f 580 581 582
g roof
f 580 582 583
g roof
f 583 584 585
g roof
f 583 585 586
g roof
f 583 586 587
g roof
f 583 587 588
g roof
f 588 576 579
g roof
f 588 579 589
g roof
f 589 580 583
g roof
f 589 583 588
g roof
f 590 591 592
g roof
f 592 593 574
g roof
f 592 574 594
g roof
f 592 594 590
g roof
f 595 596 597
g roof
f 595 597 598
g roof
f 599 600 601
g roof
f 602 603 604
g roof
f 605 606 607
g roof
f 605 607 608
g roof
f 605 608 609
g roof
f 609 610 611
g roof
f 612 613 614
g roof
f 615 616 617
g roof
f 615 617 618
g roof
f 619 620 621
g roof
f 619 621 622
g roof
f 623 624 625
g roof
f 623 625 626
g roof
f 623 626 627
g roof
f 627 628 629
g roof
f 630 631 632
g roof
f 630 632 633
g roof
f 630 633 634
g roof
f 630 634 635
g roof
f 630 635 636
g roof
f 630 636 637
g roof
f 630 637 638
g roof
f 638 639 640
g roof
f 641 642 643
g roof
f 643 644 645
g roof
f 643 645 646
g roof
f 643 646 647
g roof
f 643 647 648
g roof
f 643 648 649
g roof
f 643 649 650
g roof
f 643 650 651
g roof
f 643 651 652
g roof
f 643 652 653
g roof
f 653 651 654
g roof
f 655 656 657
g roof
f 658 659 660
g roof
f 660 661 662
g roof
f 662 663 664
g roof
f 662 664 665
g roof
f 665 666 667
g roof
f 665 667 668
g roof
f 665 668 669
g roof
f 670 671 672
g roof
f 673 674 675
g roof
f 673 675 669
g roof
f 673 669 668
g roof
f 673 668 676
g roof
f 676 677 678
g roof
f 676 678 679
g roof
f 680 681 682
g roof
f 680 682 683
g roof
f 683 684 685
g roof
f 683 685 686
g roof
f 683 686 687
g roof
f 683 687 688
g roof
f 683 688 689
g roof
f 683 689 690
g roof
f 683 690 691
g roof
f 683 691 692
g roof
f 683 692 693
g roof
f 683 693 694
g roof
f 695 696 697
g roof
f 695 697 698
g roof
f 698 699 700
g roof
f 698 700 701
g roof
f 698 701 702
g roof
f 698 702 703
g roof
f 704 705 706
g roof
f 707 708 709
g roof
f 709 710 711
g roof
f 709 711 712
g roof
f 713 602 604
g roof
f 713 604 605
g roof
f 618 619 622
g roof
f 622 623 627
g roof
f 714 630 638
g roof
f 714 638 640
g roof
f 641 643 653
g roof
f 641 653 654
g roof
f 670 658 660
g roof
f 670 660 662
g roof
f 662 665 669
g roof
f 662 669 715
g roof
f 716 673 676
g roof
f 716 676 679
g roof
f 716 679 717
g roof
f 717 680 683
g roof
f 717 683 694
g roof
f 717 694 695
g roof
f 707 709 712
g roof
f 707 712 1303 1306 1308 1310 713
g roof
f 618 622 627
g roof
f 618 627 629
g roof
f 618 629 714
g roof
f 618 714 640
g roof
f 718 641 654
g roof
f 670 662 715
g roof
f 672 716 717
g roof
f 672 717 695
g roof
f 706 707 713
g roof
f 640 718 654
g roof
f 670 672 695
g roof
f 704 706 713
g roof
f 618 640 654
g roof
f 618 654 655
g roof
f 655 657 670
g roof
f 655 670 695
g roof
f 618 655 695
g roof
f 618 695 698
g roof
f 615 618 698
g roof
f 615 698 703
g roof
f 719 615 703
g roof
f 719 703 704
g roof
f 719 704 713
g roof
f 614 719 713
g roof
f 611 720 614
g roof
f 611 614 613
g roof
f 611 613 721
g roof
f 611 721 722
g roof
f 612 614 713
g roof
f 609 611 722
g roof
f 722 612 713
g roof
f 722 713 605
g roof
f 722 605 609
g roof
f 723 724 725
g roof
f 723 725 726
g roof
f 723 726 727
g roof
f 723 727 728
g roof
f 729 730 731
g roof
f 729 730 731 732 737
g roof
f 732 733 734
g roof
f 732 734 735
g roof
f 732 735 736
g roof
f 732 736 737
g roof
f 738 739 740
g roof
f 738 740 741
g roof
f 738 741 742
g roof
f 738 742 743
g roof
f 658 657 744
g roof
f 658 744 745
g roof
f 746 747 748
g roof
f 746 748 749
g roof
f 750 751 752
g roof
f 750 752 753
g roof
f 750 753 754
g roof
f 754 755 756
g roof
f 754 756 757
g roof
f 754 757 750
g roof
f 758 759 760
g roof
f 761 762 763
g roof
f 763 764 765
g roof
f 765 766 767
g roof
f 768 769 770
g roof
f 768 770 771
g roof
f 772 773 774
g roof
f 775 776 777
g roof
f 775 777 778
g roof
f 775 778 779
g roof
f 775 779 780
g roof
f 780 781 782
g roof
f 783 784 785
g roof
f 783 785 786
g roof
f 786 787 758
g roof
f 786 758 760 761
g roof
f 786 761 763
g roof
f 786 763 765
g roof
f 786 765 767
g roof
f 786 767 768
g roof
f 786 768 771
g roof
f 786 771 772
g roof
f 786 772 774
g roof
f 788 775 780
g roof
f 788 780 782
g roof
f 788 782 783
g roof
f 783 786 774
g roof
f 783 774 788
g roof
f 784 789 790
g roof
f 784 790 791
g roof
f 792 793 794
g roof
f 795 796 797
g roof
f 797 798 799
g roof
f 799 800 801
g roof
f 799 801 802
g roof
f 802 795 797
g roof
f 802 797 799
g roof
f 803 804 805
g roof
f 805 806 807
g roof
f 805 807 808
g roof
f 805 808 809
g roof
f 805 809 810
g roof
f 805 810 811
g roof
f 805 811 803
g roof
f 812 813 814
g roof
f 812 814 815
g roof
f 812 815 816
g roof
f 816 817 818
g roof
f 816 818 819
g roof
f 816 819 820
g roof
f 816 820 821
g roof
f 816 821 822
g roof
f 816 822 823
g roof
f 816 823 824
g roof
f 816 824 825
g roof
f 816 825 826
g roof
f 816 826 827
g roof
f 816 827 828
g roof
f 829 830 825
g roof
f 829 825 824
g roof
f 829 824 831
g roof
f 829 831 832
g roof
f 829 832 1186 833
g roof
f 829 833 834
g roof
f 835 836 837
g roof
f 835 837 838
g roof
f 835 838 1320 839
g roof
f 839 840 841
g roof
f 839 841 842
g roof
f 839 842 794
g roof
f 839 794 843
g roof
f 839 843 844
g roof
f 844 845 846
g roof
f 847 781 848
g roof
f 847 848 849
g roof
f 850 851 852
g roof
f 812 816 828
g roof
f 812 828 1322 853
g roof
f 853 1323 829 834
g roof
f 834 835 839
g roof
f 834 839 844
g roof
f 854 847 849
g roof
f 854 849 850
g roof
f 854 850 852
g roof
f 854 852 1277 855
g roof
f 855 812 853
g roof
f 853 834 844
g roof
f 853 844 846
g roof
f 846 854 855
g roof
f 846 855 853
g roof
f 856 857 858
g roof
f 858 859 860
g roof
f 858 860 861
g roof
f 861 862 837
g roof
f 863 864 865
g roof
f 863 865 856
g roof
f 863 856 858
g roof
f 863 858 861
g roof
f 863 861 837
g roof
f 866 867 868
g roof
f 866 868 869
g roof
f 866 869 870
g roof
f 866 870 871
g roof
f 871 872 866
g roof
f 873 874 875
g roof
f 873 875 876
g roof
f 877 878 879
g roof
f 877 879 880
g roof
f 880 873 876
g roof
f 880 876 877
g roof
f 881 882 883
g roof
f 883 884 885
g roof
f 883 885 886
g roof
f 883 886 887
g roof
f 883 887 881
g roof
f 888 889 1275 890
g roof
f 888 1275 890 891
g roof
f 892 893 894
g roof
f 892 894 895
g roof
f 895 896 897
g roof
f 895 897 892
g roof
f 898 899 900
g roof
f 901 855 902
g roof
f 902 903 904
g roof
f 902 904 905
g roof
f 902 905 906
g roof
f 902 906 907
g roof
f 902 907 908
g roof
f 908 898 900
g roof
f 900 901 902
g roof
f 900 902 908
g roof
f 909 910 911
g roof
f 909 911 912
g roof
f 913 914 915
g roof
f 913 915 916
g roof
f 913 916 917
g roof
f 917 909 912
g roof
f 917 912 913
g roof
f 918 919 920
g roof
f 918 920 921
g roof
f 918 921 922
g roof
f 922 923 924
g roof
f 922 924 925
g roof
f 922 925 926
g roof
f 922 926 918
g roof
f 927 928 929
g roof
f 927 929 930
g roof
f 927 930 931
g roof
f 932 933 934
g roof
f 935 936 937
g roof
f 935 937 938
g roof
f 935 938 939
g roof
f 935 939 940
g roof
f 940 941 942
g roof
f 942 943 935
g roof
f 942 935 940
g roof
f 944 945 946
g roof
f 944 946 947
g roof
f 944 947 948
g roof
f 949 950 951
g roof
f 949 951 952
g roof
f 953 954 955
g roof
f 953 955 956
g roof
f 953 956 957
g roof
f 958 959 960
g roof
f 961 962 963
g roof
f 963 964 1196 965
g roof
f 963 965 966
g roof
f 963 966 949
g roof
f 963 949 952
g roof
f 963 952 967
g roof
f 967 953 957
g roof
f 967 957 958
g roof
f 967 958 960
g roof
f 967 960 961
g roof
f 967 961 963
g roof
f 968 969 970
g roof
f 968 970 971
g roof
f 968 971 972
g roof
f 973 974 975
g roof
f 976 977 978
g roof
f 978 979 980
g roof
f 978 980 981
g roof
f 978 981 982
g roof
f 978 982 983
g roof
f 978 983 984
g roof
f 978 984 985
g roof
f 985 973 975
g roof
f 985 975 1281 976
g roof
f 985 976 978
g roof
f 986 981 987
g roof
f 988 989 990
g roof
f 988 990 991
g roof
f 988 991 992
g roof
f 988 992 993
g roof
f 988 993 994
g roof
f 995 996 997
g roof
f 998 999 1000
g roof
f 998 1000 1001
g roof
f 998 1001 1002
g roof
f 998 1002 1003
g roof
f 1004 1005 1006
g roof
f 1004 1006 988
g roof
f 1004 988 994
g roof
f 1004 994 995
g roof
f 1004 995 997
g roof
f 1004 997 1007
g roof
f 1007 998 1003
g roof
f 1007 1003 1004
g roof
f 1008 1009 1010
g roof
f 1008 1010 1011
g roof
f 1012 1013 1014
g roof
f 1012 1014 1015
g roof
f 1016 1017 1018
g roof
f 1016 1018 1019
g roof
f 1020 1021 1022
g roof
f 1020 1022 1023
g roof
f 1020 1023 1024
g roof
f 1020 1024 1025
g roof
f 1020 1025 1026
g roof
f 1020 1026 1027
g roof
f 1020 1027 1028
g roof
f 1028 1029 1030
g roof
f 1028 1030 1031
g roof
f 1028 1031 1032
g roof
f 1032 1012 1015
g roof
f 1032 1015 1033
g roof
f 1033 1016 1019
g roof
f 1033 1019 1020
g roof
f 1033 1020 1028
g roof
f 1033 1028 1032
g roof
f 1034 1035 1036
g roof
f 1034 1036 1037
g roof
f 1038 1039 1040
g roof
f 1038 1040 1041
g roof
f 1038 1041 1042
g roof
f 1038 1042 1043
g roof
f 1044 1045 1046
g roof
f 1046 1047 1048
g roof
f 1046 1048 1049
g roof
f 1046 1049 1050
g roof
f 1046 1050 1051
g roof
f 1046 1051 1052
g roof
f 1046 1052 1053
g roof
f 1046 1053 1054
g roof
f 1054 1055 1056
g roof
f 1056 1057 1058
g roof
f 1056 1058 1059
g roof
f 1056 1059 1060
g roof
f 1056 1060 1061
g roof
f 1061 1044 1046
g roof
f 1061 1046 1054
g roof
f 1061 1054 1056
g roof
f 1062 1063 1064
g roof_fixture
f 1065 1066 1067
g roof_fixture
f 1065 1067 1068
g roof_fixture
f 1065 1068 1069
g roof_fixture
f 1065 1069 1070
g roof_fixture
f 1071 1072 1073
g roof_fixture
f 1071 1073 1074
g roof_fixture
f 1075 1076 1077
g roof_fixture
f 1075 1077 1078
g roof_fixture
f 1075 1078 1079
g roof_fixture
f 1075 1079 1080
g roof_fixture
f 1075 1080 1081
g roof_fixture
f 1075 1081 1082
g roof_fixture
f 1075 1082 1083
g roof_fixture
f 1075 1083 1084
g roof_fixture
f 1084 1085 1086
g roof_fixture
f 1084 1086 1075
g roof_fixture
f 1087 1088 1089
g roof_fixture
f 1087 1089 1090
g roof_fixture
f 1087 1090 1091
g roof_fixture
f 1087 1091 1092
g roof_fixture
f 1087 1092 1093
g roof_fixture
f 1087 1093 1094
g roof_fixture
f 1087 1094 1095
g roof_fixture
f 1095 1096 1097
g roof_fixture
f 1095 1097 1098
g roof_fixture
f 1095 1098 1087
g roof_fixture
f 1099 1100 1101
g roof_fixture
f 1099 1101 1102
g roof_fixture
f 1103 1104 1105
g roof_fixture
f 1103 1105 1106
g roof_fixture
f 1103 1106 1107
g roof_fixture
f 1103 1107 1108
g roof_fixture
f 1103 1108 1109
g roof_fixture
f 1103 1109 1110
g roof_fixture
f 1103 1110 1111
g roof_fixture
f 1103 1111 1112
g roof_fixture
f 1112 1113 1114
g roof_fixture
f 1112 1114 1103
g roof_fixture
f 1115 1116 1117
g roof_fixture
f 1115 1117 1118
g roof_fixture
f 1115 1118 1119
g roof_fixture
f 1115 1119 1120
g roof_fixture
f 1115 1120 1121
g roof_fixture
f 1115 1121 1122
g roof_fixture
f 1115 1122 1123
g roof_fixture
f 1115 1123 1124
g roof_fixture
f 1125 1126 1127
g roof_fixture
f 1125 1127 1128
g roof_fixture
f 1125 1128 1129
g roof_fixture
f 1125 1129 1130
g roof_fixture
f 1125 1130 1131
g roof_fixture
f 1125 1131 1132
g roof_fixture
f 1125 1132 1133
g roof_fixture
f 1125 1133 1134
g roof_fixture
f 1125 1134 1135
g roof_fixture
f 1125 1135 1136
g roof_fixture
f 1125 1136 1137
g roof_fixture
f 1125 1137 1138
g roof_fixture
f 1138 1139 1140
g roof_fixture
f 1138 1140 1125
g roof_fixture
f 1141 1142 1143
g roof_fixture
f 1141 1143 1144
g roof_fixture
f 1141 1144 1145
g roof_fixture
f 1141 1145 1146
g roof_fixture
f 1141 1146 1147
g roof_fixture
f 1141 1147 1148
g roof_fixture
f 1148 1149 1150
g roof_fixture
f 1148 1150 1151
g roof_fixture
f 1148 1151 1152
g roof_fixture
f 1148 1152 1141
g roof_fixture
f 1153 1154 1155
g roof_fixture
f 1153 1155 1156
g roof_fixture
f 1153 1156 1157
g roof_fixture
f 1153 1157 1158
g roof_fixture
f 1153 1158 1159
g roof_fixture
f 1153 1159 1160
g roof_fixture
f 1153 1160 1161
g roof_fixture
f 1153 1161 1162
g roof_fixture
f 1163 1164 1165
g roof_fixture
f 1163 1165 1166
g roof_fixture
f 1163 1166 1167
g roof_fixture
f 1163 1167 1168
g roof_fixture
f 1163 1168 1169
g roof_fixture
f 1163 1169 1170
g roof_step_or_fixture_side
f 499 1171 445 129 1172 128
g roof_step_or_fixture_side
f 445 444 130 129
g roof_step_or_fixture_side
f 444 489 131 130
g roof_step_or_fixture_side
f 489 443 132 131
g roof_step_or_fixture_side
f 443 442 145 132
g roof_step_or_fixture_side
f 442 441 146 145
g roof_step_or_fixture_side
f 441 440 147 146
g roof_step_or_fixture_side
f 440 439 148 147
g roof_step_or_fixture_side
f 439 438 149 148
g roof_step_or_fixture_side
f 1115 1124 150 149 438
g roof_step_or_fixture_side
f 1124 1123 1173 150
g roof_step_or_fixture_side
f 1123 1122 432 151 1173
g roof_step_or_fixture_side
f 432 428 152 151
g roof_step_or_fixture_side
f 428 427 153 152
g roof_step_or_fixture_side
f 427 426 154 153
g roof_step_or_fixture_side
f 426 425 155 154
g roof_step_or_fixture_side
f 425 424 156 155
g roof_step_or_fixture_side
f 424 423 157 156
g roof_step_or_fixture_side
f 1131 1130 1175 157 423
g roof_step_or_fixture_side
f 1130 1129 1176 1175
g roof_step_or_fixture_side
f 1129 1128 1177 1176
g roof_step_or_fixture_side
f 1128 1127 1178 1177
g roof_step_or_fixture_side
f 1127 1126 158 1178
g roof_step_or_fixture_side
f 1126 1125 496 159 158
g roof_step_or_fixture_side
f 496 495 160 159
g roof_step_or_fixture_side
f 495 494 161 160
g roof_step_or_fixture_side
f 1140 1139 162 161 494
g roof_step_or_fixture_side
f 1139 1138 1180 162
g roof_step_or_fixture_side
f 1138 1137 1182 1180
g roof_step_or_fixture_side
f 1137 1136 1183 1182
g roof_step_or_fixture_side
f 1136 1135 1184 1183
g roof_step_or_fixture_side
f 1135 1134 163 1184
g roof_step_or_fixture_side
f 1134 1133 488 164 163
g roof_step_or_fixture_side
f 488 487 165 164
g roof_step_or_fixture_side
f 487 486 166 165
g roof_step_or_fixture_side
f 1153 1162 167 166 486
g roof_step_or_fixture_side
f 1162 1161 275 167
g roof_step_or_fixture_side
f 141 275 860 859
g roof_step_or_fixture_side
f 168 141 859 858
g roof_step_or_fixture_side
f 169 168 858 857
g roof_step_or_fixture_side
f 262 169 857 856
g roof_step_or_fixture_side
f 255 262 856 865
g roof_step_or_fixture_side
f 170 255 865 864
g roof_step_or_fixture_side
f 171 170 864 863
g roof_step_or_fixture_side
f 172 171 863 837
g roof_step_or_fixture_side
f 173 172 837 836
g roof_step_or_fixture_side
f 724 723 174 173
g roof_step_or_fixture_side
f 723 728 175 174
g roof_step_or_fixture_side
f 176 175 1186 832
g roof_step_or_fixture_side
f 177 176 832 831
g roof_step_or_fixture_side
f 1187 177 831 824
g roof_step_or_fixture_side
f 178 1187 824 823
g roof_step_or_fixture_side
f 179 178 823 822
g roof_step_or_fixture_side
f 180 179 822 821
g roof_step_or_fixture_side
f 181 180 821 820
g roof_step_or_fixture_side
f 256 181 820 819
g roof_step_or_fixture_side
f 182 256 819 818
g roof_step_or_fixture_side
f 190 182 818 817
g roof_step_or_fixture_side
f 191 190 817 816
g roof_step_or_fixture_side
f 192 191 816 815
g roof_step_or_fixture_side
f 193 192 815 814
g roof_step_or_fixture_side
f 194 193 814 813
g roof_step_or_fixture_side
f 195 194 813 812
g roof_step_or_fixture_side
f 196 195 812 855
g roof_step_or_fixture_side
f 1190 196 855 901
g roof_step_or_fixture_side
f 197 1190 901 900
g roof_step_or_fixture_side
f 198 197 900 899
g roof_step_or_fixture_side
f 199 198 899 898
g roof_step_or_fixture_side
f 1191 199 898 908
g roof_step_or_fixture_side
f 257 1191 908 907
g roof_step_or_fixture_side
f 1192 257 907 906
g roof_step_or_fixture_side
f 200 1192 906 905
g roof_step_or_fixture_side
f 201 200 905 904
g roof_step_or_fixture_side
f 664 663 202 201
g roof_step_or_fixture_side
f 663 662 203 202
g roof_step_or_fixture_side
f 662 661 204 203
g roof_step_or_fixture_side
f 661 660 205 204
g roof_step_or_fixture_side
f 660 659 206 205
g roof_step_or_fixture_side
f 207 206 974 973
g roof_step_or_fixture_side
f 208 207 973 985
g roof_step_or_fixture_side
f 209 208 985 984
g roof_step_or_fixture_side
f 648 647 210 209
g roof_step_or_fixture_side
f 647 646 271 210
g roof_step_or_fixture_side
f 646 645 211 271
g roof_step_or_fixture_side
f 645 644 212 211
g roof_step_or_fixture_side
f 644 643 213 212
g roof_step_or_fixture_side
f 643 642 214 213
g roof_step_or_fixture_side
f 642 641 215 214
g roof_step_or_fixture_side
f 641 718 216 215
g roof_step_or_fixture_side
f 718 640 222 216
g roof_step_or_fixture_side
f 640 639 231 222
g roof_step_or_fixture_side
f 232 231 949 966
g roof_step_or_fixture_side
f 1194 232 966 965
g roof_step_or_fixture_side
f 1195 1194 965 1196 964
g roof_step_or_fixture_side
f 234 233 1195 1196 964 963
g roof_step_or_fixture_side
f 235 234 963 962
g roof_step_or_fixture_side
f 236 235 962 961
g roof_step_or_fixture_side
f 237 236 961 960
g roof_step_or_fixture_side
f 238 237 960 959
g roof_step_or_fixture_side
f 239 238 959 958
g roof_step_or_fixture_side
f 240 239 958 957
g roof_step_or_fixture_side
f 241 240 957 956
g roof_step_or_fixture_side
f 1198 241 956 955
g roof_step_or_fixture_side
f 632 631 1 1198
g roof_step_or_fixture_side
f 631 630 2 1
g roof_step_or_fixture_side
f 630 714 3 2
g roof_step_or_fixture_side
f 714 629 16 3
g roof_step_or_fixture_side
f 629 628 17 16
g roof_step_or_fixture_side
f 628 627 18 17
g roof_step_or_fixture_side
f 627 626 19 18
g roof_step_or_fixture_side
f 626 625 20 19
g roof_step_or_fixture_side
f 625 624 21 20
g roof_step_or_fixture_side
f 624 623 22 21
g roof_step_or_fixture_side
f 623 622 23 22
g roof_step_or_fixture_side
f 622 621 24 23
g roof_step_or_fixture_side
f 621 620 25 24
g roof_step_or_fixture_side
f 620 619 26 25
g roof_step_or_fixture_side
f 619 618 27 26
g roof_step_or_fixture_side
f 618 617 1199 27
g roof_step_or_fixture_side
f 28 1199 924 923
g roof_step_or_fixture_side
f 29 28 923 922
g roof_step_or_fixture_side
f 30 29 922 921
g roof_step_or_fixture_side
f 1200 30 921 920
g roof_step_or_fixture_side
f 720 611 31 1200
g roof_step_or_fixture_side
f 611 610 1201 31
g roof_step_or_fixture_side
f 32 1201 930 929
g roof_step_or_fixture_side
f 33 32 929 928
g roof_step_or_fixture_side
f 244 33 928 927
g roof_step_or_fixture_side
f 608 607 245 244
g roof_step_or_fixture_side
f 607 606 34 245
g roof_step_or_fixture_side
f 606 605 35 34
g roof_step_or_fixture_side
f 605 604 36 35
g roof_step_or_fixture_side
f 604 603 37 36
g roof_step_or_fixture_side
f 603 602 38 37
g roof_step_or_fixture_side
f 1037 1036 587 39 38 602
g roof_step_or_fixture_side
f 587 586 40 39
g roof_step_or_fixture_side
f 586 585 246 40
g roof_step_or_fixture_side
f 585 584 41 246
g roof_step_or_fixture_side
f 584 583 42 41
g roof_step_or_fixture_side
f 583 582 43 42
g roof_step_or_fixture_side
f 582 581 44 43
g facade_completed
f 1202 44 1203 1204
g facade_completed
f 45 1202 1204 1205
g facade_completed
f 46 45 1205 1206
g facade_completed
f 47 46 1206 1207
g roof_step_or_fixture_side
f 748 747 48 47
g roof_step_or_fixture_side
f 747 746 272 48
g roof_step_or_fixture_side
f 268 272 1003 1002
g roof_step_or_fixture_side
f 264 268 1002 1001
g roof_step_or_fixture_side
f 258 264 1001 1000
g roof_step_or_fixture_side
f 49 258 1000 999
g roof_step_or_fixture_side
f 50 49 999 998
g roof_step_or_fixture_side
f 51 50 998 1007
g roof_step_or_fixture_side
f 52 51 1007 997
g roof_step_or_fixture_side
f 53 52 997 996
g roof_step_or_fixture_side
f 54 53 996 995
g roof_step_or_fixture_side
f 55 54 995 994
g roof_step_or_fixture_side
f 56 55 994 993
g roof_step_or_fixture_side
f 57 56 993 992
g roof_step_or_fixture_side
f 265 57 992 991
g roof_step_or_fixture_side
f 266 265 991 990
g roof_step_or_fixture_side
f 58 266 990 989
g roof_step_or_fixture_side
f 59 58 989 988
g roof_step_or_fixture_side
f 60 59 988 1006
g roof_step_or_fixture_side
f 61 60 1006 1005
g facade_completed
f 1208 61 1005 1209 1210
g facade_completed
f 1211 1208 1210 1212
g facade_completed
f 1213 1211 1212 1214
g facade_completed
f 1215 1213 1214 1216
g facade_completed
f 62 1215 1216 1217
g facade_completed
f 63 62 1217 1218
g facade_completed
f 89 63 1218 1219
g facade_completed
f 122 89 1219 1220
g facade_completed
f 126 122 1220 1221
g facade_completed
f 127 126 1221 1222
g facade_completed
f 250 127 1222 1223
g roof_step_or_fixture_side
f 502 501 260 250
g roof_step_or_fixture_side
f 501 500 273 260
g roof_step_or_fixture_side
f 500 499 1171 1172 128 273
g roof_step_or_fixture_side
f 540 501 260 119
g roof_step_or_fixture_side
f 501 541 1224 260
g roof_step_or_fixture_side
f 120 1224 878 877
g roof_step_or_fixture_side
f 121 120 877 876
g roof_step_or_fixture_side
f 522 521 90 121
g roof_step_or_fixture_side
f 521 520 91 90
g roof_step_or_fixture_side
f 520 519 92 91
g roof_step_or_fixture_side
f 519 518 93 92
g roof_step_or_fixture_side
f 518 517 249 93
g roof_step_or_fixture_side
f 517 516 94 249
g roof_step_or_fixture_side
f 516 535 95 94
g roof_step_or_fixture_side
f 535 536 1225 95
g roof_step_or_fixture_side
f 536 515 96 1225
g roof_step_or_fixture_side
f 515 514 100 96
g roof_step_or_fixture_side
f 514 513 101 100
g roof_step_or_fixture_side
f 513 512 102 101
g roof_step_or_fixture_side
f 512 511 103 102
g roof_step_or_fixture_side
f 511 510 104 103
g roof_step_or_fixture_side
f 510 534 105 104
g roof_step_or_fixture_side
f 534 509 106 105
g roof_step_or_fixture_side
f 509 508 107 106
g roof_step_or_fixture_side
f 508 507 276 107
g roof_step_or_fixture_side
f 507 506 108 276
g roof_step_or_fixture_side
f 506 505 1227 108
g roof_step_or_fixture_side
f 505 504 109 1227
g roof_step_or_fixture_side
f 504 539 110 109
g roof_step_or_fixture_side
f 539 538 111 110
g roof_step_or_fixture_side
f 112 111 872 871
g roof_step_or_fixture_side
f 531 530 113 112
g roof_step_or_fixture_side
f 530 529 114 113
g roof_step_or_fixture_side
f 529 528 115 114
g roof_step_or_fixture_side
f 528 527 116 115
g roof_step_or_fixture_side
f 527 526 117 116
g roof_step_or_fixture_side
f 526 525 1230 117
g roof_step_or_fixture_side
f 118 1230 873 880
g roof_step_or_fixture_side
f 119 118 880 879
g roof_step_or_fixture_side
f 160 253 810 809
g roof_step_or_fixture_side
f 254 160 809 808
g roof_step_or_fixture_side
f 143 254 808 807
g roof_step_or_fixture_side
f 144 143 807 806
g roof_step_or_fixture_side
f 1107 1106 1232 144
g roof_step_or_fixture_side
f 1106 1105 1234 1232
g roof_step_or_fixture_side
f 1105 1104 133 1234
g roof_step_or_fixture_side
f 1104 1103 1235 133
g roof_step_or_fixture_side
f 1103 1114 1236 1235
g roof_step_or_fixture_side
f 1114 1113 134 1236
g roof_step_or_fixture_side
f 1113 1112 1237 134
g roof_step_or_fixture_side
f 1112 1111 1238 1237
g roof_step_or_fixture_side
f 1111 1110 274 1238
g roof_step_or_fixture_side
f 1110 1109 270 274
g roof_step_or_fixture_side
f 267 270 804 803
g roof_step_or_fixture_side
f 261 267 803 811
g roof_step_or_fixture_side
f 253 261 811 810
g roof_step_or_fixture_side
f 74 73 885 884
g roof_step_or_fixture_side
f 75 74 884 883
g roof_step_or_fixture_side
f 76 75 883 882
g roof_step_or_fixture_side
f 269 76 882 881
g roof_step_or_fixture_side
f 71 269 881 887
g roof_step_or_fixture_side
f 72 71 887 886
g roof_step_or_fixture_side
f 73 72 886 885
g roof_step_or_fixture_side
f 1063 1062 138 137
g roof_step_or_fixture_side
f 1062 1064 139 138
g roof_step_or_fixture_side
f 1064 1063 137 139
g roof_step_or_fixture_side
f 554 553 88 87
g roof_step_or_fixture_side
f 553 552 64 88
g roof_step_or_fixture_side
f 552 557 65 64
g roof_step_or_fixture_side
f 557 556 66 65
g roof_step_or_fixture_side
f 556 555 67 66
g roof_step_or_fixture_side
f 1097 1096 68 67 555
g roof_step_or_fixture_side
f 1096 1095 564 69 68
g roof_step_or_fixture_side
f 564 563 70 69
g roof_step_or_fixture_side
f 563 565 77 70
g roof_step_or_fixture_side
f 1094 1093 78 77 565
g roof_step_or_fixture_side
f 1093 1092 1240 78
g roof_step_or_fixture_side
f 1092 1091 1241 1240
g roof_step_or_fixture_side
f 1091 1090 79 1241
g roof_step_or_fixture_side
f 1090 1089 1242 79
g roof_step_or_fixture_side
f 1089 1088 86 1242
g roof_step_or_fixture_side
f 1088 1087 1243 86
g roof_step_or_fixture_side
f 1087 1098 554 87 1243
g roof_step_or_fixture_side
f 549 548 85 248
g roof_step_or_fixture_side
f 548 551 80 85
g roof_step_or_fixture_side
f 551 550 81 80
g roof_step_or_fixture_side
f 550 549 248 81
g roof_step_or_fixture_side
f 546 545 99 98
g roof_step_or_fixture_side
f 545 547 97 99
g roof_step_or_fixture_side
f 547 546 98 97
g roof_step_or_fixture_side
f 543 542 125 124
g roof_step_or_fixture_side
f 542 544 123 125
g roof_step_or_fixture_side
f 544 543 124 123
g roof_step_or_fixture_side
f 1075 1086 1244 1245
g roof_step_or_fixture_side
f 1086 1085 251 1244
g roof_step_or_fixture_side
f 1085 1084 1246 251
g roof_step_or_fixture_side
f 1084 1083 135 1246
g roof_step_or_fixture_side
f 1083 1082 136 135
g roof_step_or_fixture_side
f 1082 1081 1247 136
g roof_step_or_fixture_side
f 1081 1080 140 1247
g roof_step_or_fixture_side
f 1080 1079 142 140
g roof_step_or_fixture_side
f 1079 1078 1248 142
g roof_step_or_fixture_side
f 1078 1077 1249 1248
g roof_step_or_fixture_side
f 1077 1076 252 1249
g roof_step_or_fixture_side
f 1076 1075 1245 252
g roof_step_or_fixture_side
f 558 562 84 83
g roof_step_or_fixture_side
f 562 561 247 84
g roof_step_or_fixture_side
f 561 560 259 247
g roof_step_or_fixture_side
f 560 559 82 259
g roof_step_or_fixture_side
f 559 558 83 82
g roof_step_or_fixture_side
f 277 187 916 915
g roof_step_or_fixture_side
f 188 277 915 914
g roof_step_or_fixture_side
f 189 188 914 913
g roof_step_or_fixture_side
f 183 189 913 912
g roof_step_or_fixture_side
f 184 183 912 911
g roof_step_or_fixture_side
f 278 184 911 910
g roof_step_or_fixture_side
f 185 278 910 909
g roof_step_or_fixture_side
f 186 185 909 917
g roof_step_or_fixture_side
f 187 186 917 916
g roof_step_or_fixture_side
f 11 7 942 941
g roof_step_or_fixture_side
f 12 11 941 940
g roof_step_or_fixture_side
f 13 12 940 939
g roof_step_or_fixture_side
f 14 13 939 938
g roof_step_or_fixture_side
f 15 14 938 937
g roof_step_or_fixture_side
f 4 15 937 936
g roof_step_or_fixture_side
f 5 4 936 935
g roof_step_or_fixture_side
f 6 5 935 943
g roof_step_or_fixture_side
f 7 6 943 942
g roof_step_or_fixture_side
f 243 242 948 947
g roof_step_or_fixture_side
f 10 243 947 946
g roof_step_or_fixture_side
f 8 10 946 945
g roof_step_or_fixture_side
f 9 8 945 944
g roof_step_or_fixture_side
f 242 9 944 948
g roof_step_or_fixture_side
f 228 1251 972 971
g roof_step_or_fixture_side
f 229 228 971 970
g roof_step_or_fixture_side
f 230 229 970 969
g roof_step_or_fixture_side
f 734 733 223 230
g roof_step_or_fixture_side
f 733 732 224 223
g roof_step_or_fixture_side
f 732 731 225 224
g roof_step_or_fixture_side
f 731 730 1254 225
g roof_step_or_fixture_side
f 730 729 226 1254
g roof_step_or_fixture_side
f 729 737 227 226
g roof_step_or_fixture_side
f 737 736 1251 227
g roof_step_or_fixture_side
f 743 742 217 221
g roof_step_or_fixture_side
f 742 741 218 217
g roof_step_or_fixture_side
f 741 740 219 218
g roof_step_or_fixture_side
f 740 739 263 219
g roof_step_or_fixture_side
f 739 738 220 263
g roof_step_or_fixture_side
f 738 743 221 220
g roof_step_or_fixture_side
f 447 446 281 280
g roof_step_or_fixture_side
f 446 445 129 281
g roof_step_or_fixture_side
f 445 498 279 129
g facade_completed
f 280 279 1257 1258
g roof_step_or_fixture_side
f 1013 1012 591 286 285 421
g roof_step_or_fixture_side
f 287 286 756 755
g roof_step_or_fixture_side
f 288 287 755 754
g roof_step_or_fixture_side
f 289 288 754 753
g roof_step_or_fixture_side
f 1259 289 753 752
g roof_step_or_fixture_side
f 573 572 294 1259
g roof_step_or_fixture_side
f 572 571 295 294
g roof_step_or_fixture_side
f 571 570 313 295
g roof_step_or_fixture_side
f 570 569 296 313
g roof_step_or_fixture_side
f 1025 1024 297 296 569
g roof_step_or_fixture_side
f 1024 1023 298 297
g roof_step_or_fixture_side
f 1023 1022 299 298
g roof_step_or_fixture_side
f 1022 1021 300 299
g roof_step_or_fixture_side
f 301 300 764 763
g roof_step_or_fixture_side
f 302 301 763 762
g roof_step_or_fixture_side
f 303 302 762 761
g roof_step_or_fixture_side
f 304 303 761 760
g roof_step_or_fixture_side
f 305 304 760 759
g roof_step_or_fixture_side
f 1145 1144 1260 305
g roof_step_or_fixture_side
f 1144 1143 306 1260
g roof_step_or_fixture_side
f 1143 1142 307 306
g roof_step_or_fixture_side
f 1142 1141 1261 307
g roof_step_or_fixture_side
f 1141 1152 1262 1261
g roof_step_or_fixture_side
f 1152 1151 1263 1262
g roof_step_or_fixture_side
f 1151 1150 471 308 1263
g roof_step_or_fixture_side
f 471 470 309 308
g roof_step_or_fixture_side
f 470 469 310 309
g roof_step_or_fixture_side
f 469 468 311 310
g roof_step_or_fixture_side
f 468 467 312 311
g roof_step_or_fixture_side
f 1068 1067 463 282 312 467
g roof_step_or_fixture_side
f 463 462 283 282
g facade_completed
f 1265 283 1266 1267
g facade_completed
f 284 1265 1267 1268
g roof_step_or_fixture_side
f 419 421 285 284
g roof_step_or_fixture_side
f 598 597 290 293
g roof_step_or_fixture_side
f 597 596 291 290
g roof_step_or_fixture_side
f 596 595 292 291
g roof_step_or_fixture_side
f 595 598 293 292
g roof_step_or_fixture_side
f 492 433 315 314
g roof_step_or_fixture_side
f 1121 1120 316 315 433
g roof_step_or_fixture_side
f 1120 1119 435 317 316
g roof_step_or_fixture_side
f 435 434 318 317
g roof_step_or_fixture_side
f 434 493 319 318
g roof_step_or_fixture_side
f 493 492 314 319
g roof_step_or_fixture_side
f 320 172 837 862
g roof_step_or_fixture_side
f 1159 1158 321 320
g roof_step_or_fixture_side
f 172 321 838 837
g roof_step_or_fixture_side
f 327 326 767 766
g roof_step_or_fixture_side
f 328 327 766 765
g roof_step_or_fixture_side
f 300 328 765 764
g roof_step_or_fixture_side
f 1021 1020 329 300
g roof_step_or_fixture_side
f 1020 1019 330 329
g roof_step_or_fixture_side
f 1019 1018 331 330
g roof_step_or_fixture_side
f 1018 1017 711 1269 331
g roof_step_or_fixture_side
f 711 710 336 1269
g roof_step_or_fixture_side
f 710 709 337 336
g roof_step_or_fixture_side
f 709 708 338 337
g roof_step_or_fixture_side
f 708 707 339 338
g roof_step_or_fixture_side
f 707 706 340 339
g roof_step_or_fixture_side
f 706 705 341 340
g roof_step_or_fixture_side
f 705 704 342 341
g roof_step_or_fixture_side
f 704 703 343 342
g roof_step_or_fixture_side
f 703 702 344 343
g roof_step_or_fixture_side
f 702 701 345 344
g roof_step_or_fixture_side
f 701 700 1270 345
g roof_step_or_fixture_side
f 700 699 346 1270
g roof_step_or_fixture_side
f 699 698 347 346
g roof_step_or_fixture_side
f 698 697 348 347
g roof_step_or_fixture_side
f 697 696 349 348
g roof_step_or_fixture_side
f 696 695 350 349
g roof_step_or_fixture_side
f 695 694 351 350
g roof_step_or_fixture_side
f 694 693 352 351
g roof_step_or_fixture_side
f 693 692 353 352
g roof_step_or_fixture_side
f 692 691 354 353
g roof_step_or_fixture_side
f 691 690 358 354
g roof_step_or_fixture_side
f 690 689 359 358
g roof_step_or_fixture_side
f 689 688 360 359
g roof_step_or_fixture_side
f 688 687 361 360
g roof_step_or_fixture_side
f 687 686 362 361
g roof_step_or_fixture_side
f 686 685 1272 362
g roof_step_or_fixture_side
f 1052 1051 372 1272 685
g roof_step_or_fixture_side
f 1051 1050 363 372
g roof_step_or_fixture_side
f 1050 1049 364 363
g roof_step_or_fixture_side
f 1049 1048 365 364
g roof_step_or_fixture_side
f 1048 1047 366 365
g roof_step_or_fixture_side
f 1047 1046 367 366
g roof_step_or_fixture_side
f 1046 1045 601 368 367
g roof_step_or_fixture_side
f 601 600 369 368
g roof_step_or_fixture_side
f 1039 1038 370 369 600
g roof_step_or_fixture_side
f 1038 1043 371 370
g roof_step_or_fixture_side
f 322 371 773 772
g roof_step_or_fixture_side
f 323 322 772 771
g roof_step_or_fixture_side
f 1273 323 771 770
g roof_step_or_fixture_side
f 324 1273 770 769
g roof_step_or_fixture_side
f 325 324 769 768
g roof_step_or_fixture_side
f 326 325 768 767
g roof_step_or_fixture_side
f 334 1274 333 890 1275 889
g roof_step_or_fixture_side
f 335 334 889 888
g roof_step_or_fixture_side
f 332 335 888 891
g roof_step_or_fixture_side
f 1274 333 332 891 890 1275
g roof_step_or_fixture_side
f 356 355 933 932
g roof_step_or_fixture_side
f 357 356 932 934
g roof_step_or_fixture_side
f 355 357 934 933
g roof_step_or_fixture_side
f 683 682 376 375
g roof_step_or_fixture_side
f 682 681 377 376
g roof_step_or_fixture_side
f 378 377 892 897
g roof_step_or_fixture_side
f 677 676 379 378
g roof_step_or_fixture_side
f 676 668 373 379
g roof_step_or_fixture_side
f 374 373 1277 852
g roof_step_or_fixture_side
f 684 683 375 374
g roof_step_or_fixture_side
f 1278 480 382 381
g roof_step_or_fixture_side
f 480 479 383 382
g roof_step_or_fixture_side
f 384 383 790 789
g roof_step_or_fixture_side
f 385 384 789 784
g roof_step_or_fixture_side
f 386 385 784 783
g roof_step_or_fixture_side
f 387 386 783 782
g roof_step_or_fixture_side
f 388 387 782 781
g roof_step_or_fixture_side
f 389 388 781 847
g roof_step_or_fixture_side
f 390 389 847 854
g roof_step_or_fixture_side
f 391 390 854 846
g roof_step_or_fixture_side
f 392 391 846 845
g roof_step_or_fixture_side
f 393 392 845 844
g roof_step_or_fixture_side
f 394 393 844 843
g roof_step_or_fixture_side
f 395 394 843 794
g roof_step_or_fixture_side
f 380 395 794 793
g roof_step_or_fixture_side
f 381 380 793 792
g roof_step_or_fixture_side
f 1169 1168 398 397
g roof_step_or_fixture_side
f 1168 1167 399 398
g roof_step_or_fixture_side
f 400 399 827 826
g roof_step_or_fixture_side
f 396 400 826 825
g roof_step_or_fixture_side
f 397 396 825 830
g roof_step_or_fixture_side
f 669 675 404 403
g roof_step_or_fixture_side
f 675 674 405 404
g roof_step_or_fixture_side
f 674 673 406 405
g roof_step_or_fixture_side
f 673 716 407 406
g roof_step_or_fixture_side
f 716 672 408 407
g roof_step_or_fixture_side
f 672 671 409 408
g roof_step_or_fixture_side
f 671 670 401 409
g roof_step_or_fixture_side
f 670 715 402 401
g roof_step_or_fixture_side
f 715 669 403 402
g roof_step_or_fixture_side
f 658 670 401 410
g roof_step_or_fixture_side
f 670 657 411 401
g roof_step_or_fixture_side
f 657 658 410 411
g roof_step_or_fixture_side
f 413 412 1281 975
g roof_step_or_fixture_side
f 206 413 975 974
g roof_step_or_fixture_side
f 659 658 410 206
g roof_step_or_fixture_side
f 658 745 412 410
g roof_step_or_fixture_side
f 578 577 417 416
g facade_completed
f 418 417 1282 1283
g roof_step_or_fixture_side
f 580 589 414 418
g roof_step_or_fixture_side
f 589 579 415 414
g roof_step_or_fixture_side
f 579 578 416 415
g facade_completed
f 420 419 284 1268 1284
g roof_step_or_fixture_side
f 1014 1013 421 420
g facade_completed
f 448 447 280 1258 1285 796
g roof_step_or_fixture_side
f 449 448 796 795
g roof_step_or_fixture_side
f 450 449 795 802
g roof_step_or_fixture_side
f 451 450 802 801
g roof_step_or_fixture_side
f 452 451 801 800
g roof_step_or_fixture_side
f 453 452 800 799
g roof_step_or_fixture_side
f 454 453 799 798
g roof_step_or_fixture_side
f 455 454 798 797
g facade_completed
f 456 455 797 1286 1287
g facade_completed
f 461 456 1287 1288
g facade_completed
f 462 461 1288 1266 283
g roof_step_or_fixture_side
f 1067 1066 464 463
g roof_step_or_fixture_side
f 1066 1065 465 464
g roof_step_or_fixture_side
f 1065 1070 490 465
g roof_step_or_fixture_side
f 1070 1069 466 490
g roof_step_or_fixture_side
f 1069 1068 467 466
g roof_step_or_fixture_side
f 1150 1149 472 471
g roof_step_or_fixture_side
f 1149 1148 473 472
g roof_step_or_fixture_side
f 1148 1147 474 473
g roof_step_or_fixture_side
f 475 474 787 786
g roof_step_or_fixture_side
f 476 475 786 785
g roof_step_or_fixture_side
f 477 476 785 784 385
g roof_step_or_fixture_side
f 478 477 385 784 791
g roof_step_or_fixture_side
f 479 478 791 790 383
g roof_step_or_fixture_side
f 481 1278 381 792 794 395
g roof_step_or_fixture_side
f 482 481 395 794 842
g roof_step_or_fixture_side
f 483 482 842 841
g roof_step_or_fixture_side
f 484 483 841 840
g roof_step_or_fixture_side
f 1155 1154 485 484
g roof_step_or_fixture_side
f 1154 1153 486 485
g roof_step_or_fixture_side
f 1133 1132 422 488
g roof_step_or_fixture_side
f 1132 1131 423 422
g roof_step_or_fixture_side
f 1122 1121 433 432
g roof_step_or_fixture_side
f 1119 1118 436 435
g roof_step_or_fixture_side
f 1118 1117 1292 436
g roof_step_or_fixture_side
f 1117 1116 437 1292
g roof_step_or_fixture_side
f 1116 1115 438 437
g roof_step_or_fixture_side
f 1074 1073 429 431
g roof_step_or_fixture_side
f 1073 1072 430 429
g roof_step_or_fixture_side
f 1072 1071 491 430
g roof_step_or_fixture_side
f 1071 1074 431 491
g roof_step_or_fixture_side
f 1102 1101 457 460
g roof_step_or_fixture_side
f 1101 1100 458 457
g roof_step_or_fixture_side
f 1100 1099 459 458
g roof_step_or_fixture_side
f 1099 1102 460 459
g roof_step_or_fixture_side
f 1125 1140 494 496
g facade_completed
f 497 502 250 1223 1294
g facade_completed
f 498 497 1294 1257 279
g roof_step_or_fixture_side
f 523 522 121 876 875
g roof_step_or_fixture_side
f 524 523 875 874
g roof_step_or_fixture_side
f 525 524 874 873 1230
g roof_step_or_fixture_side
f 532 531 112 871 870
g roof_step_or_fixture_side
f 533 532 870 869
g roof_step_or_fixture_side
f 503 533 869 868
g roof_step_or_fixture_side
f 504 503 868 867 109
g roof_step_or_fixture_side
f 537 504 109 867 866
g roof_step_or_fixture_side
f 538 537 866 872 111
g roof_step_or_fixture_side
f 541 540 119 879 878 1224
g roof_step_or_fixture_side
f 1098 1097 555 554
g roof_step_or_fixture_side
f 1095 1094 565 564
g roof_step_or_fixture_side
f 1026 1025 569 568
g roof_step_or_fixture_side
f 574 573 1259 752 751
g roof_step_or_fixture_side
f 1030 1029 575 574
g roof_step_or_fixture_side
f 1029 1028 566 575
g roof_step_or_fixture_side
f 1028 1027 567 566
g roof_step_or_fixture_side
f 1027 1026 568 567
g facade_completed
f 581 580 418 1283 1203 44
g roof_step_or_fixture_side
f 1036 1035 588 587
g facade_completed
f 576 588 1301 1302
g facade_completed
f 577 576 1302 1282 417
g roof_step_or_fixture_side
f 1032 1031 593 592
g roof_step_or_fixture_side
f 1031 1030 574 593
g roof_step_or_fixture_side
f 594 574 751 750
g roof_step_or_fixture_side
f 590 594 750 757
g roof_step_or_fixture_side
f 591 590 757 756 286
g roof_step_or_fixture_side
f 1012 1032 592 591
g roof_step_or_fixture_side
f 1045 1044 599 601
g roof_step_or_fixture_side
f 600 599 777 776 369
g roof_step_or_fixture_side
f 1017 1016 712 711
g facade_completed
f 1303 712 1304 1305
g facade_completed
f 1306 1303 1305 1307
g facade_completed
f 1308 1306 1307 1309
g facade_completed
f 1310 1308 1309 1311
g facade_completed
f 713 1310 1311 1312
g roof_step_or_fixture_side
f 1034 1037 602 713
g roof_step_or_fixture_side
f 609 608 244 927 931
g roof_step_or_fixture_side
f 610 609 931 930 1201
g roof_step_or_fixture_side
f 614 720 1200 920 919
g roof_step_or_fixture_side
f 719 614 919 918
g roof_step_or_fixture_side
f 615 719 918 926
g roof_step_or_fixture_side
f 616 615 926 925
g roof_step_or_fixture_side
f 617 616 925 924 1199
g roof_step_or_fixture_side
f 633 632 1198 955 954
g roof_step_or_fixture_side
f 634 633 954 953
g roof_step_or_fixture_side
f 635 634 953 967
g roof_step_or_fixture_side
f 636 635 967 952
g roof_step_or_fixture_side
f 637 636 952 951
g roof_step_or_fixture_side
f 638 637 951 950
g roof_step_or_fixture_side
f 639 638 950 949 231
g roof_step_or_fixture_side
f 649 648 209 984 983
g roof_step_or_fixture_side
f 650 649 983 982
g roof_step_or_fixture_side
f 651 650 982 981
g roof_step_or_fixture_side
f 654 651 981 980
g roof_step_or_fixture_side
f 655 654 980 979
g roof_step_or_fixture_side
f 656 655 979 978
g roof_step_or_fixture_side
f 657 656 978 977 411
g roof_step_or_fixture_side
f 665 664 201 904 903
g roof_step_or_fixture_side
f 666 665 903 902
g roof_step_or_fixture_side
f 667 666 902 855 196
g roof_step_or_fixture_side
f 668 667 196 855 1277 373
g roof_step_or_fixture_side
f 678 677 378 897 896
g roof_step_or_fixture_side
f 679 678 896 895
g roof_step_or_fixture_side
f 717 679 895 894
g roof_step_or_fixture_side
f 680 717 894 893
g roof_step_or_fixture_side
f 681 680 893 892 377
g roof_step_or_fixture_side
f 1053 1052 685 684
g roof_step_or_fixture_side
f 651 653 987 981
g roof_step_or_fixture_side
f 652 651 981 986
g roof_step_or_fixture_side
f 653 652 986 987
g roof_step_or_fixture_side
f 1009 1008 612 722
g roof_step_or_fixture_side
f 1008 1011 613 612
g roof_step_or_fixture_side
f 1011 1010 721 613
g roof_step_or_fixture_side
f 1010 1009 722 721
g roof_step_or_fixture_side
f 725 724 173 836 835
g roof_step_or_fixture_side
f 726 725 835 834
g roof_step_or_fixture_side
f 727 726 834 833
g roof_step_or_fixture_side
f 728 727 833 1186 175
g roof_step_or_fixture_side
f 735 734 230 969 968
g roof_step_or_fixture_side
f 736 735 968 972 1251
g roof_step_or_fixture_side
f 745 744 976 1281 412
g roof_step_or_fixture_side
f 744 657 411 977 976
g facade_completed
f 749 748 47 1207 1318 1004
g roof_step_or_fixture_side
f 746 749 1004 1003 272
g roof_step_or_fixture_side
f 1043 1042 774 773 371
g roof_step_or_fixture_side
f 1042 1041 788 774
g roof_step_or_fixture_side
f 1041 1040 775 788
g roof_step_or_fixture_side
f 1040 1039 600 369 776 775
g roof_step_or_fixture_side
f 1044 1061 778 777 599
g roof_step_or_fixture_side
f 1061 1060 779 778
g roof_step_or_fixture_side
f 1060 1059 780 779
g roof_step_or_fixture_side
f 1059 1058 388 781 780
g roof_step_or_fixture_side
f 1147 1146 758 787 474
g roof_step_or_fixture_side
f 1146 1145 305 759 758
g facade_completed
f 797 796 1285 1286
g roof_step_or_fixture_side
f 1108 1107 144 806 805
g roof_step_or_fixture_side
f 1109 1108 805 804 270
g roof_step_or_fixture_side
f 1158 1157 1320 838 321
g roof_step_or_fixture_side
f 1157 1156 839 1320
g roof_step_or_fixture_side
f 1156 1155 484 840 839
g roof_step_or_fixture_side
f 1058 1057 848 781 388
g roof_step_or_fixture_side
f 1057 1056 849 848
g roof_step_or_fixture_side
f 1056 1055 850 849
g roof_step_or_fixture_side
f 1055 1054 851 850
g roof_step_or_fixture_side
f 1054 1053 684 374 852 851
g roof_step_or_fixture_side
f 1167 1166 828 827 399
g roof_step_or_fixture_side
f 1166 1165 1322 828
g roof_step_or_fixture_side
f 1165 1164 853 1322
g roof_step_or_fixture_side
f 1164 1163 1323 853
g roof_step_or_fixture_side
f 1163 1170 829 1323
g roof_step_or_fixture_side
f 1170 1169 397 830 829
g roof_step_or_fixture_side
f 1161 1160 861 860 275
g roof_step_or_fixture_side
f 1160 1159 320 862 861
g facade_completed
f 1005 1004 1318 1209
g facade_completed
f 1015 1014 420 1284 1329
g facade_completed
f 1033 1015 1329 1330
g facade_completed
f 1016 1033 1330 1304 712
g facade_completed
f 1035 1034 713 1312 1301 588
g ground_assumed
f 1216 1218 1217
g ground_assumed
f 1216 1219 1218
g ground_assumed
f 1216 1220 1219
g ground_assumed
f 1216 1221 1220
g ground_assumed
f 1216 1222 1221
g ground_assumed
f 1216 1223 1222
g ground_assumed
f 1216 1294 1223
g ground_assumed
f 1216 1257 1294
g ground_assumed
f 1216 1258 1257
g ground_assumed
f 1216 1285 1258
g ground_assumed
f 1216 1286 1285
g ground_assumed
f 1216 1287 1286
g ground_assumed
f 1216 1288 1287
g ground_assumed
f 1216 1266 1288
g ground_assumed
f 1216 1267 1266
g ground_assumed
f 1216 1268 1267
g ground_assumed
f 1216 1284 1268
g ground_assumed
f 1216 1329 1284
g ground_assumed
f 1216 1330 1329
g ground_assumed
f 1216 1313 1304 1330
g ground_assumed
f 1216 1305 1304 1313
g ground_assumed
f 1216 1307 1305
g ground_assumed
f 1216 1309 1307
g ground_assumed
f 1216 1311 1309
g ground_assumed
f 1216 1312 1311
g ground_assumed
f 1216 1301 1312
g ground_assumed
f 1216 1302 1301
g ground_assumed
f 1216 1282 1302
g ground_assumed
f 1216 1283 1282
g ground_assumed
f 1216 1203 1283
g ground_assumed
f 1216 1204 1203
g ground_assumed
f 1216 1205 1204
g ground_assumed
f 1205 1207 1206
g ground_assumed
f 1205 1318 1207
g ground_assumed
f 1205 1209 1318
g ground_assumed
f 1205 1210 1209
g ground_assumed
f 1205 1212 1210
g ground_assumed
f 1205 1214 1212
g ground_assumed
f 1205 1216 1214
