v -0.26320812549916894 0.039896881773285119 0.1108043053535037
v -0.25212912406304588 0.020162696591054099 0.11078116337727105
v -0.23034982090065484 0.03087211497196091 0.11072419874567456
v -0.39350697557648773 0.080739786025052315 0.11112079461259795
v -0.44425852822748935 0.068824379532666319 0.11125051530287691
v -0.44587993396460956 0.067334708649530658 0.11125491662200891
v -0.4449949126113506 0.077414661457392897 0.111250366770818
v -0.45787199591339212 0.07854527125261726 0.11128231794747871
v -0.45999489164825824 0.054366544067167309 0.11129323162549809
v -0.46963443415572981 0.079578015036760028 0.11131150338232669
v -0.45332122711320555 0.078145713115481449 0.11127102635611551
v -0.44756552927592297 0.1437002496067171 0.11124143667513725
v -0.43276505479038807 0.14240076580126979 0.11120471312262074
v -0.43343466423362376 0.13477424724403439 0.11120815552450133
v -0.4044041394473471 0.11461671225213078 0.1111402043580387
v -0.24126875496100864 0.069214344416967971 0.11074262816270049
v -0.26807365560605212 0.081968323793330161 0.11080672742300798
v -0.26614760868112375 0.103905040651248 0.11079682574846444
v -0.35707498581282515 0.11188847758157841 0.11102243854247183
v -0.35191788937757185 0.17062524172349872 0.11099592617990227
v -0.34903539143913909 0.17208765947670224 0.11098837645225124
v -0.35051758911113895 0.15459116907372039 0.11099613890338624
v -0.30151930253159642 0.15028911238970771 0.11087456227931972
v -0.29730087991303489 0.19833484823682812 0.11085287563122125
v -0.29534743128405028 0.19932591849351827 0.11084775924653575
v -0.26633561442818443 0.17140448444194117 0.11078165402522772
v -0.24062754223098265 0.16914731193996232 0.11071786608912526
v -0.23160510689082092 0.2719083640213853 0.11067148227398423
v -0.21338847173528008 0.28171867082090674 0.11062363833528145
v -0.21743022794209399 0.30118969151992636 0.11062923703902312
v -0.29988043634827355 0.30842883177918179 0.11083381590992722
v -0.30354820367976765 0.26665478585513946 0.11085267169935448
v -0.33176414538148036 0.23212442432068264 0.11093125828284252
v -0.39361405982955511 0.22313011942130567 0.11108806556710878
v -0.41504822504936945 0.24881539091686938 0.1111357328321646
v -0.43042690594145516 0.2400184980377775 0.11117624250093533
v -0.41504020305623401 0.22510001455802012 0.11114120845326557
v -0.44306710568037733 0.19493505781042783 0.1112183105154025
v -0.44813153430595898 0.18948428522693878 0.11123224278887553
v -0.4619181225214497 0.1746459763743646 0.11127016969925355
v -0.47954658288056207 0.2120613546245477 0.11130559836013333
v -0.46578916605015774 0.2362994296428961 0.11126556617292607
v -0.48116403869971824 0.25664304131596138 0.1112993134054687
v -0.48723925848337535 0.2018295437081174 0.11132721337127446
v -0.51608581237010143 -0.12671836188864413 0.11147551184237765
v -0.50780445798824914 -0.26450157520512541 0.11148672460364221
v -0.48814312548835936 -0.26622784306148606 0.11143794008809517
v -0.47655412587230461 -0.13423489967043539 0.11137836169608745
v -0.42358672556871479 -0.19025003841880553 0.111258839786535
v -0.45527946885616699 -0.18746741093810934 0.11133747714266397
v -0.46560665775601306 -0.20577395817301558 0.11136755376986533
v -0.44437598532689082 -0.21771337175359215 0.11131721019351423
v -0.42986877142793489 -0.2047077132374813 0.11127790522868997
v -0.43056791683494722 -0.20631674593019317 0.11128002707918988
v -0.40585241994358201 -0.22648286006819737 0.11122287231309716
v -0.36907369136377555 -0.16102239367060822 0.11111569753581818
v -0.36786850783249769 -0.1559047961626045 0.11111149674127545
v -0.32717491502280804 -0.18871143785327626 0.11101730062042749
v -0.34624770486649714 -0.22765497622395223 0.11107403746921485
v -0.30927452906052733 -0.25525709213482617 0.11098794221366612
v -0.26878014722950039 -0.28548794449306392 0.11089364753416223
v 0.4862200484776058 -0.3517770715417321 0.1090203096353918
v 0.49240253036580162 -0.28136167703614168 0.10898852587804415
v 0.48454700200097944 -0.28504916190380869 0.1090090316731385
v 0.46901814438659772 -0.31410355614109198 0.1090546114128601
v 0.44830092999632676 -0.33306025587669041 0.10911083031340583
v 0.44459662095997698 -0.3327350170234914 0.10912002159162801
v 0.44368712946531186 -0.34309367301420557 0.10912469721762948
v 0.42769237406338279 -0.34168933116983791 0.10916438409198725
v 0.42919936636738698 -0.34304200501647963 0.10916092768241037
v 0.12472888496951812 -0.31809565371845794 0.10991680640473714
v 0.05970007376767969 -0.28288212362727372 0.11007132147462963
v 0.023249920901481456 -0.28110062144736281 0.11016209189346317
v 0.025387005717586064 -0.27402099452373274 0.11015510520789891
v 0.11354498443888428 -0.28176127791147398 0.10993636396712918
v 0.1118126110778062 -0.27655869756092 0.10993949201611367
v 0.42730644924267025 -0.34165544688902338 0.10916534166315373
v 0.41424541548474303 -0.34050868621997177 0.10919774924673577
v 0.41867845073333587 -0.29001861906362314 0.10917495927171207
v 0.34425892713295669 -0.28865737915314371 0.10936081082016934
v 0.33214892799516982 -0.30076893722553932 0.1093939117216202
v 0.14228535460336048 -0.28983331175412885 0.10986633797900884
v 0.17547784291562343 -0.30645027207318998 0.1097871547854411
v 0.2147429979090843 -0.29915943739929185 0.10968723999103215
v 0.291665257424641 -0.28403964729696285 0.1094913084117782
v 0.44812016471390459 -0.29260360585785705 0.10910190724260579
v 0.4470267024879494 -0.3050575966627731 0.10910752866153063
v 0.46598676815097839 -0.29376157163231509 0.1090574807190821
v 0.49614756028006046 -0.23870764819679549 0.10896927286736732
v 0.38329536870990621 -0.25179602270637069 0.10925461561413242
v 0.36693528703602363 -0.26825699689503757 0.10929935640642191
v 0.366117096864501 -0.26908023088885491 0.10930159393609543
v 0.36417832308515363 -0.2687354188250265 0.1093063640404329
v 0.33691037700652771 -0.24714105284083948 0.10936957303382035
v 0.34095296580893542 -0.24450172834181366 0.1093588485227987
v 0.34428776801212801 -0.20651998973723842 0.10934170449068466
v 0.27648467051311754 -0.21901583549661655 0.10951421562238621
v 0.27537135281934944 -0.23169597021017493 0.10951993913343989
v 0.27213686225322908 -0.21863409729448985 0.10952500360972531
v 0.32229598054823927 -0.19383155767204632 0.10939377850127736
v 0.31175596338013101 -0.18775036644531767 0.10941873605162342
v 0.30616659583114159 -0.18452551086066421 0.10943197105310314
v 0.29183016620518376 -0.18955595252439042 0.10946900062961526
v 0.27989542118366273 -0.17454203292717441 0.10949537716380242
v 0.25825022097516803 -0.18669256592119562 0.10955234023898819
v 0.21272166133756348 -0.14315829012357364 0.10965614551329855
v 0.21199444753586863 -0.14246293041216399 0.10965780355341005
v 0.24689714848682517 -0.12878017233148956 0.10956732060783921
v 0.27039688258686778 -0.13084345240462156 0.10950901207870155
v 0.27041129120614515 -0.13067934547004501 0.10950893800196529
v 0.29013674534500422 -0.13042484413704686 0.10945953407702506
v 0.29064556574268807 -0.13041827860780481 0.10945825967111836
v 0.29555427308008531 -0.1107564294636932 0.10944142376625765
v 0.31076464010153926 -0.10189384612571206 0.10940131994209308
v 0.31349705789926974 -0.10464227551954472 0.10939512143131999
v 0.3180349224142176 -0.1031075199614853 0.10938341394177882
v 0.33864726408482937 -0.17592259963061085 0.10934872419739483
v 0.37853381588174806 -0.15626168504802651 0.10924438835529662
v 0.37630557440456558 -0.14444622746488939 0.10924722443004695
v 0.3849063412792616 -0.13894229037375436 0.10922443340339438
v 0.37034942357288236 -0.24368982022246011 0.10928512252579445
v 0.50463945891850626 -0.14198914545029995 0.1089256165147489
v 0.49647699668878531 -0.23216605465837323 0.10896693282491343
v 0.49604632636448609 -0.2370711754786721 0.10896914688223099
v 0.49590117895200658 -0.23472483023447518 0.10896896625445955
v 0.42892740534535889 -0.13534161612164569 0.10911347642192051
v 0.39333561567202624 -0.14379106706554398 0.10920447045911288
v 0.31863690303626613 -0.10290392251269001 0.10938186085422663
v 0.35646829060054697 -0.09010892485777966 0.1092842572455759
v 0.34256096554972482 -0.068822434072508418 0.10931411479745506
v 0.2971568250889709 -0.083853149949210073 0.10943118039646786
v 0.31688961189928622 -0.050564460017815324 0.10937410290406309
v 0.29664339258366812 -0.059732072258129473 0.10942687507001736
v 0.29313861262267582 -0.099649773259547242 0.10944489296364135
v 0.17851001687482379 -0.13787614029514242 0.10974050490820079
v 0.18061964239967634 -0.11384855434390545 0.10972965941779614
v 0.10328392814476149 -0.12728082915509531 0.10992623425738561
v 0.095586180662195749 -0.1317028863659831 0.10994651559281801
v 0.09603035474224389 -0.12664396432145569 0.10994423212799628
v 0.18298955275349038 -0.086856453583631407 0.10971747583484158
v 0.11219141136544468 -0.08633674659788737 0.10989446320371447
v 0.18418587664822059 -0.073230919466228103 0.10971132561486532
v 0.26238106284933105 -0.038034173329439369 0.10950755712915373
v 0.2607526609619869 -0.056580860811690503 0.10951592864165403
v 0.27817556022884837 -0.01488245114742758 0.10946268071880763
v 0.26597316169913787 -0.0036357313149932725 0.10949059982425847
v 0.2553377856451936 0.006166693568355669 0.10951493359043531
v 0.25251335196354896 0.016545187022996854 0.10951959411504648
v 0.25098292238593067 0.022168811129413938 0.10952211941243876
v 0.2277766066167948 0.024206329029933478 0.10957969987789035
v 0.22888930422812728 0.036879401382715497 0.10957397956378838
v 0.22362987677601723 0.030172319700383858 0.1095886907577187
v 0.20467487971165871 0.021568582689291644 0.10963810212819119
v 0.2033127639205419 0.0060547615166112075 0.10964510471438368
v 0.1784589403972939 0.0089515539515584771 0.10970660741892796
v 0.14326682167984015 -0.014616465438465249 0.10980010517408861
v 0.1426069824154764 -0.021994702668769291 0.10980346563304914
v 0.21111092265046452 -0.028009358557989871 0.10963349077774508
v 0.2089989410563344 -0.052063778459898999 0.10964434838291411
v 0.21200277584745572 -0.05844016754181075 0.10963831165472344
v 0.2081038063987419 -0.062258917395691678 0.10964895022663541
v 0.207769130017909 -0.066070714678848258 0.10965067077556581
v 0.13880780253320796 -0.060015900112502241 0.10982178046459548
v 0.13912800803833555 -0.056368918687963197 0.10982013432892256
v 0.1138963311981968 -0.074512549137696046 0.10988745809361274
v 0.11137478345167789 -0.07514457673101238 0.10989391244465267
v 0.11049954615879178 -0.085113094444859941 0.10989841198591935
v 0.099342346021966038 -0.088922030203848035 0.10992720537353171
v 0.097242123951972625 -0.11284251537041197 0.10993800248900922
v 0.069416079914445344 -0.086421180616372884 0.11000148902828302
v 0.07629670820431031 -0.087025300798351191 0.10998441650693083
v 0.082434770930384399 -0.082398409927921315 0.10996798939123704
v 0.069484276110430246 -0.085644459998371017 0.11000113841522412
v 0.067171655593918536 -0.086224119840124 0.11000705799196078
v 0.040950727941197147 -0.083921918567811088 0.11007211844103802
v 0.040473710734962101 -0.089354907097867461 0.11007457075538805
v 0.035698583818117621 -0.086653139233322782 0.11008589006768776
v 0.032287622779737096 -0.12550228958191806 0.11010342560019043
v 0.036490842504782718 -0.1386614567591111 0.11009596033936869
v 0.052426007778526108 -0.18855023619062841 0.11006765814656004
v 0.085400878284088169 -0.21345929260721147 0.10999094089645224
v 0.059711717023730654 -0.25504712067943514 0.11006484201069273
v -0.12488651400846405 -0.23997949755168929 0.110523139003492
v -0.12959879844560818 -0.29365007436600277 0.11054736457809265
v -0.15352022856379238 -0.27479530232656424 0.11060283682215423
v -0.14327802170725859 -0.25409004790088896 0.11057241690123074
v -0.15096603623861363 -0.24570432162710146 0.11058970588986559
v -0.14188140975559668 -0.22904539050614414 0.11056311940849464
v -0.14270407275701311 -0.23841511331825382 0.11056734868114662
v 0.028079332142437512 -0.2492294501015771 0.11014262502354322
v 0.02329370408053931 -0.18070982048956666 0.11013871826442721
v 0.016159809869185103 -0.18188410131814822 0.11015683644137844
v 0.015146299871943762 -0.18205093113014559 0.11015941049228425
v -0.027969693242395764 -0.17826534069034478 0.11026639168572437
v -0.038377187129337464 -0.14649630686170736 0.1102850649123831
v -0.067538865513300239 -0.13504671133439075 0.11035536213661666
v -0.071141454991872202 -0.17607841379865549 0.11037388283502686
v -0.06300439359509058 -0.17684880920564031 0.11035370582117647
v -0.059548526700756124 -0.18597767367616058 0.11034717613144565
v -0.091255961243255593 -0.15969866456200302 0.11042040529691559
v -0.077664495609976292 -0.13107113871626688 0.1103797710311586
v -0.078176510267197102 -0.13087010913479977 0.11038100526484321
v -0.083320779690899627 -0.12570200736155654 0.11039267649422162
v -0.10012299827148552 -0.14627315689833853 0.11043947578688904
v -0.14015803034510319 -0.142758075265253 0.1105388123536906
v -0.14228058026233803 -0.16693286330141832 0.11054972426497349
v -0.13987464968538299 -0.17055141823061853 0.1105445441936448
v -0.1611336619135616 -0.18288580724425474 0.11060058377043887
v -0.16227076728367684 -0.18202941417287852 0.11060322992101869
v -0.19401992515877134 -0.2401169401002296 0.11069611415590773
v -0.24476023194323226 -0.21357300048149874 0.11081689431834772
v -0.24869215683209428 -0.20603734564360854 0.11082498412051145
v -0.24447275947978347 -0.19861188539834043 0.11081270816247862
v -0.25295518332086886 -0.19786712731459086 0.11083375512577963
v -0.2811653048037388 -0.14380157300602525 0.11089179628879824
v -0.21564937621565991 -0.080981488162717705 0.11071334475810876
v -0.32855482025169724 -0.088905050099639282 0.11099762384538889
v -0.33311972571994031 -0.097029878024193633 0.11101092619318022
v -0.3562334415725632 -0.13816872863849486 0.11107828049717222
v -0.37944510988015934 -0.092962502540095568 0.11112587065680071
v -0.3683761422031635 -0.085408732259489126 0.11109643018092383
v -0.21192908822576753 -0.062656472852908957 0.11069979157580392
v -0.46031436118145086 -0.049997808236036043 0.11131821576102148
v -0.46484687336826436 -0.053125666497103936 0.11133027907970065
v -0.46921263545654723 -0.10284952616907322 0.11135272319502786
v -0.49506263308575493 -0.073977382955452614 0.11141069852608039
v -0.46972850323981263 -0.056494451960418419 0.11134327153350219
v -0.46289275922647755 0.021361273411304168 0.11130812937838658
v -0.45802125313348607 0.024614754080888684 0.1112951889171154
v -0.4638987046470685 -0.042326496347133737 0.11132540456965088
v -0.22714941606537159 -0.043622065485216063 0.11073345564553702
v -0.22770378831357993 -0.054802278542381899 0.11073743328443758
v -0.27917210363669098 -0.050283352979670813 0.11086513863318664
v -0.2954330228935097 -0.03457025453364497 0.11090217544490526
v -0.35690406083188686 -0.027481828463158716 0.11105430802860342
v -0.35360936771100315 -0.022934071906587583 0.1110450121764083
v -0.37798994049984336 0.013439958679041545 0.1110975731752893
v -0.40436094475979423 0.0051648100852339897 0.11116546019239203
v -0.41453026667001358 0.025689001070675364 0.11118614346037126
v -0.34278947353191946 0.0091121020479080703 0.11101051900248915
v -0.31401341306130537 0.044357593411389978 0.1109303655340784
v -0.46943395377691388 0.045694374832510896 0.11131885393147337
v -0.47869419420152437 0.063369591493703206 0.11133792324362252
v -0.34428020727530217 0.22821987190059478 0.11096347312388874
v -0.36784732209625348 0.22086779608328017 0.11102413208557335
v -0.46590171216902088 0.17499573614161076 0.11128005395882332
v 0.21272276415970687 -0.3221688953144819 0.10969762591962898
v 0.29051735552796032 -0.29711367910335718 0.10949720969017286
v 0.33636563784685436 -0.24923224074596104 0.10937142032505988
v 0.37237157452578529 -0.12358582947385514 0.10925223157152739
v 0.21201641379104599 -0.14081800680459464 0.10965736742189298
v 0.21769227360650789 -0.076172785975680307 0.10962818817062267
v 0.22220401671242784 -0.080094870520993358 0.10961781052886121
v 0.24476802950687532 -0.026349048526637598 0.1095489098256765
v 0.067800953537324266 -0.10481666687950138 0.11000979231110347
v 0.088886266167004346 -0.23114500191629639 0.10998632033373738
v -0.093303052962508112 -0.18301402132897671 0.11043092928334794
v -0.41487702664492987 -0.17020529545865556 0.11123240663265049
v 0.14000684291145551 -0.31578442686256458 0.10987805165212768
v 0.37510531830130123 -0.13808175914284979 0.10924875206818092
v 0.22140248396331741 -0.089223930047632891 0.10962193114722034
v 0.088844499423170395 -0.11672310958201824 0.10995990913786328
v -0.38148594840393857 -0.09435522809217603 0.1111312987442776
v -0.43054695164630563 -0.14384376965573348 0.11126549739639924
v -0.36626837591605421 -0.15602936462868675 0.11110752271997815
v -0.34622730680026237 -0.15758953914976684 0.11105774979950668
v 0.22917557442740857 -0.095486417334897253 0.10960393731486445
v -0.46936791771071895 -0.13092576730684216 0.1113596179261654
v 0.11381168176405743 -0.27833897236376648 0.10993490371737195
v 0.25905538180174892 -0.058790409375722184 0.10952068658916196
v -0.21185453514370461 -0.24216146550856468 0.11074120278495596
v -0.47177505543139941 -0.13203421520185776 0.11136589644486145
v 0.33289516079908954 -0.13437570116359068 0.10935348567837572
v 0.25575610046625374 -0.096367583248528149 0.10953764801644233
v 0.11004607929730478 -0.085073279986889988 0.10989953714465954
v 0.25168007302127349 -0.074305039713705667 0.10954273184269861
v -0.14944507237228247 -0.22838129984285732 0.11058188669283779
v -0.15498001985290819 -0.29142159946928048 0.11061034154009046
v 0.35919659821207639 -0.09428486049293977 0.10927839984113692
v 0.3594011602148538 -0.091955000961196201 0.109277348212286
v 0.35687272901065858 -0.08997213928281507 0.10928321377736487
v 0.20040925687744668 0.098458392892633473 0.10963095487993398
v 0.22408782227238935 0.1181558650386365 0.10956715621721722
v 0.22538252318569235 0.13290186439252122 0.109560500247894
v 0.21932632913468486 0.14353851544128429 0.10957318545781047
v 0.21213863859707105 0.15616244320080069 0.10958824070263565
v 0.21109371997952575 0.14426133970209024 0.1095936125490016
v 0.18857872861157285 0.14623815922587585 0.10964947768160188
v 0.19393597205929633 0.20725449817233912 0.10962193640536458
v 0.14420581859898007 0.17723414909923482 0.10975329755252067
v 0.14319188647791795 0.17661921581702048 0.1097559764718555
v 0.13840308089841413 0.17954955323524974 0.10976727706516168
v 0.13947523396896319 0.18069951699752065 0.10976432846612433
v 0.15372075301499427 0.21078540025746692 0.10972172008268841
v 0.13945353091545465 0.23181718190787909 0.10975253697247053
v 0.076215163052343396 0.21760321370443775 0.10991402720207508
v 0.074072318969804166 0.21891445009327132 0.10991908385424183
v 0.038097779469455313 0.22207301991297562 0.11000834539600007
v 0.028047267431926037 0.24544132320596704 0.11002807235476743
v 0.024908661734327542 0.24571689324995089 0.1100358600029297
v 0.022175036372220194 0.21458225978377352 0.1100499133819812
v 0.062935006733025115 0.21100352844068171 0.10994877806712787
v 0.061355170706557341 0.19300998137066813 0.10995689992293897
v 0.079850619339784018 0.17709645988063122 0.10991431963902595
v 0.089451282413529523 0.17625352029714481 0.10989049810022981
v 0.092544730873813555 0.21148635989250772 0.10987459486396441
v 0.12023066942822422 0.20905553044609648 0.1098058993546011
v 0.11426910708273476 0.14115629968382956 0.10983654739485492
v 0.12208026688981549 0.14076198564118689 0.10981709848675575
v 0.1390371135693628 0.12617228037668921 0.10977806038326868
v 0.17895062420839603 0.12266786831753416 0.10967902529742611
v 0.19082889331128011 0.099299550217608515 0.10965472606674073
v 0.085302859324106486 0.21204232472744791 0.10989258217622142
v 0.22638225907443987 0.056708401253884599 0.1095756560705025
v 0.22957654982371417 0.044706787318184046 0.10957044646943567
v 0.23087042297891605 0.059443359029746061 0.109563794748693
v 0.25831747857137088 0.057033503563593622 0.10949569197941521
v 0.26280995987499678 0.060971551203886289 0.10948354103902018
v 0.24472586028364754 0.069311431886178665 0.10952684736749188
v 0.084902849785802717 -0.081779784334746225 0.10996167192020836
v 0.085019609360819884 -0.080449950604791778 0.10996107165046025
v 0.024537957600691041 0.14722967394298359 0.11005961032542004
v 0.028011832545403459 0.18679538181193189 0.110041751353948
v 0.018863718765939935 0.18759858749221836 0.11006445004758743
v 0.024564151908630923 0.20615512474061296 0.11004588968173698
v 0.0091453497353417255 0.22691219519129124 0.1100796510061062
v -0.010676353598338479 0.21892443185986818 0.11013108781374559
v -0.0080697454831904561 0.24861240219291816 0.11011768737001504
v 0.028402036233584595 0.28550469204994999 0.11001790074813042
v -0.012822622793979999 0.30750140483859456 0.11011593043472639
v -0.027093048449455589 0.29685056458239756 0.11015409732680818
v -0.072944348522500244 0.30087631541875204 0.11026786548046119
v -0.074807757404376993 0.27965301499200501 0.11027744518831573
v -0.092057232220912444 0.27258594161435934 0.11032223393488083
v -0.089446123302543104 0.30232517363781242 0.11030881039738073
v -0.061399810806763648 0.29986270332938192 0.11023922070903806
v -0.060915999573369822 0.30537307251909029 0.11023673348061017
v -0.072460537289106411 0.30638668460846052 0.11026537825203331
v -0.072279889915311091 0.30844416843988753 0.1102644495375625
v -0.1231135694372949 0.31290737290108572 0.1103905801772702
v -0.12377802804448404 0.30533951987995023 0.1103939961201689
v -0.13984819217577429 0.30675048261130278 0.1104338701003318
v -0.19364949343907237 0.28198292184704687 0.11057419831843904
v -0.15687458853970276 0.27875407983187561 0.11048295088075874
v -0.16584503648142393 0.17658513791030195 0.11052906745597615
v -0.19506208013776155 0.15601675121283709 0.11060692290502187
v -0.21202719611148482 0.1531320091825667 0.11065003110661807
v -0.20788097223038002 0.14388310102632332 0.11064180227912027
v -0.2007841287543104 0.12805228837867461 0.11062771747739869
v -0.20425083154819437 0.088568267799848666 0.11064553959979581
v -0.17588185862489775 0.086077467830063814 0.11057514928537635
v -0.173295111530163 0.11553923094641476 0.11056185097583981
v -0.16488458969893763 0.12062479626027106 0.11053963283452009
v -0.12726741544018089 0.11732200290506542 0.11044629551585693
v -0.16127835300325005 0.14135409500179827 0.11052580778512471
v -0.17123425907913559 0.13901131553657872 0.11055125627788352
v -0.17007364256899585 0.15223016037954298 0.11054528958817432
v -0.12911227135967429 0.16278086302221004 0.11044037614944603
v -0.12836181180701176 0.16271497258557852 0.11043851409333746
v -0.100708801308334 0.18093180477430088 0.11036511616246955
v -0.092754958854409431 0.1802334562495666 0.11034538074860623
v -0.063537246530383229 0.21891122828105852 0.11026332702892701
v -0.012585928481988654 0.19717532356982656 0.11014090481113403
v -0.013179748506219228 0.19041200860066651 0.11014395760555795
v -0.0095609159890675324 0.19009427459159919 0.11013497841984242
v -0.0090586227572052244 0.18891849010202141 0.1101339943476289
v -0.027306180259869358 0.16937757936945932 0.11018417054673209
v -0.013000924278265007 0.15724074266339697 0.11015119722889342
v 1.2891554581803775e-05 0.1461995871201652 0.11012120065168018
v 0.006226417358196094 0.14646056383678033 0.11010559649865996
v 0.021507553238390653 0.14710239273718267 0.11006722066895806
v -0.027283619413739711 0.23158016289496369 0.11016969954483131
v -0.054181366435033622 0.017088561378747473 0.11028669199254125
v -0.04656209839600859 0.10386823570265843 0.11024752180447051
v -0.058454438881830113 0.10491238494853641 0.1102770295425287
v -0.062684015875222349 0.056739606110582402 0.11029877356749727
v -0.11111968186082719 0.033879719179470337 0.110425237110834
v -0.11247536660499943 0.018439144376907829 0.11043220659175028
v -0.092429622410053036 0.0064704275790519799 0.11038483399309845
v 0.041768199471628145 0.021096592605485211 0.11004573690109751
v 0.042324719903122837 0.021711846424173328 0.11004420215395248
v 0.043326826121235146 0.033125337934562113 0.11003905039247246
v 0.062923461320522442 0.045178898255178034 0.10998723445159975
v 0.052335963572511864 0.059938111199379057 0.11001029974305662
v 0.068945987053216279 0.080691323686520031 0.10996393906375032
v 0.070847735462567007 0.10235129246581524 0.10995416228064911
v 0.041435354271080742 0.10493370382099314 0.11002714149497375
v 0.028930008727640753 0.064416135004018646 0.11006781408208605
v 0.025162609994680427 0.021507336666317302 0.11008718209889402
v -0.04775025979998887 0.027909097261755979 0.11026809650228717
v -0.048563369804923567 0.018648178620666884 0.11027227668490441
v -0.038301220321577678 0.021497063430268155 0.11024594482391083
v -0.0090751800645507592 -0.01562332493485339 0.11018143542835147
v 0.038678559253869357 -0.019816110188114442 0.11006294684930792
v 0.042227842970008117 0.020608466202394843 0.11004470020537628
v 0.016392123431904763 -0.094179643049343259 0.11013593102732074
v 0.011401432118853725 -0.092998726610973026 0.11014814203675574
v 0.011029073983360501 -0.097239700695134809 0.1101500562957205
v 0.0044847895790996427 -0.096665111555310032 0.1101662942444166
v 0.0092937272468693443 -0.10677637640188258 0.1101566073966147
v -0.13954065236233168 -0.14044292091212274 0.11053673143258556
v -0.10956048291479953 -0.13237107135690773 0.1104598628741187
v -0.10689548622052572 -0.10201808412794419 0.11044616229551411
v -0.11043054728743311 -0.098466645834615674 0.1104541825639782
v -0.128903289487032 -0.068582218612668125 0.11049346847328768
v -0.1242299382008156 -0.051185422035841067 0.11047774620131492
v -0.15060888415152282 -0.048489303942135069 0.11054311065526037
v -0.16118890742644293 -0.062365155550250885 0.11057279304783814
v -0.12421705907053904 -0.11240722856371778 0.11049190125184374
v -0.14872319230592398 -0.1572430800668973 0.11056359558603833
v -0.15680316851237766 -0.14509067319645919 0.1105809921773372
v -0.15044106219080236 -0.16038605894203978 0.11056862132031686
v -0.14266207532787442 -0.17127790237015147 0.11055168551071531
v -0.45644208640568418 0.28220713080066862 0.11123154513829582
v -0.45402045492585463 0.30978830949622838 0.11121909570356775
v -0.4695516050070011 0.31844454621727214 0.11125594225459465
v -0.47902109029559703 0.29543039273719762 0.11128496422425403
v -0.4800004860838919 0.28427556175191238 0.11128999925493159
v 0.22538252318569235 0.13290186439252122 0.11399571754222217
v 0.22626294921532888 0.14292947918888402 0.11398327778247951
v 0.21932632913468486 0.14353851544128429 0.11400688188649442
v 0.14214959516576348 -0.021954543991643857 0.11443049939880728
v 0.1426069824154764 -0.021994702668769291 0.11442894298810793
v 0.14326682167984015 -0.014616465438465249 0.1144197480081522
v 0.1784589403972939 0.0089515539515584771 0.11427508156864401
v 0.2033127639205419 0.0060547615166112075 0.11419117622501442
v 0.20467487971165871 0.021568582689291644 0.11417193057573956
v 0.22362987593471415 0.03017231827016862 0.11409783381646763
v 0.14101210065090825 0.029632685020957412 0.11438625127360187
v 0.13771703352873996 -0.007896490996747137 0.11443280806065628
v 0.10721237605418628 0.032600305752707961 0.11450126581776898
v 0.22888930422812728 0.036879401382715497 0.11407323705894776
v 0.22957654982371417 0.044706787318184046 0.11406352682292022
v 0.26280995987499678 0.060971551203886289 0.11393251170372126
v 0.25831747970713004 0.057033503437398159 0.11395184783514245
v 0.26888987513940799 0.056105245583823196 0.11391587182247834
v 0.26579605877728685 0.020868215584010617 0.11395958508925018
v 0.25098292238593067 0.022168811129413938 0.11400999159507173
v 0.25251335196354896 0.016545187022996854 0.11400991394279739
v 0.2553377856451936 0.006166693568355669 0.11400977062681758
v 0.26597316169913787 -0.0036357313149932725 0.11398186868394958
v 0.27817556022884837 -0.01488245114742758 0.11394985571357759
v 0.31688961189928622 -0.050564460017815324 0.11384828935709085
v 0.34256096554972482 -0.068822434072508418 0.11377589123080406
v 0.35646829060054697 -0.09010892485777966 0.11374731969481411
v 0.35687272901065858 -0.08997213928281507 0.11374578242375984
v 0.3594011602148538 -0.091955000961196201 0.11373882425837001
v 0.3629703256895267 -0.051303980863691853 0.11368839470084405
v 0.34041548339311523 -0.068634060423610546 0.11378319193274321
v 0.3418345403434726 -0.052471707604753268 0.11376314174533224
v 0.32886526835386409 -0.051333003632589164 0.11380727389690798
v 0.33170080681552294 -0.019037630783957139 0.11376720990844427
v 0.34404323691987448 -0.027315751491223155 0.1137319345329858
v 0.3447473413878962 -0.019296351840817332 0.11372198608199098
v 0.36561969795537608 -0.021128947787036445 0.11365096108852742
v 0.37297914720528114 0.062691519719299552 0.11354697775242005
v 0.36978118181241082 0.0497383660030239 0.11357022796229405
v 0.36674292094129091 0.015134085602831533 0.11361315625122641
v 0.32711016676940852 0.018613847187264995 0.11374801957484697
v 0.33014842764052832 0.053218127587457364 0.11370509128591461
v 0.22039430076066205 0.076088491476159578 0.11406619728715908
v 0.22408782227238935 0.1181558650386365 0.11401401066814902
v 0.20040925687744668 0.098458392892633473 0.11411493641440493
v 0.21533498696335507 0.097147911615379973 0.11406414677916041
v 0.21139385712509587 0.052260402336306931 0.11411983191496657
v 0.11735936574238819 0.10575018543215418 0.11439754067757708
v 0.19082889331128011 0.099299550217608515 0.11414753674052275
v 0.17895062420839603 0.12266786831753416 0.11416709161074495
v 0.1390371135693628 0.12617228037668921 0.11430291031814398
v 0.12208026688981549 0.14076198564118689 0.11434836773239765
v 0.11426910708273476 0.14115629968382956 0.11437522014967244
v 0.11314384688140984 0.1283401454858919 0.11439111922148761
v 0.085457908326999177 0.13077097493230314 0.11448532964448795
v 0.086492851992502603 0.14255846882092613 0.11447070666118563
v 0.080611365547279837 0.14285537128234627 0.11449092548779914
v 0.075918212804908278 0.089402694994633936 0.11455723611325436
v 0.068945987053216279 0.080691323686520031 0.11458967495124582
v 0.065993802886912256 0.047067413640111279 0.11463138705244467
v 0.062923463171389207 0.045178899853653885 0.11464385175682366
v 0.043326826121235146 0.033125337934562113 0.11472340869928503
v 0.042227842970008117 0.020608466202394843 0.11473893646198551
v 0.063294192586183295 -0.0017633110254930068 0.11468643086291239
v 0.093972073061040287 -0.0044568334047388651 0.11458203941068054
v 0.091667807146836963 -0.030701276109544078 0.11461459691447155
v 0.11509630458156088 -0.032758301599052672 0.11453487385671689
v 0.11137478345167789 -0.07514457673101238 0.11458745609850068
v 0.1138963311981968 -0.074512549137696046 0.11457807809305974
v 0.13912800803833555 -0.056368918687963197 0.11447319212287706
v 0.2971568250889709 -0.083853149949210073 0.11394816658731724
v 0.11341823590412893 0.060862676153081136 0.11445322581338324
v 0.10391730893201802 -0.004928870222931433 0.11454782260482339
v 0.22638225907443987 0.056708401253884599 0.11406344210369999
v 0.24472586028364754 0.069311431886178665 0.11398773837141356
v 0.2081038063987419 -0.062258917395691678 0.11423832432193913
v 0.21200277429104505 -0.058440169476807836 0.11422116796473496
v 0.20899894097220409 -0.052063779469462695 0.11422567676033554
v 0.35785259639139544 -0.10959237273906088 0.11376070427998158
v 0.35919659821207639 -0.09428486049293977 0.11374171459716903
v 0.31863690303626613 -0.10290392251269001 0.11389111546976406
v 0.33289516079908954 -0.13437570116359068 0.11387083989725776
v 0.37510531830130123 -0.13808175914284979 0.113727206115216
v 0.37237157498850193 -0.12358583157711285 0.1137231853174674
v 0.26899401403245504 -0.14682142784834479 0.11410515925271734
v 0.27039688258686778 -0.13084345240462156 0.11408533781561402
v 0.2687691046940186 -0.13070053326748174 0.11409087682890212
v 0.24689714848682517 -0.12878017233148956 0.11416530329485138
v 0.25168007302127349 -0.074305039713705667 0.11409772423674135
v 0.21199444753586863 -0.14246293041216399 0.11429972262077108
v 0.21272166133756348 -0.14315829012357364 0.11429783822806569
v 0.27989542118366273 -0.17454203292717441 0.11409307616341575
v 0.29183016422812147 -0.1895559509259146 0.11406551663090163
v 0.30616659583114159 -0.18452551086066421 0.1140108545617068
v 0.31175596283328399 -0.18775036488890698 0.11399439013422137
v 0.32229597932834986 -0.19383155628389626 0.11396334276946028
v 0.34428776801212801 -0.20651998973723842 0.11389856230604832
v 0.33691037868913387 -0.24714105309323042 0.11396223506775903
v 0.33636563784685436 -0.24923224074596104 0.11396608781521725
v 0.36417832308515363 -0.2687354188250265 0.11388739110515596
v 0.366117096864501 -0.26908023088885491 0.11388095698745511
v 0.36693528703602363 -0.26825699689503757 0.11387733631345172
v 0.38329536870990621 -0.25179602270637069 0.11380493932292411
v 0.37034942357288236 -0.24368982022246011 0.11384247856084252
v 0.36756096876433231 -0.24194380790822809 0.11385056419855599
v 0.35575675258882966 -0.19810190631598862 0.11385072690657179
v 0.37020901093001102 -0.16036515529471854 0.11376509466217354
v 0.33864726408482937 -0.17592259963061085 0.11388962320842459
v 0.31803492384443277 -0.10310751861540036 0.11389340356175272
v 0.31349705789926974 -0.10464227551954472 0.11391065183131846
v 0.31076464010153926 -0.10189384612571206 0.11391760536954135
v 0.29555427308008531 -0.1107564294636932 0.11397889442516827
v 0.29064556692051247 -0.1304182792387821 0.11401437617227245
v 0.28025445455063758 -0.17203993732777154 0.11408948657556119
v 0.24449362521450532 -0.16890013130100262 0.11421117441989499
v 0.25825022097516803 -0.18669256592119562 0.11417986267564079
v 0.34095296580893542 -0.24450172834181366 0.11394568049464851
v 0.34265874351843895 -0.2250737686472874 0.11392157918051289
v 0.28994926482345684 -0.13256015439256327 0.11401880445516818
v 0.29013674534500422 -0.13042484413704686 0.11401615548622304
v 0.27041129120614515 -0.13067934547004501 0.11408513422026849
v 0.37630557398391407 -0.14444622590847869 0.1137289714214703
v 0.37862467068328065 -0.13839075878539811 0.11371523037618753
v 0.49590118050841736 -0.23472482968762817 0.11339656714786751
v 0.49604632636448609 -0.2370711754786721 0.11339825417087016
v 0.49647699668878531 -0.23216605465837323 0.11339216915188267
v 0.27213686351518362 -0.21863409742068529 0.11416132115497934
v 0.27537135281934944 -0.23169597021017493 0.11416225668400511
v 0.27648467051311754 -0.21901583549661655 0.11414652633552279
v 0.291665257424641 -0.28403964729696285 0.1141543934868262
v 0.29051735552796032 -0.29711367910335718 0.11417061246413782
v 0.33214892799516982 -0.30076893722553932 0.1140289474995656
v 0.34425892713295669 -0.28865737915314371 0.11397542640560886
v 0.48454700200097944 -0.28504916190380869 0.11348316701700409
v 0.46598676815097839 -0.29376157163231509 0.11355598962276024
v 0.4470267024879494 -0.3050575966627731 0.11363262017658558
v 0.44459662095997698 -0.3327350170234914 0.11366695539585132
v 0.44830092999632676 -0.33306025587669041 0.11365435027798816
v 0.46901814438659772 -0.31410355614109198 0.1135644367684075
v 0.17547784291562343 -0.30645027207318998 0.11458023721328614
v 0.14228535460336048 -0.28983331175412885 0.11468037928572236
v 0.14000684291145551 -0.31578442686256458 0.11471257292593096
v 0.21272276415970687 -0.3221688953144819 0.11446513332273185
v 0.2147429979090843 -0.29915943739929185 0.11443658900289656
v 0.42919936636738698 -0.34304200501647963 0.11373024565911638
v 0.42769237566185858 -0.34168933129603329 0.11373423314126299
v 0.42730644924267025 -0.34165544688902338 0.11373554637330685
v 0.15367415353180849 0.25305869873371201 0.11413331699378704
v 0.12949138506287994 0.25518194933021765 0.11421560674104554
v 0.10302184911078485 0.2264987069680704 0.1143346565954394
v 0.076215163052343396 0.21760321370443775 0.11443638822591634
v 0.085302858104217033 0.21204232506396914 0.11440991574111281
v 0.13945353091545465 0.23181718190787909 0.11420272601229312
v 0.15372075301499427 0.21078540025746692 0.11417266221496371
v 0.17824294348717354 0.20863234835019306 0.11408921748477081
v 0.17925692347838096 0.22018107647037932 0.11407489072428323
v 0.16444387782156208 0.22148166402340336 0.1141252969356487
v -0.47411675302292233 0.35128835566848704 0.11622929056735304
v -0.47902109029559703 0.29543039273719762 0.11629858508450984
v -0.4695516050070011 0.31844454621727214 0.11624407659519241
v -0.45402045492585463 0.30978830949622838 0.11619804229941628
v -0.4800004860838919 0.28427556175191238 0.11631242321616812
v -0.48723925848337535 0.2018295437081174 0.11641470152538695
v -0.48116403869971824 0.25664304131596138 0.11634230272605771
v -0.46578916605015774 0.2362994296428961 0.11630773576985837
v -0.47954658288056207 0.2120613546245477 0.11637833106777344
v -0.46590171216902088 0.17499573614161076 0.11636542093547834
v -0.4619181225214497 0.1746459763743646 0.11635186548165517
v -0.44813153430595898 0.18948428522693878 0.11628995331490151
v -0.43423257517297165 0.34778651900632274 0.11609357168056454
v -0.45644208640568418 0.28220713080066862 0.11623225809570971
v 0.20332157732748535 0.17164807718680361 0.11403638604901452
v 0.21213863859707105 0.15616244320080069 0.11402013211555991
v 0.21805912983017889 0.2235938943908545 0.11393648013035308
v 0.17985110989010317 0.22694856409249403 0.11406649531877544
v 0.20736609191471003 0.21771308738199971 0.1139792401586693
v 0.13840308089841413 0.17954955323524974 0.11425523472418765
v 0.14319188647791795 0.17661921581702048 0.11424128495161054
v 0.14420581859898007 0.17723414909923482 0.11423717682660217
v 0.13947523396896319 0.18069951699752065 0.11425042369045532
v -0.024306429953139818 0.1451781418681361 0.11485438070170111
v 1.2891554581803775e-05 0.1461995871201652 0.11476867614730307
v -0.013000924278265007 0.15724074266339697 0.11480370897508337
v -0.44306710568037733 0.19493505781042783 0.11626721024252458
v -0.41504020305623401 0.22510001455802012 0.11614134839915116
v -0.43042690594145516 0.2400184980377775 0.11618102677634783
v -0.41504822504936945 0.24881539091686938 0.11611921253727275
v -0.39361405982955511 0.22313011942130567 0.11606852183927054
v -0.36784732209625348 0.22086779608328017 0.11598084215762984
v -0.34428020727530217 0.22821987190059478 0.11589184247145548
v -0.33915820626077842 0.28868214554827865 0.11581748633844376
v -0.30166335166496905 0.2881223129065551 0.11568734444977744
v -0.29988043634827355 0.30842883177918179 0.11566215322750072
v -0.41527260276838918 0.32662563401383227 0.11604727489822722
v -0.39374654457904068 0.32473564294123025 0.11597402549941821
v -0.22784507364013698 0.31463708416889058 0.11540531647921561
v -0.20069719682284784 0.23711058559523032 0.11538316370714527
v -0.2302627678215487 0.2582440912623265 0.11546644535073594
v -0.23284919715610983 0.25773879457846605 0.11547593100090606
v -0.24062754223098265 0.16914731193996232 0.11558583303038188
v -0.26633561442818443 0.17140448444194117 0.11567331311286665
v -0.29534743128405028 0.19932591849351827 0.11574832117163562
v -0.29730087991303489 0.19833484823682812 0.11575605493433559
v -0.30151930253159642 0.15028911238970771 0.11581565801858872
v -0.35051758911113895 0.15459116907372039 0.11598239061801509
v -0.34903539143913909 0.17208765947670224 0.11596087353455255
v -0.35191788937757185 0.17062524172349872 0.11597228543225632
v -0.35707498581282515 0.11188847758157841 0.11604515123892567
v -0.26614760868112375 0.103905040651248 0.11573574129286489
v -0.26807365560605212 0.081968323793330161 0.11576295483948708
v -0.24126875496100864 0.069214344416967971 0.11568146252135364
v -0.25212912406304588 0.020162696591054099 0.11576515207074303
v -0.26320812549916894 0.039896881773285119 0.11578531797939275
v -0.29549226745645496 0.042731434143603003 0.11589517529360982
v -0.29202724621710363 0.033124601079258853 0.11589207841490447
v -0.31242113550835848 0.020591795865980408 0.11597486154435468
v -0.31449214185659302 -0.0029959365592446855 0.11600412328539207
v -0.29205052662975817 -0.015138793125370921 0.1159372653502177
v -0.26270084582188191 -0.0029489244589629734 0.11582359285272496
v -0.22597240011840938 -0.019884787735656981 0.11571142641394221
v -0.22714941606537159 -0.043622065485216063 0.11573771246598304
v -0.21192908822576753 -0.062656472852908957 0.11570246052081537
v -0.2811653048037388 -0.14380157300602525 0.11601957671896537
v -0.25295518332086886 -0.19786712731459086 0.11597179617244972
v -0.24447275947978347 -0.19861188539834043 0.11594293198918312
v -0.24869215834643982 -0.20603734417132813 0.11596457573082448
v -0.24476023194323226 -0.21357300048149874 0.1159579160597677
v -0.21185453514370461 -0.24216146550856468 0.11586996173473629
v -0.19401992515877134 -0.2401169401002296 0.11580589944969921
v -0.16227076728367684 -0.18202941417287852 0.11564097022549152
v -0.18130992410171659 -0.16769037154368219 0.11569391851824574
v -0.17805532790631218 -0.13062213900587796 0.11564793356489531
v -0.2013269279111447 -0.11831351027192231 0.11571752897409893
v -0.22569790231520201 -0.14098630864459233 0.11582364837872829
v -0.24472578188609601 -0.13238198793742273 0.1158819168618393
v -0.17679363484633928 -0.064550569947261632 0.11558178783484394
v -0.15856380040263449 -0.075318629424413919 0.11552832260341177
v -0.16376982984342853 -0.13461271609618611 0.11560187979295287
v -0.15680317011085351 -0.14509067471080472 0.11558739427857395
v -0.14872319117016483 -0.15724308179156862 0.11557059383463807
v -0.14228058026233803 -0.16693286330141832 0.11555719793394416
v -0.14015803034510319 -0.142758075265253 0.11552720791889494
v -0.10012299827148552 -0.14627315689833853 0.11539097571103173
v -0.083320779690899627 -0.12570200736155654 0.11531319669437087
v -0.078176510267197102 -0.13087010913479977 0.11530009949833578
v -0.077664495609976292 -0.13107113871626688 0.11529850308367494
v -0.075314657611909405 -0.12612170578966325 0.11528568856547497
v -0.069527119692037939 -0.13426607360924497 0.11527313119156163
v -0.067538865387104768 -0.1350467099041755 0.11526693192361578
v -0.054181366435033622 0.017088561378747473 0.1150782007209086
v -0.10689548622052572 -0.10201808412794419 0.11537321731734297
v -0.13954065236233168 -0.14044292091212274 0.1155228927491984
v -0.12421705907053904 -0.11240722856371778 0.11544329037637067
v -0.16118890742644293 -0.062365155550250885 0.11552536479210566
v -0.1242299382008156 -0.051185422035841067 0.11538611886834665
v -0.128903289487032 -0.068582218612668125 0.11541866354226567
v -0.11043054728743311 -0.098466645834615674 0.11538221749357036
v -0.092429622410053036 0.0064704275790519799 0.11522141477684338
v -0.11247536673119489 0.018439142652236513 0.11528008615999974
v -0.1144958126151441 -0.0045727314012710598 0.11530863350852612
v -0.13699530570806953 -0.016511062561303965 0.11539819884482681
v -0.11028389566711047 0.043398908443750196 0.11524912233663458
v -0.11111968186082719 0.033879719179470337 0.1152609313714576
v -0.062684015875222349 0.056739606110582402 0.11507077453861497
v -0.058454438881830113 0.10491238494853641 0.11501101383622968
v -0.04656209839600859 0.10386823570265843 0.11497054631674329
v -0.035604266855977659 0.22867248862531869 0.11481572055362309
v -0.063537246530383229 0.21891122828105852 0.11492218628066563
v -0.092754958854409431 0.1802334562495666 0.11506015384439348
v -0.100708801308334 0.18093180477430088 0.11508721936373861
v -0.12836181180701176 0.16271497258557852 0.11520061183350092
v -0.12911227135967429 0.16278086302221004 0.11520316552487218
v -0.12726741544018089 0.11732200290506542 0.11523922116687288
v -0.16488458969893763 0.12062479626027106 0.11536722585125807
v -0.17329511136190237 0.11553923283934668 0.11540128836213019
v -0.17588185862489775 0.086077467830063814 0.11543783709186653
v -0.20425083154819437 0.088568267799848666 0.11553437174082286
v -0.2007841287543104 0.12805228837867461 0.11548538989763822
v -0.20788097302961794 0.143883099301652 0.11549532648625961
v -0.21202719611148482 0.1531320091825667 0.11550113177197274
v -0.19506208013776155 0.15601675121283709 0.11543931433594598
v -0.18109007642120023 0.16585284479308607 0.11538143100138533
v -0.16584503648142393 0.17658513791030195 0.11531827370607219
v -0.15687458853970276 0.27875407983187561 0.11519152815794279
v -0.19364949343907237 0.28198292184704687 0.11531666673305768
v -0.13984819217577429 0.30675048261130278 0.11510602841877973
v -0.12377802804448404 0.30533951987995023 0.11505134447570482
v -0.1231135694372949 0.31290737290108572 0.11504195616430113
v -0.072279889915311091 0.30844416843988753 0.11486897806732463
v -0.072460537289106411 0.30638668460846052 0.1148715304546761
v -0.060915999573369822 0.30537307251909029 0.11483224643829855
v -0.061399810806763648 0.29986270332938192 0.1148390823202856
v -0.029598904547433868 0.29707057913538004 0.11473086937500497
v -0.02827550611300457 0.31214342927916638 0.11471217078305836
v -0.42968180637278519 0.34738696086918697 0.11607808623540902
v -0.23034982090065484 0.03087211497196091 0.1156792450567586
v -0.10956048291479953 -0.13237107135690773 0.115410871687588
v -0.15060888415152282 -0.048489303942135069 0.11547552662858031
v -0.13157110134967456 0.045267928228263296 0.11532155899460245
v -0.21564937621565991 -0.080981488162717705 0.11573255140810398
v -0.19415010894433107 0.31167866136165656 0.11529065839516379
v -0.23402811991650449 0.30264698885018959 0.1154380692915168
v -0.39618583614629399 0.29695332533686802 0.11600849078414023
v -0.41886605077388128 0.28569804781156161 0.11609804758121466
v 0.067171655593918536 -0.086224119840124 0.11475185340883556
v 0.069484275984234775 -0.085644461596846869 0.11474325243091998
v 0.070963172046424564 -0.068800570414241771 0.11472235677597803
v 0.059787714328727121 -0.032610507615341851 0.11472747955456693
v 0.044938951191680857 -0.03849803873906938 0.114784728083888
v 0.040950727941197147 -0.083921918567811088 0.1148410786063007
v -0.49506263308575493 -0.073977382955452614 0.11669972747947699
v -0.47338893676409133 -0.098184969865262831 0.11664682104155102
v -0.46921263528828661 -0.10284952414994583 0.11663662650940509
v -0.46484687353652487 -0.053125668558296479 0.11657494166274383
v -0.46031436210688426 -0.049997809624186124 0.11655622317397936
v -0.4638987046470685 -0.042326496347133737 0.11656154475248624
v -0.46567962022840637 -0.038514929412760662 0.11656418884187353
v -0.46830919415092198 -0.040329227311429891 0.11657504817171385
v -0.46972850323981263 -0.056494451960418419 0.11659510193466292
v -0.3794451090388562 -0.092962502624225868 0.11631455722349758
v -0.38148594840393857 -0.09435522809217603 0.11632297088528222
v -0.3562334415725632 -0.13816872863849486 0.1162759159626737
v -0.33311972571994031 -0.097029878024193633 0.11615692003580731
v -0.32855482025169724 -0.088905050099639282 0.11613341861283341
v -0.3683761422031635 -0.085408732259489126 0.11626892359831364
v -0.16062933167661508 -0.14612082900613019 0.11560169075215063
v -0.15044106219080236 -0.16038605894203978 0.11557951774674118
v -0.47177505543139941 -0.13203421520185776 0.11667283156683293
v -0.47655412574610911 -0.13423489845054593 0.11669154273626059
v -0.48814312548835936 -0.26622784306148606 0.11685528643823206
v -0.48359235673023804 -0.26662740124068696 0.11683980095101137
v 0.20736609191471003 0.21771308738199971 0.10553979546328748
v 0.17925692347838096 0.22018107647037932 0.1055843988707839
v 0.17824294348717354 0.20863234835019306 0.10559350749097839
v 0.19393597205929633 0.20725449817233912 0.10556860588728721
v 0.18857872861157285 0.14623815922587585 0.10561673006404619
v 0.21109371997952575 0.14426133970209024 0.10558100345568036
v 0.21213863859707105 0.15616244320080069 0.10557161691101315
v 0.20332157732748535 0.17164807718680361 0.1055761273892199
v 0.08884576827647675 0.16935701552445243 0.10576573030811415
v 0.089451282413529523 0.17625352029714481 0.10576029094717598
v 0.079850619339784018 0.17709645988063122 0.10577552522129677
v 0.061355170706557341 0.19300998137066813 0.10579566513368129
v 0.062935006733025115 0.21100352844068171 0.10578147344440332
v 0.022175036372220194 0.21458225978377352 0.10584615110057881
v 0.024908661734327542 0.24571689324995089 0.10582159489386743
v -0.0080697454831904561 0.24861240219291816 0.10587392482885731
v -0.010676353598338479 0.21892443185986818 0.10589734001826544
v 0.0091453497353417255 0.22691219519129124 0.10585961804931789
v 0.024564151908630923 0.20615512474061296 0.10584765551874779
v 0.018863718765939935 0.18759858749221836 0.10586898166847615
v 0.025015700220507454 0.18705844264660373 0.10585921973437433
v 0.028011832545403459 0.18679538181193189 0.10585446553066509
v 0.024537957600691041 0.14722967394298359 0.10588567135486143
v 0.021507553238390653 0.14710239273718267 0.10589073347549821
v 0.021156248039450327 0.14310120101003521 0.1058938892454192
v 0.0016457697632275949 0.14481422385340942 0.10592484835748713
v 1.2891554581803775e-05 0.1461995871201652 0.10592663902902931
v -0.024306429953139818 0.1451781418681361 0.10596726298882354
v -0.027317983111114746 0.14505165245472962 0.10597229360265994
v -0.011846737468984925 0.082472599135250679 0.1059871958565199
v 0.030191303304409445 0.078781653020514111 0.10592049019720316
v 0.028930008727640753 0.064416135004018646 0.10593182040437778
v 0.041435354271080742 0.10493370382099314 0.10588515908541558
v 0.070847735462567007 0.10235129246581524 0.10583848771288157
v 0.068945987053216279 0.080691323686520031 0.10585557112910864
v 0.075918212804908278 0.089402694994633936 0.10583849936492923
v 0.080611365547279837 0.14285537128234627 0.10579634070005511
v 0.086492851992502603 0.14255846882092613 0.10578686657573722
v 0.0056136536704314843 0.14446584306604288 0.10591855212936123
v 0.052335963572511864 0.059938111199379057 0.10589624140263747
v 0.062923461320522442 0.045178898255178034 0.1058883533449525
v 0.065993802886912256 0.047067413640111279 0.10588209064275438
v 0.042324719903122837 0.021711846424173328 0.10593732744814879
v 0.041768199471628145 0.021096592605485211 0.10593863849280466
v 0.042227842970008117 0.020608466202394843 0.10593819769205552
v 0.34041548339311523 -0.068634060423610546 0.10550567385087392
v 0.3629703256895267 -0.051303980863691853 0.10545743992612806
v 0.36561969795537608 -0.021128947787036445 0.10543364059773325
v 0.3447473413878962 -0.019296351840817332 0.1054667607229595
v 0.34404323691987448 -0.027315751491223155 0.10547308568158562
v 0.33170080681552294 -0.019037630783957139 0.10548803429124533
v 0.32886526835386409 -0.051333003632589164 0.10551350600396917
v 0.3418345403434726 -0.052471707604753268 0.10549292642659465
v 0.22917557442740857 -0.095486417334897253 0.10570578679056941
v 0.25905538180174892 -0.058790409375722184 0.10563303540111904
v 0.25926088042724604 -0.056449882247110388 0.10563118941389929
v 0.2607526609619869 -0.056580860811690503 0.10562882228148619
v 0.26238106284933105 -0.038034173329439369 0.1056141943344957
v 0.24476802950687532 -0.026349048526637598 0.105635608947243
v 0.21200277429104505 -0.058440169476807836 0.10571013472902095
v 0.22220401671242784 -0.080094870520993358 0.10570732502912224
v 0.22140248396331741 -0.089223930047632891 0.10571452519534323
v -0.038377187129337464 -0.14649630686170736 0.10617834778264643
v -0.027969693242395764 -0.17826534069034478 0.10618171699115901
v 0.015146299367161914 -0.18205093108808043 0.10611330083648365
v 0.016159809785054796 -0.18188410220151646 0.10611152774817584
v 0.02329370408053931 -0.18070982048956666 0.10609904739555955
v 0.028079332142437512 -0.2492294501015771 0.10613533830796679
v 0.059711717023730654 -0.25504712067943514 0.10608710354191783
v 0.088886266167004346 -0.23114500191629639 0.10602375581765236
v 0.085400878284088169 -0.21345929260721147 0.10601808657064736
v 0.052426007778526108 -0.18855023619062841 0.10605622464809866
v 0.036490842504782718 -0.1386614567591111 0.10605026266968673
v 0.032287622779737096 -0.12550228958191806 0.10604869010596822
v 0.035028880443392869 -0.094280727591555674 0.10602406533305575
v 0.016392123431904763 -0.094179643049343259 0.10605462735006957
v 0.0092937272468693443 -0.10677637640188258 0.1060744102554918
v 0.0044847895790996427 -0.096665111555310032 0.10607579722775071
v -0.030187649410829916 -0.093620866369181488 0.10613081521021382
v 0.0168197239674579 -0.031287076664548476 0.10601339533847375
v 0.011401432118853725 -0.092998726610973026 0.10606206791864591
v 0.035698583818117621 -0.086653139233322782 0.1060180493850512
v 0.040473710734962101 -0.089354907097867461 0.10601194316522609
v 0.044938951191680857 -0.03849803873906938 0.10597183185346409
v 0.059787714328727121 -0.032610507615341851 0.10594363570690876
v 0.070963172046424564 -0.068800570414241771 0.10594859190748768
v 0.069484276110430246 -0.085644459998371017 0.10596187688237038
v 0.082434770930384399 -0.082398409927921315 0.10593850253822683
v 0.085019609360819884 -0.080449950604791778 0.1059329990699939
v 0.089404993960092716 -0.030502600788552943 0.10589360509530368
v 0.091667807146836963 -0.030701276109544078 0.10589001445582027
v 0.093972073061040287 -0.0044568334047388651 0.10586931524514767
v 0.063294192586183295 -0.0017633110254930068 0.10591799468193992
v 0.038678559253869357 -0.019816110188114442 0.10597008097555763
v -0.0090751800645507592 -0.01562332493485339 0.10604585626067108
v -0.038301220321577678 0.021497063430268155 0.10606996438936167
v -0.048563369804923567 0.018648178620666884 0.10608866483217506
v 0.025162609994680427 0.021507336666317302 0.10596566299862462
v 0.026238910310831101 0.055696922456736221 0.10594186173523272
v -0.024511967488904423 0.039364514648456438 0.10603578935420248
v -0.035515701366323267 0.045190969482106165 0.10605011788142654
v -0.03048774390233382 0.10245690502740364 0.10600495168423425
v -0.04656209839600859 0.10386823570265843 0.1060304583531011
v -0.024396999426732516 -0.027668242338595161 0.10607879773518814
v -0.04775025979998887 0.027909097261755979 0.10608136063882813
v -0.067538865513300239 -0.13504671133439075 0.106218892912342
v 0.088844499423170395 -0.11672310958201824 0.10595008854360315
v 0.097242123951972625 -0.11284251537041197 0.10593378737098054
v 0.099342346021966038 -0.088922030203848035 0.10591492102319962
v 0.11219140926218699 -0.08633674764951621 0.10589213920881582
v 0.11004607929730478 -0.085073279986889988 0.10589485060244956
v 0.084808235537323612 -0.082857393634360219 0.10593489784898195
v 0.084902849785802717 -0.081779784334746225 0.10593404792254464
v 0.07629670820431031 -0.087025300798351191 0.10595157134028294
v 0.069416079914445344 -0.086421180616372884 0.10596248947720863
v 0.067800953537324266 -0.10481666687950138 0.10597699816948741
v 0.28994926482345684 -0.13256015439256327 0.10562980404011624
v 0.27039688258686778 -0.13084345240462156 0.10566082961512754
v 0.26899401403245504 -0.14682142784834479 0.10567343162016932
v 0.24449362521450532 -0.16890013130100262 0.1057279228627736
v 0.28025445455063758 -0.17203993732777154 0.10567117785334636
v 0.29064556692051247 -0.1304182792387821 0.10562727945783158
v 0.29013674551326485 -0.13042484237031038 0.10562811987754409
v 0.37020901093001102 -0.16036515529471854 0.1055158254344976
v 0.35575675258882966 -0.19810190631598862 0.10556389425351387
v 0.36756096876433231 -0.24194380790822809 0.10557274816920066
v 0.37034942357288236 -0.24368982022246011 0.10556929087625554
v 0.3849063412792616 -0.13894229037375436 0.10547786689112375
v 0.37862467068328065 -0.13839075878539811 0.10548783456589397
v 0.37630557398391407 -0.14444622590847869 0.10549554801112451
v 0.37853381588174806 -0.15626168504802651 0.10549950028473719
v 0.11381168176405743 -0.27833897236376648 0.10601320684451851
v 0.11181261322312906 -0.2765586958362487 0.10601534480597241
v 0.11354498443888428 -0.28176127791147398 0.1060158505553194
v 0.025387005717586064 -0.27402099452373274 0.10615573902430633
v 0.023249920901481456 -0.28110062144736281 0.10616381330442821
v 0.05970007376767969 -0.28288212362727372 0.1061050601466124
v 0.12472888496951812 -0.31809565371845794 0.10602088588045305
v -0.089446123302543104 0.30232517363781242 0.10597304290924882
v -0.092057232220912444 0.27258594161435934 0.10599649856533513
v -0.074807757404376993 0.27965301499200501 0.10596359705271441
v -0.072944348522500244 0.30087631541875204 0.10594685802390344
v -0.11111968186082719 0.033879719179470337 0.10618165267353848
v -0.11028389566711047 0.043398908443750196 0.1061741448007157
v -0.13157110134967456 0.045267928228263296 0.10620792320353747
v -0.13699530570806953 -0.016511062561303965 0.10625664886993404
v -0.1144958126151441 -0.0045727314012710598 0.10621198051383976
v -0.11247536673119489 0.018439142652236513 0.10619383083008818
v -0.059548526700756124 -0.18597767367616058 0.10623858281170866
v -0.06300439359509058 -0.17684880920564031 0.10623837925842827
v -0.071141454991872202 -0.17607841379865549 0.10625125502349252
v -0.067696506066202811 -0.13684215878590728 0.10622030903575266
v -0.069527119692037939 -0.13426607360924497 0.10622165730806983
v -0.075314657611909405 -0.12612170578966325 0.10622591998045415
v -0.077664495609976292 -0.13107113871626688 0.1062329711939647
v -0.091255961243255593 -0.15969866456200302 0.10627375521167004
v -0.092516422214866736 -0.17405468855736272 0.10628507797331242
v -0.093303052962508112 -0.18301402132897671 0.10629214428821328
v -0.0719152778255428 -0.18489187109410393 0.10625820629019708
v -0.15352022856379238 -0.27479530232656424 0.10645024940867702
v -0.15498001985290819 -0.29142159946928048 0.10646336271566612
v -0.12959879844560818 -0.29365007436600277 0.10642308798078068
v -0.12488651400846405 -0.23997949755168929 0.10638075747975233
v -0.14270407275701311 -0.23841511331825382 0.10640903022695317
v -0.14188140975559668 -0.22904539050614414 0.10640164026275716
v -0.14944507237228247 -0.22838129984285732 0.1064136422083766
v -0.15096603623861363 -0.24570432162710146 0.10642730505453801
v -0.14327802170725859 -0.25409004790088896 0.10642007472760158
v -0.19415010894433107 0.31167866136165656 0.10613908307417458
v -0.22784507364013698 0.31463708416889058 0.10619255003027807
v -0.23402811991650449 0.30264698885018959 0.10621043777431549
v -0.21743022794209399 0.30118969151992636 0.10618410036072157
v -0.21338847173528008 0.28171867082090674 0.10619000576150132
v -0.23160510689082092 0.2719083640213853 0.10622626449406571
v -0.23284919715610983 0.25773879457846605 0.10623744015386441
v -0.2302627678215487 0.2582440912623265 0.10623286405401737
v -0.20069719682284784 0.23711058559523032 0.10619789567005306
v -0.34428020727530217 0.22821987190059478 0.10643958555560748
v -0.33176414538148036 0.23212442432068264 0.1064165007879843
v -0.30354820367976765 0.26665478585513946 0.10634787935535725
v -0.30166335166496905 0.2881223129065551 0.10633094771020596
v -0.33915820626077842 0.28868214554827865 0.10639220500664157
v -0.17123425907913559 0.13901131553657872 0.10621269431743863
v -0.16127835300325005 0.14135409500179827 0.10619482331533252
v -0.17007364256899585 0.15223016037954298 0.10620226851107578
v -0.44425852822748935 0.068824379532666319 0.10670660514192573
v -0.39350697557648773 0.080739786025052315 0.10661552285204018
v -0.4044041394473471 0.11461671225213078 0.10661159993990502
v -0.43343466423362376 0.13477424724403439 0.10664631799413765
v -0.43276505479038807 0.14240076580126979 0.10664030284537104
v -0.44756552927592297 0.1437002496067171 0.10666378815739096
v -0.45332122711320555 0.078145713115481449 0.10671549165810691
v -0.4449949126113506 0.077414661457392897 0.10670227954007099
v -0.44587993404873993 0.067334707639966948 0.10671022968592331
v -0.45999489164825824 0.054366544067167309 0.10674178280003138
v -0.45787199591339212 0.07854527125261726 0.10672271277277462
v -0.46963443415572981 0.079578015036760028 0.10674137733401162
v -0.47869419420152437 0.063369591493703206 0.10676671098889991
v -0.46943395377691388 0.045694374832510896 0.10676288322814319
v -0.22714941606537159 -0.043622065485216063 0.10642227667015479
v -0.22597240011840938 -0.019884787735656981 0.10640504560523704
v -0.26270084582188191 -0.0029489244589629734 0.10645449029131153
v -0.29205052662975817 -0.015138793125370921 0.10651057820096758
v -0.31242113550835848 0.020591795865980408 0.10652102916229254
v -0.29202724621710363 0.033124601079258853 0.10647943799841153
v -0.29549226745645496 0.042731434143603003 0.10647894146133328
v -0.31401341306130537 0.044357593411389978 0.10650833070185257
v -0.34278947353191946 0.0091121020479080703 0.10657833347000788
v -0.41453026667001358 0.025689001070675364 0.10668554787266198
v -0.40436094475979423 0.0051648100852339897 0.10668206210160756
v -0.37798994049984336 0.013439958679041545 0.1066333920032795
v -0.35360936771100315 -0.022934071906587583 0.10661676583527681
v -0.35690406083188686 -0.027481828463158716 0.10662511088879523
v -0.2954330228935097 -0.03457025453364497 0.10652865893993171
v -0.27917210363669098 -0.050283352979670813 0.10651206204927624
v -0.27747262636182879 -0.050432567335372838 0.10650936533638125
v -0.22770378831357993 -0.054802278542381899 0.10643039246858368
v -0.31449214185659302 -0.0029959365592446855 0.10653963306557744
v -0.46567962022840637 -0.038514929412760662 0.10681097972603081
v -0.46389870456293825 -0.042326495253439733 0.10681050926934806
v -0.45802125313348607 0.024614754080888684 0.10675771207462714
v -0.46289275910028216 0.021361274673258789 0.10676781435789029
v -0.46830919415092198 -0.040329227311429891 0.10681647028026145
v -0.13987464968538299 -0.17055141823061853 0.10636064764395294
v -0.14228058043059866 -0.16693286523641543 0.10636226959216229
v -0.14266207532787442 -0.17127790237015147 0.10636569655613134
v -0.16062933167661508 -0.14612082900613019 0.10637901173379466
v -0.15680317011085351 -0.14509067471080472 0.10637206004643855
v -0.16376982984342853 -0.13461271609618611 0.1063767566629519
v -0.15856380040263449 -0.075318629424413919 0.10632999085414709
v -0.17679363484633928 -0.064550569947261632 0.10635301008426026
v -0.2013269279111447 -0.11831351027192231 0.10642797342777051
v -0.17805532790631218 -0.13062213900587796 0.10639766144603227
v -0.18130992410171659 -0.16769037154368219 0.1064268975273257
v -0.16227076728367684 -0.18202941417287852 0.10640484949748892
v -0.1611336619135616 -0.18288580724425474 0.10640353268990696
v -0.22569790231520201 -0.14098630864459233 0.10648263490805318
v -0.24472578188609601 -0.13238198793742273 0.10650836002126493
v -0.34624770486649714 -0.22765497622395223 0.10673659439980218
v -0.32717491502280804 -0.18871143785327626 0.10668015461513261
v -0.34622730680026237 -0.15758953914976684 0.1066914091891603
v -0.36626837591605421 -0.15602936462868675 0.10672333874433183
v -0.36786850783249769 -0.1559047961626045 0.10672588810299223
v -0.36907369136377555 -0.16102239367060822 0.10673116656471621
v -0.40585241994358201 -0.22648286006819737 0.10683379186939068
v -0.43056791683494722 -0.20631674593019317 0.1068614131956161
v -0.42986877142793489 -0.2047077132374813 0.10685922732195173
v -0.44437598532689082 -0.21771337175359215 0.10689144922994383
v -0.45527946885616699 -0.18746741093810934 0.10688987658209502
v -0.42358672556871479 -0.19025003841880553 0.10683958672294561
v -0.41487702664492987 -0.17020529545865556 0.1068123561820012
v -0.43054695164630563 -0.14384376965573348 0.10682111978380228
v -0.46936791771071895 -0.13092576730684216 0.10687659249058054
v -0.47177505543139941 -0.13203421520185776 0.10688126264811201
v -0.48359235673023804 -0.26662740124068696 0.10698741759779654
v -0.26878014722950039 -0.28548794449306392 0.10664655507334581
v -0.30927452906052733 -0.25525709213482617 0.10669362105908985
v -0.46560665775601306 -0.20577395817301558 0.10691864510920132
v -0.41527260276838918 0.32662563401383227 0.11923018765431194
v -0.41886605077388128 0.28569804781156161 0.11932478314173232
v -0.39618583614629399 0.29695332533686802 0.11926855427174511
v -0.39374654457904068 0.32473564294123025 0.11920434130932626
v 0.21213863859707105 0.15616244320080069 0.11872941293244521
v 0.21932632913468486 0.14353851544128429 0.11874703495090455
v 0.22626294921532888 0.14292947918888402 0.11873870613453559
v 0.23905911203294089 0.28867141089955495 0.11840185431219652
v -0.02827550611300457 0.31214342927916638 0.11872284307049229
v -0.029598904547433868 0.29707057913538004 0.11875768080008817
v -0.027093048449455589 0.29685056458239756 0.11875467200581538
v -0.012822622793979999 0.30750140483859456 0.11871148022075813
v 0.028402036233584595 0.28550469204994999 0.11870220927113422
v 0.024908661734327542 0.24571689324995089 0.1187941703862179
v 0.028047267431926037 0.24544132320596704 0.11879040189526323
v 0.038097779469455313 0.22207301991297562 0.11882755564811005
v 0.074072318969804166 0.21891445009327132 0.11878436100262232
v 0.076215161790388772 0.21760321408302413 0.11878424654333819
v 0.10302184911078485 0.2264987069680704 0.11872743549161908
v 0.12949138506287994 0.25518194933021765 0.1186277788089953
v 0.15367415353180849 0.25305869873371201 0.11859874253718355
v 0.16444387782156208 0.22148166402340336 0.11865286335404139
v 0.17925692347838096 0.22018107647037932 0.11863507732354643
v 0.17985110989010317 0.22694856409249403 0.11861943569047398
v 0.21805912983017889 0.2235938943908545 0.11857355934935127
v 0.11014999625459911 0.29998965003307787 0.11855663552831859
v -0.42968180637278519 0.34738696086918697 0.119204811766009
v -0.43423257517297165 0.34778651900632274 0.11921027586125774
v -0.44813153430595898 0.18948428522693878 0.11957615815041732
v -0.44306710568037733 0.19493505781042783 0.11955717225346865
v 0.006226417358196094 0.14646056383678033 0.11903746421609576
v 1.2891554581803775e-05 0.1461995871201652 0.11904669028220033
v 0.0016457697632275949 0.14481422385340942 0.11904744842247153
v 0.0056136536704314843 0.14446584306604288 0.11904268416519047
v 0.021156248039450327 0.14310120101003521 0.11902402216992787
v 0.021507553112195189 0.14710239113870682 0.11901477427200838
v -0.024306430836508054 0.14517814132128909 0.11908280048270581
v -0.013000924278265007 0.15724074266339697 0.11904064812760479
v -0.027306180259869358 0.16937757936945932 0.1190340064183688
v -0.0090586227572052244 0.18891849010202141 0.11896581455509476
v -0.0095609151898296031 0.19009427450746888 0.11896394042628697
v -0.013179748506219228 0.19041200860066651 0.11896828554637318
v -0.012585928566118962 0.19717532260232801 0.11895265358828613
v -0.027283619413739711 0.23158016289496369 0.11889781392001098
v -0.035604266855977659 0.22867248862531869 0.11891576858970845
v -0.04656209839600859 0.10386823570265843 0.11920422735482396
v -0.03048774390233382 0.10245690502740364 0.11918492689465339
v -0.035515701366323267 0.045190969482106165 0.1193172850280253
v -0.024511967488904423 0.039364514648456438 0.11931471207081348
v 0.026238910310831101 0.055696922456736221 0.11920826994232235
v 0.02893000860144529 0.064416133153151867 0.11918543520997477
v 0.030191303304409445 0.078781653020514111 0.11915223234259052
v -0.011846737468984925 0.082472599135250679 0.11920270745667831
v -0.027317983111114746 0.14505165245472962 0.11908727213477538
v 0.095586180704260906 -0.13170288552468001 0.11952189342866752
v 0.10328392814476149 -0.12728082915509531 0.11950149145037336
v 0.09603035474224389 -0.12664396432145569 0.11951020078812571
v 0.21139385712509587 0.052260402336306931 0.12026750762243205
v 0.21533498696335507 0.097147911615379973 0.12026750762243205
v 0.20040925687744668 0.098458392892633473 0.12026750762243205
v 0.19082889331128011 0.099299550217608515 0.12026750762243205
v 0.11735936574238819 0.10575018543215418 0.12026750762243205
v 0.11341823590412893 0.060862676153081136 0.12026750762243205
v 0.10391730893201802 -0.004928870222931433 0.11878425403093561
v 0.13771703352873996 -0.007896490996747137 0.11878425403093561
v 0.14101210065090825 0.029632685020957412 0.11878425403093561
v 0.10721237605418628 0.032600305752707961 0.11878425403093561
v 0.21686719526601181 -0.085570018136575374 0.11937309699027086
v 0.21769227360650789 -0.076172785975680307 0.11937309699027086
v 0.20804395235377982 -0.075325661960996076 0.11937309699027086
v 0.19585522529358729 -0.074255489948876388 0.11937309699027086
v 0.18418587664822059 -0.073230919466228103 0.11937309699027086
v 0.18298955275349038 -0.086856453583631407 0.11937309699027086
v 0.18122929343430288 -0.10690493222391595 0.11937309699027086
v 0.18061964239967634 -0.11384855434390545 0.11937309699027086
v 0.17851001687482379 -0.13787614029514242 0.11937309699027086
v 0.19139181959269214 -0.13900716443213404 0.11937309699027086
v 0.21201641379104599 -0.14081800680459464 0.11937309699027086
v 0.21473569039259019 -0.10984679873336815 0.11937309699027086
v 0.44731251724780796 -0.30180230874797576 0.11989941279030045
v 0.44812016471390459 -0.29260360585785705 0.11989941279030045
v 0.43443789185478199 -0.29140230031312975 0.11989941279030045
v 0.41867845073333587 -0.29001861906362314 0.11989941279030045
v 0.41513165571790533 -0.33041485060725762 0.11989941279030045
v 0.41494005508278065 -0.33259708672948995 0.11989941279030045
v 0.41424541548474303 -0.34050868621997177 0.11989941279030045
v 0.42730644924267025 -0.34165544688902338 0.11989941279030045
v 0.42769237406338279 -0.34168933116983791 0.11989941279030045
v 0.44368712946531186 -0.34309367301420557 0.11989941279030045
v 0.44459662095997698 -0.3327350170234914 0.11989941279030045
v 0.4470267024879494 -0.3050575966627731 0.11989941279030045
v 0.32711016676940852 0.018613847187264995 0.12112222704752459
v 0.36674292094129091 0.015134085602831533 0.12112222704752459
v 0.36978118181241082 0.0497383660030239 0.12112222704752459
v 0.33014842764052832 0.053218127587457364 0.12112222704752459
v 0.29444678961285631 -0.084750287833568083 0.12319323617205931
v 0.29664339258366812 -0.059732072258129473 0.12319323617205931
v 0.27440915768286589 -0.057779903209065453 0.12319323617205931
v 0.26084771609534552 -0.056589206664446841 0.12319323617205931
v 0.2607526609619869 -0.056580860811690503 0.12319323617205931
v 0.25926088042724604 -0.056449882247110388 0.12319323617205931
v 0.25905538180174892 -0.058790409375722184 0.12319323617205931
v 0.25575610046625374 -0.096367583248528149 0.12319323617205931
v 0.27328871238526753 -0.097906949147469988 0.12319323617205931
v 0.29284109457979157 -0.099623651135411689 0.12319323617205931
v 0.29313861262267582 -0.099649773259547242 0.12319323617205931
v 0.29343883314138131 -0.096230411094797977 0.12319323617205931
v 0.25098292238593067 0.022168811129413938 0.11989397565881543
v 0.26579605877728685 0.020868215584010617 0.11989397565881543
v 0.2675877552790179 0.041274747725571818 0.11989397565881543
v 0.26888987513940799 0.056105245583823196 0.11989397565881543
v 0.25831747970713004 0.057033503437398159 0.11989397565881543
v 0.23087042297891605 0.059443359029746061 0.11989397565881543
v 0.22957654982371417 0.044706787318184046 0.11989397565881543
v 0.22888930435432275 0.036879402897061042 0.11989397565881543
v 0.22849428151383452 0.032380289138533004 0.11989397565881543
v 0.2277766066167948 0.024206329029933478 0.11989397565881543
v 0.2089989410563344 -0.052063778459898999 0.11997498910723529
v 0.21111092265046452 -0.028009358557989871 0.11997498910723529
v 0.20494704887206899 -0.027468169571121772 0.11997498910723529
v 0.2004044638896654 -0.027069329948882059 0.11997498910723529
v 0.19708718014052298 -0.02677807195809118 0.11997498910723529
v 0.15918774045340986 -0.023450495622928738 0.11997498910723529
v 0.1426069824154764 -0.021994702668769291 0.11997498910723529
v 0.14214959516576348 -0.021954543991643857 0.11997498910723529
v 0.13912800803833555 -0.056368918687963197 0.11997498910723529
v 0.13880780253320796 -0.060015900112502241 0.11997498910723529
v 0.15584594786291947 -0.061511851743787122 0.11997498910723529
v 0.19009005442568083 -0.064518489294056791 0.11997498910723529
v 0.20450458200629743 -0.065784086883692514 0.11997498910723529
v 0.2074432041986794 -0.06604209834346926 0.11997498910723529
v 0.207769130017909 -0.066070714678848258 0.11997498910723529
v 0.20810380635667675 -0.062258917858408369 0.11997498910723529
v 0.11869868167317012 0.19160695191704122 0.12168334057318857
v 0.12023066942822422 0.20905553044609648 0.12168334057318857
v 0.092544730873813555 0.21148635989250772 0.12168334057318857
v 0.092221815825918985 0.20780851804075209 0.12168334057318857
v 0.089451282413529523 0.17625352029714481 0.12168334057318857
v 0.08884576827647675 0.16935701552445243 0.12168334057318857
v 0.086492851992502603 0.14255846882092613 0.12168334057318857
v 0.085457908326999177 0.13077097493230314 0.12168334057318857
v 0.11314384688140984 0.1283401454858919 0.12168334057318857
v 0.11426910708273476 0.14115629968382956 0.12168334057318857
v 0.11478555372458486 0.14703837020371613 0.12168334057318857
v 0.11548146158701676 0.15496441465776833 0.12168334057318857
v 0.11137478345167789 -0.07514457673101238 0.12183123097023245
v 0.11509630458156088 -0.032758301599052672 0.12183123097023245
v 0.091667807146836963 -0.030701276109544078 0.12183123097023245
v 0.089404993960092716 -0.030502600788552943 0.12183123097023245
v 0.089083434251461188 -0.034165005864536233 0.12183123097023245
v 0.085019609360819884 -0.080449950604791778 0.12183123097023245
v 0.084902849869933031 -0.081779783325182528 0.12183123097023245
v 0.084808235537323612 -0.082857393634360219 0.12183123097023245
v 0.11004607929730478 -0.085073279986889988 0.12183123097023245
v 0.11049954615879178 -0.085113094444859941 0.12183123097023245
v -0.0041490943500663542 -0.029446011362280776 0.12130709002279687
v -0.024396999426732516 -0.027668242338595161 0.12130709002279687
v -0.025598254114688562 -0.041349935876416374 0.12130709002279687
v -0.030187649410829916 -0.093620866369181488 0.12130709002279687
v 0.0044847895790996427 -0.096665111555310032 0.12130709002279687
v 0.011029073983360501 -0.097239700695134809 0.12130709002279687
v 0.011401432034723416 -0.092998727788797336 0.12130709002279687
v 0.0168197239674579 -0.031287076664548476 0.12130709002279687
v 0.31863690312039639 -0.10290392108247479 0.11389111546976406
v 0.31863690312039639 -0.10290392108247479 0.10938186085422663
v 0.22849428151383452 0.032380289138533004 0.10957601034322981
v 0.22362987677601723 0.030172319700383858 -0.11055406697094833
v 0.15918774045340986 -0.023450495622928738 0.10976232473457695
v 0.19708717971987144 -0.026778071916026026 0.10966828707316423
v 0.2004044638896654 -0.027069329948882059 0.10966005610034356
v 0.20494704883000384 -0.027468169571121772 0.10964878486851488
v 0.21200277584745572 -0.05844016754181075 -0.11055406697094833
v 0.20744320533443858 -0.066042098469664717 0.10965147947815217
v 0.20744320533443858 -0.066042098469664717 -0.11055406697094833
v 0.20450458200629743 -0.065784086883692514 0.10965877088369227
v 0.19009005543524449 -0.064518489378187091 0.10969453682297713
v 0.15584594786291947 -0.061511851743787122 0.1097795047323977
v 0.13912800795420527 -0.056368919865787508 -0.11055406697094833
v 0.040950727941197147 -0.083921918567811088 0.10600765811417982
v 0.035028880569588326 -0.094280726371666193 0.11008933297435021
v 0.035028880569588326 -0.094280726371666193 -0.11055406697094833
v 0.015146299871943762 -0.18205093113014559 -0.11055406697094833
v -0.067696506192398281 -0.13684216000579674 0.11035617256387434
v -0.0719152778255428 -0.18489187109410393 0.11037786102077442
v -0.092516422256931893 -0.17405468902007942 0.11042688522356917
v -0.24869215683209428 -0.20603734564360854 -0.11055406697094833
v -0.27747262568878628 -0.050432567419503145 0.11086092181182024
v -0.2791721031319091 -0.050283353021735963 0.11086513863318664
v -0.2791721031319091 -0.050283353021735963 0.10651206204927624
v -0.2791721031319091 -0.050283353021735963 -0.11055406697094833
v -0.29549226808743223 0.04273143418566816 0.11088441011046608
v -0.23284919707197957 0.25773879537770394 0.11067787807032974
v -0.23402812201976222 0.30264698901845022 0.1106704204233009
v -0.30166335170703429 0.28812231261209909 0.11084298178079637
v -0.4964246811519738 0.097212146704069871 0.11137443508221875
v -0.48723925848337535 0.2018295437081174 -0.11055406697094833
v -0.4964246811519738 0.097212146704069871 -0.11055406697094833
v -0.51608581237010143 -0.12671836188864413 -0.11055406697094833
v -0.50780445798824914 -0.26450157520512541 -0.11055406697094833
v -0.48814312548835936 -0.26622784306148606 -0.11055406697094833
v -0.25126429692828522 -0.28702583870052667 0.11085018649005399
v -0.26878014722950039 -0.28548794449306392 -0.11055406697094833
v -0.25126429692828522 -0.28702583870052667 -0.11055406697094833
v -0.17821314408123282 -0.2934397405613749 0.11066892891913421
v -0.17821314408123282 -0.2934397405613749 -0.11055406697094833
v -0.13017864829566195 -0.29765717628935751 0.11054974374113981
v -0.13017864829566195 -0.29765717628935751 -0.11055406697094833
v -0.082186056428392315 -0.30187093283070743 0.11043066250614104
v -0.082186056428392315 -0.30187093283070743 -0.11055406697094833
v 0.4862200484776058 -0.3517770715417321 -0.11055406697094833
v 0.49240253036580162 -0.28136167703614168 -0.11055406697094833
v 0.49614756028006046 -0.23870764819679549 -0.11055406697094833
v 0.50463945891850626 -0.14198914545029995 -0.11055406697094833
v 0.42892740534535889 -0.13534161612164569 -0.11055406697094833
v 0.39333561567202624 -0.14379106706554398 -0.11055406697094833
v 0.37237157498850193 -0.12358583157711285 -0.11055406697094833
v 0.37862467123012766 -0.13839075882746327 0.10924001972078931
v 0.34265874360256932 -0.22507376734326762 0.10935007920013667
v 0.31175596338013101 -0.18775036644531767 -0.11055406697094833
v 0.26876910275902155 -0.13070053309922114 0.10951305100653154
v 0.29064556574268807 -0.13041827860780481 -0.11055406697094833
v 0.3180349224142176 -0.1031075199614853 -0.11055406697094833
v 0.3702090111824019 -0.16036515558917463 0.10926616447597771
v 0.37630557440456558 -0.14444622746488939 -0.11055406697094833
v 0.26084771588501965 -0.056589206622381684 0.10951569278233536
v 0.26084771588501965 -0.056589206622381684 -0.11055406697094833
v 0.27440915768286589 -0.057779903209065453 0.10948204360366678
v 0.29444678957079118 -0.08475028812802414 0.10943816767094429
v 0.29343883314138131 -0.096230411094797977 0.1094433495510746
v 0.29284109457979157 -0.099623651135411689 0.10944563116502956
v 0.27328871238526753 -0.097906949147469988 0.10949414536989677
v 0.1118126110778062 -0.27655869756092 -0.11055406697094833
v 0.41494005508278065 -0.33259708672948995 0.10919417812548382
v 0.41513165571790533 -0.33041485060725762 0.1091931931278369
v 0.43443789286434575 -0.29140230039726001 0.10913585626169234
v 0.44731251712161246 -0.30180231026232129 0.10910605932570014
v 0.21473569039259019 -0.10984679873336815 0.10964338778305652
v 0.21686719522394665 -0.085570018725487529 0.10963242985249512
v 0.19139181849899811 -0.13900716434800375 0.10970854203742725
v 0.18122929343430288 -0.10690493222391595 0.10972652522729917
v 0.19585522529358729 -0.074255489948876388 0.10968237115977818
v 0.20804395239584497 -0.075325661960996076 0.1096521279545668
v -0.44587993396460956 0.067334708649530658 -0.11055406697094833
v -0.46830919419298711 -0.040329227521755655 0.11133597495394815
v -0.46031436118145086 -0.049997808236036043 -0.11055406697094833
v -0.46484687336826436 -0.053125666497103936 -0.11055406697094833
v -0.47338893676409133 -0.098184969570806746 0.11136208963255144
v -0.37944510988015934 -0.092962502540095568 -0.11055406697094833
v 0.35646829131565461 -0.090108924100606877 -0.11055406697094833
v 0.35919659821207639 -0.09428486049293977 -0.11055406697094833
v 0.3594011602148538 -0.091955000961196201 -0.11055406697094833
v 0.17824294348717354 0.20863234835019306 0.10966087460411079
v 0.092221815741788671 0.20780851740977482 0.1098762549232033
v 0.11869868175730043 0.19160695271627914 0.10981377521339138
v 0.11548146150288645 0.15496441402679104 0.1098303147692419
v 0.11478555372458486 0.14703837020371613 0.10983389236852757
v 0.11426910712479992 0.14115630044100233 -0.11055406697094833
v 0.2250712651491541 0.12935679038873785 0.10956210040635357
v 0.22408782227238935 0.1181558650386365 -0.11055406697094833
v 0.2250712651491541 0.12935679038873785 -0.11055406697094833
v 0.22538252318569235 0.13290186439252122 -0.11055406697094833
v -0.029598904547433868 0.29707057913538004 0.11016031497722635
v -0.18109007600054869 0.16585284533993308 0.11056969133164009
v -0.20788097223038002 0.14388310102632332 -0.11055406697094833
v -0.035604266982173123 0.22867248677445193 0.11019118819224973
v 0.025015700220507454 0.18705844264660373 0.11004918548655575
v -0.074807757530572463 0.27965301326733372 0.11027744518831573
v -0.074807757530572463 0.27965301326733372 0.10596359705271441
v -0.11247536660499943 0.018439144376907829 -0.11055406697094833
v -0.054181366435033622 0.017088561673203547 0.10609890235490843
v 0.042324719903122837 0.021711846424173328 0.11473756766187317
v -0.15680316851237766 -0.14509067319645919 -0.11055406697094833
v -0.14872319230592398 -0.1572430800668973 -0.11055406697094833
v -0.15044106273764937 -0.16038606079290654 0.10637146141723147
v -0.47902109029559703 0.29543039273719762 -0.11055406697094833
v -0.4800004860838919 0.28427556175191238 -0.11055406697094833
v 0.22626294921532888 0.14292947918888402 -0.11055406697094833
v 0.3629703256895267 -0.051303980863691853 -0.11055406697094833
v 0.36561969795537608 -0.021128947787036445 -0.11055406697094833
v 0.37297914720528114 0.062691519719299552 -0.11055406697094833
v 0.22039430076066205 0.076088491476159578 -0.11055406697094833
v 0.086492851866307147 0.1425584675589715 -0.11055406697094833
v 0.062923463171389207 0.045178899853653885 -0.11055406697094833
v 0.14260698094319602 -0.021994702500508674 -0.11055406697094833
v 0.26758775519488753 0.041274746926333893 0.11393426977476906
v 0.20899894097220409 -0.052063779469462695 -0.11055406697094833
v 0.35785259639139544 -0.10959237273906088 -0.11055406697094833
v 0.29183016422812147 -0.1895559509259146 -0.11055406697094833
v 0.32229597932834986 -0.19383155628389626 -0.11055406697094833
v 0.33691037868913387 -0.24714105309323042 -0.11055406697094833
v 0.49590118050841736 -0.23472482968762817 -0.11055406697094833
v 0.27213686351518362 -0.21863409742068529 -0.11055406697094833
v 0.085302858104217033 0.21204232506396914 -0.11055406697094833
v -0.43423257517297165 0.34778651900632274 -0.11055406697094833
v -0.47411675302292233 0.35128835566848704 -0.11055406697094833
v -0.110679620154368 0.31937852249201715 0.11499257756258363
v -0.02827550611300457 0.31214342927916638 -0.11055406697094833
v -0.110679620154368 0.31937852249201715 -0.11055406697094833
v -0.17785164910350898 0.32527623641171266 0.11522115224821704
v -0.17785164910350898 0.32527623641171266 -0.11055406697094833
v -0.21243497752351814 0.32831265768951612 0.11533883326043338
v -0.21243497752351814 0.32831265768951612 -0.11055406697094833
v -0.32856757945421966 0.33850911700842889 0.11573401220470819
v -0.32856757945421966 0.33850911700842889 -0.11055406697094833
v -0.42968180637278519 0.34738696086918697 -0.11055406697094833
v -0.067538865387104768 -0.1350467099041755 -0.11055406697094833
v -0.12911226959293781 0.16278086285394944 -0.11055406697094833
v -0.17329511136190237 0.11553923283934668 -0.11055406697094833
v 0.069484275984234775 -0.085644461596846869 -0.11055406697094833
v -0.46921263528828661 -0.10284952414994583 -0.11055406697094833
v -0.48359235673023804 -0.26662740124068696 -0.11055406697094833
v -0.47655412574610911 -0.13423489845054593 -0.11055406697094833
v 0.089083434251461188 -0.034165005864536233 0.10589649366736623
v 0.016159809785054796 -0.18188410220151646 -0.11055406697094833
v -0.025598254114688562 -0.041349935876416374 0.10608958862502287
v -0.0041490954858255137 -0.029446011236085319 0.10604666849673038
v 0.082434772486795094 -0.082398411442266853 -0.11055406697094833
v 0.29013674551326485 -0.13042484237031038 -0.11055406697094833
v -0.45999489181651887 0.054366542300430844 -0.11055406697094833
v -0.46289275910028216 0.021361274673258789 -0.11055406697094833
v -0.46389870456293825 -0.042326495253439733 -0.11055406697094833
v 0.23905911203294089 0.28867141089955495 -0.11055406697094833
v 0.11014999625459911 0.29998965003307787 -0.11055406697094833
v 0.076215161790388772 0.21760321408302413 -0.11055406697094833
v 0.021507553112195189 0.14710239113870682 -0.11055406697094833
v -0.0095609151898296031 0.19009427450746888 -0.11055406697094833
v -0.012585928566118962 0.19717532260232801 -0.11055406697094833
v 0.02893000860144529 0.064416133153151867 -0.11055406697094833
v -0.024306430836508054 0.14517814132128909 -0.11055406697094833
v 0.095586180704260906 -0.13170288552468001 -0.11055406697094833
v 0.19585522529358729 -0.074255489948876388 -0.11055406697094833
v 0.41494005508278065 -0.33259708672948995 -0.11055406697094833
v 0.44731251712161246 -0.30180231026232129 -0.11055406697094833
v 0.22888930435432275 0.036879402897061042 -0.11055406697094833
v 0.22849428151383452 0.032380289138533004 -0.11055406697094833
v 0.20450458200629743 -0.065784086883692514 -0.11055406697094833
v 0.20810380635667675 -0.062258917858408369 -0.11055406697094833
v 0.11478555372458486 0.14703837020371613 -0.11055406697094833
v 0.084902849869933031 -0.081779783325182528 -0.11055406697094833
v -0.025598254114688562 -0.041349935876416374 -0.11055406697094833
v 0.011401432034723416 -0.092998727788797336 -0.11055406697094833
l 1 2
l 2 3
l 4 5
l 5 6
l 6 7
l 7 11
l 8 9
l 8 10
l 11 12
l 13 14
l 14 15
l 4 15
l 3 16
l 16 17
l 17 18
l 18 19
l 19 20
l 21 22
l 22 23
l 23 24
l 25 26
l 26 27
l 27 1199
l 28 1199
l 28 29
l 29 30
l 30 1200
l 31 1200
l 31 1201
l 32 1201
l 32 33
l 34 35
l 35 36
l 36 37
l 37 38
l 38 39
l 39 40
l 41 42
l 42 43
l 43 44
l 44 1202
l 45 1202
l 45 46
l 46 47
l 47 48
l 49 50
l 50 51
l 51 52
l 52 53
l 53 54
l 54 55
l 55 56
l 56 57
l 58 59
l 59 60
l 60 61
l 62 63
l 64 65
l 65 66
l 66 67
l 67 68
l 68 69
l 69 70
l 71 72
l 72 73
l 74 75
l 75 76
l 70 77
l 77 78
l 80 81
l 82 83
l 83 84
l 80 85
l 86 1243
l 87 1243
l 87 88
l 64 88
l 63 89
l 90 91
l 91 92
l 92 93
l 94 95
l 95 1225
l 96 1225
l 97 98
l 97 99
l 96 100
l 100 101
l 101 102
l 102 103
l 103 104
l 104 105
l 105 106
l 106 107
l 108 1227
l 109 1227
l 109 110
l 110 111
l 111 112
l 114 115
l 115 116
l 117 1230
l 118 1230
l 118 119
l 120 121
l 90 121
l 89 122
l 123 124
l 123 125
l 122 126
l 126 127
l 128 1172
l 129 1172
l 129 130
l 128 130
l 130 1172
l 130 131
l 128 131
l 131 132
l 133 1235
l 1235 1236
l 134 1236
l 135 136
l 137 138
l 137 139
l 136 1247
l 140 1247
l 140 142
l 143 144
l 144 1232
l 1232 1234
l 133 1234
l 132 145
l 145 146
l 146 147
l 147 148
l 148 149
l 149 150
l 150 1173
l 151 1173
l 151 152
l 152 153
l 153 154
l 154 155
l 155 156
l 156 157
l 157 1175
l 1175 1176
l 1176 1177
l 1177 1178
l 158 1178
l 158 159
l 159 160
l 160 161
l 161 162
l 163 164
l 164 165
l 165 166
l 166 167
l 141 168
l 168 169
l 170 171
l 171 172
l 172 173
l 173 174
l 174 175
l 175 176
l 176 177
l 177 1187
l 178 1187
l 178 179
l 179 180
l 180 181
l 183 184
l 185 186
l 186 187
l 188 189
l 183 189
l 190 191
l 191 192
l 192 193
l 193 194
l 194 195
l 195 196
l 196 1190
l 197 1190
l 197 198
l 198 199
l 200 201
l 201 202
l 202 203
l 203 204
l 204 205
l 205 206
l 206 207
l 207 208
l 208 209
l 209 210
l 212 213
l 213 214
l 215 216
l 217 218
l 218 219
l 217 221
l 216 222
l 223 224
l 224 225
l 226 227
l 227 1251
l 228 1251
l 229 230
l 223 230
l 222 231
l 231 232
l 232 1194
l 233 1194
l 233 1195
l 233 234
l 234 235
l 235 1195
l 235 236
l 236 237
l 237 238
l 239 240
l 240 241
l 241 1198
l 1 1198
l 9 242
l 10 243
l 20 21
l 24 25
l 33 244
l 244 245
l 34 245
l 40 246
l 61 1208
l 1208 1211
l 1211 1213
l 1213 1215
l 62 1215
l 84 247
l 81 248
l 85 248
l 79 1242
l 86 1242
l 94 249
l 98 99
l 112 113
l 113 114
l 124 125
l 127 250
l 251 1246
l 135 1246
l 160 253
l 143 254
l 160 254
l 162 1180
l 1180 1182
l 1182 1183
l 1183 1184
l 163 1184
l 170 255
l 181 256
l 199 1191
l 257 1191
l 257 1192
l 200 1192
l 214 215
l 220 221
l 223 233
l 223 1195
l 233 235
l 238 239
l 12 13
l 49 258
l 78 1240
l 1240 1241
l 79 1241
l 247 259
l 93 249
l 260 1224
l 120 1224
l 250 260
l 253 261
l 252 1245
l 1244 1245
l 251 1244
l 255 262
l 220 263
l 41 246
l 258 264
l 57 265
l 265 266
l 82 259
l 261 267
l 211 212
l 219 263
l 228 229
l 242 243
l 264 268
l 71 269
l 267 270
l 211 271
l 48 272
l 268 272
l 76 269
l 225 1254
l 226 1254
l 58 266
l 210 271
l 119 260
l 260 273
l 273 1172
l 116 117
l 131 1172
l 142 1248
l 1248 1249
l 252 1249
l 134 1237
l 1237 1238
l 274 1238
l 167 275
l 141 275
l 270 274
l 108 276
l 107 276
l 169 262
l 138 139
l 182 256
l 182 190
l 188 277
l 73 74
l 185 278
l 187 277
l 184 278
l 129 279
l 279 280
l 280 281
l 129 281
l 282 283
l 283 1265
l 284 1265
l 284 285
l 285 286
l 286 287
l 288 289
l 290 291
l 291 292
l 290 293
l 289 1259
l 294 1259
l 294 295
l 296 297
l 297 298
l 298 299
l 299 300
l 300 301
l 301 302
l 302 303
l 303 304
l 304 305
l 305 1260
l 306 1260
l 307 1261
l 1261 1262
l 1262 1263
l 308 1263
l 308 309
l 309 310
l 311 312
l 282 312
l 287 288
l 292 293
l 296 313
l 310 311
l 295 313
l 306 307
l 314 315
l 315 316
l 316 317
l 317 318
l 318 319
l 314 319
l 320 321
l 172 321
l 172 320
l 322 323
l 323 1273
l 324 1273
l 324 325
l 325 326
l 326 327
l 300 328
l 300 329
l 329 330
l 330 331
l 331 1269
l 336 1269
l 332 333
l 333 1274
l 328 1274
l 328 333
l 334 1274
l 332 335
l 336 337
l 337 338
l 338 339
l 339 340
l 340 341
l 341 342
l 342 343
l 343 344
l 344 345
l 346 347
l 347 348
l 348 349
l 349 350
l 350 351
l 351 352
l 352 353
l 353 354
l 355 356
l 355 357
l 354 358
l 358 359
l 359 360
l 360 361
l 361 362
l 363 364
l 364 365
l 366 367
l 367 368
l 368 369
l 369 370
l 370 371
l 322 371
l 334 335
l 356 357
l 365 366
l 345 1270
l 346 1270
l 362 1272
l 372 1272
l 363 372
l 327 328
l 373 374
l 374 375
l 375 376
l 376 377
l 377 378
l 378 379
l 373 379
l 380 381
l 381 382
l 382 383
l 383 384
l 384 385
l 385 386
l 386 387
l 387 388
l 388 389
l 390 391
l 391 392
l 392 393
l 393 394
l 394 395
l 380 395
l 389 390
l 396 397
l 397 398
l 398 399
l 399 400
l 396 400
l 401 402
l 402 403
l 403 404
l 405 406
l 406 407
l 407 408
l 408 409
l 401 409
l 404 405
l 401 410
l 401 411
l 410 411
l 206 410
l 410 412
l 412 413
l 206 413
l 414 415
l 415 416
l 416 417
l 417 418
l 414 418
l 419 420
l 420 421
l 419 421
l 422 423
l 423 424
l 425 426
l 426 427
l 427 428
l 429 430
l 429 431
l 428 432
l 432 433
l 434 435
l 435 436
l 437 438
l 438 439
l 439 440
l 440 441
l 441 442
l 442 443
l 444 445
l 445 446
l 446 447
l 447 448
l 448 449
l 449 450
l 450 451
l 452 453
l 453 454
l 455 456
l 457 458
l 458 459
l 457 460
l 456 461
l 462 463
l 463 464
l 464 465
l 466 467
l 467 468
l 468 469
l 469 470
l 470 471
l 471 472
l 472 473
l 473 474
l 474 475
l 475 476
l 476 477
l 477 478
l 478 479
l 479 480
l 480 1278
l 481 1278
l 481 482
l 482 483
l 483 484
l 484 485
l 485 486
l 486 487
l 487 488
l 422 488
l 424 425
l 436 1292
l 437 1292
l 444 489
l 454 455
l 461 462
l 466 490
l 430 491
l 443 489
l 451 452
l 431 491
l 459 460
l 465 490
l 433 492
l 492 493
l 434 493
l 494 495
l 495 496
l 494 496
l 497 498
l 445 498
l 445 1171
l 499 1171
l 497 499
l 497 1171
l 499 500
l 500 501
l 501 502
l 497 502
l 503 504
l 504 505
l 505 506
l 506 507
l 507 508
l 508 509
l 510 511
l 511 512
l 512 513
l 513 514
l 512 514
l 516 517
l 517 518
l 518 519
l 519 520
l 520 521
l 519 521
l 521 522
l 522 523
l 523 524
l 524 525
l 525 526
l 526 527
l 527 528
l 528 529
l 529 530
l 530 531
l 531 532
l 503 533
l 509 534
l 510 534
l 516 535
l 532 533
l 535 536
l 514 515
l 515 536
l 504 537
l 537 538
l 538 539
l 504 539
l 501 540
l 540 541
l 501 541
l 542 543
l 543 544
l 542 544
l 545 546
l 546 547
l 545 547
l 548 549
l 549 550
l 550 551
l 548 551
l 552 553
l 553 554
l 554 555
l 555 556
l 556 557
l 552 557
l 558 559
l 559 560
l 560 561
l 561 562
l 558 562
l 563 564
l 564 565
l 563 565
l 566 567
l 567 568
l 568 569
l 569 570
l 570 571
l 571 572
l 572 573
l 573 574
l 574 575
l 566 575
l 576 577
l 577 578
l 578 579
l 580 581
l 581 582
l 582 583
l 583 584
l 584 585
l 585 586
l 586 587
l 587 588
l 576 588
l 579 589
l 580 589
l 590 591
l 591 592
l 592 593
l 574 593
l 574 594
l 590 594
l 595 596
l 596 597
l 597 598
l 595 598
l 599 600
l 600 601
l 599 601
l 602 603
l 603 604
l 605 606
l 606 607
l 607 608
l 608 609
l 609 610
l 610 611
l 612 613
l 615 616
l 616 617
l 617 618
l 619 620
l 620 621
l 621 622
l 623 624
l 624 625
l 625 626
l 626 627
l 627 628
l 628 629
l 630 631
l 631 632
l 632 633
l 633 634
l 634 635
l 635 636
l 636 637
l 637 638
l 638 639
l 639 640
l 641 642
l 642 643
l 643 644
l 644 645
l 645 646
l 646 647
l 647 648
l 648 649
l 649 650
l 650 651
l 651 652
l 652 653
l 651 653
l 651 654
l 655 656
l 656 657
l 658 659
l 659 660
l 660 661
l 661 662
l 662 663
l 663 664
l 664 665
l 665 666
l 666 667
l 667 668
l 670 671
l 671 672
l 673 674
l 674 675
l 669 675
l 668 676
l 676 677
l 677 678
l 678 679
l 680 681
l 681 682
l 682 683
l 683 684
l 684 685
l 685 686
l 686 687
l 687 688
l 688 689
l 689 690
l 690 691
l 691 692
l 692 693
l 693 694
l 695 696
l 696 697
l 697 698
l 698 699
l 699 700
l 700 701
l 701 702
l 702 703
l 704 705
l 705 706
l 707 708
l 708 709
l 709 710
l 710 711
l 711 712
l 602 713
l 604 605
l 618 619
l 622 623
l 630 714
l 658 670
l 669 715
l 673 716
l 679 717
l 680 717
l 694 695
l 712 1303
l 1303 1306
l 1306 1308
l 1308 1310
l 713 1310
l 629 714
l 641 718
l 670 715
l 672 716
l 706 707
l 640 718
l 654 655
l 657 670
l 615 719
l 703 704
l 614 719
l 611 720
l 614 720
l 613 721
l 721 722
l 612 722
l 723 724
l 724 725
l 725 726
l 726 727
l 727 728
l 723 728
l 729 730
l 730 731
l 729 731
l 731 732
l 729 737
l 732 733
l 733 734
l 734 735
l 735 736
l 736 737
l 738 739
l 739 740
l 740 741
l 741 742
l 742 743
l 738 743
l 657 658
l 657 744
l 744 745
l 658 745
l 746 747
l 747 748
l 748 749
l 746 749
l 750 751
l 751 752
l 752 753
l 753 754
l 754 755
l 755 756
l 756 757
l 750 757
l 758 759
l 759 760
l 761 762
l 762 763
l 763 764
l 764 765
l 765 766
l 766 767
l 768 769
l 769 770
l 770 771
l 772 773
l 773 774
l 775 776
l 776 777
l 777 778
l 778 779
l 779 780
l 780 781
l 781 782
l 783 784
l 784 785
l 785 786
l 786 787
l 758 787
l 760 761
l 767 768
l 771 772
l 775 788
l 782 783
l 774 788
l 784 789
l 789 790
l 790 791
l 784 791
l 792 793
l 793 794
l 792 794
l 795 796
l 796 797
l 797 798
l 798 799
l 799 800
l 800 801
l 801 802
l 795 802
l 803 804
l 804 805
l 805 806
l 806 807
l 807 808
l 808 809
l 809 810
l 810 811
l 803 811
l 812 813
l 813 814
l 814 815
l 815 816
l 816 817
l 817 818
l 818 819
l 819 820
l 820 821
l 821 822
l 822 823
l 823 824
l 825 826
l 826 827
l 827 828
l 829 830
l 825 830
l 824 831
l 831 832
l 832 1186
l 833 1186
l 833 834
l 835 836
l 836 837
l 837 838
l 838 1320
l 839 1320
l 839 840
l 840 841
l 841 842
l 794 842
l 794 843
l 843 844
l 844 845
l 845 846
l 781 847
l 781 848
l 848 849
l 850 851
l 851 852
l 828 1322
l 853 1322
l 853 1323
l 829 1323
l 834 835
l 847 854
l 849 850
l 852 1277
l 855 1277
l 812 855
l 846 854
l 856 857
l 857 858
l 858 859
l 859 860
l 860 861
l 861 862
l 837 862
l 863 864
l 864 865
l 856 865
l 837 863
l 866 867
l 867 868
l 868 869
l 869 870
l 870 871
l 871 872
l 866 872
l 873 874
l 874 875
l 875 876
l 877 878
l 878 879
l 879 880
l 873 880
l 876 877
l 881 882
l 882 883
l 883 884
l 884 885
l 885 886
l 886 887
l 881 887
l 888 889
l 889 1275
l 890 1275
l 888 890
l 888 1275
l 890 891
l 888 891
l 892 893
l 893 894
l 894 895
l 895 896
l 896 897
l 892 897
l 898 899
l 899 900
l 855 901
l 855 902
l 902 903
l 903 904
l 904 905
l 905 906
l 906 907
l 907 908
l 898 908
l 900 901
l 909 910
l 910 911
l 911 912
l 913 914
l 914 915
l 915 916
l 916 917
l 909 917
l 912 913
l 918 919
l 919 920
l 920 921
l 921 922
l 922 923
l 923 924
l 924 925
l 925 926
l 918 926
l 927 928
l 928 929
l 929 930
l 930 931
l 927 931
l 932 933
l 933 934
l 932 934
l 935 936
l 936 937
l 937 938
l 938 939
l 939 940
l 940 941
l 941 942
l 942 943
l 935 943
l 944 945
l 945 946
l 946 947
l 947 948
l 944 948
l 949 950
l 950 951
l 951 952
l 953 954
l 954 955
l 955 956
l 956 957
l 958 959
l 959 960
l 961 962
l 962 963
l 963 964
l 964 1196
l 965 1196
l 965 966
l 949 966
l 952 967
l 953 967
l 957 958
l 960 961
l 968 969
l 969 970
l 970 971
l 971 972
l 968 972
l 973 974
l 974 975
l 976 977
l 977 978
l 978 979
l 979 980
l 980 981
l 981 982
l 982 983
l 983 984
l 984 985
l 973 985
l 975 1281
l 976 1281
l 981 986
l 981 987
l 986 987
l 988 989
l 989 990
l 990 991
l 991 992
l 992 993
l 993 994
l 995 996
l 996 997
l 998 999
l 999 1000
l 1000 1001
l 1001 1002
l 1002 1003
l 1004 1005
l 1005 1006
l 988 1006
l 994 995
l 997 1007
l 998 1007
l 1003 1004
l 1008 1009
l 1009 1010
l 1010 1011
l 1008 1011
l 1012 1013
l 1013 1014
l 1014 1015
l 1016 1017
l 1017 1018
l 1018 1019
l 1020 1021
l 1021 1022
l 1022 1023
l 1023 1024
l 1024 1025
l 1025 1026
l 1026 1027
l 1027 1028
l 1028 1029
l 1029 1030
l 1030 1031
l 1031 1032
l 1012 1032
l 1015 1033
l 1016 1033
l 1019 1020
l 1034 1035
l 1035 1036
l 1036 1037
l 1034 1037
l 1038 1039
l 1039 1040
l 1040 1041
l 1041 1042
l 1042 1043
l 1038 1043
l 1044 1045
l 1045 1046
l 1046 1047
l 1047 1048
l 1048 1049
l 1049 1050
l 1050 1051
l 1051 1052
l 1052 1053
l 1053 1054
l 1054 1055
l 1055 1056
l 1056 1057
l 1057 1058
l 1058 1059
l 1059 1060
l 1060 1061
l 1044 1061
l 1062 1063
l 1063 1064
l 1062 1064
l 1065 1066
l 1066 1067
l 1067 1068
l 1068 1069
l 1069 1070
l 1065 1070
l 1071 1072
l 1072 1073
l 1073 1074
l 1071 1074
l 1075 1076
l 1076 1077
l 1077 1078
l 1078 1079
l 1079 1080
l 1080 1081
l 1081 1082
l 1082 1083
l 1083 1084
l 1084 1085
l 1085 1086
l 1075 1086
l 1087 1088
l 1088 1089
l 1089 1090
l 1090 1091
l 1091 1092
l 1092 1093
l 1093 1094
l 1094 1095
l 1095 1096
l 1096 1097
l 1097 1098
l 1087 1098
l 1099 1100
l 1100 1101
l 1101 1102
l 1099 1102
l 1103 1104
l 1104 1105
l 1105 1106
l 1106 1107
l 1107 1108
l 1108 1109
l 1109 1110
l 1110 1111
l 1111 1112
l 1112 1113
l 1113 1114
l 1103 1114
l 1115 1116
l 1116 1117
l 1117 1118
l 1118 1119
l 1119 1120
l 1120 1121
l 1121 1122
l 1122 1123
l 1123 1124
l 1115 1124
l 1125 1126
l 1126 1127
l 1127 1128
l 1128 1129
l 1129 1130
l 1130 1131
l 1131 1132
l 1132 1133
l 1133 1134
l 1134 1135
l 1135 1136
l 1136 1137
l 1137 1138
l 1138 1139
l 1139 1140
l 1125 1140
l 1141 1142
l 1142 1143
l 1143 1144
l 1144 1145
l 1145 1146
l 1146 1147
l 1147 1148
l 1148 1149
l 1149 1150
l 1150 1151
l 1151 1152
l 1141 1152
l 1153 1154
l 1154 1155
l 1155 1156
l 1156 1157
l 1157 1158
l 1158 1159
l 1159 1160
l 1160 1161
l 1161 1162
l 1153 1162
l 1163 1164
l 1164 1165
l 1165 1166
l 1166 1167
l 1167 1168
l 1168 1169
l 1169 1170
l 1163 1170
l 129 445
l 128 499
l 130 444
l 131 489
l 132 443
l 147 440
l 149 438
l 150 1124
l 151 432
l 152 428
l 153 427
l 154 426
l 155 425
l 156 424
l 157 423
l 158 1126
l 159 496
l 160 495
l 161 494
l 162 1139
l 163 1134
l 164 488
l 165 487
l 166 486
l 167 1162
l 275 860
l 141 859
l 168 858
l 169 857
l 262 856
l 255 865
l 170 864
l 171 863
l 172 837
l 173 836
l 174 723
l 173 724
l 175 728
l 176 832
l 177 831
l 178 823
l 180 821
l 181 820
l 256 819
l 182 818
l 190 817
l 191 816
l 193 814
l 194 813
l 195 812
l 196 855
l 197 900
l 198 899
l 199 898
l 257 907
l 200 905
l 202 663
l 201 664
l 203 662
l 204 661
l 205 660
l 206 659
l 206 974
l 207 973
l 208 985
l 210 647
l 209 648
l 271 646
l 211 645
l 212 644
l 213 643
l 214 642
l 215 641
l 216 718
l 222 640
l 231 639
l 232 966
l 1194 1195
l 964 1195
l 1195 1196
l 234 963
l 235 962
l 236 961
l 237 960
l 238 959
l 239 958
l 240 957
l 241 956
l 955 1198
l 1 631
l 632 1198
l 2 630
l 3 714
l 16 629
l 17 628
l 18 627
l 19 626
l 20 625
l 21 624
l 22 623
l 23 622
l 24 621
l 25 620
l 26 619
l 27 618
l 617 1199
l 924 1199
l 28 923
l 29 922
l 30 921
l 920 1200
l 31 611
l 720 1200
l 610 1201
l 930 1201
l 32 929
l 33 928
l 244 927
l 245 607
l 244 608
l 34 606
l 35 605
l 36 604
l 37 603
l 587 1036
l 602 1037
l 40 586
l 246 585
l 41 584
l 42 583
l 43 582
l 44 581
l 1203 1204
l 1204 1205
l 1205 1206
l 46 1206
l 1206 1207
l 48 747
l 47 748
l 272 746
l 272 1003
l 268 1002
l 264 1001
l 258 1000
l 49 999
l 50 998
l 51 1007
l 52 997
l 53 996
l 54 995
l 55 994
l 56 993
l 57 992
l 266 990
l 58 989
l 59 988
l 61 1005
l 1209 1210
l 1210 1212
l 1212 1214
l 1214 1216
l 1216 1217
l 62 1217
l 1217 1218
l 1218 1219
l 1219 1220
l 122 1220
l 1220 1221
l 126 1221
l 1221 1222
l 127 1222
l 1222 1223
l 260 501
l 250 502
l 273 500
l 1171 1172
l 128 273
l 119 540
l 541 1224
l 878 1224
l 120 877
l 121 876
l 90 521
l 92 519
l 93 518
l 249 517
l 94 516
l 95 535
l 96 515
l 102 512
l 103 511
l 104 510
l 105 534
l 107 508
l 276 507
l 108 506
l 109 504
l 110 539
l 111 538
l 111 872
l 112 871
l 113 530
l 114 529
l 115 528
l 116 527
l 117 526
l 525 1230
l 873 1230
l 118 880
l 119 879
l 253 810
l 160 809
l 254 808
l 143 807
l 144 806
l 133 1104
l 134 1113
l 274 1110
l 270 804
l 267 803
l 261 811
l 73 885
l 74 884
l 75 883
l 76 882
l 269 881
l 71 887
l 72 886
l 138 1062
l 137 1063
l 139 1064
l 87 554
l 64 552
l 65 557
l 66 556
l 67 555
l 68 1096
l 69 564
l 70 563
l 77 565
l 78 1093
l 79 1090
l 86 1088
l 85 548
l 248 549
l 80 551
l 81 550
l 99 545
l 98 546
l 97 547
l 125 542
l 124 543
l 123 544
l 251 1085
l 135 1083
l 142 1079
l 252 1076
l 84 562
l 83 558
l 247 561
l 259 560
l 82 559
l 187 916
l 277 915
l 188 914
l 189 913
l 183 912
l 184 911
l 278 910
l 185 909
l 186 917
l 7 942
l 11 941
l 12 940
l 13 939
l 14 938
l 15 937
l 4 936
l 5 935
l 6 943
l 242 948
l 243 947
l 10 946
l 8 945
l 9 944
l 972 1251
l 228 971
l 229 970
l 230 969
l 223 733
l 224 732
l 225 731
l 226 729
l 227 737
l 736 1251
l 217 742
l 221 743
l 219 740
l 263 739
l 281 446
l 280 447
l 279 498
l 1257 1258
l 591 1012
l 421 1013
l 286 756
l 287 755
l 288 754
l 289 753
l 752 1259
l 294 572
l 573 1259
l 295 571
l 313 570
l 297 1024
l 569 1025
l 298 1023
l 299 1022
l 300 1021
l 300 764
l 301 763
l 302 762
l 303 761
l 304 760
l 305 759
l 306 1143
l 307 1142
l 308 471
l 309 470
l 310 469
l 311 468
l 312 467
l 282 463
l 283 462
l 1266 1267
l 1267 1268
l 284 419
l 290 597
l 293 598
l 291 596
l 292 595
l 315 433
l 314 492
l 316 1120
l 317 435
l 318 434
l 319 493
l 320 862
l 321 838
l 326 767
l 327 766
l 328 765
l 329 1020
l 330 1019
l 331 1018
l 711 1017
l 336 710
l 337 709
l 338 708
l 339 707
l 340 706
l 341 705
l 342 704
l 343 703
l 344 702
l 345 701
l 346 699
l 347 698
l 349 696
l 350 695
l 351 694
l 352 693
l 353 692
l 354 691
l 358 690
l 359 689
l 360 688
l 361 687
l 362 686
l 372 1051
l 685 1052
l 363 1050
l 364 1049
l 365 1048
l 366 1047
l 367 1046
l 601 1045
l 369 600
l 600 1039
l 371 1043
l 371 773
l 322 772
l 323 771
l 324 769
l 325 768
l 333 890
l 334 889
l 335 888
l 332 891
l 1274 1275
l 355 933
l 356 932
l 357 934
l 376 682
l 375 683
l 377 681
l 379 676
l 378 677
l 373 668
l 374 852
l 382 480
l 383 790
l 384 789
l 385 784
l 386 783
l 387 782
l 388 781
l 389 847
l 390 854
l 391 846
l 392 845
l 393 844
l 394 843
l 395 794
l 380 793
l 381 792
l 398 1168
l 399 827
l 400 826
l 396 825
l 397 830
l 404 675
l 403 669
l 405 674
l 406 673
l 407 716
l 408 672
l 409 671
l 401 670
l 402 715
l 410 658
l 411 657
l 413 975
l 412 745
l 417 577
l 416 578
l 1282 1283
l 414 589
l 418 580
l 415 579
l 1268 1284
l 420 1014
l 1258 1285
l 448 796
l 449 795
l 450 802
l 451 801
l 452 800
l 453 799
l 454 798
l 455 797
l 1286 1287
l 456 1287
l 1287 1288
l 461 1288
l 1266 1288
l 464 1066
l 465 1065
l 490 1070
l 466 1069
l 472 1149
l 473 1148
l 474 787
l 475 786
l 476 785
l 385 477
l 478 791
l 395 481
l 482 842
l 483 841
l 484 840
l 485 1154
l 422 1132
l 436 1118
l 437 1116
l 429 1073
l 431 1074
l 430 1072
l 491 1071
l 457 1101
l 460 1102
l 458 1100
l 459 1099
l 1223 1294
l 497 1294
l 1257 1294
l 523 875
l 524 874
l 532 870
l 533 869
l 503 868
l 109 867
l 537 866
l 568 1026
l 574 751
l 575 1029
l 574 1030
l 566 1028
l 567 1027
l 1203 1283
l 588 1035
l 1301 1302
l 576 1302
l 1282 1302
l 593 1031
l 592 1032
l 594 750
l 590 757
l 599 1044
l 369 776
l 712 1016
l 1304 1305
l 1305 1307
l 1307 1309
l 1309 1311
l 1311 1312
l 713 1034
l 609 931
l 614 919
l 719 918
l 615 926
l 616 925
l 633 954
l 634 953
l 635 967
l 636 952
l 637 951
l 638 950
l 649 983
l 650 982
l 651 981
l 654 980
l 655 979
l 656 978
l 411 977
l 665 903
l 666 902
l 196 667
l 678 896
l 679 895
l 717 894
l 680 893
l 684 1053
l 653 987
l 652 986
l 612 1008
l 722 1009
l 613 1011
l 721 1010
l 725 835
l 726 834
l 727 833
l 735 968
l 744 976
l 1207 1318
l 749 1004
l 774 1042
l 775 1040
l 778 1061
l 779 1060
l 780 1059
l 388 1058
l 1285 1286
l 805 1108
l 839 1156
l 848 1057
l 849 1056
l 850 1055
l 851 1054
l 828 1166
l 853 1164
l 829 1170
l 861 1160
l 1209 1318
l 1284 1329
l 1015 1329
l 1329 1330
l 1304 1330
l 1301 1312
