# pointcloud_to_mesh 0.4.1; candidate requires geometry validation; coordinates preserved
v -1.563214409 -15.007515336 0.947721921
v -1.539782367 -15.034283602 0.922470774
v 7.985152615 4.378376335 1.077356366
v 6.631469146 3.933226664 1.851147668
v 6.631438669 3.933216630 1.851165084
v 6.229652892 3.801092102 2.080833506
v 6.189475861 3.787880156 2.103799463
v 5.586252342 3.589514174 2.448613537
v 4.310418843 3.169964941 3.177904310
v 4.310386290 3.169954198 3.177922905
v 4.310396952 3.169975666 3.177922988
v 4.467862917 3.485397107 3.178589081
v 4.301384790 3.174391299 3.185612531
v 4.179009578 3.234350711 3.290028040
v 4.114637953 3.105628233 3.289831713
v 4.114611385 3.105574992 3.289831593
v 2.774782202 0.426347382 3.285744719
v 2.841961134 0.447971666 3.247183320
v 2.195734810 -0.759274860 3.274446592
v 2.190130463 -0.742768144 3.283961353
v 1.985033573 -1.152895990 3.283335746
v 1.298034437 -2.526673409 3.281240189
v 0.962540248 -3.197553934 3.280216830
v 0.804563145 -3.513457353 3.279734952
v 0.736159757 -3.650242060 3.279526328
v 0.667951762 -3.613399998 3.338901344
v 0.510671163 -3.907223429 3.345536777
v 0.587815256 -3.946883452 3.279073805
v 0.678297815 -3.993400821 3.201119169
v 0.722836279 -4.016298184 3.162747358
v 0.869589975 -3.722334547 3.163368149
v 0.869582165 -3.722309420 3.163382139
v 0.823518428 -3.697428368 3.203480611
v 0.869598233 -3.722318099 3.163368152
v 4.206189275 2.996551970 3.189628680
v 4.114667212 3.105593338 3.289799677
v 4.296579280 3.165413894 3.185815268
v 0.067779966 -5.328447313 3.159976370
v -0.262411784 -5.989857184 3.158579664
v -0.437471491 -5.997127342 3.275946368
v -0.611910152 -6.004371710 3.392896699
v -0.520164446 -6.162486668 3.275694130
v -0.427939570 -6.321427330 3.157879469
v -0.751562111 -6.969678448 3.156510522
v -0.888534541 -6.899108437 3.274570489
v -0.982819647 -7.087648337 3.274282891
v -0.779687618 -7.026016895 3.156391549
v -0.977176295 -7.421608178 3.155556157
v -0.870044789 -7.425116219 3.080994310
v -1.008489366 -7.484331661 3.155423700
v -1.228184745 -7.578299655 3.273534453
v -1.588651553 -8.299117390 3.272434919
v -1.703254545 -8.528286532 3.272085345
v -1.563812635 -8.596704520 3.153074641
v -2.206704897 -9.535025476 3.270549639
v -2.502885777 -10.127291934 3.269646227
v -2.907607624 -10.936605519 3.268411702
v -2.907596329 -10.936639721 3.268392205
v -2.907623672 -10.936637610 3.268411653
v -2.916501154 -10.954389750 3.268384564
v -2.976200415 -11.073769051 3.268202473
v -3.047018383 -11.215382125 3.267986490
v -2.935969785 -11.345284410 3.147270314
v -2.669831402 -11.656607333 2.857962705
v -2.487626646 -11.869746516 2.659895737
v -2.482261449 -11.876022608 2.654063461
v 0.602000838 -5.953958481 2.579044477
v 0.601983000 -5.953992635 2.579044944
v -2.399547538 -12.475044398 2.391399057
v -2.498295690 -12.661300095 2.394953037
v -2.500379712 -12.763365861 2.361275372
v -2.295532451 -13.149461631 2.088217659
v -2.177905557 -13.146212255 2.008793546
v -2.177901237 -13.146203904 2.008793460
v -1.981123870 -13.742058391 1.669116678
v 1.989614275 -4.667552769 2.071363346
v 1.989574587 -4.667532405 2.071397525
v 1.552092568 -5.914545955 1.942051478
v 1.552078922 -5.914502126 1.942075896
v -1.850492553 -13.988272077 1.494987482
v -1.879971806 -14.048353402 1.494508118
v -1.563257906 -15.007383623 0.947797006
v 2.507778066 -0.176331822 3.261281978
v -2.009681633 -9.489828578 3.151188582
v -2.488964097 -12.204285262 2.545749802
v 0.601955443 -5.953960366 2.579074911
v 1.552115959 -5.914500571 1.942051071
v 0.328231233 -4.806735033 3.161078129
v 0.080499114 -5.302969391 3.160030203
v 0.846961101 -3.649650128 3.203861814
v 1.989604502 -4.667522390 2.071380486
v -1.563284189 -15.007435620 0.947798954
v -1.879971806 -14.048353402 1.165423908
v -2.067775986 -14.431114933 1.164698313
v -5.638642499 -6.597365447 3.212034340
v -5.803987863 -6.516237779 3.268424481
v -6.048259279 -6.990601309 3.270683716
v -6.056577597 -7.068612488 3.262323609
v -6.060408128 -7.104536319 3.258473808
v -6.167687224 -7.287359530 3.262945144
v -6.225956632 -7.402077390 3.263271099
v -6.160939772 -7.380436448 3.248400293
v -5.994890658 -7.325166927 3.210421138
v -6.817289581 -9.005296737 3.206697061
v -5.702133342 -9.605821668 2.819100069
v -0.757359976 1.503460047 2.978881872
v -0.757366669 1.503481510 2.978886634
v -0.757338654 1.503467098 2.978876989
v -5.476998785 -9.727059311 2.740849620
v -0.537728820 0.797858508 2.822435692
v -0.537701675 0.797913216 2.822435713
v -0.537688982 0.797872569 2.822426689
v -4.925793045 -10.023890174 2.549265984
v 0.146339956 1.038553135 2.667747239
v -3.909508906 -7.975622929 2.550054059
v -3.887644895 -7.968989245 2.544965463
v -3.887634952 -7.968986244 2.544963147
v -3.680690149 -7.558046204 2.544285293
v -3.073778276 -6.352872723 2.542297334
v -3.110400798 -6.365062554 2.550673724
v -1.862263814 -3.849508091 2.551641588
v -1.957621713 -3.685167934 2.600196426
v -1.815357428 -3.754970736 2.551677961
v -1.617126552 -3.355446829 2.551831679
v -1.617125143 -3.355443990 2.551831680
v -1.402807482 -2.923498013 2.551997872
v -1.235094348 -2.585481010 2.552127925
v -0.218839048 -0.537271889 2.552915976
v -0.159347071 -0.417368936 2.552962109
v 0.310654627 0.529894773 2.553326571
v 0.478298032 0.867771241 2.553456569
v 0.651201423 1.216248934 2.553590646
v 1.096123280 2.112965543 2.553935660
v 0.987751539 2.798648384 2.677166423
v 1.170000855 2.261861911 2.553992948
v 2.146604589 4.230155385 2.554750252
v 1.811356266 4.394414895 2.669053228
v 1.357897570 4.616593197 2.823660053
v 1.588784484 5.081714317 2.823809180
v 0.635301866 5.167789449 3.096919549
v 0.544542080 5.015107894 3.100973758
v 0.501883579 4.943345134 3.102879290
v 0.347667704 4.683913858 3.109768050
v 0.356154313 4.658917896 3.104032362
v -0.503006128 3.048692051 3.119919964
v -0.545737658 3.180973300 3.149676103
v -1.027370987 2.370740573 3.171190468
v -1.080583142 2.541659038 3.209089497
v -1.102843988 2.613161165 3.224944209
v -1.482234394 1.876402948 3.228453142
v -1.441844001 1.855623373 3.214547033
v -1.809482405 1.157476728 3.220100915
v -1.733784164 1.182369583 3.202745657
v -1.448809321 1.276081637 3.137409765
v -2.872037837 -1.391312286 3.163728118
v -3.131187622 -1.474730229 3.223388870
v -3.151056425 -1.515321441 3.223298898
v -3.164708235 -1.543211616 3.223237072
v -3.164718018 -1.543231557 3.223237034
v -3.181079300 -1.576657035 3.223162945
v -3.214242999 -1.519502579 3.240049414
v -3.216818017 -1.515064888 3.241360561
v -3.414012289 -1.889531268 3.244340411
v -3.403102071 -1.895140246 3.240584648
v -3.350267734 -1.922302506 3.222396819
v -4.883987431 -4.840598218 3.244781431
v -4.916404097 -4.823896680 3.255945545
v -4.928319984 -4.817757479 3.260049303
v -4.922396491 -4.835694202 3.255979066
v -4.906191946 -4.884762616 3.244844363
v -4.863550853 -5.013882610 3.215544194
v 0.539363440 1.929878828 2.681583421
v -3.776360174 -2.792793285 3.220467330
v -4.799929241 -4.883906069 3.215832293
v 0.146302380 1.038572467 2.667760176
v 0.146330513 1.038582367 2.667753814
v -1.973572625 0.292577981 3.147113692
v -1.617122493 -3.355447093 2.551830530
v -1.583899666 -3.394350620 2.537417189
v -1.565988489 -3.358783491 2.537358529
v -4.950087066 -4.806542768 3.267545761
v -4.928727485 -4.816523543 3.260329311
v -4.938985653 -4.785461146 3.267378052
v -1.489122431 1.879946586 3.230824636
v -1.656630524 1.537733917 3.230066109
v -2.282167889 0.259845300 3.227241734
v -2.339192894 0.163914437 3.229789025
v -2.331203900 0.166725807 3.227982526
v -2.326993757 0.168207338 3.227030509
v -2.282000409 0.260127034 3.227234251
v -2.281748193 0.260642208 3.227235381
v -3.525705739 -1.832109313 3.282790063
v -3.423464117 -1.884672053 3.247594133
v -3.231668226 -1.507074016 3.246521239
v -3.356349335 -1.547207723 3.275224982
v 0.635322929 5.167824883 3.096918608
v 0.635100941 5.167807621 3.096977106
v 0.099832827 5.126122013 3.238019930
v -0.667613844 3.558257570 3.234544694
v -0.665144770 3.550614216 3.232825352
v -0.664187728 3.547651600 3.232158920
v -0.647782914 3.496868236 3.220735408
v -0.621090293 3.414237605 3.202147977
v 0.230005018 5.030470648 3.189290554
v 0.211154014 5.085993293 3.202031033
v 0.178723919 5.101905309 3.213091142
v 0.135937962 5.122898489 3.227683061
v 0.127446079 5.127065080 3.230579171
v 0.125322377 5.128107087 3.231303448
v -1.501820433 1.886479344 3.235196468
v -1.113488667 2.647352216 3.232525635
v -1.115702272 2.654462356 3.234102220
v -1.116526497 2.657109800 3.234689256
v -1.506686447 1.888982753 3.236871800
v -1.957621740 -3.685167921 2.500190057
v -2.980238566 -6.102727420 2.550766064
v -3.073778276 -6.352872723 2.559572047
v -3.887641531 -7.968999308 2.555456893
v -3.887644854 -7.968989248 2.555454477
v -4.923172286 -10.025301450 2.550220913
v -4.679326983 -10.156615092 2.640142393
v -1.565988489 -3.358783491 2.567195908
v -1.583899666 -3.394350620 2.567105352
v -4.707814746 -10.209276445 2.639435245
v -3.379050824 -10.861242224 3.120273825
v 1.889900364 0.141512021 3.069116615
v 1.889886115 0.141553936 3.069106427
v 1.889941762 0.141525346 3.069126749
v -3.377338132 -10.857751607 3.120269569
v -3.284941136 -10.907508474 3.154342292
v -3.284910287 -10.907510884 3.154351622
v -3.238429683 -10.911099231 3.168402541
v -2.009681680 -9.489828586 3.321396722
v -1.563812635 -8.596704520 3.322535829
v -1.008489427 -7.484331679 3.323954539
v -0.977176326 -7.421608180 3.324034544
v -0.779687618 -7.026016895 3.324539091
v -0.611910179 -6.004371709 3.226187484
v -0.262411784 -5.989857184 3.325860614
v 0.067779917 -5.328447323 3.326704180
v 0.080499114 -5.302969391 3.326736674
v 0.328231233 -4.806735033 3.327369574
v 0.722836301 -4.016298197 3.328377701
v 0.678297815 -3.993400821 3.312110130
v 0.392958218 -4.574948158 3.312819282
v 0.804561234 -3.513461102 3.279722453
v 0.804560054 -3.513457151 3.279721540
v 2.195734810 -0.759274860 3.287957280
v 2.507778066 -0.176331822 3.294822410
v 2.480430134 -0.162262196 3.284832211
v 2.185311146 -0.010432827 3.177025214
v 2.333220126 0.284212593 3.177638283
v 3.707677432 2.291837940 3.288574087
v 3.886182157 3.377825547 3.184075191
v 3.886167711 3.377832596 3.184069969
v 2.902914578 3.859590942 2.828359117
v 2.234122106 4.187274979 2.586410496
v 0.987751539 2.798648384 2.423581581
v 0.539363440 1.929878828 2.418199871
v -3.887634952 -7.968986244 2.555456927
v 0.279421946 -4.339231231 3.245797301
v 0.667951762 -3.613399966 3.254345179
v -6.114193769 -10.961649622 2.338341569
v -6.212672306 -10.681486106 2.269299901
v -6.235230510 -10.679744601 2.262480638
v -7.217572388 -12.658669891 2.261582965
v -7.037567781 -12.750723043 2.327258914
v -4.804987023 -0.703810733 3.216656072
v -4.931108185 -0.748193421 3.143803149
v -4.812496999 -0.806390692 3.246549870
v -4.770263242 -0.720848159 3.246735484
v -4.752781322 -0.685439289 3.246812299
v -4.752775121 -0.685426837 3.246812364
v -4.866130180 -0.624198759 3.146697221
v -4.890460986 -0.661872434 3.142614409
v -6.708494856 -1.354124278 2.110415999
v -6.665304756 -1.375315753 2.147829343
v -6.294568679 -1.228001876 2.356210522
v -6.134782717 -1.164510106 2.446022086
v -6.204924293 -0.952116866 2.324298599
v -6.065190681 -0.816750940 2.375490633
v -5.652574626 -0.738679299 2.636829474
v -4.906194741 -0.597455752 3.109564482
v -4.533467701 0.059557674 3.144746273
v -4.668252758 0.217389368 2.996579069
v -4.392482870 0.308074462 3.158053864
v -4.334250422 0.410721965 3.163550439
v -4.293564214 0.340603208 3.215974871
v -4.010289287 1.031621876 3.177054869
v -4.006714701 1.182187423 3.127976757
v -3.468385533 2.129485688 3.179346510
v -1.857601740 5.392834987 3.186158306
v -4.237029154 0.359194367 3.249078518
v -4.015605966 0.807677434 3.250051453
v -3.081694582 2.699274449 3.254155067
v -3.130359220 2.724310861 3.211602478
v -2.665253652 3.542757498 3.255984912
v -1.962830042 4.965486065 3.259071366
v -1.884554364 5.124030057 3.259415310
v -1.842823253 4.989988926 3.334464863
v -1.625786869 5.371908023 3.355175436
v -1.756353733 5.383694877 3.259978625
v -1.539927993 6.036422541 3.187501707
v -1.454651777 5.994640290 3.261351855
v -1.454678861 5.994724165 3.261304215
v -2.047314994 7.829309697 2.219128455
v -2.107837506 8.016665348 2.112697050
v -2.301740541 8.616918502 1.771710340
v -2.557781006 9.409526508 1.321452323
v -2.693284479 9.828995893 1.083163721
v -2.718788346 9.818128751 1.069079749
v -3.867718349 7.476507787 1.069002559
v -3.987614293 7.235699984 1.067778256
v -5.132553800 4.936119555 1.056086843
v -5.238055883 4.710418203 1.059737598
v -5.688784898 3.746170440 1.075334460
v -7.427243349 0.173683498 1.085272700
v -8.350818162 -1.724238743 1.090552498
v -8.353558264 -1.736929265 1.092986343
v -8.144048680 -1.839726367 1.274473636
v -8.132749210 -1.835904069 1.281053453
v -8.156146966 -1.883100470 1.280883939
v -7.489081832 -1.648356955 1.666209056
v -7.523409363 -1.716288010 1.665510895
v -6.989361480 -1.504081350 1.965685424
v -6.969605914 -1.465550813 1.966280381
v -6.955276116 -1.437602529 1.966711947
v -7.021089845 -8.967495503 3.209201221
v -7.828333689 -10.556756192 3.205996157
v -7.760527190 -10.561990915 3.252911626
v -6.987190056 -9.023835472 3.250720383
v -9.964450535 -5.410122070 0.052953330
v -10.148264821 -5.741518072 0.041972131
v -12.224250026 -9.972559532 0.082130602
v -12.339528911 -10.208489502 0.084690580
v -12.525882483 -10.589880930 0.088828859
v -12.463239300 -10.570874670 0.124155042
v -12.285674921 -10.212710656 0.121973654
v -12.285820301 -10.212635866 0.121851692
v -12.285644568 -10.212649432 0.121973282
v -11.913620085 -10.404114749 0.434099262
v -11.486129423 -10.274413782 0.675173417
v -11.486020892 -10.274380803 0.675234604
v -11.486108973 -10.274374004 0.675173660
v -10.792790624 -8.922151129 0.682212487
v -9.966028064 -7.309663521 0.690606089
v -7.480151867 -3.503019864 1.066111979
v -8.078802066 -4.586949752 1.031905811
v -8.319665863 -5.281905675 1.105176495
v -10.814639124 -10.070679713 1.053844757
v -10.951330713 -10.315659168 1.045187876
v -11.094484742 -10.572220648 1.036121718
v -9.471200423 -11.368694581 2.384945450
v -9.525295222 -11.478515872 2.385847731
v -9.969372177 -11.251417888 2.013757672
v -9.980202535 -11.273354330 2.013921185
v -9.539868317 -11.508101639 2.386090805
v -9.585923531 -11.601601255 2.386858989
v -9.560068934 -11.614902164 2.408549014
v -9.513237896 -11.522298655 2.408598794
v -9.498123501 -11.492411342 2.408614804
v -9.442643829 -11.382706040 2.408673770
v -9.257070891 -11.473758486 2.562870531
v -7.673189291 -7.883789746 2.410553331
v -7.673161474 -7.883780487 2.410568742
v -9.321769087 -11.582597776 2.556381353
v -8.688767605 -11.906310499 3.086770413
v -8.074968502 -10.537715854 3.035349005
v -7.148148576 -8.958245095 3.121476837
v -7.972252416 -10.545645590 3.106418484
v -8.602341545 -11.950508208 3.159186415
v -8.549894783 -11.977329131 3.203131318
v -7.882482434 -10.552575880 3.168530525
v -7.027441751 -8.892127322 3.179629350
v -6.986321385 -8.812273477 3.180163099
v -6.440366243 -7.752054478 3.187249871
v -7.031924279 -8.760177624 3.132277368
v -7.031996132 -8.760095540 3.132201917
v -6.336197302 -7.438771071 3.151281910
v -6.267219541 -7.415811777 3.189497396
v -6.048259279 -6.990601309 3.192339603
v -5.803987863 -6.516237779 3.195510361
v -5.988048309 -6.425927446 3.042570365
v -5.966811002 -6.226758552 2.989744521
v -5.691950296 -6.215343700 3.168948263
v -4.950087066 -4.806542768 3.189291421
v -4.938985653 -4.785461146 3.189595840
v -4.100620998 -3.193403665 3.212585231
v -3.866398983 -2.748615218 3.219007999
v -3.776360174 -2.792793285 3.293823286
v -3.350267717 -1.922302554 3.284882584
v -3.414012289 -1.889531268 3.231413215
v -3.419921340 -1.886493407 3.226456665
v -3.423464101 -1.884672116 3.223484991
v -3.525705739 -1.832109313 3.137724011
v -3.356349335 -1.547207723 3.154710386
v -3.801290627 -1.690430251 2.906561586
v -3.832960157 -1.674148846 2.879996975
v -4.665431040 -1.936253867 2.413748250
v -4.684962980 -1.974876291 2.413727503
v -4.751127426 -2.105709750 2.413657221
v -4.938386556 -2.166340993 2.309339793
v -4.874058436 -2.035744387 2.308266824
v -5.142912939 -2.122286190 2.158323622
v -5.522500355 -2.244471908 1.946623420
v -5.753568753 -2.318850705 1.817753955
v -7.733960805 -2.956320774 0.713266870
v -7.733968030 -2.956334866 0.713266796
v -7.902656971 -3.285339637 0.711554203
v -8.230832540 -3.116259236 0.436155873
v -8.230859854 -3.116267984 0.436140625
v -8.790610807 -3.296446735 0.123961191
v -9.116614759 -3.725418590 0.051098596
v -9.780521250 -5.078518738 0.063941399
v -10.032611304 -8.669124936 1.103371740
v -7.673174044 -7.883759596 2.410553347
v -7.134094688 -8.953981064 3.129402200
v -7.085131799 -8.861060509 3.130765070
v -7.045442217 -8.927083387 3.179395700
v -9.433947089 -7.596195470 1.141286034
v -7.085156491 -8.861047255 3.130744170
v -7.085148690 -8.861032438 3.130744383
v -8.804400662 -5.044067714 0.702399364
v -6.440366223 -7.752054439 3.187249871
v -6.237198345 -7.405819202 3.206129925
v -6.992394181 -8.911000822 3.209315116
v -6.992409051 -8.910992815 3.209302521
v -7.045411434 -8.927074047 3.179413059
v -4.922396491 -4.835694202 3.217533698
v -5.621688947 -6.212425775 3.214757273
v -5.572676647 -6.210390314 3.246712323
v -6.056577584 -7.068612498 3.213030620
v -6.167687224 -7.287359530 3.212589478
v -6.060408128 -7.104536319 3.222558745
v -6.225956632 -7.402077390 3.212358129
v -3.110511810 -1.313182771 3.239735717
v -2.331203882 0.166725775 3.261105672
v -2.339192883 0.163914406 3.256730740
v -2.525171673 -0.148950455 3.238077177
v -2.524779305 -0.148169934 3.238076029
v -2.525242810 -0.149070039 3.238070012
v 0.195012881 5.133534440 3.273398189
v 0.211153973 5.085993313 3.300132391
v 0.501883579 4.943345134 3.296063243
v 0.288049461 5.140779938 3.236104356
v 0.288094834 5.140783522 3.236086134
v 0.288084073 5.140762980 3.236103855
v 0.544542089 5.015107861 3.232393603
v 1.357897570 4.616593197 3.220626552
v 1.811356266 4.394414895 3.214066233
v 2.146604589 4.230155385 3.209216098
v 2.527092642 4.997009050 2.555059232
v 2.527109805 4.997043640 2.555029725
v 2.527142625 4.997004538 2.555044915
v 2.234122106 4.187274979 3.207949957
v 2.902914578 3.859590942 3.198274341
v 4.179009521 3.234350706 3.179812726
v 4.301384770 3.174391342 3.178042243
v 4.467862917 3.485397107 2.908509428
v 6.631454982 3.933248360 1.851145436
v 8.044310419 4.498945171 0.974745305
v 6.973111504 4.595647079 1.281572157
v 7.164157196 4.966043701 0.963081175
v 6.920954746 5.105004721 0.953126441
v 6.502590348 5.344049776 0.936001997
v 6.070241634 5.591085190 0.918305149
v 5.574342874 5.552465613 1.117086808
v 5.574339268 5.552458877 1.117092646
v 5.496777615 5.546424954 1.148178967
v 5.328686207 5.533334376 1.215558600
v 5.440652293 5.757230553 1.024261467
v 5.239069096 6.066000566 0.884283690
v 5.236387536 6.067532719 0.884173954
v 4.366275617 6.564697316 0.848558607
v 3.640267403 6.979523899 0.818841722
v 3.539359880 7.037180441 0.814711387
v 3.258239141 7.197807213 0.803204585
v 2.775996896 7.473350793 0.783465501
v 2.201084726 7.801844117 0.759933262
v 1.807739354 8.026593801 0.743832894
v 1.787401263 8.038214579 0.743000418
v 1.708851399 8.073340553 0.746423524
v 1.648323918 8.100407292 0.749061221
v 1.627118422 8.109889929 0.749985364
v 1.572334995 8.134388025 0.752372751
v 0.638603468 8.551934647 0.793063619
v 0.394823715 8.660948218 0.803687242
v -0.041901616 8.856243306 0.822719197
v -0.290099932 8.353528378 1.251126373
v -1.114704223 9.335979801 0.869470621
v -1.252758275 9.397714893 0.875486848
v -1.372324733 9.451182691 0.880697408
v -1.786557181 9.636419398 0.898749151
v -2.235120720 9.837008303 0.918297000
v -1.976920570 10.363243044 0.470406692
v -2.001453688 10.392472333 0.459051906
v -2.168135095 10.052760883 0.748188015
v -2.257845256 10.014535558 0.805404735
v -1.022756986 5.783027519 3.255068175
v -0.813519701 5.680508844 3.252041078
v 0.142028001 5.212325154 3.238216891
v 0.142042176 5.212318240 3.238216665
v 0.164721843 5.201205995 3.237888573
v 0.173496788 5.196906572 3.237761636
v 0.173509911 5.196868164 3.237783205
v 0.173522888 5.196893802 3.237761245
v 7.927966071 5.320710987 0.456051844
v 7.854536866 5.730042438 0.203068099
v 7.545816874 5.705999959 0.326818907
v 7.468767507 5.556617762 0.455267386
v 5.984684484 6.319044501 0.452732061
v 6.794515065 5.903005429 0.454115546
v 7.226401807 5.681129716 0.454853347
v 7.392492262 5.994404503 0.183911454
v 6.954061062 6.208492191 0.190749516
v 6.138643930 6.606663599 0.203467297
v 3.594357008 7.849048924 0.243149692
v 3.205505428 8.038926722 0.249214453
v 3.056425698 8.038273924 0.301517487
v 2.971434379 7.867059123 0.447584498
v 3.471152786 7.610335851 0.448438177
v 2.410999164 8.154974810 0.446627086
v 2.339762203 8.035135760 0.552951229
v 2.641695370 8.036457881 0.447021198
v 2.220799692 8.252687118 0.446302153
v 2.167003049 8.708836843 0.154631853
v 1.989398961 8.371565990 0.445906836
v 1.806040702 8.465763661 0.445593632
v 1.828136085 8.454412470 0.445631378
v 2.065400416 8.921526468 0.045252108
v 2.040661398 8.932420574 0.046444997
v 1.976738751 8.960569635 0.049527277
v 1.748905938 8.495115839 0.445496027
v -1.515738242 10.172280713 0.439918937
v -1.109583185 9.963624245 0.440612811
v -0.960656740 10.254084963 0.191165264
v -1.380914111 10.439150050 0.211429614
v -1.515751379 10.172319391 0.439897188
v -0.870044789 -7.425116219 3.154393065
v 0.846961101 -3.649650128 3.164173927
v 0.823518448 -3.697428328 3.164068644
v -0.888534541 -6.899108437 3.158536099
v -0.520164390 -6.162486662 3.160084404
v 0.587815256 -3.946883452 3.164741384
v 0.510671163 -3.907223429 3.165871008
v 0.279421946 -4.339231231 3.165127074
v 0.334463609 -4.453505300 3.163676515
v 0.392958218 -4.574948158 3.162134958
v 0.678297815 -3.993400821 3.163416445
v -2.907623672 -10.936637610 3.150049611
v -3.238429630 -10.911099215 3.153810055
v -3.247345005 -10.927754456 3.153781374
v -3.264886560 -10.960524681 3.153724942
v -3.242323158 -10.986918883 3.153283630
v -3.045810858 -11.083338791 3.150440637
v -3.015170047 -11.052783439 3.150339139
v -2.976200441 -11.073769047 3.149761375
v -6.987190056 -9.023835472 3.208403524
v -6.898507591 -9.171221952 3.206341776
v -6.817313125 -9.005344836 3.206709393
v -6.732534567 -8.832145378 3.207093240
v -6.160939754 -7.380436479 3.211810114
v -6.919304684 -8.888812524 3.208683412
v -6.919310856 -8.888824800 3.208683387
v -6.919318052 -8.888816579 3.208683526
v -6.958430633 -8.844135195 3.209440484
v -6.986321343 -8.812273447 3.209980261
v -7.027441732 -8.892127298 3.209825223
v -7.045425373 -8.927050778 3.209757418
v -7.045411434 -8.927074047 3.209757093
v -6.992386663 -8.910986022 3.209305637
v -4.236873007 -1.088823966 3.238220946
v -4.094923259 -0.453972534 3.241449056
v -4.094947361 -0.453944328 3.241449528
v -3.352340702 -1.522824908 3.225424194
v -3.276269181 -1.412606553 3.225429801
v -3.276309292 -1.412559582 3.225430586
v -3.276302782 -1.412548567 3.225430598
v -3.832960157 -1.674148846 3.229474975
v -3.801290627 -1.690430251 3.229011237
v -3.231668226 -1.507074016 3.224240377
v -3.231656099 -1.507050142 3.224240425
v -3.231632933 -1.507062655 3.224240082
v -3.419921329 -1.886493382 3.223426832
v -3.414012323 -1.889531238 3.223340306
v -3.218939447 -1.482014240 3.224290926
v -3.226900794 -1.497688078 3.224259310
v -3.216820561 -1.515063469 3.224020292
v -3.214243030 -1.519502552 3.223959203
v -3.203423272 -1.497982224 3.224003812
v -3.203399839 -1.497935623 3.224003909
v -3.203373671 -1.497966258 3.224003397
v -3.110511810 -1.313182771 3.224386882
v -2.525171738 -0.148950477 3.226800211
v -2.525242810 -0.149070039 3.226800081
v -2.524779305 -0.148169934 3.226801829
v -2.339192883 0.163914406 3.227139325
v -1.501820391 1.886479335 3.231019438
v -1.506686447 1.888982753 3.231090705
v -1.116526520 2.657109858 3.232640127
v -1.115702296 2.654462368 3.232611386
v -1.482234408 1.876402974 3.230732586
v -2.281748905 0.260640855 3.227244748
v -3.164757983 -1.543184758 3.223247773
v -2.872037876 -1.391312316 3.221228301
v -2.872037837 -1.391312286 3.221228301
v -1.973572625 0.292577981 3.224159352
v -1.448809321 1.276081637 3.225871280
v -1.733784110 1.182369610 3.228243227
v -1.809482356 1.157476718 3.228873290
v -1.102843961 2.613161216 3.232163020
v -1.080583160 2.541659050 3.231386793
v -1.027370982 2.370740594 3.229531301
v -0.545737658 3.180973300 3.230409511
v -0.621090293 3.414237605 3.232971286
v -0.647782914 3.496868236 3.233878759
v -0.664187728 3.547651564 3.234436476
v -0.665144795 3.550614180 3.234469012
v 0.211154014 5.085993293 3.236525802
v 0.195012881 5.133534440 3.237056367
v 0.142025343 5.212319723 3.238218700
v -1.454706963 5.994667330 3.261310794
v -1.539927993 6.036422541 3.262543266
v -1.857601740 5.392834987 3.261145500
v -1.625786869 5.371908023 3.258487618
v -1.842823253 4.989988926 3.257965867
v -3.130359220 2.724310861 3.254870655
v -4.293564203 0.340603198 3.249549185
v -4.334250422 0.410721965 3.250513828
v -4.392482870 0.308074462 3.250372520
v -4.668252758 0.217389368 3.252667850
v -4.533467701 0.059557674 3.250030404
v -4.906194741 -0.597455752 3.249125938
v -4.913190473 -0.598779424 3.249191490
v -4.866130180 -0.624198759 3.248493196
v -4.752763584 -0.685433047 3.246811032
v -4.094901363 -0.453928081 3.241449153
v -3.242784144 -1.470314700 3.224635894
v 0.125322338 5.128107106 3.237767551
v -1.441844001 1.855623373 3.230141037
v -4.883987429 -4.840598177 3.217074927
v -3.976419818 -3.201507550 3.219571906
v -4.057251578 -3.196233435 3.220483519
v -4.088614807 -3.194187046 3.220837231
v -4.093159725 -3.193890533 3.220888488
v -4.100620998 -3.193403665 3.220972636
v -4.938985653 -4.785461146 3.218081659
v -4.928727498 -4.816523509 3.217738107
v -4.928319994 -4.817757452 3.217724460
v -4.916404134 -4.823896679 3.217549876
v -5.741790557 -6.546755250 3.213538246
v -5.446662204 -6.205156985 3.212915193
v -4.906191946 -4.884762616 3.216983379
v -5.572676647 -6.210390314 3.214235495
v -4.929144188 -4.817332806 3.217736535
v -4.950087044 -4.806542790 3.218043377
v -5.691950296 -6.215343700 3.215485171
v -5.966811002 -6.226758552 3.218364992
v -5.988048309 -6.425927446 3.217100919
v -5.840869411 -6.498141632 3.214971645
v -5.803987875 -6.516237773 3.214438071
v -5.781588598 -6.527228109 3.214114015
v -6.267219541 -7.415811777 3.212691526
v -6.336197302 -7.438771071 3.213263580
v -7.031996132 -8.760095540 3.210864220
v -7.031924279 -8.760177624 3.210862829
v -6.440366243 -7.752054478 3.212038702
v 2.507778039 -0.176331784 3.172295753
v 2.841961134 0.447971666 3.173370828
v 2.774782225 0.426347353 3.173933483
v 2.480430113 -0.162262168 3.172696285
v -3.468385533 2.129485688 3.254058046
v -4.006714701 1.182187423 3.252763913
v -4.010289280 1.031621897 3.251673668
v 4.114667212 3.105593338 3.179564491
v 4.206189275 2.996551970 3.177759585
v 4.296579280 3.165413894 3.178050372
v -0.503006128 3.048692051 3.228956761
v 0.356154313 4.658917896 3.231759589
v 0.347667704 4.683913858 3.232038547
v 0.230005018 5.030470648 3.235906163
v 0.501883579 4.943345134 3.232319744
v 0.249368987 5.067242894 3.235972937
v -3.880519495 -14.536753749 0.447871593
v -4.230696743 -15.207247000 0.447666301
v -3.440849669 -15.594790080 0.449011641
v -3.575714544 -14.693561074 0.448394133
v -2.130303227 -16.237817346 0.451243883
v -1.539782367 -15.034283602 0.451556248
v -1.563214383 -15.007515385 0.451509244
v -1.563284189 -15.007435620 0.451509104
v -2.067775986 -14.431114933 0.450497121
v -2.106020788 -14.509061220 0.450476891
v -3.194724199 -13.974882533 0.448622511
v -3.782729022 -14.349511853 0.447928923
v -3.507039944 -13.821642988 0.448090547
v -4.041349811 -13.559480731 0.447180461
v -4.139633043 -13.756352725 0.447126876
v -4.396667525 -14.271220726 0.446986739
v -3.575742065 -14.693546892 0.448394086
v -3.575733203 -14.693530087 0.448394091
v -1.563257902 -15.007383646 0.451509119
v -12.525882483 -10.589880930 0.433283026
v -12.997613670 -11.555326617 0.433035362
v -5.541557836 -15.213683960 0.445735199
v -5.743395920 -13.578394560 0.444677986
v -5.024359724 -15.467450235 0.446616139
v -4.986496024 -15.452711311 0.446665159
v -4.538654628 -14.198175250 0.446743324
v -4.855074756 -14.035392550 0.446200872
v -4.502571191 -13.333179767 0.446394867
v -4.528209950 -13.320599960 0.446351196
v -4.468736973 -13.209495626 0.446387349
v -5.648299907 -13.242080629 0.444662113
v -5.734240789 -13.417235748 0.444616653
v -6.334761876 -13.216781041 0.443637534
v -6.289571197 -13.133243492 0.443665415
v -6.432330556 -13.060237311 0.443420880
v -6.473345394 -13.142900561 0.443398753
v -6.488966496 -13.134572770 0.443371838
v -6.513069400 -13.182435041 0.443358502
v -7.281366749 -12.787183475 0.442041378
v -8.389437395 -12.217135097 0.440141766
v -8.550916042 -12.134062201 0.439864936
v -8.613223719 -12.102007933 0.439758120
v -8.666296039 -12.074704809 0.439667136
v -8.753750655 -12.029713632 0.439517208
v -8.711596621 -11.949662883 0.439542229
v -9.340626005 -11.614320025 0.438458407
v -9.392282695 -11.701220034 0.438422546
v -9.585923531 -11.601601255 0.438090580
v -9.539868333 -11.508101681 0.438115111
v -9.980202556 -11.273354351 0.437356411
v -10.029578184 -11.373362544 0.437330004
v -11.627975362 -10.551065046 0.434589804
v -11.486129426 -10.274413787 0.434670614
v -11.913621396 -10.404117345 0.434100111
v -12.285674921 -10.212710656 0.433462282
v -12.463239307 -10.570874624 0.433366626
v -6.358968233 -13.261712586 0.443622684
v -5.767105582 -13.519405192 0.444615610
v -6.054788615 -13.253309734 0.444067580
v -6.255824845 -13.258863287 0.443773543
v -1.976920561 10.363243063 0.439116883
v -2.235120720 9.837008303 0.438980304
v -1.786557181 9.636419398 0.439735283
v -1.372324733 9.451182691 0.440432478
v -1.380914111 10.439150050 0.439961001
v -0.960656790 10.254084966 0.440667006
v -1.311312837 9.570178073 0.440467237
v -1.252758316 9.397714865 0.440633721
v -1.114704223 9.335979801 0.440866080
v -0.290099932 8.353528378 0.442538972
v -0.041901616 8.856243306 0.442671716
v 1.627118390 8.109889968 0.445480847
v 1.648323871 8.100407289 0.445516538
v 1.976738751 8.960569635 0.445601641
v 2.040661376 8.932420568 0.445709027
v 2.065400416 8.921526468 0.445750587
v 1.708851382 8.073340584 0.445618412
v 1.787401263 8.038214579 0.445750619
v 1.807739351 8.026593820 0.445786023
v 2.167003049 8.708836843 0.445999266
v 2.201084726 7.801844117 0.446470751
v 2.775996896 7.473350793 0.447471546
v 2.339762203 8.035135760 0.446567022
v 3.258239106 7.197807233 0.448311023
v 3.539359854 7.037180484 0.448800392
v 3.056425698 8.038273924 0.447622955
v 3.594357044 7.849048941 0.448504512
v 3.640267403 6.979523899 0.448976050
v 4.366275617 6.564697316 0.450239870
v 5.236387538 6.067532755 0.451754543
v 4.614238006 7.023069939 0.450392858
v 4.614216372 7.023103051 0.450392811
v 4.614247331 7.023087177 0.450392864
v 5.239069096 6.066000566 0.451759211
v 5.440652293 5.757230553 0.452200024
v 5.515947896 5.907797554 0.452241196
v 5.641398955 5.836117326 0.452459578
v 5.706321762 5.799021731 0.452572595
v 5.574342848 5.552465664 0.452492367
v 6.070241634 5.591085190 0.453206099
v 6.973111504 4.595647079 0.455000498
v 8.044310419 4.498945171 0.456625890
v 8.679893404 5.794319510 0.456962090
v 7.854536866 5.730042438 0.455774180
v 7.846919421 5.772505925 0.455743221
v 7.633796995 5.876574439 0.455380444
v 7.392492262 5.994404503 0.454969696
v 6.138643930 6.606663599 0.452835396
v 6.048137265 6.650858361 0.452681335
v 5.919058101 6.713888267 0.452461617
v 5.631370396 6.854367270 0.451971915
v 4.754583151 7.282505947 0.450479448
v 4.299918956 7.504520271 0.449705519
v 4.076774389 7.846316373 0.449217557
v 3.999531231 7.964631599 0.449048645
v 3.806562880 8.260206083 0.448626670
v 7.307676869 15.043751964 0.450642116
v 7.189083099 15.101940690 0.450440116
v 5.238373243 11.126221471 0.449408261
v 2.035982360 12.697493262 0.443953655
v 1.863822360 12.716204592 0.443690955
v 1.605265349 12.744306041 0.443296421
v 0.330251286 11.822710778 0.441843201
v -0.983437306 12.467279759 0.439605606
v -2.001453688 10.392472333 0.439067112
v -1.311338773 9.570254442 0.440467163
v 0.394823715 8.660948218 0.443406769
v 3.205505428 8.038926722 0.447842609
v 6.502590348 5.344049776 0.453958722
v 7.164157196 4.966043701 0.455110364
v -1.311298357 9.570206314 0.440467245
v -1.515764206 10.172294006 0.439885964
v 7.545816874 5.705999959 0.455329849
v -7.902656971 -3.285339637 0.436712129
v -8.804400662 -5.044067714 0.436198403
v -8.319665863 -5.281905675 0.437024048
v -8.078802066 -4.586949752 0.437056695
v -7.480151867 -3.503019864 0.437436597
v -9.966028064 -7.309663521 0.435536621
v -11.486108973 -10.274374004 0.434670626
v -11.486020771 -10.274380767 0.434670759
v -10.814639124 -10.070679713 0.435566742
v -10.032611304 -8.669124936 0.436069704
v -9.433947089 -7.596195470 0.436454734
v -12.285644554 -10.212649444 0.433462299
v -12.285820301 -10.212635866 0.433462033
v -3.194724199 -13.974882533 1.077824678
v -2.106020788 -14.509061220 1.097501050
v -1.850492553 -13.988272077 1.546306957
v -2.177898507 -13.146212036 2.008809528
v -2.295532431 -13.149461619 1.964773273
v -2.500379712 -12.763365861 2.157388966
v -2.498295678 -12.661300150 2.228291648
v -2.482261449 -11.876022608 2.773805743
v -2.487626646 -11.869746516 2.776213481
v -2.935969775 -11.345284459 2.977416303
v -3.047018365 -11.215382184 3.027251579
v -3.045810858 -11.083338791 3.118450062
v -3.242323126 -10.986918899 3.114898454
v -3.264886537 -10.960524738 3.125024210
v -3.284915906 -10.907522078 3.154341702
v -3.377338132 -10.857751607 3.155711774
v -3.379050824 -10.861242224 3.152703629
v -4.707814746 -10.209276445 3.128688591
v -4.679326940 -10.156615111 3.175012526
v -4.923172286 -10.025301484 3.178627302
v -4.925793045 -10.023890174 3.178666153
v -5.476998785 -9.727059311 3.186837256
v -5.702133342 -9.605821668 3.190174662
v -6.558163236 -9.301392151 3.095246842
v -6.726878427 -9.218611057 3.092197616
v -6.525814463 -9.790621859 2.770435603
v -6.124747785 -10.457177424 2.454754567
v -6.114193769 -10.961649622 2.111720330
v -8.327680471 -12.090968044 0.548818035
v -7.585868647 -10.575474621 1.854210289
v -7.760527138 -10.561990893 1.801412595
v -8.488023443 -12.008969721 0.548205870
v -8.549894783 -11.977329131 0.547969654
v -8.602341504 -11.950508185 0.547769451
v -8.688767575 -11.906310485 0.547439480
v -9.321769087 -11.582597776 0.545022756
v -9.257070859 -11.473758502 0.642832324
v -9.442643829 -11.382706040 0.639478424
v -9.498123446 -11.492411336 0.544349462
v -9.513237897 -11.522298625 0.518433241
v -9.560068934 -11.614902164 0.438133746
v -9.340626032 -11.614320045 0.516515197
v -7.103588886 -12.878641527 0.442348374
v -6.488966505 -13.134572775 0.484828275
v -6.473345394 -13.142900561 0.484654704
v -6.432330556 -13.060237311 0.556054191
v -5.287508781 -10.752909220 2.548983846
v -5.287525098 -10.752942105 2.548955441
v -6.289571197 -13.133243492 0.556599224
v -5.720583905 -12.081438020 1.481827733
v -5.452723645 -12.843478911 1.053171822
v -5.648299907 -13.242080629 0.709664650
v -4.468736973 -13.209495626 1.151234073
v -4.528209950 -13.320599960 1.053724302
v -4.502571191 -13.333179767 1.054187676
v -4.139633043 -13.756352725 0.892263557
v -4.041349811 -13.559480731 1.062523430
v -3.507039944 -13.821642988 1.072180128
v -3.782729022 -14.349511853 0.611343109
v -8.711596621 -11.949662883 0.509525601
v -5.287557154 -10.752905485 2.548969223
v -7.217572388 -12.658669891 0.553056257
v -7.037567781 -12.750723043 0.553743488
v -4.986496024 -15.452711311 -0.574790192
v -4.286088383 -15.180068768 -0.138472966
v -4.230696743 -15.207247000 -0.137471861
v -10.951330713 -10.315659168 0.836861316
v -9.980202556 -11.273354351 0.523622038
v -9.969372177 -11.251417888 0.542550307
v -9.525295222 -11.478515872 0.544245725
v -9.471200423 -11.368694581 0.638962314
v -9.918836206 -11.149059469 0.630872096
v -11.094484742 -10.572220648 0.609624346
v -7.585868647 -10.575474621 3.039433017
v -8.327680471 -12.090968044 3.013167143
v -7.217572388 -12.658669891 2.422955236
v -6.235230510 -10.679744601 2.451530064
v -6.222382320 -10.653861930 2.451903804
v -6.726878427 -9.218611057 2.981485485
v -6.558163236 -9.301392151 2.892561300
v -6.817313125 -9.005344836 3.066645825
v -6.898507554 -9.171221976 3.063770915
v -6.987190056 -9.023835472 3.133572999
v -7.760527138 -10.561990893 3.115458001
v -3.866398939 -2.748615240 3.221775521
v -4.093159728 -3.193890498 3.217739949
v -4.088614845 -3.194187020 3.215773727
v -4.057251618 -3.196233438 3.202205223
v -3.976419873 -3.201507549 3.167235437
v -3.776360174 -2.792793285 3.174319072
v -3.838969449 -2.762073679 3.207318346
v -3.863111779 -2.750228104 3.220042968
v -3.864377817 -2.749606915 3.220710255
v -6.958430662 -8.844135167 3.161441851
v -6.919318045 -8.888816527 3.135167875
v -6.919304703 -8.888812492 3.135163192
v -6.160939754 -7.380436479 3.152927461
v -6.225956632 -7.402077390 3.175309177
v -6.237198345 -7.405819202 3.179179077
v -6.167687224 -7.287359530 3.176412344
v -6.056577584 -7.068612498 3.178515891
v -7.828333668 -10.556756234 3.144972677
v -8.549894783 -11.977329131 3.131311975
v -8.488023450 -12.008969690 3.098416808
v -7.021089870 -8.967495441 3.160255576
v -7.148148547 -8.958245138 3.215437380
v -8.074968502 -10.537715854 3.252327382
v -7.972252445 -10.545645574 3.207617354
v -7.134094688 -8.953981064 3.210507556
v 8.679893404 5.794319510 -0.127749251
v 9.230593971 6.916695974 -0.108846033
v 9.927845553 8.337756367 -0.084912339
v 10.258785672 9.012241599 -0.073552567
v 12.071357871 12.706424057 -0.011334640
v 11.341301449 13.064630505 0.373453904
v 11.182308590 13.142641279 0.457253770
v 10.699315039 13.379624886 0.711823663
v 9.958665077 13.743029116 1.102195710
v 6.138643930 6.606663599 1.115190437
v 6.954061062 6.208492191 0.685836846
v 7.633796955 5.876574467 0.327925496
v 7.846919421 5.772505925 0.215706986
v 5.440652293 5.757230553 1.218470035
v 5.706321762 5.799021731 1.116661086
v 5.641398955 5.836117326 1.152043235
v 5.515947940 5.907797545 1.220412535
v 4.076774389 7.846316373 0.077189887
v 4.299918956 7.504520271 0.232141034
v 5.631370396 6.854367270 0.871561506
v 5.919058042 6.713888256 1.009721535
v 6.048137233 6.650858371 1.071710937
v 9.661507335 13.888831298 0.959328630
v 9.537527020 13.949662963 0.899728083
v 9.261197253 14.085245778 0.766889211
v 8.607988874 14.405746284 0.452875033
v 7.471966497 14.963142298 -0.093240332
v 7.307676869 15.043751964 -0.172218609
v 3.806562880 8.260206083 -0.110444451
v 3.999531243 7.964631627 0.023552399
v 7.623328416 14.888875689 -0.020476739
v -5.452723645 -12.843478911 0.702204417
v -5.720583905 -12.081438020 0.444008015
v -6.255824845 -13.258863287 0.482262852
v -6.054788615 -13.253309734 0.557521258
v -5.734240789 -13.417235748 0.712981218
v -5.743395920 -13.578394560 0.742578781
v -5.767105582 -13.519405192 0.721461429
v -4.938386556 -2.166340993 2.199391506
v -4.751127447 -2.105709756 2.304062979
v -4.665431020 -1.936253886 2.446085554
v -3.832960157 -1.674148846 2.906470541
v -3.352340702 -1.522824908 3.172269602
v -4.236873007 -1.088823966 3.156324529
v -4.374395813 -1.021347598 3.153845466
v -4.812496955 -0.806390714 3.145948010
v -4.890460986 -0.661872434 3.215122271
v -5.652574626 -0.738679299 2.902006748
v -6.065190681 -0.816750940 2.708248220
v -6.204924306 -0.952116822 2.570283635
v -6.134782717 -1.164510106 2.453337431
v -6.685303337 -1.365503332 2.130508699
v -6.708494856 -1.354124278 2.130090635
v -6.955276124 -1.437602513 1.989773990
v -6.989361436 -1.504081346 1.933897203
v -7.523409363 -1.716288010 1.609285837
v -8.132749174 -1.835904105 1.320278006
v -8.144048680 -1.839726367 1.313853254
v -8.353558254 -1.736929270 1.310076517
v -8.609278725 -2.921278748 0.435501159
v -8.650466896 -3.112038561 0.294635785
v -8.230850686 -3.116249887 0.436150484
v -7.733998416 -2.956332909 0.713239619
v -6.665304756 -1.375315753 2.130869204
v -3.226900794 -1.497688078 3.232105674
v -3.218939447 -1.482014240 3.245254051
v -3.242784144 -1.470314700 3.244824213
v -0.591891989 -13.102399175 0.937884482
v -1.539782367 -15.034283602 -2.851349887
v -0.591891989 -13.102399175 -2.851349887
v -0.311784413 -12.531515162 0.942439330
v -0.311784413 -12.531515162 -2.851349887
v -0.302886516 -12.513380460 0.942584019
v -0.302886516 -12.513380460 -2.851349887
v 0.347452884 -11.187931243 0.953159231
v 0.347452884 -11.187931243 -2.851349887
v 1.001316203 -9.855299967 0.963791745
v 1.001316203 -9.855299967 -2.851349887
v 1.285960825 -9.275169051 0.968420370
v 1.285960825 -9.275169051 -2.851349887
v 1.777767883 -8.272822769 0.976417676
v 1.777767883 -8.272822769 -2.851349887
v 2.071310402 -7.674557152 0.981190991
v 2.071310402 -7.674557152 -2.851349887
v 2.088885952 -7.638736626 0.981476788
v 2.088885952 -7.638736626 -2.851349887
v 2.607783143 -6.581178257 0.989914609
v 2.607783143 -6.581178257 -2.851349887
v 2.867187690 -6.052488848 0.994132803
v 2.867187690 -6.052488848 -2.851349887
v 2.943832945 -5.896279038 0.995379137
v 2.943832945 -5.896279038 -2.851349887
v 2.963654994 -5.855879949 0.995701464
v 2.963654994 -5.855879949 -2.851349887
v 3.233058663 -5.306811444 1.000082255
v 3.233058663 -5.306811444 -2.851349887
v 3.352475496 -5.063429378 1.002024100
v 3.352475496 -5.063429378 -2.851349887
v 3.532503749 -4.696515875 1.004951551
v 3.532503749 -4.696515875 -2.851349887
v 3.850669658 -4.048065612 1.010125268
v 3.850669658 -4.048065612 -2.851349887
v 4.010347274 -3.722628507 1.012721796
v 4.010347274 -3.722628507 -2.851349887
v 5.096815798 -1.508309561 1.030388932
v 5.096815798 -1.508309561 -2.851349887
v 6.163153930 0.664981866 1.047728726
v 6.163153930 0.664981866 -2.851349887
v 6.659630181 1.676844378 1.055801959
v 6.659630181 1.676844378 -2.851349887
v 6.794948702 1.952635491 1.058002382
v 6.794948702 1.952635491 -2.851349887
v 7.279619822 2.940438100 1.065883651
v 7.279619822 2.940438100 -2.851349887
v 7.403221309 3.192348863 1.067893543
v 7.403221309 3.192348863 -2.851349887
v 7.640425161 3.675791293 1.071750730
v 7.640425161 3.675791293 -2.851349887
v 7.850626977 4.104201186 1.075168836
v 7.850626977 4.104201186 -2.851349887
v 7.985152615 4.378376335 -2.851349887
v 6.631469095 3.933226652 -2.851349887
v 6.631438669 3.933216630 -2.851349887
v 4.310418857 3.169964952 -2.851349887
v 4.310386290 3.169954198 -2.851349887
v 4.310396952 3.169975700 -2.851349887
v 4.114637953 3.105628233 -2.851349887
v 4.114611385 3.105574992 -2.851349887
v 0.804563174 -3.513457375 -2.851349887
v 0.804561234 -3.513461102 -2.851349887
v 0.667951762 -3.613399998 -2.851349887
v 0.510671144 -3.907223392 3.250884905
v 0.722836279 -4.016298184 -2.851349887
v 0.067779966 -5.328447313 -2.851349887
v -0.611910152 -6.004371710 -2.851349887
v -2.206704897 -9.535025476 -2.851349887
v -2.907607604 -10.936605572 -2.851349887
v -2.907596301 -10.936639745 -2.851349887
v -2.907623642 -10.936637579 -2.851349887
v -2.916501154 -10.954389750 3.150012298
v -2.916501154 -10.954389750 -2.851349887
v -3.047018383 -11.215382125 -2.851349887
v -2.498295690 -12.661300095 -2.851349887
v -2.177905557 -13.146212255 -2.851349887
v -2.177901237 -13.146203904 -2.851349887
v -2.177898537 -13.146212023 -2.851349887
v 1.989614275 -4.667552769 -2.851349887
v 1.989574587 -4.667532405 -2.851349887
v 1.989604476 -4.667522342 -2.851349887
v 1.552115959 -5.914500571 -2.851349887
v 1.552092597 -5.914545917 -2.851349887
v 1.552078896 -5.914502102 -2.851349887
v 0.602000839 -5.953958457 -2.851349887
v 0.601982982 -5.953992580 -2.851349887
v 0.601955460 -5.953960363 -2.851349887
v 0.869598259 -3.722318116 -2.851349887
v 0.869589975 -3.722334547 -2.851349887
v 0.869582139 -3.722309427 -2.851349887
v -3.887644895 -7.968989245 -2.851349887
v -3.887634944 -7.968986218 -2.851349887
v -3.680690141 -7.558046208 2.556503309
v -1.617126514 -3.355446858 -2.851349887
v -1.617125104 -3.355443986 -2.851349887
v 0.544542080 5.015107894 -2.851349887
v -1.102843992 2.613161178 -2.851349887
v -2.872037876 -1.391312316 3.163728125
v -3.164708235 -1.543211616 -2.851349887
v -3.164718014 -1.543231546 -2.851349887
v -3.214242999 -1.519502579 -2.851349887
v -3.216818017 -1.515064888 -2.851349887
v -3.350267734 -1.922302506 -2.851349887
v -4.883987431 -4.840598218 -2.851349887
v -5.741790516 -6.546755271 3.247212412
v -5.741790516 -6.546755271 -2.851349887
v -5.781588556 -6.527228130 3.260785318
v -5.781588556 -6.527228130 -2.851349887
v -6.056577597 -7.068612488 -2.851349887
v -6.160939772 -7.380436448 -2.851349887
v -0.757338696 1.503467094 -2.851349887
v -0.757359976 1.503460047 -2.851349887
v -0.757366711 1.503481508 -2.851349887
v 0.146340007 1.038553132 -2.851349887
v 0.146302385 1.038572483 -2.851349887
v 0.146330530 1.038582399 -2.851349887
v -0.537688982 0.797872569 -2.851349887
v -0.537728858 0.797858495 -2.851349887
v -0.537701675 0.797913216 -2.851349887
v -4.929144188 -4.817332806 3.260333159
v -1.489122431 1.879946586 -2.851349887
v -2.331203900 0.166725807 -2.851349887
v -2.282000409 0.260127034 -2.851349887
v -2.282167928 0.259845322 -2.851349887
v -2.339192894 0.163914437 -2.851349887
v -3.356349331 -1.547207704 3.225284641
v -0.664187728 3.547651600 -2.851349887
v 0.178723919 5.101905309 3.236994977
v 0.178723919 5.101905309 -2.851349887
v 0.135937962 5.122898489 3.237613972
v 0.135937962 5.122898489 -2.851349887
v 0.127446073 5.127065083 3.237736826
v -1.116526497 2.657109800 -2.851349887
v -1.008489427 -7.484331679 -2.851349887
v -0.977176326 -7.421608180 -2.851349887
v -0.437471522 -5.997127291 -2.851349887
v 0.334463664 -4.453505273 3.278289144
v 0.804560042 -3.513457175 -2.851349887
v 2.480430134 -0.162262196 -2.851349887
v 3.886182157 3.377825547 -2.851349887
v 3.886167703 3.377832639 -2.851349887
v 0.478298028 0.867771294 -2.851349887
v -1.617122487 -3.355447052 -2.851349887
v -3.887641509 -7.968999371 -2.851349887
v -3.909508890 -7.975622917 -2.851349887
v -4.923172286 -10.025301450 -2.851349887
v -4.679326983 -10.156615092 -2.851349887
v -3.284941136 -10.907508474 -2.851349887
v -3.284910259 -10.907510926 -2.851349887
v -2.009681680 -9.489828586 -2.851349887
v 1.889900384 0.141511959 -2.851349887
v 1.889886115 0.141553936 -2.851349887
v 1.889941786 0.141525284 -2.851349887
v -4.812496999 -0.806390692 -2.851349887
v -4.752781334 -0.685439272 -2.851349887
v -4.752775121 -0.685426837 -2.851349887
v -4.913190473 -0.598779439 3.105133597
v -4.293564214 0.340603208 -2.851349887
v -1.842823191 4.989988939 3.334464901
v -1.842823191 4.989988939 3.257965866
v -1.857601727 5.392835014 -2.851349887
v -1.454678861 5.994724165 -2.851349887
v -2.693284479 9.828995942 -2.851349887
v -2.718788346 9.818128751 -2.851349887
v -3.058406117 9.125957696 1.069056932
v -3.058406117 9.125957696 -2.851349887
v -3.102499163 9.036092168 1.069053970
v -3.102499163 9.036092168 -2.851349887
v -3.374986262 8.480739360 1.069035663
v -3.374986262 8.480739360 -2.851349887
v -3.867718349 7.476507787 -2.851349887
v -3.987614334 7.235699982 -2.851349887
v -5.132553800 4.936119555 -2.851349887
v -5.238055878 4.710418199 -2.851349887
v -5.688784898 3.746170440 -2.851349887
v -7.427243380 0.173683482 -2.851349887
v -8.350818162 -1.724238743 -2.851349887
v -8.353558264 -1.736929265 -2.851349887
v -8.132749210 -1.835904069 -2.851349887
v -6.955276116 -1.437602529 -2.851349887
v -6.685303357 -1.365503323 -2.851349887
v -7.760527190 -10.561990915 -2.851349887
v -7.021089845 -8.967495503 -2.851349887
v -7.045425373 -8.927050778 3.179395952
v -7.045442258 -8.927083373 -2.851349887
v -7.045425373 -8.927050778 -2.851349887
v -7.027441751 -8.892127322 -2.851349887
v -6.986321385 -8.812273477 -2.851349887
v -6.440366223 -7.752054439 3.212038702
v -5.840869371 -6.498141652 3.164864680
v -5.840869371 -6.498141652 -2.851349887
v -5.988048279 -6.425927461 -2.851349887
v -3.863111800 -2.750228094 3.221739394
v -3.863111800 -2.750228094 -2.851349887
v -3.838969484 -2.762073662 3.241799791
v -3.838969484 -2.762073662 -2.851349887
v -3.403102059 -1.895140283 -2.851349887
v -3.423464101 -1.884672116 -2.851349887
v -4.938386531 -2.166340994 -2.851349887
v -5.522500355 -2.244471908 -2.851349887
v -7.733960806 -2.956320731 -2.851349887
v -7.733968079 -2.956334873 -2.851349887
v -8.230832504 -3.116259236 -2.851349887
v -8.230859854 -3.116267984 -2.851349887
v -8.790610801 -3.296446722 -2.851349887
v -9.116614759 -3.725418590 -2.851349887
v -9.577499420 -4.664742293 0.060014085
v -9.577499420 -4.664742293 -2.851349887
v -9.592123688 -4.694547843 0.060296981
v -9.592123688 -4.694547843 -2.851349887
v -9.780521250 -5.078518738 -2.851349887
v -9.964450576 -5.410122057 -2.851349887
v -10.148264821 -5.741518072 -2.851349887
v -10.478279911 -6.414118013 0.048356040
v -10.478279911 -6.414118013 -2.851349887
v -10.718787437 -6.904293624 0.053008489
v -10.718787437 -6.904293624 -2.851349887
v -11.887671636 -9.286583004 0.075619730
v -11.887671636 -9.286583004 -2.851349887
v -12.224250026 -9.972559532 -2.851349887
v -12.339528911 -10.208489502 -2.851349887
v -12.525882460 -10.589880934 -2.851349887
v -12.463239300 -10.570874670 -2.851349887
v -11.913620112 -10.404114769 -2.851349887
v -9.918836245 -11.149059450 2.012994700
v -9.980202535 -11.273354330 -2.851349887
v -9.513237896 -11.522298655 -2.851349887
v -9.498123501 -11.492411342 -2.851349887
v -9.257070891 -11.473758486 -2.851349887
v -10.792790597 -8.922151108 0.435065612
v -7.673189297 -7.883789781 -2.851349887
v -7.673174049 -7.883759613 -2.851349887
v -7.673161460 -7.883780493 -2.851349887
v -7.085156491 -8.861047255 -2.851349887
v -7.085148686 -8.861032483 -2.851349887
v -7.085131794 -8.861060487 -2.851349887
v -6.267219537 -7.415811734 -2.851349887
v -6.992394178 -8.911000798 -2.851349887
v -6.992409086 -8.910992815 -2.851349887
v -6.225956673 -7.402077377 -2.851349887
v 6.229652870 3.801092109 -2.851349887
v 6.631455023 3.933248371 -2.851349887
v 8.044310419 4.498945171 -2.851349887
v 6.920954714 5.105004724 0.454687002
v 5.574342848 5.552465664 -2.851349887
v 5.574339277 5.552458839 -2.851349887
v 5.496777615 5.546424954 -2.851349887
v 5.236387536 6.067532719 -2.851349887
v 3.258239141 7.197807213 -2.851349887
v 1.648323918 8.100407292 -2.851349887
v 1.627118422 8.109889929 -2.851349887
v 1.572334995 8.134388025 0.445388641
v 1.572334995 8.134388025 -2.851349887
v 0.638603457 8.551934601 0.443817075
v -2.001453688 10.392472333 -2.851349887
v -2.168135095 10.052760883 -2.851349887
v -2.257845256 10.014535558 -2.851349887
v -2.557781036 9.409526547 -2.851349887
v 0.142027991 5.212325199 -2.851349887
v 0.142042176 5.212318240 -2.851349887
v 0.173496788 5.196906572 -2.851349887
v 0.173522912 5.196893753 -2.851349887
v 0.173509911 5.196868164 -2.851349887
v 0.195012853 5.133534437 -2.851349887
v 0.249368997 5.067242888 3.299597521
v 4.301384770 3.174391342 -2.851349887
v 0.635301882 5.167789451 -2.851349887
v 2.527109787 4.997043662 -2.851349887
v 2.527142595 4.997004507 -2.851349887
v 2.527092695 4.997009052 -2.851349887
v 0.288084076 5.140762958 -2.851349887
v 0.288049423 5.140779961 -2.851349887
v 0.288094834 5.140783522 -2.851349887
v 5.984684484 6.319044501 -2.851349887
v 3.594357008 7.849048924 -2.851349887
v 2.410999164 8.154974810 -2.851349887
v 1.806040694 8.465763673 -2.851349887
v -1.515751368 10.172319344 -2.851349887
v -1.515738242 10.172280713 -2.851349887
v 0.823518448 -3.697428328 -2.851349887
v -0.520164390 -6.162486662 -2.851349887
v -0.751562159 -6.969678447 -2.851349887
v 0.587815290 -3.946883459 -2.851349887
v -3.242323158 -10.986918883 -2.851349887
v -2.976200441 -11.073769047 -2.851349887
v -6.898507591 -9.171221952 -2.851349887
v -6.817289582 -9.005296770 -2.851349887
v -6.732534567 -8.832145378 -2.851349887
v -6.919304703 -8.888812492 -2.851349887
v -6.919310871 -8.888824837 -2.851349887
v -6.919318045 -8.888816527 -2.851349887
v -6.958430633 -8.844135195 -2.851349887
v -7.045411424 -8.927074108 -2.851349887
v -6.992386686 -8.910985983 -2.851349887
v -3.164757989 -1.543184753 -2.851349887
v -2.872037876 -1.391312316 -2.851349887
v -1.733784110 1.182369610 -2.851349887
v -1.809482356 1.157476718 -2.851349887
v -1.080583160 2.541659050 -2.851349887
v -1.027370982 2.370740594 -2.851349887
v -0.665144795 3.550614180 -2.851349887
v -0.667613813 3.558257533 -2.851349887
v 0.125322338 5.128107106 -2.851349887
v 0.127446073 5.127065083 -2.851349887
v 0.164721882 5.201206015 -2.851349887
v 0.142025304 5.212319723 -2.851349887
v -1.022756955 5.783027505 -2.851349887
v -3.081694623 2.699274480 -2.851349887
v -4.752763581 -0.685433057 -2.851349887
v -4.374395813 -1.021347598 3.240210523
v -3.419921329 -1.886493382 -2.851349887
v -3.414012323 -1.889531238 -2.851349887
v -3.231632946 -1.507062697 -2.851349887
v -3.231668237 -1.507074008 -2.851349887
v -3.231656073 -1.507050124 -2.851349887
v -1.482234408 1.876402974 -2.851349887
v -1.501820391 1.886479335 -2.851349887
v -1.115702296 2.654462368 -2.851349887
v -2.326993738 0.168207349 -2.851349887
v -3.242784148 -1.470314698 3.244824213
v -3.242784148 -1.470314698 3.224635894
v -3.203399839 -1.497935623 -2.851349887
v -3.203373670 -1.497966285 -2.851349887
v -3.203423282 -1.497982265 -2.851349887
v -3.276302756 -1.412548532 -2.851349887
v -3.276269181 -1.412606553 -2.851349887
v -3.276309292 -1.412559582 -2.851349887
v -4.094947361 -0.453944328 -2.851349887
v -4.094901418 -0.453928106 -2.851349887
v -4.094923222 -0.453972545 -2.851349887
v -4.799929301 -4.883906085 -2.851349887
v -4.093159725 -3.193890533 -2.851349887
v -4.928727498 -4.816523509 -2.851349887
v -4.916404134 -4.823896679 -2.851349887
v -5.621688926 -6.212425740 -2.851349887
v -4.929144188 -4.817332806 -2.851349887
v -4.950087044 -4.806542790 -2.851349887
v -5.803987875 -6.516237773 -2.851349887
v 2.774782225 0.426347353 -2.851349887
v 2.507778039 -0.176331784 -2.851349887
v -4.010289280 1.031621897 -2.851349887
v 0.230004975 5.030470663 -2.851349887
v -3.927075147 -15.356220710 0.448183457
v -4.230696743 -15.207247000 -2.851349887
v -3.927075147 -15.356220710 -2.851349887
v -3.440849669 -15.594790080 -2.851349887
v -2.862783596 -15.878421575 0.449996256
v -2.862783596 -15.878421575 -2.851349887
v -2.174293346 -16.216233337 0.451168955
v -2.174293346 -16.216233337 -2.851349887
v -2.130303227 -16.237817346 -2.851349887
v -1.816630316 -15.598524210 0.451409805
v -1.816630316 -15.598524210 -2.851349887
v -1.548504068 -15.052059201 0.451551634
v -1.548504068 -15.052059201 -2.851349887
v -1.563214383 -15.007515385 -2.851349887
v -1.563284167 -15.007435587 -2.851349887
v -2.724359635 -14.205669653 1.086325679
v -2.724359635 -14.205669653 0.449423679
v -3.575742111 -14.693546881 -2.851349887
v -3.575733203 -14.693530087 -2.851349887
v -3.575714544 -14.693561074 -2.851349887
v -7.117212076 -14.440580004 0.443051401
v -7.140823099 -14.428995118 0.443011184
v -7.140823099 -14.428995118 -2.851349887
v -7.117212076 -14.440580004 -2.851349887
v -7.022049778 -14.487271942 0.443213490
v -7.022049778 -14.487271942 -2.851349887
v -5.541557836 -15.213683960 -2.851349887
v -5.465338222 -15.251081559 0.445865024
v -5.465338222 -15.251081559 -2.851349887
v -5.144030802 -15.408732921 0.446412304
v -5.144030802 -15.408732921 -2.851349887
v -5.024359724 -15.467450235 -2.851349887
v -4.986495982 -15.452711287 -2.851349887
v -4.538654628 -14.198175250 -2.851349887
v -4.855074756 -14.035392550 -2.851349887
v -4.528209924 -13.320599973 -2.851349887
v -6.334761863 -13.216781051 -2.851349887
v -8.550916042 -12.134062201 -2.851349887
v -9.539868333 -11.508101681 -2.851349887
v -11.913621389 -10.404117372 -2.851349887
v -12.997613670 -11.555326617 -2.851349887
v -12.960356732 -11.573606951 0.433098822
v -12.960356732 -11.573606951 -2.851349887
v -12.595148969 -11.752798273 0.433720877
v -12.595148969 -11.752798273 -2.851349887
v -12.314689517 -11.890407341 0.434198581
v -12.314689517 -11.890407341 -2.851349887
v -10.680681038 -12.692143145 0.436981774
v -10.680681038 -12.692143145 -2.851349887
v -10.231622722 -12.912476231 0.437746651
v -10.231622722 -12.912476231 -2.851349887
v -10.219323443 -12.918510944 0.437767601
v -10.219323443 -12.918510944 -2.851349887
v -10.139243472 -12.957802649 0.437904000
v -10.139243472 -12.957802649 -2.851349887
v -9.426603545 -13.307463592 0.439117834
v -9.426603545 -13.307463592 -2.851349887
v -9.351371464 -13.344376652 0.439245976
v -9.351371464 -13.344376652 -2.851349887
v -9.326413805 -13.356622273 0.439288486
v -9.326413805 -13.356622273 -2.851349887
v -9.265635620 -13.386443444 0.439392009
v -9.265635620 -13.386443444 -2.851349887
v -9.197406048 -13.419920682 0.439508224
v -9.197406048 -13.419920682 -2.851349887
v -9.020637590 -13.506653159 0.439809312
v -9.020637590 -13.506653159 -2.851349887
v -7.909213769 -14.051979748 0.441702391
v -7.909213769 -14.051979748 -2.851349887
v -7.749592480 -14.130298866 0.441974273
v -7.749592480 -14.130298866 -2.851349887
v -6.255824859 -13.258863304 -2.851349887
v 8.205089260 4.826626670 0.456710936
v 8.205089260 4.826626670 -2.851349887
v 8.342918573 5.107535000 0.456783843
v 8.342918573 5.107535000 -2.851349887
v 8.679893404 5.794319510 -2.851349887
v 7.633796995 5.876574439 -2.851349887
v 5.919058101 6.713888267 -2.851349887
v 3.999531231 7.964631599 -2.851349887
v 3.806562871 8.260206093 0.448626670
v 3.806562871 8.260206093 -0.110444457
v 7.307676869 15.043751964 -2.851349887
v 7.189083099 15.101940690 -2.851349887
v 5.238373243 11.126221471 -2.851349887
v 4.716417016 11.382322342 0.448519217
v 4.716417016 11.382322342 -2.851349887
v 4.416835328 11.529313847 0.448008942
v 4.416835328 11.529313847 -2.851349887
v 3.809233032 11.827437462 0.446974018
v 3.809233032 11.827437462 -2.851349887
v 3.675736488 11.892938322 0.446746635
v 3.675736488 11.892938322 -2.851349887
v 3.594848534 11.932626468 0.446608859
v 3.594848534 11.932626468 -2.851349887
v 3.558130251 11.950642508 0.446546317
v 3.558130251 11.950642508 -2.851349887
v 3.463147505 11.997246348 0.446384534
v 3.463147505 11.997246348 -2.851349887
v 2.596093283 12.422671566 0.444907687
v 2.596093283 12.422671566 -2.851349887
v 2.315544055 12.560324683 0.444429830
v 2.315544055 12.560324683 -2.851349887
v 2.035982360 12.697493262 -2.851349887
v 1.863822358 12.716204611 -2.851349887
v 1.605265349 12.744306041 -2.851349887
v 0.330251286 11.822710778 -2.851349887
v -0.058567500 12.013486986 0.441180929
v -0.058567500 12.013486986 -2.851349887
v -0.480693090 12.220605373 0.440461926
v -0.480693090 12.220605373 -2.851349887
v -0.983437306 12.467279759 -2.851349887
v -1.758567516 10.887495834 0.439195590
v -1.758567516 10.887495834 -2.851349887
v -1.989956900 10.415903804 0.439073194
v -1.989956900 10.415903804 -2.851349887
v -1.976920561 10.363243063 -2.851349887
v -1.252758316 9.397714865 -2.851349887
v 1.708851382 8.073340584 -2.851349887
v 1.807739351 8.026593820 -2.851349887
v 3.539359854 7.037180484 -2.851349887
v -1.311298340 9.570206311 -2.851349887
v -1.311312842 9.570178116 -2.851349887
v -1.311338773 9.570254442 -2.851349887
v -1.515764237 10.172294024 -2.851349887
v -1.380914137 10.439150023 -2.851349887
v -0.960656790 10.254084966 -2.851349887
v 2.040661376 8.932420568 -2.851349887
v 4.614237997 7.023069940 -2.851349887
v 4.614216372 7.023103051 -2.851349887
v 4.614247349 7.023087184 -2.851349887
v -12.285644554 -10.212649444 -2.851349887
v -2.067775994 -14.431114949 -2.851349887
v -2.295532431 -13.149461619 -2.851349887
v -2.399547576 -12.475044408 -2.851349887
v -2.935969775 -11.345284459 -2.851349887
v -3.015170026 -11.052783413 -2.851349887
v -3.264886537 -10.960524738 -2.851349887
v -3.247344987 -10.927754505 -2.851349887
v -3.284915945 -10.907522060 -2.851349887
v -6.817313148 -9.005344800 -2.851349887
v -6.222382320 -10.653861930 2.284854098
v -8.602341504 -11.950508185 -2.851349887
v -8.688767575 -11.906310485 -2.851349887
v -9.340626032 -11.614320045 -2.851349887
v -8.613223725 -12.102007878 -2.851349887
v -8.389437442 -12.217135082 -2.851349887
v -6.488966505 -13.134572775 -2.851349887
v -4.502571225 -13.333179750 -2.851349887
v -5.287508766 -10.752909196 -2.851349887
v -5.287525112 -10.752942056 -2.851349887
v -5.287557184 -10.752905490 -2.851349887
v -4.286088383 -15.180068768 -2.851349887
v -6.222382320 -10.653861930 -2.851349887
v -6.124747786 -10.457177458 -2.851349887
v -3.866398939 -2.748615240 -2.851349887
v -4.088614845 -3.194187020 -2.851349887
v -4.057251618 -3.196233438 -2.851349887
v -3.976419873 -3.201507549 -2.851349887
v -3.864377817 -2.749606915 -2.851349887
v -6.237198384 -7.405819188 -2.851349887
v -8.488023450 -12.008969690 -2.851349887
v -7.828333668 -10.556756234 -2.851349887
v -7.972252445 -10.545645574 -2.851349887
v -7.148148547 -8.958245138 -2.851349887
v 9.230593971 6.916695974 -2.851349887
v 9.927845553 8.337756367 -2.851349887
v 10.258785672 9.012241599 -2.851349887
v 12.071357871 12.706424057 -2.851349887
v 11.341301449 13.064630505 -2.851349887
v 11.182308590 13.142641279 -2.851349887
v 10.699315039 13.379624886 -2.851349887
v 9.958665077 13.743029116 -2.851349887
v 5.515947940 5.907797545 -2.851349887
v 5.440652290 5.757230586 -2.851349887
v 5.328686190 5.533334435 -2.851349887
v 6.048137233 6.650858371 -2.851349887
v 6.138643908 6.606663606 -2.851349887
v 9.661507335 13.888831298 -2.851349887
v 9.537527020 13.949662963 -2.851349887
v 9.261197253 14.085245778 -2.851349887
v 8.607988874 14.405746284 -2.851349887
v 7.623328416 14.888875689 -2.851349887
v 7.471966497 14.963142298 -2.851349887
v 4.076774412 7.846316415 -2.851349887
v -5.648299917 -13.242080650 -2.851349887
v -4.751127447 -2.105709756 -2.851349887
v -4.665431020 -1.936253886 -2.851349887
v -4.374395813 -1.021347598 -2.851349887
v -4.913190473 -0.598779439 -2.851349887
v -6.204924306 -0.952116822 -2.851349887
v -6.294568656 -1.228001851 -2.851349887
v -6.969605867 -1.465550820 -2.851349887
v -6.989361436 -1.504081346 -2.851349887
v -8.609278745 -2.921278777 -2.851349887
v -8.650466896 -3.112038561 -2.851349887
v -8.230850642 -3.116249891 -2.851349887
v -7.733998416 -2.956332909 -2.851349887
g roof
f 1 2 1006 1009 1011 1013 1015 1017 1019 1021 1023 1025 1027 1029 1031 1033 1035 1037 1039 1041 1043 1045 1047 1049 1051 1053 1055 1057 3
g roof
f 1 3 4
g roof
f 1 4 5
g roof
f 1 5 6
g roof
f 1 6 7
g roof
f 1 7 8
g roof
f 8 9 10
g roof
f 11 12 13
g roof
f 13 14 15
g roof
f 13 15 16
g roof
f 16 17 18
g roof
f 19 20 21
g roof
f 19 21 22
g roof
f 19 22 23
g roof
f 19 23 24
g roof
f 19 24 25
g roof
f 26 27 28
g roof
f 26 28 29
g roof
f 26 29 30
g roof
f 31 32 33
g roof
f 34 35 36
g roof
f 37 35 34
g roof
f 39 40 41
g roof
f 39 40 41 42
g roof
f 39 42 43
g roof
f 44 45 46
g roof
f 44 46 47
g roof
f 47 48 49
g roof
f 50 51 52
g roof
f 50 52 53
g roof
f 50 53 54
g roof
f 55 56 57
g roof
f 55 56 57 58
g roof
f 58 59 60
g roof
f 61 62 63
g roof
f 61 63 64
g roof
f 61 64 65
g roof
f 61 65 66
g roof
f 67 68 69
g roof
f 69 70 71
g roof
f 69 71 72
g roof
f 69 72 73
g roof
f 69 73 74
g roof
f 74 75 76
g roof
f 74 76 77
g roof
f 75 78 79
g roof
f 78 75 80
g roof
f 80 81 82
g roof
f 80 82 1
g roof
f 80 1 8
g roof
f 10 11 13
g roof
f 10 13 16 36 37
g roof
f 83 19 25
g roof
f 25 26 30
g roof
f 38 39 43
g roof
f 38 39 43 44
g roof
f 38 39 43 44 47
g roof
f 38 39 43 44 47 49
g roof
f 49 50 54
g roof
f 49 54 84
g roof
f 84 55 58
g roof
f 84 58 60
g roof
f 84 60 61
g roof
f 84 61 66
g roof
f 84 66 85
g roof
f 84 85 69
g roof
f 84 69 86
g roof
f 86 69 68
g roof
f 67 69 74
g roof
f 67 74 77
g roof
f 76 75 79
g roof
f 76 79 87
g roof
f 87 78 80
g roof
f 87 80 8
g roof
f 18 83 25
g roof
f 88 89 38
g roof
f 88 89 38 30 31
g roof
f 34 31 30 88 89 38 49
g roof
f 49 84 86
g roof
f 86 67 77
g roof
f 76 87 8
g roof
f 76 8 9 10
g roof
f 30 31 33
g roof
f 90 32 34
g roof
f 37 34 31 49
g roof
f 37 49 86
g roof
f 91 76 10
g roof
f 25 30 33
g roof
f 25 33 90
g roof
f 18 25 90
g roof
f 18 90 34
g roof
f 18 34 36
g roof
f 77 91 10
g roof
f 16 18 36
g roof
f 86 77 10
g roof
f 10 37 86
g roof
f 92 82 93
g roof
f 92 93 94
g roof
f 95 1111 1113 96 97
g roof
f 95 97 98
g roof
f 95 98 99
g roof
f 95 99 100
g roof
f 95 100 101
g roof
f 95 101 102
g roof
f 95 102 103
g roof
f 103 104 105
g roof
f 103 105 106
g roof
f 103 106 107
g roof
f 108 106 105
g roof
f 108 105 109
g roof
f 108 109 110
g roof
f 108 110 111
g roof
f 108 111 112
g roof
f 112 110 109
g roof
f 112 109 113
g roof
f 114 113 115
g roof
f 114 115 116
g roof
f 114 116 117
g roof
f 118 119 120
g roof
f 120 121 122
g roof
f 122 123 124
g roof
f 122 124 125
g roof
f 122 124 125 126
g roof
f 122 126 127
g roof
f 122 127 128
g roof
f 122 128 129
g roof
f 122 129 130
g roof
f 122 130 131
g roof
f 122 131 132
g roof
f 122 132 133
g roof
f 134 135 136
g roof
f 134 136 137
g roof
f 134 137 138
g roof
f 138 139 140
g roof
f 138 140 141
g roof
f 138 141 142
g roof
f 138 142 143
g roof
f 138 143 144
g roof
f 138 144 145
g roof
f 145 146 147
g roof
f 147 148 149
g roof
f 147 148 149 150
g roof
f 147 150 151
g roof
f 147 151 152
g roof
f 147 152 153
g roof
f 147 153 154
g roof
f 155 1104 156 157
g roof
f 155 1104 157 158
g roof
f 158 159 160
g roof
f 160 161 162
g roof
f 162 163 164
g roof
f 162 164 165
g roof
f 166 167 168
g roof
f 168 169 170
g roof
f 168 169 170 171
g roof
f 171 95 103 107
g roof
f 117 118 120
g roof
f 117 120 122
g roof
f 172 134 138
g roof
f 172 138 145
g roof
f 172 145 147
g roof
f 155 1104 158 159 160
g roof
f 160 161 162 165
g roof
f 166 167 168 169 170 171
g roof
f 114 117 122
g roof
f 114 122 133
g roof
f 114 133 172
g roof
f 155 1104 160 165
g roof
f 155 1104 165 173
g roof
f 155 1104 173 174
g roof
f 174 166 171
g roof
f 174 171 107
g roof
f 112 113 114
g roof
f 112 114 175
g roof
f 176 114 172
g roof
f 176 172 147
g roof
f 155 1104 174 107
g roof
f 177 1104 155 107
g roof
f 108 111 112 175 176
g roof
f 108 176 147
g roof
f 154 177 107
g roof
f 107 108 147
g roof
f 107 147 154
g roof
f 178 179 180
g roof
f 181 1126 168 182
g roof
f 181 182 183
g roof
f 184 185 150
g roof
f 186 187 188
g roof
f 186 188 189
g roof
f 186 189 190
g roof
f 186 190 191
g roof
f 192 193 194
g roof
f 192 194 195
g roof
f 196 197 140
g roof
f 198 199 200
g roof
f 198 200 201
g roof
f 198 201 202
g roof
f 198 202 203
g roof
f 198 203 204
g roof
f 198 204 205
g roof
f 198 205 206
g roof
f 198 206 207
g roof
f 198 207 208
g roof
f 198 208 209
g roof
f 210 184 211
g roof
f 210 211 212
g roof
f 210 212 213
g roof
f 210 213 214
g roof
f 123 215 121
g roof
f 216 120 217
g roof
f 218 219 115
g roof
f 218 115 113
g roof
f 218 113 220
g roof
f 218 220 221
g roof
f 222 223 221
g roof
f 221 224 225
g roof
f 221 225 226
g roof
f 221 226 227
g roof
f 228 226 225
g roof
f 228 225 229
g roof
f 228 229 230
g roof
f 228 230 231
g roof
f 228 231 232
g roof
f 228 232 59
g roof
f 233 234 53
g roof
f 236 237 46
g roof
f 45 42 238
g roof
f 40 239 240
g roof
f 40 240 241
g roof
f 40 241 242
g roof
f 40 242 243
g roof
f 243 244 245
g roof
f 247 24 23
g roof
f 247 23 22
g roof
f 247 22 21
g roof
f 247 21 20
g roof
f 20 248 249
g roof
f 20 249 250
g roof
f 20 250 251
g roof
f 252 17 253
g roof
f 252 253 16
g roof
f 252 16 15
g roof
f 252 15 14
g roof
f 254 255 256
g roof
f 254 255 256 257
g roof
f 254 255 256 257 136
g roof
f 254 255 256 257 136 135
g roof
f 135 258 259
g roof
f 135 259 133
g roof
f 127 126 125 178
g roof
f 124 123 121 216
g roof
f 124 123 121 216 217
g roof
f 260 218 221
g roof
f 260 218 221 223 217 1099
g roof
f 222 221 227
g roof
f 228 59 57 56 55
g roof
f 55 233 53
g roof
f 51 235 236
g roof
f 51 236 46
g roof
f 46 45 238
g roof
f 40 243 245
g roof
f 40 245 1143 261
g roof
f 262 25 246
g roof
f 262 246 247
g roof
f 262 247 20
g roof
f 262 20 251
g roof
f 252 14 254
g roof
f 252 254 135
g roof
f 252 135 133
g roof
f 252 133 132
g roof
f 252 132 131
g roof
f 131 130 129 128 127 126 178
g roof
f 178 124 217
g roof
f 178 222 227
g roof
f 228 55 53 52
g roof
f 52 51 46 238
g roof
f 238 40 261
g roof
f 238 261 1070 262 251
g roof
f 178 217 223
g roof
f 228 52 238
g roof
f 228 238 251
g roof
f 228 251 252
g roof
f 228 252 131 227
g roof
f 227 131 130 129 128 178
g roof
f 263 264 265
g roof
f 263 265 266
g roof
f 263 266 267
g roof
f 268 269 270
g roof
f 268 270 271
g roof
f 268 271 272
g roof
f 268 272 273
g roof
f 268 273 274
g roof
f 268 274 275
g roof
f 276 277 278
g roof
f 276 278 279
g roof
f 276 279 280
g roof
f 276 280 281
g roof
f 282 1163 283 284
g roof
f 282 284 285
g roof
f 285 286 287
g roof
f 287 288 289
g roof
f 287 289 290
g roof
f 291 289 288
g roof
f 291 288 292
g roof
f 288 293 294
g roof
f 288 294 295
g roof
f 288 295 296
g roof
f 296 297 298
g roof
f 296 298 299
g roof
f 299 300 1165 301
g roof
f 299 301 302
g roof
f 303 304 305
g roof
f 303 305 306
g roof
f 303 306 307
g roof
f 303 307 308
g roof
f 303 308 309
g roof
f 303 309 310
g roof
f 303 310 311
g roof
f 303 311 1171 1173 1175 312
g roof
f 303 312 313
g roof
f 303 313 314
g roof
f 303 314 315
g roof
f 303 315 316
g roof
f 303 316 317
g roof
f 303 317 318
g roof
f 303 318 319
g roof
f 303 319 320
g roof
f 303 320 321
g roof
f 303 321 322
g roof
f 303 322 323
g roof
f 303 323 324
g roof
f 324 325 326
g roof
f 324 326 327
g roof
f 327 276 281
g roof
f 281 282 285
g roof
f 285 287 290
g roof
f 285 290 291
g roof
f 285 291 292
g roof
f 292 288 296
g roof
f 292 296 299
g roof
f 292 299 302
g roof
f 303 324 327
g roof
f 303 327 281
g roof
f 303 281 285
g roof
f 303 285 292
g roof
f 328 329 330
g roof
f 328 330 331
g roof
f 332 333 1220 1222 1224 334
g roof
f 332 334 335
g roof
f 336 337 338
g roof
f 336 338 339
g roof
f 340 338 341
g roof
f 342 343 344
g roof
f 342 344 345
g roof
f 342 344 345 346
g roof
f 347 348 349
g roof
f 350 343 351
g roof
f 350 351 352 1231 353
g roof
f 354 355 356
g roof
f 354 356 357
g roof
f 357 358 359
g roof
f 357 359 360
g roof
f 357 360 361
g roof
f 362 363 364
g roof
f 365 364 363
g roof
f 363 366 367
g roof
f 363 367 368
g roof
f 363 368 369
g roof
f 370 368 367
g roof
f 370 367 371
g roof
f 370 371 372
g roof
f 372 329 373
g roof
f 375 424 376 377
g roof
f 375 377 378
g roof
f 379 380 381
g roof
f 379 381 382
g roof
f 379 382 1196 383
g roof
f 379 383 384
g roof
f 384 385 386
g roof
f 384 386 387
g roof
f 384 387 388
g roof
f 384 388 389
g roof
f 389 1199 1201 390 391
g roof
f 389 391 164
g roof
f 389 164 392
g roof
f 389 392 393
g roof
f 389 393 394
g roof
f 389 394 395
g roof
f 395 396 397
g roof
f 397 398 399
g roof
f 397 399 400
g roof
f 397 400 401
g roof
f 402 403 404
g roof
f 402 404 405
g roof
f 402 405 406
g roof
f 402 406 407
g roof
f 402 407 408
g roof
f 409 410 411
g roof
f 409 411 412
g roof
f 409 412 413
g roof
f 409 413 1213 1215 414
g roof
f 409 414 332
g roof
f 409 332 335
g roof
f 409 335 336
g roof
f 409 336 339
g roof
f 409 339 340
g roof
f 409 340 341
g roof
f 409 341 342 344 345 346 423
g roof
f 409 423 346 345 344 342
g roof
f 415 350 353
g roof
f 353 354 357 361
g roof
f 353 361 362
g roof
f 353 362 364
g roof
f 353 364 416
g roof
f 365 363 369
g roof
f 365 369 417
g roof
f 417 370 372
g roof
f 417 372 373
g roof
f 418 373 419
g roof
f 418 419 1190 374
g roof
f 418 374 375
g roof
f 418 375 377 378
g roof
f 378 379 384
g roof
f 384 389 395
g roof
f 384 395 397
g roof
f 384 397 401
g roof
f 384 401 402
g roof
f 384 402 408
g roof
f 420 415 353
g roof
f 420 353 364 416
g roof
f 417 373 418
g roof
f 417 418 421
g roof
f 418 378 384
g roof
f 349 420 416
g roof
f 349 416 365
g roof
f 349 365 417
g roof
f 349 417 421
g roof
f 349 421 422
g roof
f 349 422 418
g roof
f 349 418 384
g roof
f 346 420 349
g roof
f 346 349 423
g roof
f 347 349 384
g roof
f 347 384 408
g roof
f 409 347 408
g roof
f 380 424 376
g roof
f 380 424 376 425
g roof
f 328 426 427
g roof
f 328 427 428
g roof
f 170 429 430
g roof
f 170 430 431
g roof
f 432 433 434
g roof
f 433 425 435
g roof
f 436 437 438
g roof
f 436 438 439
g roof
f 440 441 439
g roof
f 442 443 1271 444
g roof
f 442 444 445
g roof
f 442 445 446
g roof
f 447 445 444
g roof
f 447 444 448
g roof
f 447 448 197
g roof
f 140 197 448
g roof
f 139 449 450
g roof
f 139 450 451
g roof
f 139 451 452
g roof
f 139 452 453
g roof
f 454 452 451
g roof
f 454 451 455
g roof
f 454 455 456
g roof
f 454 456 255
g roof
f 454 255 254
g roof
f 454 254 457
g roof
f 454 457 458
g roof
f 459 11 9
g roof
f 459 9 8
g roof
f 459 8 7
g roof
f 459 7 6
g roof
f 6 5 460
g roof
f 460 4 3
g roof
f 460 3 461
g roof
f 460 461 462
g roof
f 462 463 464
g roof
f 462 464 465
g roof
f 462 465 466
g roof
f 462 466 467
g roof
f 462 467 468
g roof
f 468 467 469
g roof
f 470 471 472
g roof
f 470 472 473
g roof
f 473 474 475
g roof
f 473 474 475 476
g roof
f 473 474 475 476 477
g roof
f 473 474 475 476 477 478
g roof
f 473 474 475 476 477 478 479
g roof
f 473 474 475 476 477 478 479 480
g roof
f 473 474 475 476 477 478 479 480 481
g roof
f 473 474 475 476 477 478 479 480 481 482
g roof
f 473 482 483
g roof
f 473 483 484
g roof
f 485 486 487
g roof
f 485 486 487 488
g roof
f 485 486 487 488 489
g roof
f 489 490 491
g roof
f 489 491 492
g roof
f 489 492 493
g roof
f 489 493 494
g roof
f 494 495 496
g roof
f 494 496 497
g roof
f 494 497 498
g roof
f 494 498 310
g roof
f 494 310 309
g roof
f 494 309 308
g roof
f 494 308 307
g roof
f 494 307 306
g roof
f 494 306 305
g roof
f 494 305 304
g roof
f 494 304 499
g roof
f 494 499 500
g roof
f 494 500 501
g roof
f 494 501 502
g roof
f 446 447 197
g roof
f 140 139 453
g roof
f 453 454 458
g roof
f 453 458 459
g roof
f 453 459 6
g roof
f 453 6 460
g roof
f 453 460 462
g roof
f 453 462 468
g roof
f 453 468 469
g roof
f 453 469 470
g roof
f 453 470 473
g roof
f 453 473 484
g roof
f 453 484 485
g roof
f 453 485 489
g roof
f 453 489 494
g roof
f 494 502 503
g roof
f 494 503 504 506
g roof
f 506 505 442
g roof
f 506 442 445 446
g roof
f 494 506 446
g roof
f 494 446 197
g roof
f 494 197 196
g roof
f 453 494 196
g roof
f 453 196 140
g roof
f 507 508 509
g roof
f 507 509 510
g roof
f 511 512 513
g roof
f 511 512 513 514
g roof
f 511 514 515
g roof
f 511 515 516
g roof
f 517 518 519
g roof
f 517 519 520
g roof
f 517 520 521
g roof
f 522 523 524
g roof
f 525 526 527
g roof
f 528 529 530
g roof
f 528 530 531
g roof
f 528 531 532
g roof
f 532 533 528
g roof
f 534 535 536
g roof
f 534 536 537
g roof
f 534 537 538
g roof
f 48 50 539
g roof
f 32 540 541
g roof
f 542 44 43
g roof
f 542 43 543
g roof
f 544 545 546
g roof
f 544 546 547
g roof
f 544 547 548
g roof
f 544 548 549
g roof
f 550 551 552
g roof
f 550 552 553
g roof
f 550 553 554
g roof
f 550 554 555
g roof
f 550 555 556
g roof
f 550 556 557 1078
g roof
f 426 328 558
g roof
f 426 558 559
g roof
f 426 559 560
g roof
f 426 560 104
g roof
f 561 103 562
g roof
f 561 562 563
g roof
f 561 563 564
g roof
f 565 566 567 568
g roof
f 565 568 569
g roof
f 569 570 427
g roof
f 571 426 104
g roof
f 104 561 564
g roof
f 564 565 569
g roof
f 569 427 571
g roof
f 571 104 564
g roof
f 571 564 569
g roof
f 271 270 1316 572
g roof
f 271 572 573
g roof
f 271 573 574
g roof
f 575 576 577
g roof
f 575 577 578
g roof
f 575 579 580
g roof
f 575 580 1132 581
g roof
f 575 581 582
g roof
f 583 581 394
g roof
f 583 394 584
g roof
f 583 584 585
g roof
f 586 587 585
g roof
f 586 585 588
g roof
f 586 588 589
g roof
f 586 589 160
g roof
f 586 160 590
g roof
f 586 590 591
g roof
f 592 590 160
g roof
f 592 160 593
g roof
f 593 594 595
g roof
f 596 594 597
g roof
f 596 597 185
g roof
f 596 185 184
g roof
f 596 184 598
g roof
f 596 598 599
g roof
f 211 184 602
g roof
f 185 597 186
g roof
f 186 603 191
g roof
f 191 603 190
g roof
f 191 190 189
g roof
f 160 159 604
g roof
f 604 158 157
g roof
f 604 157 156
g roof
f 156 605 606
g roof
f 156 605 606 607
g roof
f 156 607 608
g roof
f 156 608 609
g roof
f 156 609 610
g roof
f 611 612 613
g roof
f 613 614 615
g roof
f 613 615 616
g roof
f 613 616 617
g roof
f 613 617 618
g roof
f 620 504 503
g roof
f 620 503 502
g roof
f 620 502 621
g roof
f 621 501 500
g roof
f 621 500 499
g roof
f 621 500 499 304
g roof
f 621 304 622
g roof
f 621 622 623
g roof
f 623 624 302
g roof
f 623 302 625
g roof
f 1166 626 299 298
g roof
f 626 298 297
g roof
f 297 627 295
g roof
f 628 629 630
g roof
f 628 630 631
g roof
f 633 634 635
g roof
f 633 635 273
g roof
f 633 273 636
g roof
f 636 272 271
g roof
f 636 271 574
g roof
f 637 573 572
g roof
f 637 572 575
g roof
f 637 575 577 578
g roof
f 576 575 582
g roof
f 576 582 583
g roof
f 583 585 587
g roof
f 583 587 1327 638
g roof
f 591 592 593
g roof
f 591 593 595
g roof
f 595 596 599
g roof
f 602 185 186
g roof
f 602 186 191
g roof
f 602 191 190 189
g roof
f 189 188 593
g roof
f 593 160 604
g roof
f 593 604 156
g roof
f 611 612 613 618
g roof
f 611 618 199
g roof
f 639 1138 1136 1134 619 620
g roof
f 639 620 621
g roof
f 639 621 622 623
g roof
f 639 623 625
g roof
f 639 625 626 1166
g roof
f 1166 626 297 295 294
g roof
f 1166 626 294 293
g roof
f 293 628 630 631
g roof
f 293 628 630 631 632
g roof
f 293 632 633
g roof
f 293 633 273 636
g roof
f 293 636 574
g roof
f 293 574 637
g roof
f 293 637 578
g roof
f 293 578 576
g roof
f 576 583 638 1327
g roof
f 576 638 586
g roof
f 576 586 591
g roof
f 576 591 593 595
g roof
f 576 595 599
g roof
f 576 599 600
g roof
f 189 593 156
g roof
f 189 156 610
g roof
f 602 611 199
g roof
f 198 639 626 1166
g roof
f 198 1166 626 293
g roof
f 198 293 578 576
g roof
f 198 576 600
g roof
f 198 600 211 199
g roof
f 602 189 610
g roof
f 602 610 640
g roof
f 199 211 602
g roof
f 641 174 642
g roof
f 641 642 643
g roof
f 641 643 644
g roof
f 641 644 645
g roof
f 641 645 646
g roof
f 641 646 647
g roof
f 641 647 648
g roof
f 648 649 650
g roof
f 648 650 641
g roof
f 651 95 652
g roof
f 651 652 171
g roof
f 651 171 653 654
g roof
f 651 654 430
g roof
f 430 429 649
g roof
f 430 649 655
g roof
f 430 655 656
g roof
f 430 656 657
g roof
f 430 658 659
g roof
f 430 659 660
g roof
f 430 660 661
g roof
f 430 661 662
g roof
f 430 662 651
g roof
f 663 664 665
g roof
f 663 665 666
g roof
f 663 666 667 1195
g roof
f 668 669 670
g roof
f 668 670 252
g roof
f 668 252 251 671
g roof
f 668 671 251
g roof
f 672 673 674
g roof
f 675 676 677
g roof
f 678 679 680
g roof
f 678 680 614
g roof
f 681 680 682
g roof
f 681 682 683
g roof
f 681 683 619
g roof
f 684 685 1349 686
g roof
f 684 686 687 700
g roof
f 687 686 1353 1355 688
g roof
f 687 688 1358 1360 689
g roof
f 687 689 690
g roof
f 691 692 693
g roof
f 691 693 1365 694
g roof
f 695 696 697
g roof
f 695 697 698
g roof
f 695 698 699
g roof
f 695 699 684
g roof
f 684 700 687
g roof
f 684 700 701
g roof
f 701 687 690
g roof
f 690 702 691
g roof
f 690 691 694
g roof
f 701 695 684
g roof
f 701 690 694
g roof
f 703 704 1390 1392 1394 1396 1398 1400 1402 1404 1406 1408 1410 1412 1414 1416 1418 1370 1369 1373 705
g roof
f 706 705 1376 1378 707
g roof
f 706 707 708
g roof
f 708 699 709
g roof
f 708 709 710
g roof
f 710 711 712
g roof
f 712 713 714
g roof
f 712 714 715
g roof
f 716 717 718
g roof
f 716 718 719
g roof
f 716 719 720 721
g roof
f 722 723 724
g roof
f 724 725 726
g roof
f 727 728 729
g roof
f 727 729 730
g roof
f 731 732 733
g roof
f 731 733 734
g roof
f 735 736 341
g roof
f 735 341 737
g roof
f 341 738 739
g roof
f 703 705 706
g roof
f 703 706 740
g roof
f 741 706 708
g roof
f 741 708 710
g roof
f 741 710 712
g roof
f 741 712 715
g roof
f 741 715 742
g roof
f 721 722 723 724
g roof
f 724 725 726 727
g roof
f 724 725 726 727 730 870 731
g roof
f 724 725 726 727 730 870 731 734
g roof
f 724 725 726 727 730 870 731 734 735
g roof
f 724 725 726 727 730 870 731 734 735 737
g roof
f 737 341 739
g roof
f 737 739 703
g roof
f 737 739 703 740 721 722 723 724 725 726 727 730 731 734
g roof
f 743 741 742
g roof
f 743 716 721
g roof
f 721 722 723 724 725 726 727 730 870 731 734 737
g roof
f 721 722 723 724 725 726 727 730 731 734 737 740
g roof
f 721 740 743
g roof
f 744 745 746
g roof
f 744 746 747
g roof
f 750 747 751
g roof
f 750 751 752
g roof
f 752 753 754
g roof
f 755 756 529
g roof
f 755 529 528
g roof
f 755 528 533
g roof
f 759 756 760
g roof
f 759 760 761
g roof
f 759 761 762
g roof
f 764 765 766
g roof
f 524 766 765
g roof
f 524 765 767
g roof
f 524 767 768
g roof
f 524 768 521 520
g roof
f 524 520 769
g roof
f 770 521 768
g roof
f 770 768 771
g roof
f 770 771 772
g roof
f 770 772 773
g roof
f 770 773 774
g roof
f 770 774 775
g roof
f 770 775 776
g roof
f 776 774 773
g roof
f 776 773 777
g roof
f 776 777 778
g roof
f 776 778 779
g roof
f 776 779 780
g roof
f 776 780 781
g roof
f 781 782 783
g roof
f 507 784 785
g roof
f 507 785 1421 1423 786
g roof
f 787 788 789
g roof
f 789 790 513
g roof
f 511 791 792
g roof
f 511 792 793
g roof
f 511 793 794
g roof
f 511 794 795
g roof
f 511 795 796
g roof
f 796 797 798
g roof
f 800 801 802
g roof
f 802 1434 1436 1438 1440 1442 1444 1446 1448 1450 803 804
g roof
f 802 804 805
g roof
f 802 805 806
g roof
f 806 1456 1458 807 1461 1463 808
g roof
f 806 808 744
g roof
f 744 747 750
g roof
f 744 750 809
g roof
f 535 814 750 752
g roof
f 535 752 754 810
g roof
f 535 810 1260 1258 755
g roof
f 535 755 533
g roof
f 535 533 757
g roof
f 525 764 522
g roof
f 522 524 811
g roof
f 776 781 783 812
g roof
f 776 812 1250 813
g roof
f 813 784 507
g roof
f 813 507 510
g roof
f 787 507 786
g roof
f 787 789 513
g roof
f 799 1429 800 802
g roof
f 799 1429 802 806
g roof
f 814 535 815
g roof
f 749 535 757
g roof
f 762 764 525
g roof
f 762 525 527
g roof
f 763 525 522
g roof
f 763 522 811
g roof
f 763 811 770
g roof
f 770 776 813
g roof
f 798 799 1429 806
g roof
f 744 809 814 815
g roof
f 744 815 748
g roof
f 759 762 527
g roof
f 759 527 763
g roof
f 759 763 770
g roof
f 796 797 798 806
g roof
f 806 744 748
g roof
f 806 748 749
g roof
f 806 749 757
g roof
f 806 757 758 759
g roof
f 806 759 770
g roof
f 796 806 770
g roof
f 796 770 813
g roof
f 511 796 813
g roof
f 513 512 511 813
g roof
f 513 813 510
g roof
f 513 510 816
g roof
f 787 513 816
g roof
f 817 818 819
g roof
f 817 819 820
g roof
f 817 820 821
g roof
f 822 1236 823 824
g roof
f 822 824 825
g roof
f 822 825 826
g roof
f 822 826 827
g roof
f 828 829 738
g roof
f 830 1364 831 832
g roof
f 830 832 75
g roof
f 830 75 833
g roof
f 830 833 73
g roof
f 830 73 834
g roof
f 830 834 835
g roof
f 830 835 836
g roof
f 830 836 69
g roof
f 85 837 838
g roof
f 85 838 64
g roof
f 85 64 839
g roof
f 840 557 556
g roof
f 840 556 841
g roof
f 840 841 842
g roof
f 840 842 843
g roof
f 843 552 232
g roof
f 844 230 845 846
g roof
f 844 230 846 847
g roof
f 847 848 849
g roof
f 847 849 850
g roof
f 847 850 851
g roof
f 847 851 852
g roof
f 847 852 104
g roof
f 847 104 560
g roof
f 847 560 853
g roof
f 853 854 855
g roof
f 853 855 856
g roof
f 856 265 264
g roof
f 856 264 857
g roof
f 858 859 860
g roof
f 858 860 861
g roof
f 865 866 867
g roof
f 865 867 868
g roof
f 865 868 869
g roof
f 865 869 870
g roof
f 870 730 871
g roof
f 727 726 725
g roof
f 725 724 723
g roof
f 725 724 723 722
g roof
f 725 724 723 722 872
g roof
f 725 724 723 722 872 721
g roof
f 725 724 723 722 721 873
g roof
f 873 874 875
g roof
f 876 877 878
g roof
f 876 878 879
g roof
f 876 879 880
g roof
f 880 881 882
g roof
f 882 883 884
g roof
f 884 710 709
g roof
f 884 709 699
g roof
f 884 699 885
g roof
f 884 885 886
g roof
f 887 888 701
g roof
f 887 701 830
g roof
f 887 830 69
g roof
f 887 69 85
g roof
f 887 85 839
g roof
f 887 839 840
g roof
f 887 840 842 843
g roof
f 843 232 231
g roof
f 843 231 844
g roof
f 843 844 230 847
g roof
f 843 847 853
g roof
f 843 853 856
g roof
f 865 870 871
g roof
f 865 871 889
g roof
f 889 727 726 725
g roof
f 889 725 873
g roof
f 889 873 875
g roof
f 875 878 877
g roof
f 875 877 890
g roof
f 876 880 882
g roof
f 882 884 886
g roof
f 882 886 887
g roof
f 882 887 843
g roof
f 858 861 862 863 864 865 889
g roof
f 876 882 843
g roof
f 876 843 856
g roof
f 891 858 889
g roof
f 891 889 875 892
g roof
f 890 876 856
g roof
f 890 856 857
g roof
f 890 857 892
g roof
f 892 875 890
g roof
f 684 699 893
g roof
f 684 893 894
g roof
f 684 894 895
g roof
f 896 343 342
g roof
f 896 342 735
g roof
f 735 734 897
g roof
f 735 897 898
g roof
f 898 899 900
g roof
f 898 900 901
g roof
f 898 901 902
g roof
f 902 896 735
g roof
f 902 735 898
g roof
f 903 904 905
g roof
f 903 905 906
g roof
f 903 906 907
g roof
f 903 907 856
g roof
f 903 856 855
g roof
f 903 855 908
g roof
f 908 909 910
g roof
f 908 910 911
g roof
f 911 912 913
g roof
f 911 913 903
g roof
f 911 903 908
g roof
f 914 646 915
g roof
f 914 915 916
g roof
f 914 916 917
g roof
f 914 917 918
g roof
f 918 919 920
g roof
f 918 920 921
g roof
f 918 921 922
g roof
f 918 922 914
g roof
f 424 376 375 923
g roof
f 424 376 923 924
g roof
f 424 376 924 925
g roof
f 424 376 925 926
g roof
f 376 424 926 927
g roof
f 376 424 927 928
g roof
f 376 424 928
g roof
f 929 930 381
g roof
f 929 381 380
g roof
f 929 380 928
g roof
f 931 932 933
g roof
f 931 933 913
g roof
f 419 373 931
g roof
f 419 931 934
g roof
f 419 934 428
g roof
f 935 936 937
g roof
f 935 937 938
g roof
f 508 939 940
g roof
f 508 940 941
g roof
f 508 941 942
g roof
f 508 942 943
g roof
f 508 943 944
g roof
f 508 944 945
g roof
f 508 945 946
g roof
f 508 946 947
g roof
f 947 948 949
g roof
f 947 949 790
g roof
f 947 790 950
g roof
f 947 950 951
g roof
f 947 951 508
g roof
f 952 470 469
g roof
f 952 469 467
g roof
f 467 953 954
g roof
f 467 954 955
g roof
f 467 955 952
g roof
f 681 615 146
g roof
f 681 146 143
g roof
f 956 957 795
g roof
f 956 795 958
g roof
f 956 958 959
g roof
f 956 959 960
g roof
f 956 960 948
g roof
f 956 948 947
g roof
f 956 947 961
g roof
f 956 961 962
g roof
f 956 962 963
g roof
f 956 963 964
g roof
f 965 966 967 1430
g roof
f 965 1430 967 968
g roof
f 965 968 956
g roof
f 956 964 969
g roof
f 956 969 965
g roof
f 881 970 971
g roof
f 881 971 717
g roof
f 881 717 716
g roof
f 716 972 973
g roof
f 973 974 881
g roof
f 973 881 716
g roof
f 975 976 972
g roof
f 975 972 740
g roof
f 403 977 978
g roof
f 403 978 400
g roof
f 403 400 979
g roof
f 980 981 982
g roof
f 980 982 983
g roof
f 980 983 984
g roof
f 980 984 269
g roof
f 269 268 985
g roof
f 985 635 634
g roof
f 634 986 987
g roof
f 634 987 988
g roof
f 634 988 989
g roof
f 990 991 992
g roof
f 990 992 326
g roof
f 994 323 322
g roof
f 322 995 996
g roof
f 322 996 997
g roof
f 322 997 998
g roof
f 322 998 999
g roof
f 999 412 411
g roof
f 999 411 1000
g roof
f 1000 817 408
g roof
f 1000 408 1001
g roof
f 1000 1001 406 405
g roof
f 1000 406 405 404 403
g roof
f 1000 404 403 979
g roof
f 979 980 269
g roof
f 269 985 634
g roof
f 269 634 989
g roof
f 269 989 278
g roof
f 269 278 1002
g roof
f 1002 990 326
g roof
f 1002 326 993
g roof
f 994 322 999
g roof
f 994 999 1000
g roof
f 994 1000 979
g roof
f 994 979 269
g roof
f 269 1002 993
g roof
f 269 993 994
g roof
f 1003 1004 1326 1005
g roof_step_or_fixture_side
f 75 832 80
g roof_step_or_fixture_side
f 832 81 80
g roof_step_or_fixture_side
f 82 81 93
g roof_step_or_fixture_side
f 1 82 702 690
g roof_step_or_fixture_side
f 2 1 690 689
g facade_completed
f 1006 2 689 1007 1008
g facade_completed
f 1009 1006 1008 1010
g facade_completed
f 1011 1009 1010 1012
g facade_completed
f 1013 1011 1012 1014
g facade_completed
f 1015 1013 1014 1016
g facade_completed
f 1017 1015 1016 1018
g facade_completed
f 1019 1017 1018 1020
g facade_completed
f 1021 1019 1020 1022
g facade_completed
f 1023 1021 1022 1024
g facade_completed
f 1025 1023 1024 1026
g facade_completed
f 1027 1025 1026 1028
g facade_completed
f 1029 1027 1028 1030
g facade_completed
f 1031 1029 1030 1032
g facade_completed
f 1033 1031 1032 1034
g facade_completed
f 1035 1033 1034 1036
g facade_completed
f 1037 1035 1036 1038
g facade_completed
f 1039 1037 1038 1040
g facade_completed
f 1041 1039 1040 1042
g facade_completed
f 1043 1041 1042 1044
g facade_completed
f 1045 1043 1044 1046
g facade_completed
f 1047 1045 1046 1048
g facade_completed
f 1049 1047 1048 1050
g facade_completed
f 1051 1049 1050 1052
g facade_completed
f 1053 1051 1052 1054
g facade_completed
f 1055 1053 1054 1056
g facade_completed
f 1057 1055 1056 1058
g facade_completed
f 3 1057 1058 1059
g facade_completed
f 5 4 1060 1061
g facade_completed
f 10 9 1062 1063
g facade_completed
f 11 10 1063 1064
g roof_step_or_fixture_side
f 12 11 459
g roof_step_or_fixture_side
f 13 12 459 458
g roof_step_or_fixture_side
f 14 13 458 457
g roof_step_or_fixture_side
f 18 17 670 669
g roof_step_or_fixture_side
f 83 18 669 668
g roof_step_or_fixture_side
f 249 248 19 83
g roof_step_or_fixture_side
f 248 20 19
g facade_completed
f 246 24 1067 1068
g roof_step_or_fixture_side
f 26 25 262
g roof_step_or_fixture_side
f 27 26 262 1070
g roof_step_or_fixture_side
f 28 27 1070 545 544
g roof_step_or_fixture_side
f 29 28 544 549
g roof_step_or_fixture_side
f 244 243 30 29
g roof_step_or_fixture_side
f 243 242 88 30
g roof_step_or_fixture_side
f 242 241 89 88
g roof_step_or_fixture_side
f 241 240 38 89
g roof_step_or_fixture_side
f 240 239 39 38
g roof_step_or_fixture_side
f 239 40 39
g roof_step_or_fixture_side
f 41 40 238
g roof_step_or_fixture_side
f 42 41 238
g roof_step_or_fixture_side
f 43 42 543
g roof_step_or_fixture_side
f 45 44 542
g roof_step_or_fixture_side
f 46 237 47
g roof_step_or_fixture_side
f 237 236 48 47
g roof_step_or_fixture_side
f 48 539 49
g roof_step_or_fixture_side
f 539 50 49
g roof_step_or_fixture_side
f 235 51 50
g roof_step_or_fixture_side
f 53 234 54
g roof_step_or_fixture_side
f 234 233 84 54
g roof_step_or_fixture_side
f 233 55 84
g facade_completed
f 58 57 1075 1076
g facade_completed
f 59 58 1076 1077 550
g roof_step_or_fixture_side
f 60 59 550 1078
g roof_step_or_fixture_side
f 61 60 1078 557
g roof_step_or_fixture_side
f 62 61 557 840
g roof_step_or_fixture_side
f 63 62 840 839
g roof_step_or_fixture_side
f 64 63 839
g roof_step_or_fixture_side
f 64 838 65
g roof_step_or_fixture_side
f 838 837 66 65
g roof_step_or_fixture_side
f 837 85 66
g roof_step_or_fixture_side
f 70 69 836
g roof_step_or_fixture_side
f 71 70 836 835
g roof_step_or_fixture_side
f 72 71 835 834
g roof_step_or_fixture_side
f 73 72 834
g facade_completed
f 74 73 1082 1083
g facade_completed
f 833 74 1083 1084
g facade_completed
f 77 76 1085 1086
g facade_completed
f 91 77 1086 1087
g facade_completed
f 76 91 1087 1085
g facade_completed
f 78 87 1088 1089
g facade_completed
f 79 78 1089 1090
g facade_completed
f 87 79 1090 1088
g facade_completed
f 68 67 1091 1092
g facade_completed
f 86 68 1092 1093
g facade_completed
f 67 86 1093 1091
g facade_completed
f 31 34 1094 1095
g facade_completed
f 32 31 1095 1096
g facade_completed
f 34 32 1096 1094
g roof_step_or_fixture_side
f 32 90 540
g roof_step_or_fixture_side
f 33 32 541
g roof_step_or_fixture_side
f 90 33 541 540
g roof_step_or_fixture_side
f 37 36 675 677
g roof_step_or_fixture_side
f 35 37 677 676
g roof_step_or_fixture_side
f 36 35 676 675
g roof_step_or_fixture_side
f 81 94 93
g roof_step_or_fixture_side
f 92 94 692 691
g roof_step_or_fixture_side
f 82 92 691 702
g roof_step_or_fixture_side
f 115 219 116
g facade_completed
f 117 116 1097 1098
g roof_step_or_fixture_side
f 260 1099 118 117
g roof_step_or_fixture_side
f 1099 217 119 118
g roof_step_or_fixture_side
f 217 120 119
g roof_step_or_fixture_side
f 122 121 215
g roof_step_or_fixture_side
f 123 122 215
g facade_completed
f 125 124 1100 1101
g roof_step_or_fixture_side
f 172 133 259
g roof_step_or_fixture_side
f 134 172 259 258
g roof_step_or_fixture_side
f 135 134 258
g roof_step_or_fixture_side
f 451 450 137 136
g roof_step_or_fixture_side
f 450 449 138 137
g roof_step_or_fixture_side
f 449 139 138
g roof_step_or_fixture_side
f 140 448 141
g roof_step_or_fixture_side
f 448 444 682 142 141
g roof_step_or_fixture_side
f 682 680 143 142
g roof_step_or_fixture_side
f 680 679 144 143
g roof_step_or_fixture_side
f 679 678 145 144
g roof_step_or_fixture_side
f 678 614 146 145
g roof_step_or_fixture_side
f 614 613 147 146
g roof_step_or_fixture_side
f 613 612 148 147
g roof_step_or_fixture_side
f 612 611 149 148
g roof_step_or_fixture_side
f 611 602 150 149
g roof_step_or_fixture_side
f 602 640 151 150
g roof_step_or_fixture_side
f 640 610 152 151
g roof_step_or_fixture_side
f 610 609 153 152
g roof_step_or_fixture_side
f 609 608 154 153
g roof_step_or_fixture_side
f 608 607 177 154
g roof_step_or_fixture_side
f 607 605 606 1104 155 177
g roof_step_or_fixture_side
f 605 156 1104
g facade_completed
f 159 158 1105 1106
g roof_step_or_fixture_side
f 161 160 589
g roof_step_or_fixture_side
f 162 161 589 588
g roof_step_or_fixture_side
f 163 162 588 585 392
g roof_step_or_fixture_side
f 164 163 392
g roof_step_or_fixture_side
f 164 391 165
g roof_step_or_fixture_side
f 391 390 173 165
g roof_step_or_fixture_side
f 642 173 919 918
g roof_step_or_fixture_side
f 166 174 641
g roof_step_or_fixture_side
f 167 166 641 650
g roof_step_or_fixture_side
f 168 167 650 649
g roof_step_or_fixture_side
f 169 168 649 429
g roof_step_or_fixture_side
f 170 169 429
g roof_step_or_fixture_side
f 171 170 653
g roof_step_or_fixture_side
f 1111 95 651
g roof_step_or_fixture_side
f 1113 1111 651 662
g roof_step_or_fixture_side
f 96 1113 662 661
g roof_step_or_fixture_side
f 97 96 661 382 381
g roof_step_or_fixture_side
f 98 97 381 930 432
g roof_step_or_fixture_side
f 99 98 432 434
g roof_step_or_fixture_side
f 100 99 434 433
g roof_step_or_fixture_side
f 101 100 433 435
g roof_step_or_fixture_side
f 102 101 435 927 926 562
g roof_step_or_fixture_side
f 103 102 562
g roof_step_or_fixture_side
f 104 852 105
g roof_step_or_fixture_side
f 852 851 109 105
g roof_step_or_fixture_side
f 851 850 113 109
g facade_completed
f 106 108 1117 1118
g facade_completed
f 107 106 1118 1119
g facade_completed
f 108 107 1119 1117
g facade_completed
f 175 114 1120 1121
g facade_completed
f 176 175 1121 1122
g facade_completed
f 114 176 1122 1120
g facade_completed
f 110 112 1123 1124
g facade_completed
f 111 110 1124 1125
g facade_completed
f 112 111 1125 1123
g roof_step_or_fixture_side
f 223 222 180 179
g roof_step_or_fixture_side
f 222 178 180
g roof_step_or_fixture_side
f 178 223 179
g roof_step_or_fixture_side
f 182 168 649 648
g roof_step_or_fixture_side
f 183 182 648 647
g roof_step_or_fixture_side
f 181 183 647 387 386 656
g roof_step_or_fixture_side
f 1126 181 656 655
g roof_step_or_fixture_side
f 168 1126 655 649
g roof_step_or_fixture_side
f 185 602 150
g roof_step_or_fixture_side
f 602 184 150
g roof_step_or_fixture_side
f 438 437 188 187
g roof_step_or_fixture_side
f 187 186 597
g roof_step_or_fixture_side
f 195 194 581 1132
g roof_step_or_fixture_side
f 192 195 1132 396 395
g roof_step_or_fixture_side
f 193 192 395 394
g roof_step_or_fixture_side
f 194 193 394 581
g roof_step_or_fixture_side
f 618 617 201 200
g roof_step_or_fixture_side
f 617 616 202 201
g roof_step_or_fixture_side
f 616 615 203 202
g roof_step_or_fixture_side
f 615 681 204 203
g roof_step_or_fixture_side
f 681 619 205 204
g roof_step_or_fixture_side
f 619 1134 206 205
g roof_step_or_fixture_side
f 1134 1136 207 206
g roof_step_or_fixture_side
f 1136 1138 208 207
g roof_step_or_fixture_side
f 1138 639 209 208
g roof_step_or_fixture_side
f 639 198 209
g roof_step_or_fixture_side
f 199 618 200
g roof_step_or_fixture_side
f 212 211 601
g roof_step_or_fixture_side
f 213 212 601 600
g roof_step_or_fixture_side
f 214 213 600 599
g roof_step_or_fixture_side
f 210 214 599 598
g roof_step_or_fixture_side
f 184 210 598
g roof_step_or_fixture_side
f 236 235 50 48
g roof_step_or_fixture_side
f 42 45 542 543
g roof_step_or_fixture_side
f 245 244 29 549 548
g roof_step_or_fixture_side
f 1143 245 548 547
g roof_step_or_fixture_side
f 261 1143 547 546
g roof_step_or_fixture_side
f 1070 261 546 545
g facade_completed
f 247 246 1068 1144
g facade_completed
f 24 247 1144 1067
g roof_step_or_fixture_side
f 250 249 83 668 671
g roof_step_or_fixture_side
f 251 250 671
g roof_step_or_fixture_side
f 17 252 670
g roof_step_or_fixture_side
f 254 14 457
g facade_completed
f 255 254 1146 1147
g roof_step_or_fixture_side
f 255 456 256
g roof_step_or_fixture_side
f 456 455 257 256
g roof_step_or_fixture_side
f 455 451 136 257
g facade_completed
f 178 125 1101 1149
g facade_completed
f 124 178 1149 1100
g facade_completed
f 218 260 117 1098 1150
g facade_completed
f 219 218 1150 1097 116
g roof_step_or_fixture_side
f 850 849 220 113
g roof_step_or_fixture_side
f 849 848 221 220
g roof_step_or_fixture_side
f 848 847 224 221
g roof_step_or_fixture_side
f 847 846 225 224
g roof_step_or_fixture_side
f 846 845 229 225
g roof_step_or_fixture_side
f 845 230 229
g facade_completed
f 231 230 1154 1155
g roof_step_or_fixture_side
f 59 232 551 550
g facade_completed
f 57 59 550 1077 1075
g facade_completed
f 227 226 1157 1158
g facade_completed
f 228 227 1158 1159
g facade_completed
f 226 228 1159 1157
g roof_step_or_fixture_side
f 906 905 266 265
g roof_step_or_fixture_side
f 267 266 891 892
g roof_step_or_fixture_side
f 263 267 892 857
g roof_step_or_fixture_side
f 264 263 857
g roof_step_or_fixture_side
f 985 268 275
g roof_step_or_fixture_side
f 270 269 984
g facade_completed
f 273 272 1161 1162
g roof_step_or_fixture_side
f 273 635 274
g roof_step_or_fixture_side
f 635 985 275 274
g roof_step_or_fixture_side
f 987 986 282 281
g roof_step_or_fixture_side
f 986 634 1163 282
g roof_step_or_fixture_side
f 634 633 283 1163
g roof_step_or_fixture_side
f 633 632 284 283
g roof_step_or_fixture_side
f 632 631 285 284
g roof_step_or_fixture_side
f 631 630 286 285
g roof_step_or_fixture_side
f 630 629 287 286
g roof_step_or_fixture_side
f 629 628 288 287
g roof_step_or_fixture_side
f 628 293 288
g roof_step_or_fixture_side
f 295 627 296
g roof_step_or_fixture_side
f 627 297 296
g roof_step_or_fixture_side
f 1165 300 299 1166 626
g roof_step_or_fixture_side
f 301 1165 300 626 1166 625
g roof_step_or_fixture_side
f 302 301 625
g roof_step_or_fixture_side
f 302 624 292
g roof_step_or_fixture_side
f 624 623 303 292
g roof_step_or_fixture_side
f 623 622 303
g facade_completed
f 311 310 1169 1170
g facade_completed
f 1171 311 1170 1172
g facade_completed
f 1173 1171 1172 1174
g facade_completed
f 1175 1173 1174 1176
g facade_completed
f 312 1175 1176 1177
g facade_completed
f 313 312 1177 1178
g facade_completed
f 314 313 1178 1179
g facade_completed
f 315 314 1179 1180
g facade_completed
f 316 315 1180 1181
g facade_completed
f 317 316 1181 1182
g facade_completed
f 318 317 1182 1183
g facade_completed
f 319 318 1183 1184
g roof_step_or_fixture_side
f 997 996 320 319
g roof_step_or_fixture_side
f 996 995 321 320
g roof_step_or_fixture_side
f 995 322 321
g roof_step_or_fixture_side
f 324 323 994
g roof_step_or_fixture_side
f 325 324 994 993
g roof_step_or_fixture_side
f 326 325 993
g roof_step_or_fixture_side
f 326 992 327
g roof_step_or_fixture_side
f 992 991 276 327
g roof_step_or_fixture_side
f 991 990 276
g roof_step_or_fixture_side
f 277 990 1002
g roof_step_or_fixture_side
f 278 277 1002
g roof_step_or_fixture_side
f 278 989 279
g roof_step_or_fixture_side
f 989 988 280 279
g roof_step_or_fixture_side
f 988 987 281 280
g roof_step_or_fixture_side
f 672 674 289 291
g roof_step_or_fixture_side
f 674 673 290 289
g roof_step_or_fixture_side
f 673 672 291 290
g roof_step_or_fixture_side
f 329 328 934 931
g roof_step_or_fixture_side
f 330 329 931 913
g roof_step_or_fixture_side
f 331 330 913 912 558
g roof_step_or_fixture_side
f 328 331 558
g roof_step_or_fixture_side
f 367 366 865 864
g roof_step_or_fixture_side
f 371 367 864 863
g roof_step_or_fixture_side
f 372 371 863 862 932
g roof_step_or_fixture_side
f 329 372 932 931
g roof_step_or_fixture_side
f 373 329 931
g facade_completed
f 1190 419 1191 1192
g roof_step_or_fixture_side
f 569 568 374 1190
g roof_step_or_fixture_side
f 568 567 375 374
g roof_step_or_fixture_side
f 1195 667 666 377 376 424
g roof_step_or_fixture_side
f 666 665 378 377
g roof_step_or_fixture_side
f 665 664 379 378
g roof_step_or_fixture_side
f 664 663 380 379
g roof_step_or_fixture_side
f 661 660 1196 382
g roof_step_or_fixture_side
f 660 659 383 1196
g roof_step_or_fixture_side
f 659 658 384 383
g roof_step_or_fixture_side
f 658 657 385 384
g roof_step_or_fixture_side
f 657 656 386 385
g roof_step_or_fixture_side
f 647 646 388 387
g roof_step_or_fixture_side
f 646 914 389 388
g roof_step_or_fixture_side
f 914 922 389
g roof_step_or_fixture_side
f 1199 922 921
g roof_step_or_fixture_side
f 1201 1199 921 920
g roof_step_or_fixture_side
f 390 1201 920 919 173
g roof_step_or_fixture_side
f 393 392 585 584
g roof_step_or_fixture_side
f 394 393 584
g roof_step_or_fixture_side
f 1132 580 397 396
g roof_step_or_fixture_side
f 580 579 980 398 397
g roof_step_or_fixture_side
f 980 979 399 398
g roof_step_or_fixture_side
f 979 400 399
g roof_step_or_fixture_side
f 401 400 978
g roof_step_or_fixture_side
f 402 401 978 977
g roof_step_or_fixture_side
f 403 402 977
g facade_completed
f 408 407 1207 1208
g roof_step_or_fixture_side
f 409 408 817
g roof_step_or_fixture_side
f 410 409 817
g facade_completed
f 411 410 1209 1210
g facade_completed
f 413 412 1211 1212
g facade_completed
f 1213 413 1212 1214
g facade_completed
f 1215 1213 1214 1216
g facade_completed
f 414 1215 1216 1217
g facade_completed
f 332 414 1217 1218
g facade_completed
f 333 332 1218 1219
g facade_completed
f 1220 333 1219 1221
g facade_completed
f 1222 1220 1221 1223
g facade_completed
f 1224 1222 1223 1225
g facade_completed
f 334 1224 1225 1226
g facade_completed
f 335 334 1226 1227
g facade_completed
f 336 335 1227 1228
g roof_step_or_fixture_side
f 703 739 337 336
g roof_step_or_fixture_side
f 739 738 338 337
g roof_step_or_fixture_side
f 738 341 338
g roof_step_or_fixture_side
f 342 341 736
g roof_step_or_fixture_side
f 351 343 896
g roof_step_or_fixture_side
f 352 351 896 902
g roof_step_or_fixture_side
f 1231 352 902 901
g roof_step_or_fixture_side
f 353 1231 901 900
g roof_step_or_fixture_side
f 354 353 900 899
g roof_step_or_fixture_side
f 355 354 899 898
g roof_step_or_fixture_side
f 356 355 898 897
g roof_step_or_fixture_side
f 357 356 897 733 732
g roof_step_or_fixture_side
f 358 357 732 731
g roof_step_or_fixture_side
f 359 358 731 870
g roof_step_or_fixture_side
f 360 359 870 869
g roof_step_or_fixture_side
f 361 360 869 868
g roof_step_or_fixture_side
f 362 361 868 867
g roof_step_or_fixture_side
f 363 362 867 866
g roof_step_or_fixture_side
f 366 363 866 865
g roof_step_or_fixture_side
f 343 350 825 824
g roof_step_or_fixture_side
f 344 343 824 823
g roof_step_or_fixture_side
f 345 344 823 1236
g roof_step_or_fixture_side
f 346 345 1236 822
g roof_step_or_fixture_side
f 420 346 822 827
g roof_step_or_fixture_side
f 415 420 827 826
g roof_step_or_fixture_side
f 350 415 826 825
g roof_step_or_fixture_side
f 828 738 338 340
g roof_step_or_fixture_side
f 738 829 339 338
g roof_step_or_fixture_side
f 829 828 340 339
g roof_step_or_fixture_side
f 409 423 818 817
g roof_step_or_fixture_side
f 347 409 817 821
g roof_step_or_fixture_side
f 348 347 821 820
g roof_step_or_fixture_side
f 349 348 820 819
g roof_step_or_fixture_side
f 423 349 819 818
g facade_completed
f 416 364 1237 1238
g facade_completed
f 365 416 1238 1239
g facade_completed
f 364 365 1239 1237
g roof_step_or_fixture_side
f 937 936 368 370
g roof_step_or_fixture_side
f 936 935 369 368
g roof_step_or_fixture_side
f 935 938 417 369
g roof_step_or_fixture_side
f 938 937 370 417
g facade_completed
f 422 421 1240 1241
g facade_completed
f 418 422 1241 1242
g facade_completed
f 421 418 1242 1240
g roof_step_or_fixture_side
f 425 424 928
g roof_step_or_fixture_side
f 380 425 928
g roof_step_or_fixture_side
f 663 1195 667 424 380
g roof_step_or_fixture_side
f 427 570 428
g roof_step_or_fixture_side
f 328 428 934
g facade_completed
f 427 426 1244 1245
g roof_step_or_fixture_side
f 431 430 654
g roof_step_or_fixture_side
f 170 431 654 653
g roof_step_or_fixture_side
f 433 432 930 929
g roof_step_or_fixture_side
f 425 433 929 928
g roof_step_or_fixture_side
f 435 425 928 927
g roof_step_or_fixture_side
f 439 438 187 597 594
g roof_step_or_fixture_side
f 436 439 594 593
g roof_step_or_fixture_side
f 437 436 593 188
g roof_step_or_fixture_side
f 440 439 594 596
g roof_step_or_fixture_side
f 441 440 596 595
g roof_step_or_fixture_side
f 439 441 595 594
g facade_completed
f 9 11 1064 1062
g facade_completed
f 460 5 1061 1248
g facade_completed
f 4 460 1248 1060
g facade_completed
f 461 3 1059 1249 785
g roof_step_or_fixture_side
f 462 461 785 784
g roof_step_or_fixture_side
f 463 462 784 813
g roof_step_or_fixture_side
f 464 463 813 1250
g roof_step_or_fixture_side
f 465 464 1250 812
g roof_step_or_fixture_side
f 466 465 812 783
g roof_step_or_fixture_side
f 467 466 783 782
g facade_completed
f 468 467 782 1251 1252
g facade_completed
f 467 468 1252 1251 782
g roof_step_or_fixture_side
f 470 952 471
g roof_step_or_fixture_side
f 472 471 778 777
g roof_step_or_fixture_side
f 473 472 777 773
g roof_step_or_fixture_side
f 474 473 773 772
g roof_step_or_fixture_side
f 475 474 772 771
g roof_step_or_fixture_side
f 476 475 771 768
g roof_step_or_fixture_side
f 477 476 768 767
g roof_step_or_fixture_side
f 478 477 767 765
g roof_step_or_fixture_side
f 479 478 765 764
g roof_step_or_fixture_side
f 480 479 764 762
g roof_step_or_fixture_side
f 481 480 762 761
g roof_step_or_fixture_side
f 482 481 761 760
g roof_step_or_fixture_side
f 483 482 760 756
g roof_step_or_fixture_side
f 484 483 756 755
g roof_step_or_fixture_side
f 485 484 755 1258
g roof_step_or_fixture_side
f 486 485 1258 1260
g roof_step_or_fixture_side
f 487 486 1260 810
g roof_step_or_fixture_side
f 488 487 810 754
g roof_step_or_fixture_side
f 489 488 754 753
g roof_step_or_fixture_side
f 490 489 753 752
g roof_step_or_fixture_side
f 491 490 752 751
g roof_step_or_fixture_side
f 492 491 751 747
g roof_step_or_fixture_side
f 493 492 747 746
g roof_step_or_fixture_side
f 494 493 746 745
g roof_step_or_fixture_side
f 495 494 745 744
g roof_step_or_fixture_side
f 496 495 744 808
g facade_completed
f 497 496 808 1261 1262
g facade_completed
f 498 497 1262 1263
g facade_completed
f 310 498 1263 1169
g facade_completed
f 502 501 1265 1266
g facade_completed
f 506 504 1267 1268
g facade_completed
f 505 506 1268 1269
g roof_step_or_fixture_side
f 442 505 620
g roof_step_or_fixture_side
f 443 442 620 619
g roof_step_or_fixture_side
f 1271 443 619 683
g roof_step_or_fixture_side
f 444 1271 683 682
g facade_completed
f 254 255 1147 1146
g facade_completed
f 454 453 1274 1275
g facade_completed
f 452 454 1275 1276
g facade_completed
f 453 452 1276 1274
g facade_completed
f 445 447 1277 1278
g facade_completed
f 446 445 1278 1279
g facade_completed
f 447 446 1279 1277
g roof_step_or_fixture_side
f 816 510 509
g roof_step_or_fixture_side
f 507 787 508
g roof_step_or_fixture_side
f 787 816 509 508
g roof_step_or_fixture_side
f 513 790 514
g roof_step_or_fixture_side
f 790 949 515 514
g roof_step_or_fixture_side
f 949 948 791 516 515
g roof_step_or_fixture_side
f 791 511 516
g roof_step_or_fixture_side
f 770 811 518 517
g roof_step_or_fixture_side
f 811 769 519 518
g roof_step_or_fixture_side
f 769 520 519
g roof_step_or_fixture_side
f 521 770 517
g roof_step_or_fixture_side
f 524 523 766
g roof_step_or_fixture_side
f 523 522 766
g roof_step_or_fixture_side
f 763 527 526
g roof_step_or_fixture_side
f 525 763 526
g roof_step_or_fixture_side
f 759 758 531 530
g roof_step_or_fixture_side
f 758 757 532 531
g roof_step_or_fixture_side
f 757 533 532
g roof_step_or_fixture_side
f 529 759 530
g roof_step_or_fixture_side
f 535 749 536
g roof_step_or_fixture_side
f 749 748 537 536
g roof_step_or_fixture_side
f 748 538 537
g facade_completed
f 534 538 1284 1285
g roof_step_or_fixture_side
f 553 552 843
g roof_step_or_fixture_side
f 554 553 843 842
g roof_step_or_fixture_side
f 555 554 842 841
g roof_step_or_fixture_side
f 556 555 841
g roof_step_or_fixture_side
f 232 552 551
g roof_step_or_fixture_side
f 559 558 912 911
g roof_step_or_fixture_side
f 560 559 911 910
g roof_step_or_fixture_side
f 563 562 926 925
g facade_completed
f 564 563 925 1295 1296
g facade_completed
f 565 564 1296 1297 924
g roof_step_or_fixture_side
f 566 565 924 923
g roof_step_or_fixture_side
f 567 566 923 375
g facade_completed
f 570 569 1190 1192 1299 428
g facade_completed
f 571 427 1245 1300
g facade_completed
f 426 571 1300 1244
g facade_completed
f 604 159 1106 1301
g facade_completed
f 158 604 1301 1105
g roof_step_or_fixture_side
f 615 614 146
g facade_completed
f 504 505 1269 1267
g facade_completed
f 621 502 1266 1312
g facade_completed
f 501 621 1312 1265
g facade_completed
f 636 273 1162 1315
g facade_completed
f 272 636 1315 1161
g roof_step_or_fixture_side
f 1316 270 984 983
g roof_step_or_fixture_side
f 572 1316 983 982
g roof_step_or_fixture_side
f 575 572 982 981
g roof_step_or_fixture_side
f 579 575 981 980
g facade_completed
f 581 583 1319 1320
g facade_completed
f 582 581 1320 1321
g facade_completed
f 583 582 1321 1319
g roof_step_or_fixture_side
f 1003 1005 1326 1327 638 587
g roof_step_or_fixture_side
f 1326 1005 1004 586 638 1327
g roof_step_or_fixture_side
f 1004 1003 587 586
g facade_completed
f 592 591 1328 1329
g facade_completed
f 590 592 1329 1330
g facade_completed
f 591 590 1330 1328
g facade_completed
f 576 578 1331 1332
g facade_completed
f 577 576 1332 1333
g facade_completed
f 578 577 1333 1331
g facade_completed
f 637 574 1334 1335
g facade_completed
f 573 637 1335 1336
g facade_completed
f 574 573 1336 1334
g roof_step_or_fixture_side
f 643 642 918 917
g roof_step_or_fixture_side
f 644 643 917 916
g roof_step_or_fixture_side
f 645 644 916 915
g roof_step_or_fixture_side
f 646 645 915
g roof_step_or_fixture_side
f 614 680 143 146
g roof_step_or_fixture_side
f 680 681 143
g roof_step_or_fixture_side
f 685 684 895
g facade_completed
f 1349 685 895 1350 1351
g facade_completed
f 686 1349 1351 1352
g facade_completed
f 1353 686 1352 1354
g facade_completed
f 1355 1353 1354 1356
g facade_completed
f 688 1355 1356 1357
g facade_completed
f 1358 688 1357 1359
g facade_completed
f 1360 1358 1359 1361
g facade_completed
f 689 1360 1361 1007
g roof_step_or_fixture_side
f 94 831 693 692
g roof_step_or_fixture_side
f 831 1364 1365 693
g roof_step_or_fixture_side
f 1364 830 694 1365
g roof_step_or_fixture_side
f 830 701 694
g roof_step_or_fixture_side
f 701 888 695
g roof_step_or_fixture_side
f 888 887 696 695
g roof_step_or_fixture_side
f 887 886 697 696
g roof_step_or_fixture_side
f 886 885 698 697
g roof_step_or_fixture_side
f 885 699 698
g facade_completed
f 701 700 1366 1367
g facade_completed
f 687 701 1367 1368
g facade_completed
f 700 687 1368 1366
g facade_completed
f 1369 1370 1371 1372
g facade_completed
f 1373 1369 1372 1374
g facade_completed
f 705 1373 1374 1375
g facade_completed
f 1376 705 1375 1377
g facade_completed
f 1378 1376 1377 1379
g facade_completed
f 707 1378 1379 1380
g facade_completed
f 708 707 1380 1381 893
g roof_step_or_fixture_side
f 699 708 893
g roof_step_or_fixture_side
f 710 884 711
g roof_step_or_fixture_side
f 884 883 712 711
g roof_step_or_fixture_side
f 883 882 713 712
g roof_step_or_fixture_side
f 882 881 714 713
g roof_step_or_fixture_side
f 881 974 715 714
g roof_step_or_fixture_side
f 974 973 742 715
g roof_step_or_fixture_side
f 973 972 743 742
g roof_step_or_fixture_side
f 972 716 743
g roof_step_or_fixture_side
f 878 875 718 717
g roof_step_or_fixture_side
f 875 874 719 718
g roof_step_or_fixture_side
f 874 873 720 719
g roof_step_or_fixture_side
f 873 721 720
g roof_step_or_fixture_side
f 727 889 728
g roof_step_or_fixture_side
f 889 871 729 728
g roof_step_or_fixture_side
f 871 730 729
g roof_step_or_fixture_side
f 897 734 733
g roof_step_or_fixture_side
f 735 342 736
g facade_completed
f 737 341 1230 1388
g facade_completed
f 341 737 1388 1230
g facade_completed
f 704 703 336 1228 1389
g facade_completed
f 1390 704 1389 1391
g facade_completed
f 1392 1390 1391 1393
g facade_completed
f 1394 1392 1393 1395
g facade_completed
f 1396 1394 1395 1397
g facade_completed
f 1398 1396 1397 1399
g facade_completed
f 1400 1398 1399 1401
g facade_completed
f 1402 1400 1401 1403
g facade_completed
f 1404 1402 1403 1405
g facade_completed
f 1406 1404 1405 1407
g facade_completed
f 1408 1406 1407 1409
g facade_completed
f 1410 1408 1409 1411
g facade_completed
f 1412 1410 1411 1413
g facade_completed
f 1414 1412 1413 1415
g facade_completed
f 1416 1414 1415 1417
g facade_completed
f 1418 1416 1417 1419
g facade_completed
f 1370 1418 1419 1371
g roof_step_or_fixture_side
f 740 972 743
g roof_step_or_fixture_side
f 972 976 741 743
g roof_step_or_fixture_side
f 976 975 706 741
g roof_step_or_fixture_side
f 975 740 706
g facade_completed
f 1421 785 1249 1422
g facade_completed
f 1423 1421 1422 1424
g facade_completed
f 786 1423 1424 1425 939
g roof_step_or_fixture_side
f 787 786 939 508
g roof_step_or_fixture_side
f 788 787 508 951
g roof_step_or_fixture_side
f 789 788 951 950
g roof_step_or_fixture_side
f 790 789 950
g roof_step_or_fixture_side
f 948 960 792 791
g roof_step_or_fixture_side
f 960 959 793 792
g roof_step_or_fixture_side
f 959 958 794 793
g roof_step_or_fixture_side
f 958 795 794
g roof_step_or_fixture_side
f 796 795 957
g roof_step_or_fixture_side
f 797 796 957 956
g roof_step_or_fixture_side
f 798 797 956 968
g roof_step_or_fixture_side
f 1429 799 798 968 1430 967
g roof_step_or_fixture_side
f 800 799 1429 967 1430 966
g facade_completed
f 801 800 966 1431 1432
g facade_completed
f 802 801 1432 1433
g facade_completed
f 1434 802 1433 1435
g facade_completed
f 1436 1434 1435 1437
g facade_completed
f 1438 1436 1437 1439
g facade_completed
f 1440 1438 1439 1441
g facade_completed
f 1442 1440 1441 1443
g facade_completed
f 1444 1442 1443 1445
g facade_completed
f 1446 1444 1445 1447
g facade_completed
f 1448 1446 1447 1449
g facade_completed
f 1450 1448 1449 1451
g facade_completed
f 803 1450 1451 1452
g facade_completed
f 804 803 1452 1453
g facade_completed
f 805 804 1453 1454
g facade_completed
f 806 805 1454 1455
g facade_completed
f 1456 806 1455 1457
g facade_completed
f 1458 1456 1457 1459
g facade_completed
f 807 1458 1459 1460
g facade_completed
f 1461 807 1460 1462
g facade_completed
f 1463 1461 1462 1464
g facade_completed
f 808 1463 1464 1261
g roof_step_or_fixture_side
f 952 955 779 778 471
g roof_step_or_fixture_side
f 955 954 780 779
g roof_step_or_fixture_side
f 954 953 781 780
g roof_step_or_fixture_side
f 953 467 782 781
g facade_completed
f 750 814 1470 1471
g facade_completed
f 809 750 1471 1472
g facade_completed
f 814 809 1472 1470
g facade_completed
f 815 534 1285 1473
g facade_completed
f 538 815 1473 1284
g facade_completed
f 775 774 1477 1478
g facade_completed
f 776 775 1478 1479
g facade_completed
f 774 776 1479 1477
g facade_completed
f 73 833 1084 1082
g facade_completed
f 844 231 1155 1488
g facade_completed
f 230 844 1488 1154
g roof_step_or_fixture_side
f 853 560 910 909
g roof_step_or_fixture_side
f 854 853 909 908
g roof_step_or_fixture_side
f 855 854 908
g roof_step_or_fixture_side
f 856 907 1490
g roof_step_or_fixture_side
f 907 906 265 1490
g roof_step_or_fixture_side
f 905 904 858 891 266
g roof_step_or_fixture_side
f 904 903 859 858
g roof_step_or_fixture_side
f 903 913 860 859
g roof_step_or_fixture_side
f 913 933 861 860
g roof_step_or_fixture_side
f 933 932 862 861
g roof_step_or_fixture_side
f 879 878 717 971
g roof_step_or_fixture_side
f 880 879 971 970
g roof_step_or_fixture_side
f 881 880 970
g facade_completed
f 877 876 1498 1499
g facade_completed
f 890 877 1499 1500
g facade_completed
f 876 890 1500 1498
g facade_completed
f 894 893 1381 1501
g facade_completed
f 895 894 1501 1350
g facade_completed
f 925 924 1297 1295
g facade_completed
f 419 428 1299 1191
g facade_completed
f 941 940 1514 1515
g facade_completed
f 942 941 1515 1516
g facade_completed
f 943 942 1516 1517
g facade_completed
f 944 943 1517 1518
g facade_completed
f 945 944 1518 1519
g facade_completed
f 946 945 1519 1520
g facade_completed
f 947 946 1520 1521
g facade_completed
f 940 939 1425 1514
g facade_completed
f 961 947 1521 1527
g facade_completed
f 962 961 1527 1528
g facade_completed
f 963 962 1528 1529
g facade_completed
f 964 963 1529 1530
g facade_completed
f 969 964 1530 1531
g facade_completed
f 965 969 1531 1532
g facade_completed
f 966 965 1532 1431
g facade_completed
f 998 997 319 1184 1543
g facade_completed
f 999 998 1543 1544
g facade_completed
f 412 999 1544 1211
g facade_completed
f 1000 411 1210 1545
g facade_completed
f 410 1000 1545 1209
g facade_completed
f 1001 408 1208 1546
g facade_completed
f 407 1001 1546 1207
g ground_assumed
f 1228 1391 1389
g ground_assumed
f 1228 1393 1391
g ground_assumed
f 1228 1395 1393
g ground_assumed
f 1228 1397 1395
g ground_assumed
f 1228 1399 1397
g ground_assumed
f 1228 1401 1399
g ground_assumed
f 1228 1403 1401
g ground_assumed
f 1228 1405 1403
g ground_assumed
f 1228 1407 1405
g ground_assumed
f 1228 1409 1407
g ground_assumed
f 1228 1411 1409
g ground_assumed
f 1228 1413 1411
g ground_assumed
f 1228 1415 1413
g ground_assumed
f 1228 1417 1415
g ground_assumed
f 1228 1419 1417
g ground_assumed
f 1228 1371 1419
g ground_assumed
f 1228 1372 1371
g ground_assumed
f 1228 1374 1372
g ground_assumed
f 1228 1375 1374
g ground_assumed
f 1228 1377 1375
g ground_assumed
f 1228 1379 1377
g ground_assumed
f 1228 1380 1379
g ground_assumed
f 1228 1381 1380
g ground_assumed
f 1228 1501 1381
g ground_assumed
f 1228 1350 1501
g ground_assumed
f 1228 1351 1350
g ground_assumed
f 1228 1352 1351
g ground_assumed
f 1228 1354 1352
g ground_assumed
f 1228 1356 1354
g ground_assumed
f 1228 1357 1356
g ground_assumed
f 1228 1359 1357
g ground_assumed
f 1228 1361 1359
g ground_assumed
f 1228 1007 1361
g ground_assumed
f 1228 1008 1007
g ground_assumed
f 1228 1010 1008
g ground_assumed
f 1228 1012 1010
g ground_assumed
f 1228 1014 1012
g ground_assumed
f 1228 1016 1014
g ground_assumed
f 1228 1018 1016
g ground_assumed
f 1228 1020 1018
g ground_assumed
f 1228 1022 1020
g ground_assumed
f 1228 1024 1022
g ground_assumed
f 1228 1026 1024
g ground_assumed
f 1228 1028 1026
g ground_assumed
f 1228 1229 1388 1513 1191 1299 1245 1300 1297 1295 1294 1151 1097 1098 1030 1028
g ground_assumed
f 1228 1032 1030 1098 1097 1151 1294 1295 1297 1300 1245 1299 1191 1513 1388 1229
g ground_assumed
f 1228 1034 1032
g ground_assumed
f 1228 1036 1034
g ground_assumed
f 1228 1038 1036
g ground_assumed
f 1228 1040 1038
g ground_assumed
f 1228 1042 1040
g ground_assumed
f 1228 1044 1042
g ground_assumed
f 1228 1046 1044
g ground_assumed
f 1228 1048 1046
g ground_assumed
f 1228 1050 1048
g ground_assumed
f 1228 1052 1050
g ground_assumed
f 1228 1054 1052
g ground_assumed
f 1228 1056 1054
g ground_assumed
f 1228 1058 1056
g ground_assumed
f 1228 1059 1058
g ground_assumed
f 1228 1249 1059
g ground_assumed
f 1228 1422 1249
g ground_assumed
f 1228 1424 1422
g ground_assumed
f 1228 1425 1424
g ground_assumed
f 1228 1514 1425
g ground_assumed
f 1228 1515 1514
g ground_assumed
f 1228 1516 1515
g ground_assumed
f 1228 1517 1516
g ground_assumed
f 1228 1518 1517
g ground_assumed
f 1228 1519 1518
g ground_assumed
f 1228 1520 1519
g ground_assumed
f 1228 1521 1520
g ground_assumed
f 1228 1527 1521
g ground_assumed
f 1228 1528 1527
g ground_assumed
f 1228 1529 1528
g ground_assumed
f 1228 1530 1529
g ground_assumed
f 1431 1433 1432
g ground_assumed
f 1451 1453 1452
g ground_assumed
f 1451 1454 1453
g ground_assumed
f 1451 1455 1454
g ground_assumed
f 1459 1462 1460
g ground_assumed
f 1459 1464 1462
g ground_assumed
f 1459 1261 1464
g ground_assumed
f 1459 1262 1261
g ground_assumed
f 1263 1169 1170
g ground_assumed
f 1263 1172 1170 1169
g ground_assumed
f 1263 1174 1172
g ground_assumed
f 1263 1176 1174
g ground_assumed
f 1263 1177 1176
g ground_assumed
f 1263 1178 1177
g ground_assumed
f 1263 1179 1178
g ground_assumed
f 1263 1180 1179
g ground_assumed
f 1263 1181 1180
g ground_assumed
f 1263 1182 1181
g ground_assumed
f 1263 1183 1182
g ground_assumed
f 1263 1184 1183
g ground_assumed
f 1263 1543 1184
g ground_assumed
f 1263 1544 1543
g ground_assumed
f 1544 1211 1212
g ground_assumed
f 1544 1214 1212 1211
g ground_assumed
f 1544 1216 1214
g ground_assumed
f 1544 1217 1216
g ground_assumed
f 1544 1218 1217
g ground_assumed
f 1544 1219 1218
g ground_assumed
f 1544 1221 1219
g ground_assumed
f 1544 1223 1221
g ground_assumed
f 1544 1225 1223
g ground_assumed
f 1544 1226 1225
g ground_assumed
f 1544 1227 1226
g ground_assumed
f 1544 1228 1227
g ground_assumed
f 1544 1530 1228
g ground_assumed
f 1532 1433 1431
g ground_assumed
f 1449 1455 1451
g ground_assumed
f 1457 1262 1459
g ground_assumed
f 1262 1544 1263
g ground_assumed
f 1531 1433 1532
g ground_assumed
f 1447 1455 1449
g ground_assumed
f 1455 1262 1457
g ground_assumed
f 1455 1544 1262
g ground_assumed
f 1530 1433 1531
g ground_assumed
f 1445 1455 1447
g ground_assumed
f 1445 1544 1455
g ground_assumed
f 1544 1433 1530
g ground_assumed
f 1544 1435 1433
g ground_assumed
f 1544 1437 1435
g ground_assumed
f 1544 1439 1437
g ground_assumed
f 1544 1441 1439
g ground_assumed
f 1544 1443 1441
g ground_assumed
f 1544 1445 1443
