id,stratum,point_count,source_coordinate_frame,canonical_origin_source_z,source_units_per_canonical_unit,gt_min_canonical,gt_max_canonical,gt_height_canonical,gt_min_source,gt_max_source,gt_height_source,source_point_restore_max_abs_error,source_mesh_restore_max_abs_error,canonical_zero_is_ground,negative_canonical_point_fraction,negative_source_point_fraction,point_min_canonical,point_min_source,min_base_signed_error_canonical,min_base_signed_error_source,min_base_signed_error_over_gt_height,min_base_abs_error_over_gt_height,min_roof_signed_error_canonical,min_roof_signed_error_source,min_roof_signed_error_over_gt_height,min_roof_abs_error_over_gt_height,point_q001_canonical,point_q001_source,q001_base_signed_error_canonical,q001_base_signed_error_source,q001_base_signed_error_over_gt_height,q001_base_abs_error_over_gt_height,q001_roof_signed_error_canonical,q001_roof_signed_error_source,q001_roof_signed_error_over_gt_height,q001_roof_abs_error_over_gt_height,point_q01_canonical,point_q01_source,q01_base_signed_error_canonical,q01_base_signed_error_source,q01_base_signed_error_over_gt_height,q01_base_abs_error_over_gt_height,q01_roof_signed_error_canonical,q01_roof_signed_error_source,q01_roof_signed_error_over_gt_height,q01_roof_abs_error_over_gt_height,point_q99_canonical,point_q99_source,q99_base_signed_error_canonical,q99_base_signed_error_source,q99_base_signed_error_over_gt_height,q99_base_abs_error_over_gt_height,q99_roof_signed_error_canonical,q99_roof_signed_error_source,q99_roof_signed_error_over_gt_height,q99_roof_abs_error_over_gt_height,point_q999_canonical,point_q999_source,q999_base_signed_error_canonical,q999_base_signed_error_source,q999_base_signed_error_over_gt_height,q999_base_abs_error_over_gt_height,q999_roof_signed_error_canonical,q999_roof_signed_error_source,q999_roof_signed_error_over_gt_height,q999_roof_abs_error_over_gt_height,point_max_canonical,point_max_source,max_base_signed_error_canonical,max_base_signed_error_source,max_base_signed_error_over_gt_height,max_base_abs_error_over_gt_height,max_roof_signed_error_canonical,max_roof_signed_error_source,max_roof_signed_error_over_gt_height,max_roof_abs_error_over_gt_height,point_range_over_gt_height,point_01_99_range_over_gt_height,points_below_gt_base_2pct_fraction,points_above_gt_roof_2pct_fraction,gt_base_below_input_min_2pct,input_min_below_gt_base_2pct,pca_roof_candidate_count,pca_roof_candidate_fraction,pca_roof_max_canonical,pca_roof_max_source,pca_roof_max_abs_error_over_gt_height,pca_roof_q99_canonical,pca_roof_q99_source,pca_roof_q99_abs_error_over_gt_height,translation_canonical_max_abs_error,translation_scale_abs_error,translation_origin_max_abs_error,translation_restored_gt_max_abs_error,partition
point2building_03060_z4cd103de00000004,real_zurich,964,author_world_coordinates; CRS and vertical datum not independently established,430.384994506836,0.7717756712019828,-0.427578270668,0.220278378171,0.6478566488390001,430.05499999999984,430.5550000000002,0.5000000000003866,0.0,1.7053025658242404e-13,False,0.17946058091286307,0.0,-0.4340726539685672,430.049987792969,-0.006494383300567175,-0.0050122070308381795,-0.01002441406166861,0.01002441406166861,-0.6543510321395671,-0.5050122070312246,-1.0100244140616685,1.0100244140616685,-0.2094447709274358,430.2233501281737,0.21813349974056423,0.16835012817391148,0.3367002563475627,0.3367002563475627,-0.4297231490984358,-0.331649871826475,-0.6632997436524373,0.6632997436524373,-0.08420475669543237,430.320007324219,0.34337351397256766,0.2650073242191618,0.5300146484379139,0.5300146484379139,-0.30448313486643236,-0.23499267578122468,-0.46998535156208604,0.46998535156208604,0.3433632330431796,430.649993896484,0.7709415037111796,0.5949938964841616,1.1899877929674032,1.1899877929674032,0.12308485487217963,0.09499389648377507,0.18998779296740326,0.18998779296740326,0.42158274963942194,430.71036181640613,0.849161020307422,0.6553618164063212,1.310723632811629,1.310723632811629,0.20130437146842195,0.1553618164059346,0.310723632811629,0.310723632811629,0.4340726539685672,430.720001220703,0.8616509246365672,0.6650012207031958,1.3300024414053633,1.3300024414053633,0.2137942757975672,0.16500122070280926,0.3300024414053634,0.3300024414053634,1.3400268554670318,0.6599731445294893,0.0,0.16182572614107885,False,False,373,0.3869294605809129,0.4211028675416246,430.709991455078,0.30998291015537893,0.3304329886492049,430.640014648438,0.17002929687548768,2.209898930516374e-13,1.1102230246251565e-16,0.0,1.1368683772161603e-13,selection
point2building_02648_z478b924900000293,real_zurich,916,author_world_coordinates; CRS and vertical datum not independently established,431.395004272461,0.558070733707419,-11.9841515932,7.54563081917,19.52978241237,424.70699999998294,435.6060000000005,10.899000000017573,0.0,1.7053025658242404e-11,False,0.09716157205240175,0.0,-8.359143392347661,426.730010986328,3.6250082008523385,2.0230109863450756,0.18561436703750928,0.18561436703750928,-15.904774211517662,-8.875989013672498,-0.8143856329624908,0.8143856329624908,-8.342781645688174,426.739141998291,3.6413699475118264,2.0321419983080706,0.18645215141800112,0.18645215141800112,-15.888412464858174,-8.866858001709502,-0.8135478485819989,0.8135478485819989,-7.342249394830651,427.297509765625,4.641902198369349,2.590509765642064,0.23768325219175035,0.23768325219175035,-14.887880214000651,-8.30849023437551,-0.7623167478082497,0.7623167478082497,7.726599103164717,435.70699310302723,19.710750696364716,10.999993103044277,1.0092662724127481,1.0092662724127481,0.18096828399471665,0.10099310302670408,0.009266272412748073,0.009266272412748073,8.145990362473471,435.94104309082013,20.130141955673473,11.234043090837194,1.0307407184896853,1.0307407184896853,0.6003595433034707,0.3350430908196189,0.03074071848968517,0.03074071848968517,8.359143392347661,436.059997558594,20.34329498554766,11.35299755861104,1.0416549737216934,1.0416549737216934,0.8135125731776611,0.45399755859346774,0.04165497372169334,0.04165497372169334,0.856040606684184,0.7715830202209978,0.0,0.004366812227074236,True,False,363,0.3962882096069869,7.9469895694802135,435.829986572266,0.020551112236457683,7.830905135585438,435.76520324707036,0.014607142588273166,3.348432642269472e-13,2.1094237467877974e-15,0.0,1.1368683772161603e-13,discovery
point2building_03177_z57b4146355ea0033,real_zurich,1559,author_world_coordinates; CRS and vertical datum not independently established,427.885009765625,0.9853218839855724,-6.63844970048,1.27571533202,7.9141650325,421.3440000000046,429.1420000000002,7.797999999995638,0.0,4.604316927725449e-12,False,0.026940346375881975,0.0,-1.7811487914123192,426.130004882812,4.85730090906768,4.7860048828074,0.613747740806627,0.613747740806627,-3.0568641234323195,-3.0119951171882384,-0.386252259193373,0.386252259193373,-1.733714446449141,426.1767429809567,4.904735254030859,4.832742980952141,0.6197413414920292,0.6197413414920292,-3.009429778469141,-2.9652570190434977,-0.3802586585079708,0.3802586585079708,-1.2576673404510252,426.6458026123047,5.380782360028975,5.301802612300084,0.6798926150683572,0.6798926150683572,-2.533382672471025,-2.4961973876955548,-0.32010738493164287,0.32010738493164287,1.6737607699969015,429.5342028808595,8.312210470476902,8.190202880854903,1.0502953168581024,1.0502953168581024,0.3980454379769014,0.3922028808592628,0.05029531685810235,0.05029531685810235,1.7280321023546046,429.58767761230456,8.366481802834604,8.2436776123,1.0571528099903322,1.0571528099903322,0.4523167703346045,0.445677612304362,0.057152809990332294,0.057152809990332294,1.7811487914123192,429.640014648438,8.41959849189232,8.296014648433424,1.0638644073400954,1.0638644073400954,0.5054334593923191,0.49801464843778515,0.06386440734009537,0.06386440734009537,0.4501166665334684,0.3704027017897452,0.0,0.962796664528544,True,False,766,0.4913406029506094,1.7811487914123192,429.640014648438,0.06386440734009537,1.659335162062562,429.519989013672,0.04847255881918103,1.1612932837579137e-13,4.440892098500626e-16,0.0,0.0,discovery
point2building_01020_z41af1c5900042690,real_zurich,1784,author_world_coordinates; CRS and vertical datum not independently established,432.8450012207035,1.3145299293332782,-3.68572910558,0.862664861402,4.548393966982,428.00000000000387,433.9790000000006,5.978999999996757,0.0,3.865352482534945e-12,False,0.021300448430493273,0.0,-1.137284959305379,431.350006103516,2.548444146274621,3.3500061035121838,0.5602953844311759,0.5602953844311759,-1.9999498207073791,-2.6289938964845736,-0.43970461556882406,0.43970461556882406,-1.0992578350440791,431.399993896484,2.586471270535921,3.399993896480139,0.5686559452219405,0.5686559452219405,-1.9619226964460792,-2.579006103516619,-0.4313440547780595,0.4313440547780595,-0.9014610714839864,431.660003662109,2.784268034096014,3.6600036621051384,0.6121431112405291,0.6121431112405291,-1.7641259328859864,-2.318996337891619,-0.38785688875947094,0.38785688875947094,1.1005483892787546,434.29170501708995,4.786277494858755,6.291705017086139,1.0523005547900235,1.0523005547900235,0.2378835278767546,0.31270501708938114,0.05230055479002353,0.05230055479002353,1.1313226405255021,434.3321586914067,4.817051746105502,6.332158691402809,1.0590665147024994,1.0590665147024994,0.2686577791235021,0.35315869140605266,0.05906651470249944,0.05906651470249944,1.137284959305379,434.339996337891,4.823014064885379,6.339996337887184,1.0603773771350766,1.0603773771350766,0.27462009790337905,0.3609963378904268,0.06037737713507653,0.06037737713507653,0.5000819927039006,0.4401574435494945,0.0,0.9579596412556054,True,False,773,0.43329596412556054,1.1144640416315907,434.309997558594,0.05536001983501601,1.0937752430617609,434.282801513672,0.05081142560153155,1.2989609388114332e-13,0.0,0.0,1.1368683772161603e-13,transfer
point2building_02308_z45b11b8c000050a2,real_zurich,909,author_world_coordinates; CRS and vertical datum not independently established,426.630004882813,0.5416881109541125,-6.70128217586,1.77222851632,8.47351069218,423.00000000000097,427.5899999999974,4.589999999996459,0.0,2.5579538487363607e-12,False,0.0242024202420242,0.0,-2.750642305496751,425.140014648438,3.9506398703632493,2.1400146484370683,0.4662341282001568,0.4662341282001568,-4.522870821816751,-2.4499853515593903,-0.5337658717998433,0.5337658717998433,-2.7339146774715086,425.14907580566376,3.9673674983884917,2.149075805662805,0.46820823652820553,0.46820823652820553,-4.506143193791509,-2.440924194333654,-0.5317917634717946,0.5317917634717946,-1.7338421153506738,425.69080322265603,4.967440060509326,2.690803222655079,0.5862316389231276,0.5862316389231276,-3.506070631670674,-1.8991967773413794,-0.4137683610768725,0.4137683610768725,1.8645595965656332,427.640014648438,8.565841772425633,4.640014648437068,1.0108964375687688,1.0108964375687688,0.09233108024563319,0.05001464844060962,0.010896437568768673,0.010896437568768673,2.298075561909984,427.87484509277385,8.999357737769984,4.8748450927728975,1.0620577544175729,1.0620577544175729,0.5258470455899842,0.2848450927764396,0.06205775441757285,0.06205775441757285,2.750642305496751,428.119995117188,9.451924481356752,5.119995117187068,1.1154673457932502,1.1154673457932502,0.978413789176751,0.5299951171906095,0.11546734579325021,0.11546734579325021,0.6492332175930935,0.42466479864564116,0.0,0.0033003300330033004,True,False,377,0.41474147414741475,1.8276019250842743,427.619995117188,0.006534883919527843,1.8135580099199224,427.61238769531224,0.004877493532646916,3.148592497836944e-13,0.0,0.0,1.1368683772161603e-13,selection
point2building_02420_z4631e26b00000002,real_zurich,245,author_world_coordinates; CRS and vertical datum not independently established,429.934997558594,0.4114496371048402,-0.889531854176,0.32568370299,1.215215557166,429.5690000000001,430.0690000000002,0.5000000000001069,0.0,1.7053025658242404e-13,False,0.5836734693877551,0.0,-0.3767138558867994,429.779998779297,0.5128179982892006,0.21099877929692218,0.4219975585937541,0.4219975585937541,-0.7023975588767994,-0.2890012207031848,-0.578002441406246,0.578002441406246,-0.3589238240375305,429.7873184814455,0.5306080301384695,0.21831848144538737,0.43663696289068143,0.43663696289068143,-0.6846075270275305,-0.2816815185547195,-0.5633630371093186,0.5633630371093186,-0.30380388929143504,429.809997558594,0.585727964884565,0.24099755859391087,0.4819951171877187,0.4819951171877187,-0.629487592281435,-0.25900244140619605,-0.5180048828122814,0.5180048828122814,0.20656587687390499,430.019989013672,1.096097731049905,0.4509890136719221,0.9019780273436515,0.9019780273436515,-0.119117826116095,-0.04901098632818475,-0.09802197265634854,0.09802197265634854,0.36485986721824337,430.085119018555,1.2543917213942435,0.5161190185549773,1.032238037109734,1.032238037109734,0.03917616422824338,0.016119018554870364,0.03223803710973383,0.03223803710973383,0.37671385588693757,430.089996337891,1.2662457100629376,0.5209963378909565,1.04199267578169,1.04199267578169,0.051030152896937575,0.020996337890849478,0.04199267578168998,0.04199267578168998,0.6199951171879359,0.41998291015593286,0.0,0.004081632653061225,True,False,78,0.3183673469387755,0.20656587687390499,430.019989013672,0.09802197265634854,0.20656587687390499,430.019989013672,0.09802197265634854,2.763900219804327e-13,1.6653345369377348e-16,0.0,1.1368683772161603e-13,transfer
point2building_02926_z478b9252000004a9,real_zurich,585,author_world_coordinates; CRS and vertical datum not independently established,435.9500122070315,0.5155794849440392,-11.5152219598,3.70066662597,15.21588858577,430.0129999999815,437.8579999999987,7.845000000017181,0.0,1.8474111129762605e-11,False,0.36923076923076925,0.0,-3.9954994695280734,433.890014648438,7.519722490271926,3.877014648456507,0.49420199470338005,0.49420199470338005,-7.696166095498073,-3.9679853515606736,-0.50579800529662,0.50579800529662,-3.984195914927804,433.89584252929683,7.5310260448721955,3.882842529315351,0.4949448730792667,0.4949448730792667,-7.684862540897804,-3.96215747070183,-0.5050551269207333,0.5050551269207333,-2.3142999309524264,434.756806640625,9.200922028847573,4.743806640643496,0.6046917323942774,0.6046917323942774,-6.014966556922426,-3.101193359373685,-0.3953082676057225,0.3953082676057225,3.377930751188785,437.69160400390604,14.893152710988785,7.6786040039245185,0.9787895479805866,0.9787895479805866,-0.3227358747812148,-0.16639599609266265,-0.021210452019413413,0.021210452019413413,3.9615196708336304,437.99249047851555,15.47674163063363,7.979490478534055,1.01714346443806,1.01714346443806,0.2608530448636306,0.134490478516875,0.01714346443805997,0.01714346443805997,3.9954994695281836,438.010009765625,15.510721429328184,7.9970097656434955,1.0193766431645612,1.0193766431645612,0.29483284355818373,0.15200976562631485,0.019376643164561114,0.019376643164561114,0.5251746484611811,0.37409781558630917,0.0,0.0,True,False,137,0.2341880341880342,3.064486889809052,437.529998779297,0.04181022571076839,2.900016879349992,437.4452014160158,0.052619322368644375,2.2470914018413168e-13,5.551115123125783e-16,0.0,1.1368683772161603e-13,selection
point2building_02762_z478b924b00000309,real_zurich,1195,author_world_coordinates; CRS and vertical datum not independently established,431.3500061035155,0.7302048959738553,-13.303123763,5.56281383332,18.865937596320002,421.6360000000268,435.41199999999685,13.775999999970093,0.0,2.6773250283440575e-11,False,0.059414225941422594,0.0,-6.463940801723303,426.630004882812,6.8391829612766974,4.994004882785214,0.36251487244454533,0.36251487244454533,-12.026754635043304,-8.781995117184877,-0.6374851275554546,0.6374851275554546,-6.1064778750317155,426.89102606201135,7.196645887968285,5.255026061984555,0.38146240287427147,0.38146240287427147,-11.669291708351714,-8.520973937985536,-0.6185375971257284,0.6185375971257284,-4.987387232371711,427.7081915283202,8.315736530628289,6.072191528293418,0.44078045356464873,0.44078045356464873,-10.550201065691711,-7.703808471676673,-0.5592195464353512,0.5592195464353512,6.026520099612629,435.7506005859375,19.329643862612627,14.114600585910724,1.0245790204661271,1.0245790204661271,0.463706266292629,0.338600585940634,0.02457902046612726,0.02457902046612726,6.261991769093223,435.9225431518554,19.565115532093223,14.286543151828592,1.0370603333231423,1.0370603333231423,0.6991779357732231,0.5105431518585012,0.037060333323142396,0.037060333323142396,6.463940801723225,436.070007324219,19.767064564723224,14.434007324192203,1.0477647593077482,1.0477647593077482,0.9011269684032248,0.6580073242221124,0.047764759307748324,0.047764759307748324,0.6852498868632029,0.5837985669014785,0.0,0.02594142259414226,True,False,589,0.4928870292887029,6.053072137049507,435.769989013672,0.0259864266605619,6.011989449899101,435.739990234375,0.023808814922970878,3.1885605267234496e-13,8.881784197001252e-16,1.1368683772161603e-13,2.2737367544323206e-13,transfer
point2building_01231_z43d783460000001b,real_zurich,251,author_world_coordinates; CRS and vertical datum not independently established,435.9200134277345,0.5516105715595759,-20.4800524323,13.0816683804,33.5617208127,424.6229999999834,443.13599999999974,18.513000000016365,0.0,1.659827830735594e-11,False,0.055776892430278883,0.0,-13.995383008843728,428.200012207031,6.484669423456271,3.5770122070476194,0.19321623761921125,0.19321623761921125,-27.077051389243728,-14.935987792968742,-0.8067837623807886,0.8067837623807886,-12.807953301967187,428.855010986328,7.672099130332812,4.2320109863446085,0.2285967150835017,0.2285967150835017,-25.889621682367185,-14.280989013671753,-0.7714032849164981,0.7714032849164981,-8.611175172657962,431.169998168945,11.868877259642037,6.546998168961597,0.35364328682308704,0.35364328682308704,-21.692843553057962,-11.966001831054765,-0.6463567131769129,0.6463567131769129,13.959090137963205,443.619995117188,34.4391425702632,18.99699511720461,1.0261435270992176,1.0261435270992176,0.8774217575632051,0.4839951171882472,0.026143527099217814,0.026143527099217814,13.986309791123674,443.6350097656255,34.46636222342367,19.01200976564211,1.0269545598025875,1.0269545598025875,0.9046414107236735,0.49900976562574667,0.026954559802587673,0.026954559802587673,13.995383008843831,443.640014648438,34.47543544114383,19.01701464845461,1.0272249040370443,1.0272249040370443,0.9137146284438309,0.5040146484382472,0.027224904037044327,0.027224904037044327,0.834008666417833,0.6725002402761306,0.0,0.27091633466135456,True,False,79,0.3147410358565737,13.959090137963205,443.619995117188,0.026143527099217814,13.959090137963205,443.619995117188,0.026143527099217814,4.565237077258644e-13,1.7763568394002505e-15,1.1368683772161603e-13,2.2737367544323206e-13,transfer
point2building_02842_z478b924d00000360,real_zurich,1069,author_world_coordinates; CRS and vertical datum not independently established,426.3600006103515,0.8320784005615048,-4.0765396723,0.718681544005,4.795221216305,422.9679999999986,426.95800000000025,3.9900000000016584,0.0,1.4210854715202004e-12,False,0.042095416276894296,0.0,-1.6705149282934062,424.970001220703,2.4060247440065936,2.0020012207044107,0.5017546919056587,0.5017546919056587,-2.3891964722984063,-1.9879987792972476,-0.49824530809434114,0.49824530809434114,-1.6448558776768043,424.9913515625,2.4316837946231957,2.0233515625013996,0.5071056547620447,0.5071056547620447,-2.363537421681804,-1.9666484375002586,-0.49289434523795517,0.49289434523795517,-1.4979381470513247,425.11359863281297,2.5786015252486756,2.145598632814375,0.5377440182489932,0.5377440182489932,-2.2166196910563247,-1.8444013671872836,-0.4622559817510068,0.4622559817510068,1.6584850935828246,427.739990234375,5.735024765882825,4.7719902343764,1.1959875274121343,1.1959875274121343,0.9398035495778246,0.7819902343747412,0.19598752741213438,0.19598752741213438,1.6705149282934062,427.75,5.7470546005934064,4.7820000000014,1.1984962406013564,1.1984962406013564,0.9518333842884062,0.7919999999997412,0.1984962406013564,0.1984962406013564,1.6705149282934062,427.75,5.7470546005934064,4.7820000000014,1.1984962406013564,1.1984962406013564,0.9518333842884062,0.7919999999997412,0.1984962406013564,0.1984962406013564,0.6967415486956976,0.6582435091631411,0.0,0.9457436856875585,True,False,295,0.27595884003741816,1.6464919351974434,427.730010986328,0.19348646273870465,1.5984092726803176,427.690002441406,0.1834592584976089,2.0583534876550402e-13,4.440892098500626e-16,0.0,1.1368683772161603e-13,transfer
point2building_03096_z5061a3c42f350000,real_zurich,301,author_world_coordinates; CRS and vertical datum not independently established,428.404998779297,0.3565805725202749,-0.720731299186,0.681476332223,1.402207631409,428.14799999999997,428.6480000000001,0.5000000000001198,0.0,5.684341886080802e-14,False,0.0033222591362126247,0.0,-0.2944944128217767,428.299987792969,0.4262368863642233,0.1519877929690141,0.3039755859379554,0.3039755859379554,-0.9759707450447767,-0.34801220703110575,-0.6960244140620446,0.6960244140620446,-0.19351389620248569,428.3359954833985,0.5272174029835143,0.18799548339851402,0.37599096679693794,0.37599096679693794,-0.8749902284254857,-0.31200451660160583,-0.6240090332030621,0.6240090332030621,0.042107309242526626,428.420013427734,0.7628386084285266,0.2720134277340138,0.5440268554678973,0.5440268554678973,-0.6393690229804734,-0.227986572266106,-0.45597314453210275,0.45597314453210275,0.2383513338298282,428.489990234375,0.9590826330158282,0.34199023437503673,0.6839804687499096,0.6839804687499096,-0.44312499839317177,-0.1580097656250831,-0.31601953125009047,0.31601953125009047,0.2944944128217767,428.510009765625,1.0152257120077768,0.3620097656250368,0.7240195312499,0.7240195312499,-0.3869819194012233,-0.1379902343750831,-0.2759804687501,0.2759804687501,0.2944944128217767,428.510009765625,1.0152257120077768,0.3620097656250368,0.7240195312499,0.7240195312499,-0.3869819194012233,-0.1379902343750831,-0.2759804687501,0.2759804687501,0.4200439453119446,0.13995361328201228,0.0,0.0,True,False,154,0.5116279069767442,0.2383513338298282,428.489990234375,0.31601953125009047,0.21036537829541313,428.480010986328,0.335978027344063,6.376565941934587e-13,0.0,1.1368683772161603e-13,2.2737367544323206e-13,selection
point2building_01226_z434cc37600000036,real_zurich,780,author_world_coordinates; CRS and vertical datum not independently established,426.54499816894497,0.481374821785609,-9.89872746412,3.10776917144,13.006496635560001,421.7799999999999,428.0409999999977,6.260999999997819,0.0,2.2737367544323206e-12,False,0.03717948717948718,0.0,-2.981071614963065,425.109985351562,6.917655849156935,3.329985351562095,0.5318615798695504,0.5318615798695504,-6.088840786403065,-2.9310146484357227,-0.46813842013044943,0.46813842013044943,-2.9486743765992034,425.12558056640574,6.950053087520796,3.345580566405845,0.5343524303477097,0.5343524303477097,-6.056443548039203,-2.9154194335919725,-0.46564756965229015,0.46564756965229015,-2.322699991424385,425.42690887451164,7.576027472695616,3.6469088745117295,0.5824802546738541,0.5824802546738541,-5.4304691628643855,-2.614091125486089,-0.41751974532614594,0.41751974532614594,2.9187526528169885,427.950012207031,12.817480116936988,6.170012207031129,0.9854675302720458,0.9854675302720458,-0.18901651862301172,-0.0909877929666885,-0.014532469727954035,0.014532469727954035,2.948674376599321,427.96441577148425,12.847401840719321,6.184415771484368,0.98776805166691,0.98776805166691,-0.15909479484067912,-0.07658422851344994,-0.01223194833309002,0.01223194833309002,2.981071614963183,427.980010986328,12.879799079083183,6.200010986328118,0.9902589021450692,0.9902589021450692,-0.12669755647681713,-0.06098901366969998,-0.009741097854930719,0.009741097854930719,0.4583973222755187,0.40298727559819186,0.0,0.0,True,False,352,0.4512820512820513,2.981071614963183,427.980010986328,0.009741097854930719,2.9187526528169885,427.950012207031,0.014532469727954035,4.731770530952417e-13,3.3306690738754696e-16,1.1368683772161603e-13,2.2737367544323206e-13,discovery
point2building_00032_z41aca4f400000f6c,real_zurich,1481,author_world_coordinates; CRS and vertical datum not independently established,436.6199951171875,0.9536364335965488,-9.77625727032,2.23880381202,12.01506108234,427.2969999999972,438.7550000000046,11.458000000007408,0.0,4.604316927725449e-12,False,0.3740715732613099,0.0,-2.7578695508661384,433.989990234375,7.018387719453862,6.692990234377797,0.5841325043090827,0.5841325043090827,-4.996673362886138,-4.765009765629611,-0.4158674956909173,0.4158674956909173,-2.71633574101828,434.029598388672,7.05992152930172,6.732598388674785,0.5875893165186273,0.5875893165186273,-4.95513955303828,-4.7254016113326225,-0.4124106834813726,0.4124106834813726,-2.6236434190005005,434.1179931640628,7.1526138513195,6.820993164065603,0.5953039940706226,0.5953039940706226,-4.8624472310205,-4.637006835941803,-0.4046960059293774,0.4046960059293774,2.548133219509024,439.049987792969,12.324390489829025,11.752987792971775,1.0257451381536198,1.0257451381536198,0.3093294074890238,0.2949877929643663,0.025745138153619788,0.025745138153619788,2.7423502143913994,439.2352001953125,12.5186074847114,11.938200195315241,1.0419095998697436,1.0419095998697436,0.5035464023713994,0.48020019530783403,0.04190959986974372,0.04190959986974372,2.7578695508661384,439.25,12.534126821186138,11.953000000002795,1.0432012567634028,1.0432012567634028,0.5190657388461384,0.494999999995389,0.04320125676340277,0.04320125676340277,0.45906875245432005,0.43044114408299716,0.0,0.07765023632680622,True,False,580,0.3916272788656313,2.705451468662155,439.200012207031,0.03883855882580937,2.5376688038308677,439.040008544922,0.024874196623947752,1.1945999744966684e-13,0.0,0.0,1.1368683772161603e-13,discovery
point2building_01232_z43d783d80000001d,real_zurich,208,author_world_coordinates; CRS and vertical datum not independently established,437.264999389648,0.4682116619083897,-26.8233374164,12.5392020063,39.3625394227,424.70599999998586,443.1360000000227,18.430000000036873,0.0,2.2680524125462398e-11,False,0.1875,0.0,-13.679740508768445,430.859985351562,13.143596907631556,6.153985351576143,0.33391130502245414,0.33391130502245414,-26.218942515068445,-12.276014648460732,-0.6660886949775459,0.6660886949775459,-13.670889719038307,430.8641293945307,13.152447697361694,6.1581293945448925,0.3341361581406712,0.3341361581406712,-26.21009172533831,-12.271870605491983,-0.6658638418593288,0.6658638418593288,-13.547048404369436,430.9221133422848,13.276289012030565,6.216113342298924,0.3372823300209705,0.3372823300209705,-26.086250410669436,-12.21388665773795,-0.6627176699790295,0.6627176699790295,13.615669530327429,443.640014648438,40.43900694672743,18.934014648452166,1.027347512122316,1.027347512122316,1.0764675240274286,0.5040146484152918,0.02734751212231597,0.02734751212231597,13.670889719038307,443.66586938476524,40.49422713543831,18.95986938477938,1.0287503735616628,1.0287503735616628,1.131687712738307,0.529869384742507,0.02875037356166288,0.02875037356166288,13.679740508768445,443.670013427734,40.50307792516845,18.96401342774813,1.02897522667988,1.02897522667988,1.140538502468445,0.5340134277112566,0.028975226679879985,0.028975226679879985,0.6950639216574258,0.6900651821013454,0.0,0.3798076923076923,True,False,29,0.13942307692307693,13.615669530327429,443.640014648438,0.02734751212231597,13.609683488963437,443.63721191406273,0.027195437549593172,3.410605131648481e-13,3.4416913763379853e-15,0.0,2.2737367544323206e-13,selection
point2building_01234_z43eaf3bb00000000,real_zurich,1568,author_world_coordinates; CRS and vertical datum not independently established,428.464996337891,0.6852295688792158,-7.97542398357,3.43243165346,11.40785563703,423.0000000000004,430.8169999999988,7.816999999998399,0.0,1.1937117960769683e-12,False,0.05229591836734694,0.0,-3.8454408351567624,425.829986572266,4.129983148413237,2.829986572265629,0.3620297521128577,0.3620297521128577,-7.2778724886167625,-4.987013427732769,-0.6379702478871423,0.6379702478871423,-3.6688062395421372,425.9510218200682,4.306617744027863,2.951021820067793,0.3775133452818726,0.3775133452818726,-7.101237893002137,-4.865978179930606,-0.6224866547181275,0.6224866547181275,-2.6240786958711806,426.6669000244141,5.35134528769882,3.6669000244136853,0.46909300555384886,0.46909300555384886,-6.05651034933118,-4.150099975584713,-0.5309069944461512,0.5309069944461512,3.6897081415730395,430.99329345703126,11.665132125143039,7.993293457030855,1.022552572218561,1.022552572218561,0.2572764881130394,0.17629345703245666,0.022552572218561183,0.022552572218561183,3.778771088102293,431.0543220214846,11.754195071672292,8.054322021484207,1.03035973154482,1.03035973154482,0.3463394346422928,0.23732202148580964,0.030359731544820037,0.030359731544820037,3.8454408351567624,431.100006103516,11.820864818726761,8.100006103515629,1.036203927787807,1.036203927787807,0.41300918169676226,0.2830061035172301,0.0362039277878071,0.0362039277878071,0.6741741756749494,0.5534595666647124,0.0,0.017857142857142856,True,False,642,0.4094387755102041,3.670324169680286,430.980010986328,0.020853394694800034,3.6351373884257914,430.9558999633787,0.017768960391452242,2.4913404672588513e-13,0.0,0.0,0.0,selection
point2building_02073_z45b11b6f00004d43,real_zurich,1042,author_world_coordinates; CRS and vertical datum not independently established,431.58500671386696,0.6173545820564474,-9.04667572931,2.2110361303,11.25771185961,425.9999999999986,432.95000000000005,6.9500000000014435,0.0,1.4210854715202004e-12,False,0.003838771593090211,0.0,-3.3773244331023995,429.5,5.6693512962076,3.500000000001421,0.5035971223022582,0.5035971223022582,-5.5883605634024,-3.450000000000022,-0.4964028776977418,0.4964028776977418,-1.8785519695209254,430.42527404785204,7.168123759789074,4.425274047853474,0.6367300788277058,0.6367300788277058,-4.089588099820926,-2.5247259521479686,-0.3632699211722942,0.3632699211722942,0.9380362096272855,432.16410766601524,9.984711938937284,6.1641076660166485,0.8869219663331465,0.8869219663331465,-1.2729999206727145,-0.7858923339847944,-0.11307803366685341,0.11307803366685341,2.826543949161961,433.329986572266,11.87321967847196,7.329986572267444,1.054674326944737,1.054674326944737,0.6155078188619609,0.37998657226600147,0.054674326944737055,0.054674326944737055,3.3538040500329034,433.6554930114742,12.400479779342902,7.655493011475665,1.101509785823608,1.101509785823608,1.1427679197329033,0.7054930114742224,0.10150978582360803,0.10150978582360803,3.3773244331024914,433.670013427734,12.42400016241249,7.670013427735398,1.103599054350188,1.103599054350188,1.1662883028024913,0.7200134277339554,0.1035990543501879,0.1035990543501879,0.6000019320479296,0.16775236061159046,0.0,0.044145873320537425,True,False,372,0.3570057581573896,3.1181481561953133,433.510009765625,0.08057694469422476,2.727286306267698,433.2687094116211,0.045857469297991296,1.8696155734687636e-13,5.551115123125783e-16,0.0,0.0,discovery
point2building_02062_z45b11b6e00004d35,real_zurich,2001,author_world_coordinates; CRS and vertical datum not independently established,432.710006713867,0.9751587844241275,-8.18123862626,3.3809809631,11.562219589360001,424.7319999999996,436.0070000000047,11.275000000005134,0.0,4.718003765447065e-12,False,0.0384807596201899,0.0,-3.8352784724927,428.970001220703,4.345960153767301,4.238001220703415,0.37587593975179473,0.37587593975179473,-7.2162594355927,-7.036998779301718,-0.6241240602482052,0.6241240602482052,-3.589174721792526,429.209991455078,4.592063904467475,4.477991455078415,0.39716110466309323,0.39716110466309323,-6.970155684892526,-6.797008544926718,-0.6028388953369067,0.6028388953369067,-2.6457248524696713,430.130004882812,5.5355137737903295,5.398004882812392,0.4787587479210585,0.4787587479210585,-6.026705815569671,-5.876995117192741,-0.5212412520789415,0.5212412520789415,3.5276174891337497,436.149993896484,11.70885611539375,11.417993896484381,1.012682385497045,1.012682385497045,0.14663652603374988,0.14299389647924846,0.012682385497045087,0.012682385497045087,3.6711988736984145,436.290008544922,11.852437499958416,11.558008544922394,1.025100536134557,1.025100536134557,0.2902179105984146,0.28300854491726013,0.025100536134557094,0.025100536134557094,3.8352784724927,436.450012207031,12.0165170987527,11.718012207031427,1.039291548294997,1.039291548294997,0.45429750939269997,0.44301220702629396,0.03929154829499709,0.03929154829499709,0.6634156085432023,0.5339236375759865,0.0,0.001999000499750125,True,False,912,0.45577211394302847,3.507119274903138,436.130004882812,0.010909523974031369,3.4854640851306056,436.1088876342769,0.009036597274692405,2.948752353404416e-13,9.992007221626409e-16,2.2737367544323206e-13,2.2737367544323206e-13,selection
point2building_03024_z4b29d97200000000,real_zurich,2378,author_world_coordinates; CRS and vertical datum not independently established,434.41499328613304,1.00138168071964,-3.10869805796,2.82909780398,5.93779586194,431.30200000000315,437.2480000000028,5.945999999999601,0.0,3.467448550509289e-12,False,0.5756938603868798,0.0,-2.9109712532769607,431.5,0.19772680468303916,0.19799999999682574,0.03329969727494771,0.03329969727494771,-5.74006905725696,-5.748000000002775,-0.9667003027250523,0.9667003027250523,-2.68127763019938,431.730010986328,0.42742042776061995,0.4280109863248371,0.0719830114908957,0.0719830114908957,-5.51037543417938,-5.5179890136747645,-0.9280169885091044,0.9280169885091044,-2.621362854695538,431.790008544922,0.487335203264462,0.4880085449188144,0.0820734182507311,0.0820734182507311,-5.450460658675538,-5.457991455080786,-0.9179265817492689,0.9179265817492689,2.781176223332283,437.200012207031,5.889874281292283,5.898012207027848,0.9919293990965765,0.9919293990965765,-0.04792158064771668,-0.047987792971752305,-0.008070600903423398,0.008070600903423398,2.8235695840577666,437.2424641418457,5.9322676420177665,5.940464141842487,0.9990689777737783,0.9990689777737783,-0.005528219922233291,-0.00553585815711377,-0.0009310222262216855,0.0009310222262216855,2.910971253276904,437.329986572266,6.019669311236903,6.027986572262848,1.0137885254394976,1.0137885254394976,0.08187344929690399,0.08198657226324794,0.013788525439497722,0.013788525439497722,0.98048882816455,0.9098559808458456,0.0,0.0,True,False,738,0.3103448275862069,2.8011376566766835,437.220001220703,0.004708842801844196,2.781176223332283,437.200012207031,0.008070600903423398,1.1501910535116622e-13,4.440892098500626e-16,0.0,1.1368683772161603e-13,selection
point2building_04198_z4cf7a30100000000,real_zurich,453,author_world_coordinates; CRS and vertical datum not independently established,411.57499694824253,0.4334086191048591,-0.553742906032,0.599902817564,1.153645723596,411.3350000000001,411.83500000000004,0.49999999999996836,0.0,1.1368683772161603e-13,False,0.6114790286975718,0.0,-0.4729989714508163,411.369995117188,0.08074393458118373,0.03499511718792392,0.06999023437585226,0.06999023437585226,-1.0729017890148163,-0.46500488281204444,-0.9300097656241477,0.9300097656241477,-0.441713372493921,411.3835545654298,0.11202953353807904,0.04855456542970034,0.09710913085940683,0.09710913085940683,-1.041616190057921,-0.45144543457026803,-0.9028908691405932,0.9028908691405932,-0.3806875979400698,411.410003662109,0.17305530809193026,0.07500366210888945,0.1500073242177884,0.1500073242177884,-0.9805904155040698,-0.42499633789107893,-0.8499926757822116,0.8499926757822116,0.299498653531954,411.70480224609355,0.853241559563954,0.3698022460934897,0.7396044921870262,0.7396044921870262,-0.300404164032046,-0.13019775390647864,-0.26039550781297377,0.26039550781297377,0.42086691540472276,411.757404296875,0.9746098214367228,0.42240429687492337,0.8448085937499001,0.8448085937499001,-0.17903590215927723,-0.077595703125045,-0.15519140625009983,0.15519140625009983,0.47299897145068515,411.779998779297,1.026741877482685,0.44499877929690096,0.8899975585938583,0.8899975585938583,-0.12690384611331484,-0.05500122070306733,-0.11000244140614161,0.11000244140614161,0.8200073242180062,0.5895971679692379,0.0,0.0,True,False,175,0.38631346578366443,0.47299897145068515,411.779998779297,0.11000244140614161,0.28844663737120513,411.700012207031,0.26997558593808385,5.24691401437849e-13,5.551115123125783e-17,1.1368683772161603e-13,0.0,selection
point2building_04700_z5cd2c7b8e3ae0027,real_zurich,2198,author_world_coordinates; CRS and vertical datum not independently established,520.4950256347655,1.0414824804089362,-9.93970213565,7.33279196616,17.27249410181,510.14300000000276,528.1320000000045,17.9890000000018,0.0,5.115907697472721e-12,False,0.023657870791628753,0.0,-7.1676638621509925,513.030029296875,2.7720382734990077,2.8870292968722517,0.1604885928551872,0.1604885928551872,-14.500455828310994,-15.101970703129549,-0.8395114071448129,0.8395114071448129,-6.385103225087677,513.8450524902341,3.554598910562323,3.7020524902313503,0.2057953466135405,0.2057953466135405,-13.717895191247678,-14.28694750977045,-0.7942046533864595,0.7942046533864595,-3.3863794396363898,516.9681707763672,6.553322696013611,6.825170776364432,0.3794080146958558,0.3794080146958558,-10.71917140579639,-11.163829223637368,-0.6205919853041443,0.6205919853041443,6.784437506774306,527.5608984375002,16.724139642424305,17.417898437497485,0.9682527343096193,0.9682527343096193,-0.5483544593856946,-0.5711015625043144,-0.03174726569038064,0.03174726569038064,7.125444346165231,527.9160510864255,17.06514648181523,17.773051086422758,0.9879955020524197,0.9879955020524197,-0.2073476199947697,-0.21594891357904228,-0.012004497947580225,0.012004497947580225,7.1676638621509925,527.960021972656,17.107365997800994,17.817021972653276,0.9904398228168043,0.9904398228168043,-0.1651281040090078,-0.17197802734852624,-0.009560177183195788,0.009560177183195788,0.829951229961617,0.5888447196137636,0.0,0.0,True,False,872,0.39672429481346677,6.994840334951237,527.780029296875,0.0195658848812893,6.679488676409399,527.4515960693358,0.03782333262931271,1.092459456231154e-13,0.0,1.1368683772161603e-13,2.2737367544323206e-13,selection
point2building_04435_z5aa795dc967900fa,real_zurich,4193,author_world_coordinates; CRS and vertical datum not independently established,420.184997558594,1.0483983303765303,-9.48017301308,5.91473895154,15.39491196462,410.24600000000027,426.38600000000156,16.14000000000128,0.0,4.718003765447065e-12,False,0.08538039589792511,0.0,-6.261935231285762,413.619995117188,3.2182377817942376,3.373995117187747,0.20904554629414374,0.20904554629414374,-12.176674182825764,-12.766004882813531,-0.7909544537058564,0.7909544537058564,-6.117032509598466,413.771910888672,3.3631405034815343,3.525910888671724,0.21845792370950712,0.21845792370950712,-12.031771461138465,-12.614089111329553,-0.7815420762904929,0.7815420762904929,-5.374874799353407,414.549987792969,4.105298213726593,4.303987792968712,0.2666659103450044,0.2666659103450044,-11.289613750893407,-11.836012207032566,-0.7333340896549956,0.7333340896549956,6.109317988895215,426.589996337891,15.589491001975215,16.343996337890758,1.0126391783078974,1.0126391783078974,0.19457903735521498,0.2039963378894799,0.012639178307897382,0.012639178307897382,6.157027250821477,426.640014648438,15.637200263901477,16.394014648437746,1.0157382062228284,1.0157382062228284,0.24228829928147633,0.25401464843646887,0.0157382062228283,0.0157382062228283,6.261935231285817,426.75,15.742108244365816,16.503999999999735,1.0225526641882545,1.0225526641882545,0.347196279745817,0.3639999999984573,0.02255266418825455,0.02255266418825455,0.8135071178941108,0.745973267962893,0.0,0.0004769854519437157,True,False,1631,0.38898163606010017,6.185641164471255,426.670013427734,0.01759686665008748,6.1188656630329685,426.600006103516,0.01325936205170152,1.127986593019159e-13,6.661338147750939e-16,0.0,0.0,discovery
point2building_00612_z41afb9c5000028d4,real_zurich,4464,author_world_coordinates; CRS and vertical datum not independently established,449.649993896484,1.2456033790006262,-6.19699177653,1.18577560756,7.38276738409,441.93099999999913,451.1269999999972,9.195999999998119,0.0,2.7853275241795927e-12,False,0.018593189964157705,0.0,-1.8063534813186057,447.399993896484,4.390638295211394,5.468993896484862,0.5947144298049131,0.5947144298049131,-2.9921290888786056,-3.7270061035132565,-0.4052855701950869,0.4052855701950869,-1.7705129664652834,447.4446369628904,4.426478810064717,5.513636962891283,0.5995690477264475,0.5995690477264475,-2.956288574025283,-3.6823630371068354,-0.4004309522735525,0.4004309522735525,-0.5649352872651855,448.9463085937498,5.632056489264815,7.015308593750658,0.7628652233310236,0.7628652233310236,-1.7507108948251853,-2.180691406247461,-0.2371347766689764,0.2371347766689764,1.5684804342587366,451.60369842529303,7.765472210788737,9.672698425293914,1.0518375843079484,1.0518375843079484,0.38270482669873673,0.47669842529579554,0.05183758430794836,0.05183758430794836,1.669887160640874,451.730010986328,7.866878937170874,9.799010986328897,1.0655731825066226,1.0655731825066226,0.48411155308087417,0.6030109863307779,0.06557318250662258,0.06557318250662258,1.8063534813186057,451.899993896484,8.003345257848606,9.968993896484863,1.0840576224974883,1.0840576224974883,0.6205778737586058,0.7729938964867435,0.08405762249748822,0.08405762249748822,0.4893431926925751,0.2889723609769248,0.0,0.07594086021505377,True,False,1741,0.3900089605734767,1.6056475389498719,451.649993896484,0.05687188957012295,1.554265641692733,451.58599243164105,0.04991218264939999,1.3700152123874432e-13,0.0,0.0,0.0,transfer
point2building_02691_z45b11c0900005eba,real_zurich,763,author_world_coordinates; CRS and vertical datum not independently established,521.8500061035155,0.530525139574681,-10.2125341466,4.41448240957,14.627016556169998,516.4319999999793,524.1920000000026,7.760000000023258,0.0,2.0691004465334117e-11,False,0.04456094364351245,0.0,-4.9196836765039,519.239990234375,5.292850470096099,2.807990234395649,0.3618544116478393,0.3618544116478393,-9.3341660860739,-4.952009765627609,-0.6381455883521607,0.6381455883521607,-4.560605499449514,519.430490234375,5.651928647150485,2.9984902343956485,0.3864033807199307,0.3864033807199307,-8.975087909019514,-4.7615097656276095,-0.6135966192800694,0.6135966192800694,-2.1291965279190275,520.7204138183594,8.083337618680972,4.288413818379992,0.5526306466967963,0.5526306466967963,-6.543678937489027,-3.471586181643266,-0.44736935330320377,0.44736935330320377,4.749989822711709,524.369995117188,14.962523969311707,7.937995117208603,1.0229375151011355,1.0229375151011355,0.33550741314170907,0.17799511718534536,0.02293751510113555,0.02293751510113555,4.86217506221003,524.429512207031,15.07470920881003,7.997512207051669,1.0306072431736726,1.0306072431736726,0.44769265264003,0.23751220702841108,0.03060724317367258,0.03060724317367258,4.9196836765039,524.460021972656,15.1322178231039,8.02802197267667,1.034538914001625,1.034538914001625,0.5052012669339003,0.2680219726534131,0.03453891400162498,0.03453891400162498,0.6726845023537857,0.47030686840433933,0.0,0.023591087811271297,True,False,299,0.3918741808650065,4.7688574783182185,524.380004882812,0.024227433351658823,4.731499520213969,524.3601855468746,0.021673395215393028,2.149391775674303e-13,0.0,1.1368683772161603e-13,2.2737367544323206e-13,transfer
point2building_01496_z41acfcf900040363,real_zurich,365,author_world_coordinates; CRS and vertical datum not independently established,410.95500183105503,0.35439172877346087,-13.3186004295,2.73425729291,16.05285772241,406.23500000000155,411.92400000000083,5.6889999999992815,0.0,1.5347723092418164e-12,False,0.07123287671232877,0.0,-3.9363341726092735,409.559997558594,9.382266256890727,3.3249975585924125,0.5844608118461649,0.5844608118461649,-6.670591465519274,-2.3640024414068694,-0.4155391881538351,0.4155391881538351,-3.9158032166476135,409.5672735595706,9.402797212852386,3.3322735595690367,0.5857397714131583,0.5857397714131583,-6.650060509557614,-2.356726440430245,-0.4142602285868417,0.4142602285868417,-3.6462347443697434,409.662806396484,9.672365685130256,3.4278063964824117,0.6025323249222789,0.6025323249222789,-6.380492037279744,-2.26119360351687,-0.3974676750777211,0.3974676750777211,3.8516855285765046,412.320007324219,17.170285958076505,6.085007324217412,1.0696093029035298,1.0696093029035298,1.1174282356665044,0.39600732421813073,0.06960930290352975,0.06960930290352975,3.9363341726091132,412.350006103516,17.254934602109113,6.115006103514458,1.0748824228362155,1.0748824228362155,1.202076879699113,0.4260061035151762,0.0748824228362155,0.0748824228362155,3.9363341726091132,412.350006103516,17.254934602109113,6.115006103514458,1.0748824228362155,1.0748824228362155,1.202076879699113,0.4260061035151762,0.0748824228362155,0.0748824228362155,0.4904216109900506,0.4670769779812508,0.0,0.8931506849315068,True,False,174,0.4767123287671233,3.9363341726091132,412.350006103516,0.0748824228362155,3.8028218189431473,412.30269042968774,0.06656537698838613,6.470379787515412e-13,4.996003610813204e-16,1.1368683772161603e-13,2.2737367544323206e-13,transfer
point2building_02888_z5c37184f8d8a0056,real_zurich,787,author_world_coordinates; CRS and vertical datum not independently established,609.415008544922,0.6801868319490444,-14.301965413,6.38058729047,20.68255270347,599.6870000000088,613.7550000000011,14.067999999992404,0.0,8.753886504564434e-12,False,0.044472681067344345,0.0,-6.461443837538501,605.02001953125,7.840521575461499,5.333019531241288,0.3790886786497133,0.3790886786497133,-12.8420311280085,-8.734980468751115,-0.6209113213502866,0.6209113213502866,-3.965454777096695,606.7177584228514,10.336510635903306,7.030758422842672,0.4997695779674771,0.4997695779674771,-10.346042067566696,-7.037241577149732,-0.5002304220325229,0.5002304220325229,-2.9077434978028682,607.437199707031,11.394221915197132,7.75019970702231,0.5509098455378515,0.5509098455378515,-9.28833078827287,-6.317800292970094,-0.44909015446214845,0.44909015446214845,6.2997451006667555,613.700012207031,20.601710513666756,14.01301220702231,0.9960912856859452,0.9960912856859452,-0.08084218980324476,-0.05498779297009239,-0.00390871431405474,0.00390871431405474,6.426813567435184,613.7864425048829,20.728778980435184,14.09944250487415,1.0022350373103328,1.0022350373103328,0.046226276965184,0.03144250488174759,0.0022350373103329946,0.0022350373103329946,6.461443837538501,613.809997558594,20.7634092505385,14.122997558585265,1.0039094084868418,1.0039094084868418,0.08085654706850054,0.05499755859286217,0.0039094084868419015,0.0039094084868419015,0.6248207298371286,0.4451814401480937,0.0,0.0,True,False,32,0.04066073697585769,3.271169036219523,611.640014648438,0.15034015862697628,3.2574829699884886,611.6307055664064,0.15100187898747794,1.6786572132332367e-13,0.0,1.1368683772161603e-13,2.2737367544323206e-13,selection
point2building_03749_z4756d98a00000752,real_zurich,8609,author_world_coordinates; CRS and vertical datum not independently established,447.059997558594,1.7686831033679586,-5.68784625094,3.72254499908,9.41039125002,437.0000000000016,453.64399999999364,16.643999999992058,0.0,6.991740519879386e-12,False,0.018585201533279125,0.0,-3.8220582040685898,440.299987792969,1.86578804687141,3.299987792967368,0.19826891330022486,0.19826891330022486,-7.54460320314859,-13.34401220702469,-0.8017310866997751,0.8017310866997751,-3.2559873521082876,441.3011877441403,2.4318588988317122,4.30118774413866,0.25842271954702667,0.25842271954702667,-6.978532351188288,-12.342812255853397,-0.7415772804529733,0.7415772804529733,-0.3788032513456888,446.390014648438,5.309042999594311,9.390014648436402,0.5641681475871716,0.5641681475871716,-4.101348250425689,-7.253985351555655,-0.43583185241282846,0.43583185241282846,3.737252793648046,453.670013427734,9.425099044588046,16.670013427732368,1.0015629312509207,1.0015629312509207,0.014707794568046051,0.026013427740310093,0.0015629312509206025,0.0015629312509206025,3.759856066822256,453.709991455078,9.447702317762255,16.709991455076402,1.0039648795412386,1.0039648795412386,0.03731106774225568,0.06599145508434491,0.003964879541238669,0.003964879541238669,3.8220582040685898,453.820007324219,9.50990445500859,16.820007324217368,1.0105748212103698,1.0105748212103698,0.09951320498858962,0.1760073242253105,0.010574821210369774,0.010574821210369774,0.8123059079101449,0.4373947836637491,0.0,0.0,True,False,3982,0.46253920315948427,3.7655155123192694,453.720001220703,0.004566283387970499,3.748554430235167,453.690002441406,0.0027639053960813345,6.439293542825908e-14,0.0,0.0,0.0,transfer
point2building_03331_z4c11dac00000001b,real_zurich,827,author_world_coordinates; CRS and vertical datum not independently established,401.64498901367153,1.2304854027312535,-0.303936164412,0.102407542624,0.406343707036,401.27100000000047,401.77099999999996,0.4999999999995029,0.0,4.547473508864641e-13,False,0.8512696493349455,0.0,-0.1747248178753633,401.429992675781,0.1292113465366367,0.158992675780581,0.3179853515614781,0.3179853515614781,-0.2771323604993633,-0.341007324218922,-0.682014648438522,0.682014648438522,-0.1680054643682857,401.43826074218725,0.1359307000437143,0.167260742186831,0.3345214843739946,0.3345214843739946,-0.2704130069922857,-0.33273925781267194,-0.6654785156260055,0.6654785156260055,-0.15845519679285103,401.450012207031,0.14548096761914897,0.17901220703058096,0.35802441406151786,0.35802441406151786,-0.260862739416851,-0.32098779296892194,-0.6419755859384821,0.6419755859384821,0.13410036767293732,401.809997558594,0.4380365320849373,0.5389975585935357,1.0779951171881432,1.0779951171881432,0.03169282504893732,0.0389975585940328,0.07799511718814313,0.07799511718814313,0.1680259502027129,401.851742492676,0.47196211461471294,0.5807424926755791,1.1614849853523128,1.1614849853523128,0.06561840757871291,0.0807424926760761,0.16148498535231273,0.16148498535231273,0.1747248178753171,401.859985351562,0.4786609822873171,0.5889853515615469,1.1779707031242648,1.1779707031242648,0.0723172752513171,0.08898535156204385,0.1779707031242646,0.1779707031242646,0.8599853515627865,0.7199707031266253,0.0,0.032648125755743655,True,False,276,0.33373639661426846,0.13410036767293732,401.809997558594,0.07799511718814313,0.10159832738524945,401.770004272461,0.0019914550779024536,1.847966224488573e-13,0.0,1.1368683772161603e-13,2.2737367544323206e-13,discovery
point2building_04499_z4961a69d00000000,real_zurich,684,author_world_coordinates; CRS and vertical datum not independently established,523.8600158691405,1.3232063177000972,-8.86635418242,1.09505532998,9.9614095124,512.1279999999957,525.3090000000012,13.181000000005524,0.0,4.320099833421409e-12,False,0.09064327485380116,0.0,-1.6324012614025702,521.700012207031,7.23395292101743,9.572012207035336,0.7261977245301058,0.7261977245301058,-2.7274565913825706,-3.60898779297019,-0.27380227546989433,0.27380227546989433,-1.6272345161789243,521.7068488769529,7.239119666241076,9.578848876957212,0.7267164006489034,0.7267164006489034,-2.722289846158924,-3.6021511230483143,-0.27328359935109664,0.27328359935109664,-1.5959094972938144,521.7482983398437,7.270444685126186,9.620298339848064,0.7298610378456893,0.7298610378456893,-2.6909648272738145,-3.5607016601574624,-0.2701389621543107,0.2701389621543107,1.4384734952787537,525.7634130859375,10.304827677698754,13.635413085941812,1.0344748566828084,1.0344748566828084,0.3434181652987536,0.45441308593628704,0.03447485668280833,0.03447485668280833,1.6220677709552784,526.0063461914062,10.488421953375278,13.878346191410563,1.0529054086491727,1.0529054086491727,0.5270124409752783,0.6973461914050378,0.05290540864917272,0.05290540864917272,1.6324012614025702,526.02001953125,10.49875544382257,13.892019531254315,1.0539427608867682,1.0539427608867682,0.5373459314225701,0.711019531248788,0.053942760886768075,0.053942760886768075,0.3277450363566624,0.3046138188371191,0.0,0.10964912280701754,True,False,92,0.13450292397660818,0.8917446526815199,525.039978027344,0.020409830260004702,0.7198137928021449,524.812478027344,0.03766952224087898,8.593126210598712e-14,0.0,1.1368683772161603e-13,1.1368683772161603e-13,discovery
point2building_00828_z41aca4f400001a79,real_zurich,1934,author_world_coordinates; CRS and vertical datum not independently established,443.904998779297,0.797173840104969,-8.77976474789,4.52097276578,13.30073751367,436.9060000000033,447.5090000000038,10.603000000000531,0.0,3.808509063674137e-12,False,0.01344364012409514,0.0,-5.061635817825711,439.869995117188,3.7181289300642897,2.963995117184729,0.27954306490470443,0.27954306490470443,-9.582608583605712,-7.639004882815803,-0.7204569350952956,0.7204569350952956,-4.74140522743251,440.12527456665083,4.038359520457491,3.219274566647559,0.30361921782961404,0.30361921782961404,-9.26237799321251,-7.383725433352973,-0.696380782170386,0.696380782170386,-1.4622759964548937,442.7393106079097,7.317488751435107,5.833310607906439,0.5501566167977125,0.5501566167977125,-5.9832487622348935,-4.769689392094093,-0.4498433832022874,0.4498433832022874,5.036560968819932,447.920013427734,13.816325716709933,11.014013427730696,1.038763880763005,1.038763880763005,0.5155882030399326,0.41101342773016347,0.03876388076300508,0.03876388076300508,5.061635817825782,447.940002441406,13.841400565715784,11.034002441402741,1.0406491032162772,1.0406491032162772,0.5406630520457822,0.4310024414022089,0.04064910321627722,0.04064910321627722,5.061635817825782,447.940002441406,13.841400565715784,11.034002441402741,1.0406491032162772,1.0406491032162772,0.5406630520457822,0.4310024414022089,0.04064910321627722,0.04064910321627722,0.7611060383115729,0.48860726396529247,0.0,0.0734229576008273,True,False,771,0.39865563598759046,5.0490792522168535,447.929992675781,0.03970505288853987,4.986372988596296,447.880004882812,0.03499055765426353,2.877698079828406e-13,6.661338147750939e-16,1.1368683772161603e-13,2.2737367544323206e-13,transfer
point2building_00089_z41ad26d300061d2a,real_zurich,416,author_world_coordinates; CRS and vertical datum not independently established,603.114990234375,0.3834286461557344,-11.4232211868,2.13601611105,13.55923729785,598.7349999999827,603.9340000000018,5.199000000018964,0.0,1.7280399333685637e-11,False,0.0673076923076923,0.0,-3.2731119476744013,601.859985351562,8.150109239125598,3.1249853515792707,0.6010743126693349,0.6010743126693349,-5.409128058724401,-2.074014648439693,-0.3989256873306651,0.3989256873306651,-3.1756723186998594,601.8973464965817,8.24754886810014,3.162346496598896,0.6082605302149184,0.6082605302149184,-5.311688429749859,-2.0366535034200672,-0.3917394697850814,0.3917394697850814,-2.5636909593638713,602.1319976806644,8.859530227436128,3.39699768068164,0.6533944375205326,0.6533944375205326,-4.699707070413871,-1.8020023193373234,-0.3466055624794673,0.3466055624794673,2.9601590204713117,604.25,14.383380207271312,5.515000000017226,1.0607809194070223,1.0607809194070223,0.8241429094213117,0.3159999999982616,0.06078091940702231,0.06078091940702231,3.2190081808063913,604.3492501831058,14.64222936760639,5.614250183123054,1.0798711642820877,1.0798711642820877,1.0829920697563913,0.4152501831040898,0.07987116428208792,0.07987116428208792,3.2731119476744013,604.369995117188,14.6963331344744,5.63499511720518,1.0838613420243557,1.0838613420243557,1.1370958366244013,0.43599511718621636,0.08386134202435583,0.08386134202435583,0.48278702935502094,0.40738648188648957,0.0,0.8966346153846154,True,False,175,0.4206730769230769,2.934053079443279,604.239990234375,0.05885559422430188,2.843322199765047,604.2052014160155,0.052164150031300045,0.0,0.0,0.0,1.1368683772161603e-13,discovery
point2building_04264_z463f41f7000004a3,real_zurich,862,author_world_coordinates; CRS and vertical datum not independently established,477.619995117187,0.6674733973062409,-8.95615486896,1.8143118328,10.77046670176,471.6420000000014,478.83099999999894,7.188999999997491,0.0,1.4210854715202004e-12,False,0.031322505800464036,0.0,-2.6368238385649048,475.859985351562,6.319331030395096,4.2179853515605625,0.5867276883519315,0.5867276883519315,-4.451135671364905,-2.9710146484369284,-0.41327231164806866,0.41327231164806866,-2.5206946821495895,475.93749847412084,6.4354601868104115,4.295498474119401,0.5975098725999305,0.5975098725999305,-4.3350065149495896,-2.89350152587809,-0.40249012740006956,0.40249012740006956,-1.3450599704343944,476.7222033691405,7.611094898525606,5.0802033691390855,0.7066634259480955,0.7066634259480955,-3.1593718032343947,-2.108796630858406,-0.29333657405190455,0.29333657405190455,1.728754598663555,478.77389282226574,10.684909467623555,7.131892822264312,0.9920563113460567,0.9920563113460567,-0.085557234136445,-0.05710717773317843,-0.007943688653943298,0.007943688653943298,2.404644257366844,479.2250311889646,11.360799126326844,7.583031188963152,1.0548102919690916,1.0548102919690916,0.590332424566844,0.3940311889656615,0.05481029196909154,0.05481029196909154,2.6368238385649048,479.380004882812,11.592978707524905,7.738004882810562,1.076367350509565,1.076367350509565,0.8225120057649047,0.5490048828130714,0.07636735050956503,0.07636735050956503,0.48963966215763366,0.28539288539796126,0.0,0.004640371229698376,True,False,413,0.4791183294663573,2.127445728123138,479.040008544922,0.029073382239970046,1.7079551829913093,478.760009765625,0.009874841337312805,2.5557334026871104e-13,0.0,0.0,0.0,transfer
point2building_03215_z47050ae1000007c1,real_zurich,463,author_world_coordinates; CRS and vertical datum not independently established,498.8600006103515,0.43639738088712204,-19.1499788412,2.57334126838,21.72332010958,490.503000000008,499.98300000000125,9.479999999993261,0.0,8.01492205937393e-12,False,0.0367170626349892,0.0,-3.1164270683450357,497.5,16.033551772854963,6.996999999991978,0.7380801687760498,0.7380801687760498,-5.689768336725036,-2.4830000000012826,-0.26191983122395013,0.26191983122395013,-3.095265336581922,497.50923492431644,16.05471350461808,7.006234924308438,0.7390543169106981,0.7390543169106981,-5.668606604961922,-2.4737650756848235,-0.2609456830893019,0.2609456830893019,-2.6251050978554744,497.714411621094,16.524873743344525,7.211411621085923,0.7606974283851318,0.7606974283851318,-5.1984463662354745,-2.2685883789073378,-0.23930257161486818,0.23930257161486818,2.9647221860953907,500.1537976074215,22.11470102729539,9.650797607413455,1.0180166252553076,1.0180166252553076,0.39138091771539063,0.1707976074201947,0.018016625255307606,0.018016625255307606,3.0846683167067135,500.2061417846678,22.234647157906714,9.703141784659781,1.023538162939523,1.023538162939523,0.5113270483267134,0.2231417846665206,0.023538162939523124,0.023538162939523124,3.1164270683450357,500.220001220703,22.266405909545036,9.71700122069499,1.0250001287660229,1.0250001287660229,0.5430857999650356,0.237001220701729,0.02500012876602294,0.02500012876602294,0.28691995998997305,0.2573191968701758,0.0,0.008639308855291577,True,False,161,0.34773218142548595,3.0247479092248364,500.179992675781,0.02077981812024054,2.905613953866707,500.128002929688,0.015295667688484439,3.9523939676655573e-13,7.771561172376096e-16,0.0,1.1368683772161603e-13,selection
point2building_04146_z54feb0f4c2d60023,real_zurich,803,author_world_coordinates; CRS and vertical datum not independently established,451.870010375977,0.5737835963124237,-13.3499988937,6.17129811096,19.52129700466,444.2099999999829,455.4109999999997,11.201000000016759,0.0,1.7053025658242404e-11,False,0.08094645080946451,0.0,-6.570428810948853,448.100006103516,6.779570082751148,3.8900061035330697,0.3472909654073073,0.3472909654073073,-12.741726921908853,-7.310993896483691,-0.6527090345926928,0.6527090345926928,-6.556480421722845,448.1080094604489,6.793518471977156,3.898009460465934,0.34800548705116524,0.34800548705116524,-12.727778532682844,-7.302990539550826,-0.6519945129488348,0.6519945129488348,-6.291223814327292,448.26020935058597,7.058775079372708,4.050209350602986,0.36159354973635627,0.36159354973635627,-12.462521925287291,-7.150790649413772,-0.6384064502636437,0.6384064502636437,6.518093231700831,455.609985351562,19.868092125400832,11.399985351579035,1.0177649630891865,1.0177649630891865,0.34679512074083174,0.19898535156227565,0.017764963089186493,0.017764963089186493,6.556437766095594,455.6319868164059,19.906436659795595,11.421986816422988,1.0197292042144361,1.0197292042144361,0.38513965513559434,0.22098681640622794,0.01972920421443597,0.01972920421443597,6.570428810948853,455.640014648438,19.92042770464885,11.430014648455058,1.0204459109399122,1.0204459109399122,0.3991306999888531,0.2290146484382992,0.020445910939912198,0.020445910939912198,0.6731549455326049,0.6561714133528302,0.0,0.0012453300124533001,True,False,372,0.46326276463262767,6.500701225184612,455.600006103516,0.016874038346221518,6.465810839020453,455.579986572266,0.01508673977913197,2.1671553440683056e-13,1.6653345369377348e-15,0.0,1.1368683772161603e-13,discovery
point2building_03120_z47050adb000005fd,real_zurich,876,author_world_coordinates; CRS and vertical datum not independently established,504.9649963378905,0.6696504924692582,-13.1292314973,8.54028142505,21.669512922350002,496.1729999999807,510.6840000000013,14.511000000020633,0.0,1.9326762412674725e-11,False,0.05251141552511415,0.0,-8.429754143622436,499.320007324219,4.699477353677564,3.1470073242383068,0.21687046545612515,0.21687046545612515,-16.970035568672436,-11.363992675782326,-0.7831295345438748,0.7831295345438748,-8.325239547547397,499.38999557495083,4.803991949752602,3.216995574970182,0.22169358245231943,0.22169358245231943,-16.8655209725974,-11.294004425050451,-0.7783064175476805,0.7783064175476805,-7.492694515558556,499.947509765625,5.636536981741443,3.774509765644344,0.2601136906925075,0.2601136906925075,-16.03297594060856,-10.73649023437629,-0.7398863093074924,0.7398863093074924,8.190863638306535,510.450012207031,21.320095135606536,14.277012207050353,0.9838751434794331,0.9838751434794331,-0.3494177867434658,-0.23398779297028013,-0.01612485652056698,0.01612485652056698,8.390556185614166,510.583736419678,21.519787682914163,14.410736419697347,0.9930905120030912,0.9930905120030912,-0.14972523943583482,-0.10026358032328439,-0.006909487996908678,0.006909487996908678,8.42975414362235,510.609985351562,21.55898564092235,14.436985351581319,0.9948994108993723,0.9948994108993723,-0.11052728142765034,-0.07401464843931435,-0.005100589100627738,0.005100589100627738,0.7780289454432471,0.7237614527869254,0.0,0.0,True,False,409,0.4668949771689498,8.42975414362235,510.609985351562,0.005100589100627738,8.24937130453067,510.48919189453125,0.013424857381971241,3.5083047578154947e-13,9.992007221626409e-16,1.1368683772161603e-13,1.1368683772161603e-13,transfer
point2building_01182_z41ac39cc00001edd,real_zurich,2387,author_world_coordinates; CRS and vertical datum not independently established,421.8200073242185,1.0029432476397742,-5.09002611686,1.69500385967,6.78502997653,416.71500000000367,423.5199999999979,6.804999999994219,0.0,3.694822225952521e-12,False,0.036447423544197735,0.0,-2.1137737575645317,419.700012207031,2.976252359295468,2.985012207027337,0.43864984673473517,0.43864984673473517,-3.8087776172345316,-3.8199877929668817,-0.5613501532652648,0.5613501532652648,-1.9948411518664304,419.81929486084016,3.095184964993569,3.104294860836451,0.45617852473755893,0.45617852473755893,-3.6898450115364305,-3.7007051391577677,-0.5438214752624411,0.5438214752624411,-1.7690127178445971,420.0457879638674,3.3210133990154027,3.3307879638637132,0.48946186096495853,0.48946186096495853,-3.464016577514597,-3.4742120361305053,-0.5105381390350414,0.5105381390350414,2.0240415238595957,423.850006103516,7.114067640719595,7.135006103512337,1.048494651508949,1.048494651508949,0.3290376641895958,0.3300061035181186,0.04849465150894915,0.04849465150894915,2.08613854211264,423.9122858886715,7.17616465897264,7.197285888667792,1.057646713985879,1.057646713985879,0.39113468244264027,0.3922858886735734,0.05764671398587901,0.05764671398587901,2.1137737575645317,423.940002441406,7.203799874424531,7.225002441402337,1.06171968279331,1.06171968279331,0.4187698978945318,0.4200024414081183,0.06171968279331009,0.06171968279331009,0.6230698360585749,0.5590327905439906,0.0,0.9459572685379137,True,False,1154,0.4834520318391286,2.063932659291377,423.890014648438,0.05437393805149474,2.0187519167021275,423.8447009277348,0.04771505183499555,1.13464793116691e-13,0.0,0.0,1.1368683772161603e-13,transfer
point2building_03541_z54fd6d3616b10066,real_zurich,1106,author_world_coordinates; CRS and vertical datum not independently established,449.449996948242,0.6133756355183001,-10.1096238409,3.77583150951,13.88545535041,443.24899999997905,451.76599999999775,8.517000000018713,0.0,2.0975221559638157e-11,False,0.07323688969258589,0.0,-4.923580425409467,446.429992675781,5.186043415490532,3.180992675802001,0.3734874575314091,0.3734874575314091,-8.699411934919468,-5.336007324216713,-0.6265125424685909,0.6265125424685909,-4.900412464344629,446.44420333862286,5.209211376555371,3.1952033386438092,0.3751559632073252,0.3751559632073252,-8.676243973854628,-5.321796661374904,-0.6248440367926748,0.6248440367926748,-3.7171080631226285,447.170013427734,6.392515777777371,3.9210134277549553,0.4603749474869484,0.4603749474869484,-7.492939572632629,-4.595986572263759,-0.5396250525130516,0.5396250525130516,4.727133748217245,452.34950561523476,14.836757589117244,9.100505615255752,1.0685106980434138,1.0685106980434138,0.9513022387072447,0.5835056152370378,0.06851069804341385,0.06851069804341385,4.884143073339942,452.4458113098142,14.993766914239941,9.196811309835185,1.079818164825053,1.079818164825053,1.108311563829942,0.6798113098164716,0.07981816482505318,0.07981816482505318,4.923580425409467,452.470001220703,15.033204266309466,9.22100122072399,1.0826583563113454,1.0826583563113454,1.147748915899467,0.7040012207052755,0.08265835631134538,0.08265835631134538,0.7091708987799362,0.6081357505564654,0.0,0.8887884267631103,True,False,427,0.3860759493670886,4.82576506542482,452.410003662109,0.07561390890100107,4.744219096444941,452.359985351562,0.0697411473010388,4.716227408607665e-13,1.1102230246251565e-15,2.2737367544323206e-13,0.0,transfer
point2building_03584_z45b11bd100005843,real_zurich,897,author_world_coordinates; CRS and vertical datum not independently established,436.329986572266,0.5558558216340317,-15.8925862219,4.90057551206,20.793161733959998,427.4960000000021,439.05400000000174,11.557999999999641,0.0,2.1032064978498966e-12,False,0.007803790412486065,0.0,-6.296596822016114,432.829986572266,9.595989399883887,5.333986572263917,0.4614973673874444,0.4614973673874444,-11.197172334076114,-6.224013427735727,-0.5385026326125558,0.5385026326125558,-4.37839763078457,433.8962287597658,11.514188591115431,6.400228759763662,0.5537488111925818,0.5537488111925818,-9.27897314284457,-5.157771240235982,-0.4462511888074184,0.4462511888074184,0.1964831604570736,436.4392028808591,16.089069382357074,8.943202880857035,0.7737673369836746,0.7737673369836746,-4.704092351602926,-2.6147971191426085,-0.22623266301632544,0.22623266301632544,5.559043793738276,439.420013427734,21.451630015638276,11.92401342773187,1.031667540035667,1.031667540035667,0.6584682816782763,0.3660134277322273,0.03166754003566695,0.03166754003566695,5.974240580025041,439.65080297851523,21.866826801925043,12.15480297851311,1.0516354887102861,1.0516354887102861,1.0736650679650417,0.5968029785134668,0.05163548871028597,0.05163548871028597,6.296596822016114,439.829986572266,22.189183043916113,12.333986572263916,1.0671384817671135,1.0671384817671135,1.3960213099561143,0.7759865722642731,0.06713848176711344,0.06713848176711344,0.6056411143796692,0.2579002030519924,0.0,0.8416945373467113,True,False,414,0.46153846153846156,6.296596822016114,439.829986572266,0.06713848176711344,5.541035948474419,439.410003662109,0.03080149352026636,3.0686564400639327e-13,0.0,0.0,2.2737367544323206e-13,discovery
point2building_01244_z45b11be700005ac6,real_zurich,1193,author_world_coordinates; CRS and vertical datum not independently established,459.2550048828125,0.9190900141749693,-4.58715122326,0.95311134239,5.54026256565,455.03900000000374,460.13100000000003,5.09199999999631,0.0,3.751665644813329e-12,False,0.024308466051969825,0.0,-1.4525143723565443,457.920013427734,3.1346368509034557,2.881013427730238,0.5657921107094119,0.5657921107094119,-2.4056257147465443,-2.210986572266072,-0.434207889290588,0.434207889290588,-1.4115232180995718,457.95768798828107,3.175628005160428,2.9186879882773273,0.5731908853651694,0.5731908853651694,-2.3646345604895718,-2.173312011718983,-0.4268091146348306,0.4268091146348306,-1.2266479724036727,458.12760498046833,3.3605032508563273,3.0886049804645723,0.6065602868159486,0.6065602868159486,-2.1797593147936727,-2.003395019531738,-0.3934397131840514,0.3934397131840514,1.3763441135795766,460.519989013672,5.963495336839577,5.48098901366825,1.076392186502793,1.076392186502793,0.4232327711895767,0.38898901367193955,0.0763921865027929,0.0763921865027929,1.4395387322493691,460.57807055664097,6.02668995550937,5.539070556637252,1.0877986167795102,1.0877986167795102,0.4864273898593692,0.4470705566409409,0.08779861677951,0.08779861677951,1.4525143723565443,460.589996337891,6.039665595616545,5.550996337887284,1.0901406790831318,1.0901406790831318,0.4994030299665444,0.4589963378909739,0.09014067908313168,0.09014067908313168,0.5243485683737197,0.4698318996868443,0.0,0.586756077116513,True,False,507,0.42497904442581724,1.3981260184433466,460.540008544922,0.0803237519485931,1.2669139486073298,460.4194128417965,0.056640385270352894,1.2434497875801753e-13,3.3306690738754696e-16,0.0,1.1368683772161603e-13,discovery
polygnn_mini_DEBY_LOD2_4862505,synthetic_mini,6958,author_normalized_coordinates; source CRS transform not supplied in mini,0.0031154849934999923,0.04206515403668933,-2.65917045961,2.51104381822,5.17021427783,-0.10874292999980863,0.10874292999980083,0.21748585999960945,1.1102230246251565e-16,2.0978219161804645e-12,False,0.05288876113825812,0.05159528600172463,-2.9551652723077386,-0.12119399739000002,-0.29599481269773875,-0.012451067390191388,-0.057250008760172943,0.057250008760172943,-5.466209090527739,-0.22993692738980084,-1.0572500087601728,1.0572500087601728,-2.7022166709678865,-0.11055367551127401,-0.043046211357886666,-0.0018107455114653884,-0.008325807992614509,0.008325807992614509,-5.213260489187887,-0.21929660551107483,-1.0083258079926145,1.0083258079926145,-2.339627986891492,-0.09530132666364,0.31954247271850766,0.013441603336168624,0.06180449311138094,0.06180449311138094,-4.850671805111492,-0.2040442566634408,-0.938195506888619,0.938195506888619,2.8345519266253536,0.12235134841199001,5.493722386235353,0.2310942784117986,1.0625715088429821,1.0625715088429821,0.3235081084053535,0.013608418412189186,0.06257150884298235,0.06257150884298235,2.9321216269178842,0.12645563288410894,5.591292086527885,0.23519856288391758,1.081443009142479,1.081443009142479,0.42107780869788414,0.0177127028843081,0.081443009142479,0.081443009142479,2.9551652723077386,0.127424967377,5.6143357319177385,0.23616789737680863,1.0859000092108642,1.0859000092108642,0.4441214540877385,0.01868203737719917,0.08590000921086417,0.08590000921086417,1.143150017971037,1.0007670157316013,0.00043115837884449555,0.2522276516240299,False,True,335,0.04814601897096867,2.822549273989168,0.12184645497999999,0.06025000880619412,2.7780595794384793,0.11997498912568001,0.051645008672744755,1.6751044995544362e-12,3.122502256758253e-16,0.0,2.842170943040401e-14,selection
polygnn_mini_DEBY_LOD2_4717633,synthetic_mini,3199,author_normalized_coordinates; source CRS transform not supplied in mini,0.03474729241899999,0.04554607821248646,-6.14376546568,4.61795715099,10.76172261667,-0.24507713000003462,0.24507712999990167,0.4901542599999363,1.1102230246251565e-16,1.8762214004652833e-12,False,0.07158487027195999,0.06502031884964052,-6.419023338475916,-0.257614046603,-0.2752578727959163,-0.012536916602965454,-0.025577491875653766,0.025577491875653766,-11.036980489465915,-0.5026911766029016,-1.0255774918756537,1.0255774918756537,-6.160734795194599,-0.24585001640931997,-0.016969329514599174,-0.000772886409285389,-0.0015768227930641457,0.0015768227930641457,-10.778691946184598,-0.4909271464092216,-1.0015768227930641,1.0015768227930641,-5.690929948408168,-0.22445224811297998,0.4528355172718319,0.020624881887054622,0.04207834873669629,0.04207834873669629,-10.308887099398166,-0.4695293781128816,-0.9579216512633036,0.9579216512633036,5.21109475840429,0.27209222185796,11.35486022408429,0.5171693518579946,1.0551154892707897,1.0551154892707897,0.59313760741429,0.02701509185805834,0.05511548927078968,0.05511548927078968,6.035615631105348,0.30964591401383,12.179381096785349,0.5547230440138646,1.1317315573548963,1.1317315573548963,1.4176584801153487,0.06456878401392835,0.1317315573548963,0.1317315573548963,6.419023338475916,0.327108631441,12.562788804155915,0.5721857614410346,1.167358540229986,1.167358540229986,1.8010661874859162,0.08203150144109835,0.167358540229986,0.167358540229986,1.1929360321056397,1.0130371405340934,0.00031259768677711783,0.1769302907158487,False,True,249,0.07783682400750234,5.089930806522102,0.266573679029,0.043856701417021415,5.026866464742341,0.26370134558588,0.03799664127366905,2.8337332480532496e-12,7.979727989493313e-16,1.1368683772161603e-13,1.1368683772161603e-13,selection
polygnn_mini_DEBY_LOD2_4768530,synthetic_mini,4865,author_normalized_coordinates; source CRS transform not supplied in mini,0.0038747675139999965,0.047398442859231865,-4.50534183471,4.34184416347,8.84718599818,-0.20967141999980882,0.20967141999992217,0.419342839999731,1.1102230246251565e-16,2.1792567750367198e-12,False,0.08571428571428572,0.08489208633093526,-4.730576220592613,-0.22034717916899998,-0.22523438588261246,-0.010675759169191187,-0.025458307978259594,0.025458307978259594,-9.072420384062614,-0.4300185991689222,-1.0254583079782598,1.0254583079782598,-4.552079665402591,-0.21188672039725603,-0.04673783069259052,-0.0022153003974472053,-0.0052827905621296075,0.0052827905621296075,-8.893923828872591,-0.4215581403971782,-1.0052827905621295,1.0052827905621295,-4.166281666061471,-0.19360049597028,0.33906016864852884,0.016070924029528814,0.03832406922588478,0.03832406922588478,-8.508125829531473,-0.40327191597020223,-0.9616759307741153,0.9616759307741153,4.464930436293865,0.21550551766911996,8.970272271003864,0.4251769376689287,1.0139124771254029,1.0139124771254029,0.12308627282386464,0.005834097669197772,0.013912477125402964,0.013912477125402964,4.598160372254643,0.22182040917589602,9.103502206964643,0.43149182917570483,1.0289714954379134,1.0289714954379134,0.2563162087846429,0.01214898917597384,0.028971495437913365,0.028971495437913365,4.730576220592613,0.228096714197,9.235918055302612,0.43776813419680877,1.0439384971902455,1.0439384971902455,0.3887320571226125,0.018425294197077807,0.04393849719024564,0.04393849719024564,1.0693968051685052,0.9755884078995182,0.00020554984583761563,0.0041109969167523125,False,True,398,0.08180883864337102,4.544581269784163,0.21928084314900004,0.02291543394203183,4.46068472876255,0.2153042777432999,0.013432583571431352,2.5708324358220125e-12,1.8041124150158794e-16,1.1368683772161603e-13,1.1368683772161603e-13,selection
polygnn_mini_DEBY_LOD2_8573782,synthetic_mini,306464,author_normalized_coordinates; source CRS transform not supplied in mini,0.00033757832999999765,0.046141499342960794,-1.56050213702,1.54586982837,3.10637196539,-0.07166632999999725,0.07166633000003728,0.14333266000003453,5.551115123125783e-17,1.5952239529326562e-12,False,0.08138965751279106,0.08098830531481675,-1.605742543286105,-0.073753790176,-0.04524040626610493,-0.00208746017600276,-0.014563744062255295,0.014563744062255295,-3.151612371656105,-0.14542012017603728,-1.0145637440622552,1.0145637440622552,-1.5510393214805247,-0.07122970150299998,0.009462815539475367,0.0004366284969972618,0.0030462596382231145,0.0030462596382231145,-3.096909149850525,-0.14289603150303729,-0.996953740361777,0.996953740361777,-1.4498322278191347,-0.06655985445731999,0.11066990920086539,0.005106475542677261,0.035626740916383126,0.035626740916383126,-2.9957020561891348,-0.13822618445735727,-0.9643732590836168,0.9643732590836168,1.5576983362150967,0.07221211508700001,3.1182004732350967,0.14387844508699726,1.0038078208201997,1.0038078208201997,0.011828507845096592,0.000545785086962731,0.003807820820199664,0.003807820820199664,1.5736314016190098,0.07294729061386601,3.13413353863901,0.14461362061386326,1.008936976498088,1.008936976498088,0.02776157324900974,0.001280960613828741,0.00893697649808796,0.00893697649808796,1.605742543286105,0.07442894683600002,3.166244680306105,0.14609527683599727,1.019274161492308,1.019274161492308,0.05987271491610491,0.0027626168359627334,0.01927416149230795,0.01927416149230795,1.0338379055545632,0.9681810799038165,0.0,0.0,False,False,15626,0.05098804427273677,1.5751636467376284,0.07301799070100001,0.009430235237121885,1.5581729370367392,0.07223401388049999,0.0039606038181568765,3.601563491884008e-12,6.938893903907228e-18,1.1368683772161603e-13,1.1368683772161603e-13,discovery
polygnn_mini_DEBY_LOD2_104575493,synthetic_mini,6941,author_normalized_coordinates; source CRS transform not supplied in mini,0.016013603430499998,0.039264867555669075,-3.50520050107,2.68952967738,6.1947301784499995,-0.12161763000007843,0.12161762999986707,0.2432352599999455,5.551115123125783e-17,5.915268275202834e-13,False,0.06843394323584498,0.061950727560870195,-3.63474367043661,-0.12670412538799997,-0.12954316936661003,-0.005086495387921551,-0.020911834032297332,0.020911834032297332,-6.32427334781661,-0.24832175538786705,-1.0209118340322973,1.0209118340322973,-3.522165280443753,-0.12228374981529998,-0.016964779373752847,-0.0006661198152215521,-0.002738582453965356,0.002738582453965356,-6.211694957823752,-0.24390137981516705,-1.0027385824539654,1.0027385824539654,-3.2029201554289313,-0.10974863226380001,0.30228034564106876,0.011868997736278435,0.04879636996824019,0.04879636996824019,-5.892449832808931,-0.23136626226366708,-0.9512036300317599,0.9512036300317599,2.9062509611094876,0.130127162502,6.411451462179487,0.2517447925020784,1.034984781820427,1.034984781820427,0.21672128372948762,0.00850953250213291,0.034984781820426934,0.034984781820426934,2.9720544328134726,0.13271092710316018,6.477254933883472,0.2543285571032386,1.0456072738109417,1.0456072738109417,0.28252475543347266,0.011093297103293102,0.045607273810941665,0.045607273810941665,3.63474367043661,0.158731332249,7.13994417150661,0.2803489622490784,1.152583561483402,1.152583561483402,0.9452139930566101,0.03711370224913291,0.1525835614834018,0.1525835614834018,1.1734953955156993,0.9861884118521869,0.00014407145944388418,0.08255294626134563,False,True,273,0.039331508428180374,2.9062509611094876,0.130127162502,0.034984781820426934,2.8753413298825574,0.12891349992568,0.029995116356956477,3.1312730186527915e-12,4.3021142204224816e-16,1.1368683772161603e-13,1.1368683772161603e-13,transfer
polygnn_mini_DEBY_LOD2_5100005,synthetic_mini,3101,author_normalized_coordinates; source CRS transform not supplied in mini,0.009262878682500003,0.046049859160808185,-4.01797577787,3.61567797061,7.6336537484800004,-0.17576433999995222,0.17576433999992727,0.35152867999987947,5.551115123125783e-17,2.1078694345533222e-12,False,0.10641728474685586,0.10254756530151564,-4.136209595416212,-0.181208990646,-0.1182338175462121,-0.005444650646047758,-0.015488496261669532,0.015488496261669532,-7.7518875660262125,-0.35697333064592723,-1.0154884962616695,1.0154884962616695,-4.06511778246478,-0.1779352226721,-0.047142004594779685,-0.002170882672147777,-0.006175549238680955,0.006175549238680955,-7.68079575307478,-0.3536995626720273,-1.006175549238681,1.006175549238681,-3.7848432362814886,-0.165028619294,0.2331325415885117,0.010735720705952221,0.030540099049545265,0.030540099049545265,-7.400521206891488,-0.3407929592939272,-0.9694599009504546,0.9694599009504546,3.990691172295754,0.193033645121,8.008666950165754,0.3687979851209522,1.0491263049179333,1.0491263049179333,0.3750132016857539,0.017269305121072723,0.04912630491793342,0.04912630491793342,4.104043960621816,0.19825352505890004,8.122019738491815,0.3740178650588522,1.0639753918769315,1.0639753918769315,0.4883659900118156,0.022489185058972763,0.06397539187693156,0.06397539187693156,4.136209595416212,0.199734748011,8.154185373286213,0.3754990880109522,1.068189053624532,1.068189053624532,0.5205316248062122,0.023970408011072718,0.06818905362453197,0.06818905362453197,1.0836775498862015,1.018586205868388,0.0,0.16607545952918412,False,False,183,0.059013221541438246,3.969469735578925,0.192056400949,0.04634632073001362,3.904592771937685,0.18906882591054003,0.03784751193165042,2.9971580772780726e-12,5.273559366969494e-16,1.1368683772161603e-13,2.842170943040401e-14,discovery
polygnn_mini_DEBY_LOD2_4616699,synthetic_mini,4017,author_normalized_coordinates; source CRS transform not supplied in mini,0.00030849549149999933,0.0472044966400277,-5.38223757429,5.36916697664,10.751404550930001,-0.25375731999990314,0.2537573200000506,0.5075146399999538,1.1102230246251565e-16,1.2310152897043736e-12,False,0.07667413492656211,0.07667413492656211,-5.748549385682863,-0.27104888467,-0.36631181139286273,-0.017291564670096852,-0.034071065753095174,0.034071065753095174,-11.117716362322863,-0.5248062046700506,-1.0340710657530952,1.0340710657530952,-5.421417127355896,-0.2556067710809601,-0.039179553065896044,-0.001849451081056877,-0.0036441334599865835,0.0036441334599865835,-10.790584103995897,-0.5093640910810107,-1.0036441334599866,1.0036441334599866,-4.978577235817381,-0.23470273690875998,0.4036603384726192,0.019054583091143197,0.037544893465821856,0.037544893465821856,-10.347744212457382,-0.4884600569088106,-0.9624551065341781,0.9624551065341781,5.463570139877858,0.25821357380192,10.845807714167858,0.5119708938018231,1.0087805423738512,1.0087805423738512,0.09440316323785769,0.00445625380186944,0.008780542373851216,0.008780542373851216,5.611060104225708,0.26517576332841597,10.99329767851571,0.5189330833283191,1.0224987466930342,1.0224987466930342,0.24189312758570836,0.011418443328365363,0.02249874669303412,0.02249874669303412,5.748549385682863,0.27166587565300004,11.130786959972863,0.5254231956529032,1.035286776462155,1.035286776462155,0.37938240904286324,0.017908555652949455,0.03528677646215503,0.03528677646215503,1.06935784221525,0.9712356489080293,0.00024894199651481205,0.0024894199651481204,False,True,451,0.11227284042818024,5.6875532633439905,0.268786584401,0.029613459822461063,5.483785997561018,0.25916785318800006,0.010660841602421468,1.6475709685437323e-12,4.2327252813834093e-16,0.0,1.1368683772161603e-13,selection
polygnn_mini_DEBY_LOD2_4869536,synthetic_mini,2903,author_normalized_coordinates; source CRS transform not supplied in mini,0.006666149309500005,0.04162832127545037,-5.64834569604,5.32807578818,10.97642148422,-0.22846500000006043,0.22846499999980546,0.4569299999998659,1.1102230246251565e-16,1.8496315590255108e-12,False,0.12504305890458148,0.12263176024801929,-5.998070014505976,-0.24302343628700002,-0.3497243184659764,-0.014558436286939584,-0.031861414848978746,0.031861414848978746,-11.326145802685975,-0.4714884362868054,-1.0318614148489786,1.0318614148489786,-5.806633617230315,-0.23505426043739402,-0.15828792119031476,-0.006589260437333591,-0.014420721855285328,0.014420721855285328,-11.134709405410314,-0.4635192604371995,-1.0144207218552854,1.0144207218552854,-5.445304286951878,-0.22001272699031998,0.2030414090881214,0.008452273009740465,0.018497960321587435,0.018497960321587435,-10.773380075131879,-0.44847772699012545,-0.9815020396784127,0.9815020396784127,5.749750848017844,0.24601862486458004,11.398096544057843,0.4744836248646404,1.038416442047534,1.038416442047534,0.4216750598378445,0.017553624864774547,0.03841644204753398,0.03841644204753398,5.860264472445861,0.250619121527584,11.50861016848586,0.4790841215276444,1.0484847165381677,1.0484847165381677,0.5321886842658614,0.022154121527778497,0.04848471653816777,0.04848471653816777,5.998070014505976,0.256355734906,11.646415710545977,0.4848207349060605,1.0610394040798432,1.0610394040798432,0.6699942263259766,0.02789073490619456,0.061039404079843186,0.061039404079843186,1.0929008189288218,1.0199184817259466,0.0006889424733034792,0.12573200137788496,False,True,150,0.05167068549776094,5.753486708861017,0.24617414247999997,0.03875679530825227,5.716735830159304,0.24464426509424997,0.03540862953723602,2.1813661987835076e-12,3.8163916471489756e-16,0.0,1.1368683772161603e-13,transfer
polygnn_mini_DEBY_LOD2_5184618,synthetic_mini,47680,author_normalized_coordinates; source CRS transform not supplied in mini,0.0022045339264999964,0.04812668462773311,-7.58975642623,7.49814263885,15.08789906508,-0.36306527999998195,0.3630652800001925,0.7261305600001744,1.1102230246251565e-16,2.344902050310793e-12,False,0.13303271812080536,0.13231963087248322,-7.6703440799198015,-0.366943696594,-0.08058765368980136,-0.003878416594018043,-0.0053412110819535145,0.0053412110819535145,-15.168486718769802,-0.7300089765941925,-1.0053412110819535,1.0053412110819535,-7.567886382003301,-0.362012747278689,0.02187004422669947,0.0010525327212929406,0.0014495089165406946,0.0014495089165406946,-15.0660290208533,-0.7250780272788815,-0.9985504910834593,0.9985504910834593,-7.205951359459665,-0.344594014593,0.38380506677033477,0.018471265406981952,0.025437939710150077,0.025437939710150077,-14.704093998309666,-0.7076592945931925,-0.9745620602898499,0.9745620602898499,7.555641185893336,0.36583249444029997,15.145397612123336,0.7288977744402819,1.0038109048049249,1.0038109048049249,0.05749854704333579,0.002767214440107498,0.003810904804924934,0.003810904804924934,7.594698899970442,0.36771221272796906,15.184455326200442,0.730777492727951,1.0063995829176717,1.0063995829176717,0.09655626112044224,0.004646932727776572,0.006399582917671797,0.006399582917671797,7.6703440799198015,0.371352764447,15.2601005061498,0.7344180444469819,1.011413215340786,1.011413215340786,0.1722014410698014,0.0082874844468075,0.011413215340785973,0.011413215340785973,1.0167544264227395,0.9783729650947748,0.0,0.0,False,False,3819,0.08009647651006711,7.597782717340762,0.367860626634,0.006603973029046371,7.559147642795683,0.36600124858579997,0.004043306737574545,1.4743761767022079e-12,2.914335439641036e-16,2.842170943040401e-14,2.842170943040401e-14,selection
polygnn_mini_DEBY_LOD2_4672969,synthetic_mini,1353,author_normalized_coordinates; source CRS transform not supplied in mini,0.0202595066805,0.05117321527100629,-6.68713026665,5.89532906466,12.58245933131,-0.32194245000004207,0.3219424499997663,0.6438848999998085,1.1102230246251565e-16,1.3384848784880887e-12,False,0.15373244641537326,0.14486326681448633,-6.820687018571158,-0.32877697841699993,-0.13355675192115868,-0.006834528416957836,-0.0106145188634799,0.0106145188634799,-12.716016083231159,-0.6507194284167663,-1.0106145188634799,1.0106145188634799,-6.728751719084563,-0.324072353545368,-0.04162145243456372,-0.002129903545325878,-0.003307894850968724,0.003307894850968724,-12.624080783744564,-0.6460148035451343,-1.0033078948509688,1.0033078948509688,-6.289432094173961,-0.30159095580704,0.3976981724760389,0.020351494193002126,0.031607348134749205,0.031607348134749205,-12.184761158833961,-0.6235334058068063,-0.9683926518652508,0.9683926518652508,6.483983222731262,0.35206577595092003,13.171113489381263,0.6740082259509621,1.0467837123547432,1.0467837123547432,0.5886541580712619,0.03012332595115365,0.046783712354743226,0.046783712354743226,6.703618934713729,0.36330524152139954,13.390749201363729,0.6852476915214416,1.0642394184451995,1.0642394184451995,0.8082898700537289,0.04136279152163316,0.06423941844519955,0.06423941844519955,6.820687018571158,0.369295991778,13.507817285221158,0.6912384417780421,1.073543488561772,1.073543488561772,0.925357953911158,0.04735354177823361,0.07354348856177198,0.07354348856177198,1.084158007425252,1.015176364219994,0.0,0.16334072431633406,False,False,43,0.031781226903178125,6.419012344131736,0.34874100719400003,0.04162010507505557,6.403407283029928,0.34794244604292,0.040379881626609646,1.723066134218243e-12,2.0816681711721685e-17,0.0,1.1368683772161603e-13,transfer
polygnn_mini_DEBY_LOD2_4677715,synthetic_mini,12781,author_normalized_coordinates; source CRS transform not supplied in mini,0.0005473223309999942,0.05440562425007362,-7.54734566492,7.52722560055,15.074571265469999,-0.41007073000005956,0.410070730000058,0.8201414600001176,1.1102230246251565e-16,2.7133850721838826e-13,False,0.09349816133322901,0.09349816133322901,-7.650731858065884,-0.4156955203770001,-0.10338619314588371,-0.005624790376940486,-0.006858317316307457,0.006858317316307457,-15.177957458615882,-0.8257662503770581,-1.0068583173163075,1.0068583173163075,-7.515169055198308,-0.4083201414619,0.03217660972169156,0.001750588538159617,0.002134495844362467,0.002134495844362467,-15.042394655748307,-0.8183908714619579,-0.9978655041556376,0.9978655041556376,-6.942165099169666,-0.3771455035364,0.6051805657503335,0.03292522646365962,0.040145789561297024,0.040145789561297024,-14.469390699719666,-0.787216233536458,-0.959854210438703,0.959854210438703,7.453648089161503,0.4060676995622,15.000993754081502,0.8161384295622595,0.9951190975787794,0.9951190975787794,-0.07357751138849622,-0.004003030437858038,-0.004880902421220681,0.004880902421220681,7.561234716395028,0.41192101717779994,15.10858038131503,0.8219917471778595,1.002256058580116,1.002256058580116,0.03400911584502886,0.0018502871777418652,0.002256058580115679,0.002256058580115679,7.650731858065884,0.416790165039,15.198077522985884,0.8268608950390596,1.0081930195785263,1.0081930195785263,0.12350625751588407,0.00671943503894202,0.008193019578526193,0.008193019578526193,1.0150513368948337,0.9549733080174824,0.0,0.0,False,False,3260,0.2550661137626164,7.498902756996633,0.4085298080159999,0.0018788490269201587,7.376236915382456,0.40185609632882,0.010016118038023443,2.488675931999751e-12,1.27675647831893e-15,1.1368683772161603e-13,1.1368683772161603e-13,discovery
polygnn_mini_DEBY_LOD2_5271709,synthetic_mini,3085,author_normalized_coordinates; source CRS transform not supplied in mini,0.0096624931955,0.04679876168876039,-3.77314819503,3.3602102092,7.13335840423,-0.16691617000008538,0.16691616999999048,0.3338323400000759,1.1102230246251565e-16,1.4459544672718039e-12,False,0.04116693679092383,0.03792544570502431,-3.9089523982091836,-0.173271638541,-0.1358042031791835,-0.006355468540914605,-0.01903790549745169,0.01903790549745169,-7.269162607409184,-0.3401878085409905,-1.0190379054974517,1.0190379054974517,-3.7442517917672156,-0.16556385411012803,0.02889640326278453,0.0013523158899573715,0.0040508834163792045,0.0040508834163792045,-7.1044620009672155,-0.3324800241101185,-0.9959491165836208,0.9959491165836208,-3.3125187299477505,-0.14535928143688,0.46062946508224956,0.02155688856320537,0.06457399712442621,0.06457399712442621,-6.672728939147751,-0.3122754514368705,-0.9354260028755739,0.9354260028755739,3.7299117931999204,0.18421774632556,7.5030599882299205,0.3511339163256454,1.0518271427075208,1.0518271427075208,0.3697015839999205,0.01730157632556951,0.05182714270752072,0.05182714270752072,3.8070253448402993,0.18782656505175202,7.5801735398703,0.3547427350518374,1.0626374156912324,1.0626374156912324,0.4468151356402994,0.02091039505176152,0.06263741569123221,0.06263741569123221,3.9089523982091836,0.192596624932,7.682100593239184,0.3595127949320854,1.0769262047290076,1.0769262047290076,0.5487421890091837,0.0256804549320095,0.07692620472900756,0.07692620472900756,1.0959641102264592,0.9872531455830944,0.0,0.24927066450567262,False,False,256,0.08298217179902755,3.714115461226941,0.18347849755,0.049612711428754154,3.6725308612584042,0.18153238976615,0.04378311509950232,1.41886502547095e-12,5.134781488891349e-16,0.0,1.4210854715202004e-14,transfer
polygnn_mini_DEBY_LOD2_5056401,synthetic_mini,1274871,author_normalized_coordinates; source CRS transform not supplied in mini,-0.000664177521000002,0.045957189014060464,-2.10826650972,2.1371706936,4.24543720332,-0.09755418000021557,0.0975541800000859,0.1951083600003015,1.1102230246251565e-16,2.212230398868087e-12,False,0.46698214956650513,0.4677116351379865,-2.1309079240907978,-0.09859471576,-0.022641414370797808,-0.0010405357597844196,-0.005333117247168763,0.005333117247168763,-4.268078617690797,-0.19614889576008587,-1.0053331172471687,1.0053331172471687,-2.0970396667105695,-0.09703822585400002,0.011226843009430443,0.0005159541462155783,0.0026444491984596715,0.0026444491984596715,-4.23421036031057,-0.1945924058540859,-0.9973555508015405,0.9973555508015405,-1.9695899652676025,-0.091180995835,0.1386765444523974,0.006373184165215586,0.032664844116396335,0.032664844116396335,-4.106760658867603,-0.1887351758350859,-0.9673351558836037,0.9673351558836037,1.50041719494209,0.06829077910690004,3.6086837046620897,0.1658449591071156,0.8500146231912326,0.8500146231912326,-0.63675349865791,-0.029263400893185864,-0.14998537680876745,0.14998537680876745,1.9337653722926686,0.08820624320229917,4.042031882012669,0.18576042320251476,0.9520884866349537,0.9520884866349537,-0.20340532130733124,-0.009347936797786721,-0.047911513365046364,0.047911513365046364,2.1309079240907978,0.09726636071799999,4.239174433810797,0.19482054071821556,0.9985248234258877,0.9985248234258877,-0.006262769509202126,-0.00028781928208589677,-0.0014751765741122117,0.0014751765741122117,1.0038579406730566,0.8173497790748362,0.0,0.0,False,False,84586,0.06634867370894781,2.1167516563129545,0.09661577844399999,0.00480964299061529,1.883820443331784,0.08591091466174997,0.05967589158310761,1.3140599719463353e-12,3.677613769070831e-16,0.0,1.1368683772161603e-13,selection
polygnn_mini_DEBY_LOD2_18272204,synthetic_mini,8335,author_normalized_coordinates; source CRS transform not supplied in mini,0.003570067335499999,0.04858772544207275,-3.92512194387,3.77816847762,7.703290421489999,-0.18714267999991044,0.18714267999999454,0.374285359999905,1.1102230246251565e-16,1.3532508447156033e-12,False,0.06718656268746251,0.06634673065386923,-4.284922511853612,-0.20462457121100003,-0.35980056798361204,-0.017481891211089572,-0.04670738714197641,0.04670738714197641,-8.063090989473611,-0.39176725121099454,-1.0467073871419763,1.0467073871419763,-4.018470252179533,-0.191678261974536,-0.09334830830953322,-0.0045355819746255585,-0.012117978578234292,0.012117978578234292,-7.7966387297995325,-0.37882094197453053,-1.0121179785782344,1.0121179785782344,-3.6003390048125987,-0.17136221572871999,0.3247829390574011,0.01578046427119045,0.0421615856714098,0.0421615856714098,-7.378507482432599,-0.3585048957287145,-0.9578384143285903,0.9578384143285903,4.107286626145606,0.20313378223856002,8.032408570015605,0.3902764622384704,1.0427243593993885,1.0427243593993885,0.32911814852560584,0.015991102238565456,0.042724359399388526,0.042724359399388526,4.200723928317499,0.20767368822253596,8.125845872187499,0.3948163682224464,1.054853890685296,1.054853890685296,0.42255545069749934,0.020531008222541405,0.05485389068529589,0.05485389068529589,4.284922511853612,0.21176470588200003,8.210044455723612,0.39890738588191044,1.0657841008849818,1.0657841008849818,0.5067540342336119,0.02462202588200547,0.06578410088498177,0.06578410088498177,1.1124914880269583,1.0005627737279787,0.00035992801439712057,0.14973005398920217,False,True,457,0.05482903419316137,4.163855866163167,0.20588235294099996,0.05006787586084101,4.064900225996553,0.20107432346563997,0.037221983423687675,2.147615418834903e-12,6.38378239159465e-16,2.842170943040401e-14,1.1368683772161603e-13,selection
polygnn_mini_DEBY_LOD2_4374954,synthetic_mini,10019,author_normalized_coordinates; source CRS transform not supplied in mini,-0.00036088963500000015,0.05315092733008942,-8.14898877822,8.162568584,16.31155736222,-0.4334871999998854,0.4334872000000549,0.8669743999999403,1.1102230246251565e-16,2.642885910120185e-13,False,0.14292843597165386,0.14302824633196926,-8.288260758709491,-0.440889634914,-0.1392719804894913,-0.007402434914114584,-0.008538239323000879,0.008538239323000879,-16.45082934270949,-0.8743768349140548,-1.0085382393230007,1.0085382393230007,-8.148632248310566,-0.4334682501045781,0.00035652990943368934,1.8949895307313385e-05,2.1857502721319903e-05,2.1857502721319903e-05,-16.31120083231057,-0.8669554501046332,-0.9999781424972788,0.9999781424972788,-7.815942481521724,-0.41578548048652,0.33304629669827523,0.017701719513365428,0.020417811083426045,0.020417811083426045,-15.978511065521726,-0.849272680486575,-0.979582188916574,0.979582188916574,8.059617884705666,0.42801527486327984,16.208606662925668,0.8615024748631653,0.9936884813014372,0.9936884813014372,-0.10295069929433431,-0.005471925136775051,-0.006311518698562989,0.006311518698562989,8.172970418363933,0.43404006714243193,16.321959196583933,0.8675272671423173,1.000637697194262,1.000637697194262,0.010401834363932494,0.000552867142377003,0.0006376971942620693,0.0006376971942620693,8.288260758709491,0.44016785564399996,16.437249536929492,0.8736550556438855,1.007705712699182,1.007705712699182,0.12569217470949035,0.006680655643945025,0.007705712699181758,0.007705712699181758,1.0162439520221827,0.973270670218011,0.0,0.0,False,False,2699,0.26938816249126657,8.145672798090608,0.4325891733110001,0.001035816846558485,7.978366432861004,0.42369668485082,0.01129273845829314,1.5658585539313208e-12,3.608224830031759e-16,0.0,1.1368683772161603e-13,selection
polygnn_mini_DEBY_LOD2_4914914,synthetic_mini,38319,author_normalized_coordinates; source CRS transform not supplied in mini,0.0018361159744999939,0.04021764957327323,-4.54209005033,4.45078108554,8.99287113587,-0.1808360699999229,0.18083607000010032,0.3616721400000233,1.1102230246251565e-16,1.6563972415895023e-12,False,0.11934027505937002,0.11837469662569483,-4.6568633769926455,-0.18545198343199998,-0.11477332666264584,-0.004615913432077107,-0.01276270113610855,0.01276270113610855,-9.107644462532646,-0.36628805343210036,-1.0127627011361084,1.0127627011361084,-4.557663831243525,-0.181462410863234,-0.015573780913525681,-0.0006263408633111068,-0.0017317918469226482,0.0017317918469226482,-9.008444916783525,-0.3622984808633343,-1.0017317918469224,1.0017317918469224,-4.331797091990054,-0.17237858149368002,0.210292958339946,0.008457488506242894,0.02338440695554363,0.02338440695554363,-8.782578177530054,-0.35321465149378034,-0.9766155930444562,0.9766155930444562,4.539841383027399,0.18441786583534003,9.081931433357399,0.3652539358352629,1.0099034330795826,1.0099034330795826,0.08906029748739908,0.003581795835239682,0.009903433079582663,0.009903433079582663,4.593275389229843,0.186566855972086,9.135365439559843,0.3674029259720089,1.0158452513704408,1.0158452513704408,0.14249430368984317,0.005730785971985687,0.01584525137044097,0.01584525137044097,4.6568633769926455,0.189124215381,9.198953427322646,0.3699602853809229,1.0229161842017997,1.0229161842017997,0.20608229145264545,0.008288145380899656,0.02291618420179979,0.02291618420179979,1.0356788853379082,0.9865190261240389,0.0,0.00010438685769461624,False,False,1761,0.0459563141000548,4.580100142647603,0.18603697852200002,0.014380174602056284,4.534297017747331,0.1841948844954,0.009286904142794825,2.205347016115411e-12,4.0939474033052647e-16,0.0,2.842170943040401e-14,discovery
polygnn_mini_DEBY_LOD2_5273475,synthetic_mini,2763,author_normalized_coordinates; source CRS transform not supplied in mini,0.007348746434500009,0.04478701290938716,-4.43625000927,4.10808584037,8.54433584964,-0.19133763999994438,0.1913376400000218,0.38267527999996614,1.1102230246251565e-16,2.1721513476791188e-12,False,0.03872602243937749,0.038002171552660155,-4.699049439963639,-0.203107641495,-0.2627994306936392,-0.011770001495055615,-0.0307571513243726,0.0307571513243726,-8.80713528033364,-0.3944452814950218,-1.0307571513243727,1.0307571513243727,-4.41481234122112,-0.19037751088429203,0.02143766804887992,0.0009601291156523416,0.002508991737465839,0.002508991737465839,-8.52289818159112,-0.38171515088431385,-0.9974910082625342,0.9974910082625342,-3.55980691262318,-0.15208437171608,0.87644309664682,0.039253268283864384,0.10257591837096938,0.10257591837096938,-7.667892752993181,-0.3434220117161018,-0.8974240816290308,0.8974240816290308,4.521773748067789,0.20986548566254,8.958023757337788,0.40120312566248434,1.04841662535014,1.04841662535014,0.4136879076977884,0.01852784566251821,0.04841662535013981,0.04841662535013981,4.618327758492393,0.21418985137387989,9.054577767762392,0.4055274913738242,1.0597169782533644,1.0597169782533644,0.510241918122393,0.022852211373858077,0.05971697825336431,0.05971697825336431,4.699049439963639,0.217805134364,9.135299449233639,0.40914277436394436,1.0691643692374917,1.0691643692374917,0.5909635995936391,0.026467494363978217,0.0691643692374918,0.0691643692374918,1.0999215205618644,0.9458407069791706,0.0003619254433586681,0.19580166485703945,False,True,127,0.04596453130655085,4.607538900529093,0.213706650653,0.058454287021048726,4.522772654322834,0.20991022368988,0.04853353393994991,2.5357493882438575e-12,4.85722573273506e-16,0.0,1.1368683772161603e-13,transfer
polygnn_mini_DEBY_LOD2_4827110,synthetic_mini,39522,author_normalized_coordinates; source CRS transform not supplied in mini,0.0004755403864999952,0.05346609185411902,-9.25805539962,9.24026691462,18.49832231424,-0.4945165000001055,0.49451650000014985,0.9890330000002553,5.551115123125783e-17,2.669531262711189e-13,False,0.07828551186680836,0.07820960477708618,-9.326570781778276,-0.49817974971599993,-0.06851538215827624,-0.0036632497158944647,-0.0037038700588286934,0.0037038700588286934,-18.566837696398274,-0.9926962497161497,-1.0037038700588286,1.0037038700588286,-9.1619420128156,-0.489377692832811,0.09611338680439907,0.005138807167294471,0.0051957893895281,0.0051957893895281,-18.402208927435602,-0.983894192832961,-0.994804210610472,0.994804210610472,-8.652037387980549,-0.46211508532454004,0.6060180116394509,0.032401414675565454,0.032760701286566864,0.032760701286566864,-17.89230430260055,-0.95663158532469,-0.9672392987134333,0.9672392987134333,9.177077715542424,0.49113802047808,18.435133115162422,0.9856545204781854,0.9965840578402652,0.9965840578402652,-0.06318919907757525,-0.003378479522069851,-0.0034159421597347904,0.0034159421597347904,9.251194842693671,0.495100773606312,18.50925024231367,0.9896172736064174,1.0005907523875968,1.0005907523875968,0.010927928073671822,0.0005842736061621435,0.0005907523875967665,0.0005907523875967665,9.326570781778276,0.4991308304889999,18.584626181398278,0.9936473304891055,1.0046654969943865,1.0046654969943865,0.08630386715827676,0.004614330488850111,0.004665496994386355,0.004665496994386355,1.008369367053215,0.9638233565536983,0.0,0.0,False,False,12512,0.3165831688679723,9.238479480400745,0.494420932878,9.662682857885819e-05,9.11547423436417,0.4878443230948699,0.006746162064641091,2.3856472353145364e-12,1.1726730697603216e-15,1.1368683772161603e-13,1.1368683772161603e-13,discovery
polygnn_mini_DEBY_LOD2_4967349,synthetic_mini,11007,author_normalized_coordinates; source CRS transform not supplied in mini,0.0038411458335000093,0.051003857586952694,-8.70973622095,8.55911444389,17.268850664840002,-0.44038899999975734,0.4403890000000954,0.8807779999998528,1.1102230246251565e-16,2.4263924203182796e-13,False,0.04160988461887889,0.04160988461887889,-8.63187236988762,-0.436417643229,0.07786385106238036,0.003971356770757343,0.004508919126905993,0.004508919126905993,-17.19098681377762,-0.8768066432290954,-0.9954910808730939,0.9954910808730939,-8.273177457702507,-0.418122819010746,0.43655876324749343,0.022266180989011352,0.02528012846485161,0.02528012846485161,-16.832291901592505,-0.8585118190108413,-0.9747198715351482,0.9747198715351482,-6.979605724916482,-0.35214567057322,1.730130496033519,0.08824332942653743,0.10018793546904234,0.10018793546904234,-15.538720168806481,-0.7925346705733153,-0.8998120645309575,0.8998120645309575,8.477252095220054,0.43621370442679996,17.186988316170055,0.8766027044265574,0.9952595369397327,0.9952595369397327,-0.08186234866994546,-0.004175295573295365,-0.004740463060267244,0.004740463060267244,8.590364582199392,0.4419828776040001,17.30010080314939,0.8823718776037575,1.001809624677166,1.001809624677166,0.03125013830939238,0.0015938776039048238,0.0018096246771661987,0.0018096246771661987,8.63187236988762,0.4440999348960001,17.341608590837623,0.8844889348957575,1.004213246579621,1.004213246579621,0.07275792599762099,0.0037109348959047037,0.0042132465796208855,0.0042132465796208855,0.9997043274527148,0.8950716014706903,0.0,0.0,False,False,3824,0.34741528118470066,8.496568061674562,0.4371988932290001,0.0036219192249304674,8.374642605167312,0.43098022460908003,0.010682346052032245,2.5508484213787597e-12,1.249000902703301e-16,1.1368683772161603e-13,1.1368683772161603e-13,transfer
polygnn_mini_DEBY_LOD2_5056245,synthetic_mini,59124,author_normalized_coordinates; source CRS transform not supplied in mini,0.0026163154600000182,0.04968331415521053,-5.42908680804,5.32376712459,10.75285393263,-0.2671187099997605,0.26711871000018683,0.5342374199999473,5.551115123125783e-17,2.081779193474631e-12,False,0.11898721331439009,0.1179554833908396,-5.501903623458906,-0.270736490716,-0.07281681541890617,-0.003617780716239493,-0.006771859440770454,0.006771859440770454,-10.825670748048907,-0.5378552007161869,-1.0067718594407706,1.0067718594407706,-5.409654918991044,-0.266153269351512,0.019431889048956208,0.0009654406482484865,0.0018071378231958775,0.0018071378231958775,-10.733422043581044,-0.5332719793516988,-0.9981928621768041,0.9981928621768041,-5.174769264388469,-0.25448337158334,0.25431754365153125,0.012635338416420495,0.023651166959479816,0.023651166959479816,-10.498536388978469,-0.5216020815835268,-0.9763488330405202,0.9763488330405202,5.416656830224284,0.271733778427,10.845743638264285,0.5388524884267605,1.0086386094534778,1.0086386094534778,0.09288970563428389,0.004615068426813156,0.00863860945347784,0.00863860945347784,5.4509765172762625,0.27343889422051193,10.880063325316263,0.5405576042202724,1.011830291147194,1.011830291147194,0.12720939268626275,0.006320184220325133,0.011830291147193988,0.011830291147193988,5.501903623458906,0.275969121636,10.930990431498905,0.5430878316357605,1.0165664390109814,1.0165664390109814,0.17813649886890648,0.008850411635813186,0.01656643901098141,0.01656643901098141,1.0233382984517518,0.984987442493998,0.0,0.0,False,False,2694,0.045565252689263244,5.434714032732904,0.272630920092,0.010317903399229764,5.407789483980358,0.27129321927784,0.007813958965385824,2.112088282046898e-12,5.412337245047638e-16,1.4210854715202004e-14,2.842170943040401e-14,selection
polygnn_mini_DEBY_LOD2_21464190,synthetic_mini,2987,author_normalized_coordinates; source CRS transform not supplied in mini,0.010049800796499975,0.053835796884735346,-9.47417574014,9.10082561335,18.575001353490002,-0.49999999999996425,0.5000000000002076,1.0000000000001719,1.1102230246251565e-16,2.6412205755832474e-13,False,0.41546702376966854,0.3592233009708738,-9.824584630221548,-0.518864541833,-0.35040889008154785,-0.018864541833035764,-0.01886454183303252,0.01886454183303252,-18.925410243571548,-1.0188645418332076,-1.0188645418330324,1.0188645418330324,-9.701668443964216,-0.512247250995804,-0.2274927038242165,-0.012247250995839775,-0.01224725099583767,0.01224725099583767,-18.802494057314217,-1.0122472509960116,-1.0122472509958376,1.0122472509958376,-9.137687000477996,-0.48188486055752,0.33648873966200377,0.018115139442444226,0.01811513944244111,0.01811513944244111,-18.238512613827996,-0.9818848605577276,-0.9818848605575587,0.9818848605575587,9.524328243810682,0.52279960159384,18.998503983950684,1.0227996015938043,1.0227996015936285,1.0227996015936285,0.42350263046068193,0.022799601593632403,0.022799601593628486,0.022799601593628486,9.679832086809835,0.5311712749003381,19.154007826949837,1.0311712749003024,1.0311712749001252,1.0311712749001252,0.5790064734598346,0.031171274900130563,0.031171274900125202,0.031171274900125202,9.824584630221548,0.538964143426,19.29876037036155,1.0389641434259642,1.0389641434257857,1.0389641434257857,0.7237590168715471,0.03896414342579235,0.038964143425785656,0.038964143425785656,1.0578286852588181,1.0046844621511872,0.0,0.019417475728155338,False,False,131,0.04385671242048878,9.567050746926675,0.525099601594,0.02509960159378815,9.562536503568852,0.5248565737055,0.02485657370528816,1.765698698363849e-12,2.5673907444456745e-16,2.842170943040401e-14,1.1368683772161603e-13,discovery
polygnn_mini_DEBY_LOD2_4731695,synthetic_mini,13565,author_normalized_coordinates; source CRS transform not supplied in mini,0.0052931311580000084,0.04121339485347339,-5.0580286312,4.80116402799,9.85919265919,-0.2031653999998191,0.20316539999984462,0.4063307999996638,5.551115123125783e-17,1.8146040225985871e-12,False,0.07688905270917804,0.07511979358643568,-5.146193312685215,-0.20679896583,-0.08816468148521484,-0.0036335658301808738,-0.008942383472244487,0.008942383472244487,-9.947357340675214,-0.40996436582984463,-1.0089423834722444,1.0089423834722444,-5.043382365147684,-0.202561777653876,0.014646266052316115,0.000603622345943127,0.0014855441574786515,0.0014855441574786515,-9.844546393137684,-0.4057271776537206,-0.9985144558425213,0.9985144558425213,-4.648008229608283,-0.18626706729103998,0.4100204015917166,0.016898332708779145,0.04158762443997139,0.04158762443997139,-9.449172257598283,-0.3894324672908846,-0.9584123755600286,0.9584123755600286,5.010385690796762,0.211788135001,10.068414321996762,0.4149535350008191,1.0212209731606918,1.0212209731606918,0.2092216628067627,0.008622735001155379,0.02122097316069201,0.02122097316069201,5.080313221804539,0.214670085947552,10.138341853004539,0.41783548594737113,1.0283135955918599,1.0283135955918599,0.27914919381453895,0.011504685947707366,0.028313595591859846,0.028313595591859846,5.146193312685215,0.217385228146,10.204221943885216,0.42055062814581917,1.0349956935240132,1.0349956935240132,0.3450292846952152,0.014219828146155387,0.03499569352401333,0.03499569352401333,1.0439380769962576,0.9796333487207206,0.0,0.014006634721710284,False,False,734,0.05410984150387026,5.043617019006177,0.213157710852,0.02459156640885612,4.973207294628535,0.2102558870797,0.017450035980194564,2.8035351817834453e-12,2.0816681711721685e-17,1.1368683772161603e-13,1.1368683772161603e-13,selection
polygnn_mini_DEBY_LOD2_8573862,synthetic_mini,78750,author_normalized_coordinates; source CRS transform not supplied in mini,0.004608237844499985,0.04779501509909313,-6.07386350318,5.8810300943,11.95489359748,-0.28569215999981884,0.2856921599997896,0.5713843199996084,1.1102230246251565e-16,2.262856568790994e-12,False,0.25537777777777776,0.2533079365079365,-6.14688888894345,-0.289182409415,-0.07302538576344997,-0.003490249415181192,-0.006108409511803866,0.006108409511803866,-12.027918983243449,-0.5748745694147895,-1.0061084095118038,1.0061084095118038,-6.058053855023593,-0.284936537627472,0.01580964815640673,0.0007556223723468096,0.0013224415614823443,0.0013224415614823443,-11.939083949323592,-0.5706286976272615,-0.9986775584385176,0.9986775584385176,-5.804765098981298,-0.272830597708,0.2690984041987017,0.012861562291818814,0.022509477144608426,0.022509477144608426,-11.685795193281297,-0.5585227577077896,-0.9774905228553915,0.9774905228553915,5.948288620728865,0.288906782286,12.022152123908866,0.5745989422858188,1.0056260246802233,1.0056260246802233,0.06725852642886565,0.003214622286210388,0.005626024680223271,0.005626024680223271,5.9757136654530365,0.290217562712685,12.049577168633036,0.5759097227125038,1.0079200680776443,1.0079200680776443,0.09468357115303672,0.004525402712895449,0.007920068077644395,0.007920068077644395,6.14688888894345,0.298398885104,12.220752392123451,0.5840910451038188,1.0222384910811328,1.0222384910811328,0.2658587946434503,0.012706725104210408,0.022238491081132777,0.022238491081132777,1.0283469005929367,0.9831165475356147,0.0,3.809523809523809e-05,False,False,4090,0.051936507936507934,5.977576490606044,0.290306596469,0.008075889217984779,5.946567634390239,0.28882452771795997,0.005482068038150835,2.9665159217984183e-12,1.2975731600306517e-15,1.1368683772161603e-13,1.1368683772161603e-13,transfer
polygnn_mini_DEBY_LOD2_5184797,synthetic_mini,50108,author_normalized_coordinates; source CRS transform not supplied in mini,0.0017609591605000016,0.04031430904524571,-2.04395489125,1.95659339593,4.00054828718,-0.08063966999989408,0.08063966999990882,0.1612793399998029,1.1102230246251565e-16,1.8524071165870737e-12,False,0.051568611798515206,0.05071046539474735,-2.1231209054194102,-0.08383119316099999,-0.07916601416941038,-0.003191523161105911,-0.0197887910572415,0.0197887910572415,-4.07971430134941,-0.1644708631609088,-1.0197887910572414,1.0197887910572414,-2.0324765104083555,-0.080176927007305,0.01147838084164432,0.00046274299258907667,0.002869201923753174,0.002869201923753174,-3.9890699063383552,-0.16081659700721382,-0.9971307980762467,0.9971307980762467,-1.7861733631578136,-0.07024738581022999,0.25778152809218624,0.010392284189664085,0.06443654958953071,0.06443654958953071,-3.7427667590878135,-0.1508870558101388,-0.9355634504104692,0.9355634504104692,2.0624578941482694,0.08490752409800001,4.10641278539827,0.1655471940978941,1.0264624972925633,1.0264624972925633,0.10586449821826949,0.00426785409809118,0.026462497292563298,0.026462497292563298,2.093287292708346,0.08615038999922997,4.137242183958346,0.16679005999912405,1.0341687906171235,1.0341687906171235,0.1366938967783462,0.005510719999321166,0.03416879061712368,0.03416879061712368,2.1231209054194102,0.08735311148199998,4.16707579666941,0.16799278148189406,1.0416261715982926,1.0416261715982926,0.1665275094894103,0.006713441482091175,0.04162617159829262,0.04162617159829262,1.061414962655534,0.9620259477030326,0.0,0.04123094116707911,False,False,2398,0.04785662967989143,2.082312779447225,0.08570796008,0.03142553832435929,2.0506345211906667,0.08443087298662999,0.02350705916037241,1.603162047558726e-12,8.326672684688674e-17,1.4210854715202004e-14,2.842170943040401e-14,discovery
polygnn_mini_DEBY_LOD2_4735908,synthetic_mini,11846,author_normalized_coordinates; source CRS transform not supplied in mini,0.0,0.04886116507756841,-7.93891343737,7.93891343737,15.87782687474,-0.3879045599998616,0.3879045599998616,0.7758091199997232,1.1102230246251565e-16,1.7890133818809772e-12,False,0.13278743879790647,0.13278743879790647,-8.133760082533382,-0.397424994094,-0.19484664516338146,-0.009520434094138377,-0.012271619202081273,0.012271619202081273,-16.072673519903383,-0.7853295540938616,-1.0122716192020813,1.0122716192020813,-7.931823037718218,-0.38755811481200997,0.007090399651781709,0.00034644518785163965,0.000446559828855535,0.000446559828855535,-15.870736475088218,-0.7754626748118716,-0.9995534401711444,0.9995534401711444,-7.587931580928663,-0.37075517757305004,0.3509818564413374,0.017149382426811605,0.02210515703504197,0.02210515703504197,-15.526845018298662,-0.7586597375729116,-0.977894842964958,0.977894842964958,7.858936044399367,0.38399677139944993,15.797849481769367,0.7719013313993116,0.9949629509377087,0.9949629509377087,-0.07997739297063333,-0.003907788600411674,-0.005037049062291339,0.005037049062291339,7.990490576483298,0.3904246791083052,15.929404013853297,0.7783292391081668,1.0032483752039991,1.0032483752039991,0.051577139113297754,0.002520119108443552,0.003248375203999214,0.003248375203999214,8.133760082533382,0.397424994094,16.072673519903383,0.7853295540938616,1.0122716192020813,1.0122716192020813,0.19484664516338146,0.009520434094138377,0.012271619202081273,0.012271619202081273,1.0245432384041626,0.9728577939026666,0.0,0.0,False,False,1955,0.16503461083910181,8.016916553629873,0.39171588314,0.004912707316639637,7.8366874248532685,0.38290967792706004,0.006438287388015467,1.3571366253017914e-12,1.2420620087993939e-15,2.842170943040401e-14,5.684341886080802e-14,transfer
polygnn_mini_DEBY_LOD2_42758236,synthetic_mini,1803,author_normalized_coordinates; source CRS transform not supplied in mini,0.0089645154595,0.04911835063989621,-6.72028317643,6.35526621871,13.07554939514,-0.3211247099997842,0.3211247099999851,0.6422494199997693,5.551115123125783e-17,3.169686735304822e-13,False,0.12922906267332224,0.1264559068219634,-6.905326590384401,-0.33021373729,-0.18504341395440171,-0.009089027290215768,-0.014151865314598543,0.014151865314598543,-13.260592809094401,-0.651338447289985,-1.0141518653145984,1.0141518653145984,-6.858992250304842,-0.32793787092730403,-0.13870907387484266,-0.006813160927519789,-0.010608278832734852,0.010608278832734852,-13.214258469014842,-0.6490625809272891,-1.0106082788327349,1.0106082788327349,-6.337387242454397,-0.30231749325618,0.38289593397560306,0.01880721674360422,0.029283353410597047,0.029283353410597047,-12.692653461164397,-0.6234422032561652,-0.970716646589403,0.970716646589403,6.535839864819987,0.32999418966593996,13.256123041249987,0.6511188996657242,1.0138100236290726,1.0138100236290726,0.1805736461099876,0.008869479665954902,0.013810023629072467,0.013810023629072467,6.866646622116154,0.34624287196486014,13.586929798546155,0.6673675819646444,1.0391096685846508,1.0391096685846508,0.5113804034061546,0.02511816196487508,0.03910966858465065,0.03910966858465065,6.905326590384401,0.348142768209,13.625609766814401,0.6692674782087842,1.042067859257895,1.042067859257895,0.5500603716744017,0.027018058209014897,0.04206785925789486,0.04206785925789486,1.0562197245724934,0.9845266702184755,0.0,0.0033277870216306157,False,False,181,0.10038824181919023,6.677190991814481,0.336937123885,0.024620363043723115,6.489781822298859,0.32773189458359997,0.010287568003747274,2.9949376312288223e-12,2.0816681711721685e-16,1.1368683772161603e-13,1.1368683772161603e-13,transfer
polygnn_mini_DEBY_LOD2_4681422,synthetic_mini,129105,author_normalized_coordinates; source CRS transform not supplied in mini,0.0015890380060000209,0.041088601878740305,-6.23081721694,6.15347031618,12.38428753312,-0.25442653000004833,0.25442653000016624,0.5088530600002146,1.1102230246251565e-16,2.041311564227044e-12,False,0.08915224042446071,0.08852484411912784,-6.260405449013205,-0.255642269088,-0.0295882320732046,-0.0012157390879516787,-0.0023891751539259014,0.0023891751539259014,-12.413875765193204,-0.5100687990881663,-1.0023891751539258,1.0023891751539258,-6.1762287455377445,-0.25218356603143205,0.054588471402255756,0.002242963968616287,0.004407881459168864,0.004407881459168864,-12.329699061717744,-0.5066100960315982,-0.9955921185408311,0.9955921185408311,-5.707326252059602,-0.23291701815696,0.5234909648803985,0.021509511843088316,0.04227057579859939,0.04227057579859939,-11.860796568239602,-0.48734354815712627,-0.9577294242014006,0.9577294242014006,6.193763051905582,0.256082102177,12.424580268845581,0.5105086321770482,1.0032535368399533,1.0032535368399533,0.040292735725581785,0.0016555721768337264,0.00325353683995342,0.00325353683995342,6.223790557018585,0.25731589038,12.454607773958585,0.5117424203800484,1.005678182184524,1.005678182184524,0.07032024083858524,0.002889360379833764,0.005678182184524047,0.005678182184524047,6.260405449013205,0.2588203451,12.491222665953206,0.5132468751000484,1.0086347424143072,1.0086347424143072,0.10693513283320488,0.004393815099833766,0.008634742414307017,0.008634742414307017,1.011023917568233,0.960982961041354,0.0,0.0,False,False,6108,0.04731032880213779,6.232134580380874,0.257658734634,0.006351941037423273,6.197162692458751,0.25622178865422,0.0035280492448114065,2.4922286456785514e-12,2.7755575615628914e-17,1.4210854715202004e-14,1.1368683772161603e-13,discovery
polygnn_mini_DEBY_LOD2_5055513,synthetic_mini,19488,author_normalized_coordinates; source CRS transform not supplied in mini,-0.001630837657499995,0.053363760016759826,-7.16132319429,7.22244473659,14.383767930880001,-0.3837859700000475,0.3837859700001989,0.7675719400002464,1.1102230246251565e-16,2.5519863999790005e-13,False,0.17082307060755336,0.17169540229885058,-7.300740915991318,-0.391225823843,-0.13941772170131728,-0.0074398538429525036,-0.009692712116274229,0.009692712116274229,-14.523185652581319,-0.775011793843199,-1.0096927121162742,1.0096927121162742,-7.167397957250757,-0.384110142192844,-0.006074762960756708,-0.00032417219279652236,-0.00042233460592165244,0.00042233460592165244,-14.389842693840757,-0.7678961121930429,-1.0004223346059216,1.0004223346059216,-6.924952035239815,-0.37117231619361,0.23637115905018558,0.01261365380643747,0.016433187756229626,0.016433187756229626,-14.147396771829815,-0.7549582861938089,-0.9835668122437703,0.9835668122437703,7.0314790538516005,0.37359532313511024,14.1928022481416,0.7573812931351577,0.9867235286570202,0.9867235286570202,-0.19096568273839942,-0.01019064686508864,-0.013276471342979747,0.013276471342979747,7.2025410760922295,0.3827238358379408,14.36386427038223,0.7665098058379883,0.9986162415443981,0.9986162415443981,-0.01990366049777048,-0.0010621341622580865,-0.0013837584556018884,0.0013837584556018884,7.300740915991318,0.387964148528,14.462064110281318,0.7717501185280474,1.0054433705950738,1.0054433705950738,0.07829617940131772,0.004178178527801093,0.0054433705950738005,0.0054433705950738005,1.015136082711348,0.9702903409007906,0.0,0.0,False,False,5482,0.2813013136288998,7.187085155507139,0.381899049801,0.002458297523484678,6.997272458469697,0.37176993058815994,0.015654610057833942,2.1804780203638074e-12,2.3592239273284576e-16,1.1368683772161603e-13,1.1368683772161603e-13,transfer
polygnn_mini_DEBY_LOD2_4322128,synthetic_mini,5620,author_normalized_coordinates; source CRS transform not supplied in mini,0.005035645581000003,0.04618378645242106,-3.22081810538,3.00274826019,6.22356636557,-0.1437139299999613,0.14371392999999386,0.2874278599999552,5.551115123125783e-17,1.556199613617082e-12,False,0.09412811387900356,0.09306049822064057,-3.4665754716958075,-0.155063935725,-0.2457573663158077,-0.01135000572503868,-0.03948818922786556,0.03948818922786556,-6.469323731885808,-0.2987778657249939,-1.0394881892278656,1.0394881892278656,-3.255448578330185,-0.145313296367439,-0.034630472950185176,-0.0015993663674776961,-0.005564409683452208,0.005564409683452208,-6.258196838520185,-0.28902722636743283,-1.0055644096834522,1.0055644096834522,-3.030832717415966,-0.13493968541315,0.18998538796403386,0.008774244586811307,0.03052677143688394,0.03052677143688394,-6.033580977605967,-0.2786536154131439,-0.9694732285631161,0.9694732285631161,3.307019401480311,0.15776632341298,6.527837506860311,0.3014802534129413,1.0488901577355387,1.0488901577355387,0.30427114129031096,0.014052393412986159,0.04889015773553876,0.04889015773553876,3.3927424125960997,0.1617253366524101,6.613560517976099,0.30543926665237137,1.062664094748571,1.062664094748571,0.38999415240609947,0.018011406652416254,0.06266409474857121,0.06266409474857121,3.4665754716958075,0.165135226887,6.687393577075808,0.3088491568869613,1.0745275593222225,1.0745275593222225,0.4638272115058073,0.02142129688700614,0.07452755932222258,0.07452755932222258,1.1140157485500881,1.018363386298655,0.00035587188612099647,0.18772241992882563,False,True,292,0.05195729537366548,3.311966401684709,0.157994794614,0.04968503962701591,3.260399008842125,0.15561321715505,0.04139921284964511,2.114308728096148e-12,4.649058915617843e-16,2.842170943040401e-14,2.842170943040401e-14,discovery
polygnn_mini_DEBY_LOD2_4473468,synthetic_mini,3642,author_normalized_coordinates; source CRS transform not supplied in mini,0.004570778851499993,0.03785824071996534,-3.90493578254,3.66346767602,7.56840345856,-0.14326321999990554,0.14326322000007713,0.2865264399999827,1.1102230246251565e-16,1.2285727990501982e-12,False,0.03267435475013729,0.032399780340472265,-4.118172483521647,-0.15133598635600004,-0.21323670098164715,-0.008072766356094467,-0.02817459483353423,0.02817459483353423,-7.781640159541647,-0.29459920635607717,-1.0281745948335341,1.0281745948335341,-3.9032652680462503,-0.143199977260075,0.001670514493749664,6.324273983056582e-05,0.00022072217778774497,0.00022072217778774497,-7.56673294406625,-0.2864631972601521,-0.9997792778222122,0.9997792778222122,-3.287942663903954,-0.11990494599201999,0.6169931186360458,0.02335827400788555,0.08152222883126237,0.08152222883126237,-6.951410339923954,-0.26316816599209714,-0.9184777711687376,0.9184777711687376,3.99380439531894,0.15576918703794002,7.89874017785894,0.2990324070378456,1.043646816809868,1.043646816809868,0.3303367192989404,0.012505967037862904,0.04364681680986809,0.04364681680986809,4.0932063631864635,0.15953237066550702,7.998142145726463,0.30279559066541256,1.056780626128014,1.056780626128014,0.4297386871664637,0.01626915066542986,0.05678062612801403,0.05678062612801403,4.118172483521647,0.160477544059,8.023108266061648,0.3037407640589056,1.0600793562329673,1.0600793562329673,0.4547048075016473,0.017214324058922866,0.06007935623296721,0.06007935623296721,1.0882539510665015,0.9621245879786057,0.0002745744096650192,0.07660626029654036,False,True,261,0.07166392092257001,4.049396119842738,0.15787379192699996,0.05099205478881367,3.9544306779514042,0.1542785673678,0.03844443594009515,2.3288038164537284e-12,6.522560269672795e-16,2.842170943040401e-14,2.842170943040401e-14,discovery
polygnn_mini_DEBY_LOD2_5092970,synthetic_mini,28124,author_normalized_coordinates; source CRS transform not supplied in mini,-4.828274399999721e-05,0.034833741779275854,-1.2262287964,1.22900097886,2.4552297752600003,-0.042762420000109824,0.04276242000008651,0.08552484000019633,1.1102230246251565e-16,1.5346057757881226e-12,False,0.0642156165552553,0.06432228701464941,-1.3786063304738179,-0.048070299675000004,-0.15237753407381782,-0.005307879674890178,-0.06206243326357574,0.06206243326357574,-2.607607309333818,-0.0908327196750865,-1.0620624332635757,1.0620624332635757,-1.263006322455279,-0.044043518846,-0.03677752605527895,-0.0012810988458901767,-0.014979260363272656,0.014979260363272656,-2.492007301315279,-0.0868059388460865,-1.0149792603632726,1.0149792603632726,-1.1230185014098486,-0.03916721923546,0.10321029499015144,0.0035952007646498237,0.04203691891901312,0.04203691891901312,-2.3520194802698486,-0.08192963923554651,-0.9579630810809868,0.9579630810809868,1.252820400117441,0.0435921395695,2.4790491965174413,0.08635455956960983,1.0097015039070707,1.0097015039070707,0.023819421257440965,0.0008297195694134927,0.0097015039070706,0.0097015039070706,1.3040731560299914,0.045377464834434035,2.5303019524299915,0.08813988483454385,1.0305764364404717,1.0305764364404717,0.07507217716999137,0.0026150448343475272,0.030576436440471845,0.030576436440471845,1.3786063304738179,0.04797373418700001,2.6048351268738177,0.09073615418710983,1.060933340382765,1.060933340382765,0.14960535161381783,0.0052113141869135,0.06093334038276525,0.06093334038276525,1.122995773646341,0.9676645849880574,0.0005689091167685962,0.003342341061015503,False,True,1533,0.054508604750391126,1.3374856242035487,0.046541346122999996,0.04418512940690469,1.2562791597357283,0.043712621108920005,0.011110235445413513,2.972067036921544e-12,2.706168622523819e-16,0.0,1.1368683772161603e-13,discovery
polygnn_mini_DEBY_LOD2_4620050,synthetic_mini,2662,author_normalized_coordinates; source CRS transform not supplied in mini,0.0024907302914999874,0.04684463287022367,-6.05501618675,5.94867613715,12.0036923239,-0.2811542800000654,0.281154280000152,0.5623085600002175,1.1102230246251565e-16,9.1265883739311e-13,False,0.10894064613072878,0.10856498873027799,-6.345472507490712,-0.29476059971,-0.29045632074071204,-0.013606319709934587,-0.02419724805528361,0.02419724805528361,-12.29414864464071,-0.575914879710152,-1.0241972480552834,1.0241972480552834,-6.285318453671087,-0.291942705143164,-0.23030226692108702,-0.010788425143098577,-0.01918595218094209,0.01918595218094209,-12.233994590821087,-0.5730969851433161,-1.019185952180942,1.019185952180942,-5.756038904328007,-0.26714879896847,0.2989772824219923,0.014005481031595405,0.02490710977544071,0.02490710977544071,-11.704715041478007,-0.5483030789686221,-0.9750928902245593,0.9750928902245593,5.981644997945356,0.28269869418026,12.036661184695355,0.5638529741803253,1.0027465599671954,1.0027465599671954,0.032968860795356214,0.0015444141801079722,0.0027465599671955463,0.0027465599671955463,6.2310072521562985,0.29437997743046296,12.286023438906298,0.5755342574305284,1.0235203558528538,1.0235203558528538,0.2823311150062988,0.013225697430310964,0.023520355852853902,0.023520355852853902,6.345472507490712,0.299742060293,12.40048869424071,0.5808963402930654,1.0330561930141002,1.0330561930141002,0.396796370340712,0.018587780292847963,0.03305619301410025,0.03305619301410025,1.057253441069384,0.9778394501917549,0.0011269722013523666,0.0018782870022539444,False,True,432,0.1622839969947408,6.046756769430255,0.285748831211,0.008170871897888567,5.856101793741951,0.27681766887,0.00771215563595612,3.0455638011517294e-12,4.163336342344337e-16,1.1368683772161603e-13,1.1368683772161603e-13,transfer
polygnn_mini_DEBY_LOD2_5137190,synthetic_mini,19184,author_normalized_coordinates; source CRS transform not supplied in mini,0.0030075761425000028,0.03566589216985698,-1.83500796309,1.66635517133,3.50136313442,-0.06243961999989684,0.06243961999983934,0.12487923999973617,1.1102230246251565e-16,1.2540524174653456e-12,False,0.0237698081734779,0.022779399499582985,-1.9874084900477125,-0.067875120761,-0.15240052695771245,-0.005435500761103154,-0.04352605574084722,0.04352605574084722,-3.6537636613777122,-0.13031474076083932,-1.0435260557408472,1.0435260557408472,-1.8285143223093954,-0.06220801850802601,0.006493640780604659,0.0002316014918708317,0.001854603630445869,0.001854603630445869,-3.4948694936393956,-0.12464763850786535,-0.9981453963695542,0.9981453963695542,-1.3255097231425734,-0.0442679107132,0.5094982399474266,0.018171709286696834,0.14551425270313326,0.14551425270313326,-2.9918648944725734,-0.10670753071303933,-0.8544857472968668,0.8544857472968668,1.8434434446383188,0.06875563126019998,3.6784514077283186,0.13119525126009682,1.0505769514642627,1.0505769514642627,0.17708827330831878,0.00631601126036066,0.05057695146426262,0.05057695146426262,1.9015590867523209,0.07082837748522,3.736567049842321,0.13326799748511683,1.0671749562649355,1.0671749562649355,0.23520391542232089,0.008388757485380658,0.06717495626493547,0.06717495626493547,1.9874084900477125,0.07389027304599999,3.8224164531377127,0.13632989304589685,1.0916938079234375,1.0916938079234375,0.3210533187177125,0.011450653046160659,0.09169380792343748,0.09169380792343748,1.1352198636642847,0.9050626987611294,0.0002085070892410342,0.20876772310258548,False,True,913,0.047591743119266054,1.8715042468477148,0.06975644480599999,0.05859120223806711,1.821430192264289,0.06797050897472001,0.044289899385136805,2.218447647805988e-12,1.1102230246251565e-16,0.0,2.842170943040401e-14,selection
polygnn_mini_DEBY_LOD2_4870013,synthetic_mini,5829,author_normalized_coordinates; source CRS transform not supplied in mini,0.021281108596999998,0.047355027671158886,-3.7220649478,2.82327511941,6.54534006721,-0.15497737999991956,0.15497737999995495,0.3099547599998745,5.551115123125783e-17,1.7623680292899735e-12,False,0.06965174129353234,0.06330416881111683,-4.113829722892284,-0.173529411765,-0.3917647750922839,-0.018552031765080444,-0.05985399858059271,0.05985399858059271,-6.937104842302284,-0.32850679176495495,-1.0598539985805928,1.0598539985805928,-3.8407469156875904,-0.16059756787330398,-0.11868196788759056,-0.005620187873384441,-0.018132284444951633,0.018132284444951633,-6.66402203509759,-0.3155749478732589,-1.0181322844449516,1.0181322844449516,-3.41119704202016,-0.14025622171964,0.31086790577984,0.014721158280279537,0.04749453849421605,0.04749453849421605,-6.23447216143016,-0.295233601719595,-0.952505461505784,0.952505461505784,3.2256223235614443,0.17403054298596002,6.947687271361444,0.32900792298587955,1.0614707868529354,1.0614707868529354,0.4023472041514444,0.019053162986005064,0.0614707868529355,0.0614707868529355,3.8393315456705044,0.20309276018097996,7.561396493470504,0.3580701401808995,1.1552335578942052,1.1552335578942052,1.0160564262605045,0.048115380181025,0.1552335578942052,0.1552335578942052,4.113829722892284,0.216091628959,7.835894670692284,0.37106900895891953,1.1971715128977847,1.1971715128977847,1.290554603482284,0.06111424895904504,0.19717151289778478,0.19717151289778478,1.2570255114783775,1.0139762483587194,0.001029336078229542,0.2281694973408818,False,True,276,0.04734945959855893,3.3204461434781374,0.178520927602,0.07595801271790305,3.1511392223065338,0.170503393665,0.05009122513573056,1.389999226830696e-12,6.245004513516506e-17,1.4210854715202004e-14,1.4210854715202004e-14,transfer
polygnn_mini_DEBY_LOD2_4773826,synthetic_mini,38113,author_normalized_coordinates; source CRS transform not supplied in mini,0.0006328164080000032,0.05483671242284172,-8.64146327289,8.61838324566,17.25984651855,-0.4732366200000176,0.4732366200000947,0.9464732400001122,1.1102230246251565e-16,2.660094367001875e-13,False,0.15448796998399497,0.15435678115078844,-8.728583502985932,-0.478014007004,-0.08712023009593217,-0.004777387003982433,-0.005047566906362684,0.005047566906362684,-17.346966748645933,-0.9512506270040947,-1.0050475669063628,1.0050475669063628,-8.644978704221332,-0.47342939469697604,-0.0035154313313316976,-0.00019277469695848392,-0.00020367685932511,0.00020367685932511,-17.263361949881332,-0.9466660146970708,-1.0002036768593252,1.0002036768593252,-8.324991368166026,-0.45588234117076004,0.3164719047239739,0.01735427882925752,0.01833573110768083,0.01833573110768083,-16.943374613826027,-0.9291189611708548,-0.9816642688923193,0.9816642688923193,8.564469000996727,0.4702801400700001,17.205932273886727,0.9435167600700176,0.9968763195776204,0.9968763195776204,-0.053914244663273436,-0.0029564799300946546,-0.003123680422379722,0.003123680422379722,8.655825039875694,0.47528980490209594,17.297288312765694,0.9485264249021135,1.0021693005308856,1.0021693005308856,0.03744179421569349,0.0020531849020012025,0.0021693005308855424,0.0021693005308855424,8.728583502985932,0.47927963982,17.370046775875934,0.9525162598200176,1.0063847762033977,1.0063847762033977,0.11020025732593197,0.006043019819905288,0.006384776203397544,0.006384776203397544,1.0114323431097603,0.9785405884699396,0.0,0.0,False,False,4514,0.11843727861884397,8.655968081308295,0.475297648824,0.002177588057222881,8.549171412975555,0.46944127063491997,0.004009991201837151,2.7196023211217835e-12,9.159339953157541e-16,1.1368683772161603e-13,1.1368683772161603e-13,selection
polygnn_mini_DEBY_LOD2_4833066,synthetic_mini,2486,author_normalized_coordinates; source CRS transform not supplied in mini,0.010123523093500009,0.0417114147091954,-5.42296214766,4.93755434435,10.36051649201,-0.2160758999998152,0.21607589999987223,0.4321517999996874,5.551115123125783e-17,1.661060178292928e-12,False,0.07280772325020113,0.07079646017699115,-5.674893615615418,-0.22658431793800002,-0.2519314679554183,-0.010508417938184826,-0.024316496976739252,0.024316496976739252,-10.612447959965419,-0.44266021793787225,-1.0243164969767393,1.0243164969767393,-5.543797028021147,-0.221116093805895,-0.12083488036114698,-0.005040193806079812,-0.011663017037262042,0.011663017037262042,-10.481351372371147,-0.43719199380576723,-1.011663017037262,1.011663017037262,-5.002854881021256,-0.1985526315787,0.42010726663874376,0.01752326842111517,0.040548872921801656,0.040548872921801656,-9.940409225371255,-0.4146285315785722,-0.9594511270781982,0.9594511270781982,5.461846371079237,0.2379448621555,10.884808518739238,0.4540207621553152,1.0506048156125778,1.0506048156125778,0.5242920267292375,0.021868962155627784,0.050604815612577805,0.050604815612577805,5.601348539412233,0.24376369495166958,11.024310687072234,0.4598395949514848,1.064069604596851,1.064069604596851,0.6637941950622332,0.027687794951797354,0.06406960459685088,0.06406960459685088,5.674893615615418,0.24683136412500004,11.097855763275419,0.46290726412481525,1.071168196279988,1.071168196279988,0.7373392712654185,0.030755464125127797,0.07116819627998783,0.07116819627998783,1.095484693256727,1.0100559426907763,0.0008045052292839903,0.19509251810136766,False,True,167,0.06717618664521319,5.363305582708569,0.233834586466,0.04109363067824924,5.327554504005614,0.23234335839592,0.03764292638850405,1.708855279503041e-12,6.522560269672795e-16,0.0,0.0,transfer
polygnn_mini_DEBY_LOD2_4948910,synthetic_mini,16318,author_normalized_coordinates; source CRS transform not supplied in mini,0.00021320446350001077,0.050588092975198874,-5.43532417002,5.42689513264,10.862219302660002,-0.27474947999981747,0.27474948000014654,0.549498959999964,5.551115123125783e-17,2.430555756660624e-13,False,0.17716631940188748,0.17679862728275525,-5.59533549009785,-0.28284414753699993,-0.16001132007784946,-0.008094667537182555,-0.014730997010773387,0.014730997010773387,-11.022230622737851,-0.5575936275371466,-1.0147309970107734,1.0147309970107734,-5.462897190599022,-0.2761443465284761,-0.027573020579021446,-0.0013948665286586089,-0.002538433427897116,0.002538433427897116,-10.889792323239021,-0.5508938265286225,-1.002538433427897,1.002538433427897,-5.26224522035985,-0.26599374600236003,0.17307894966014992,0.008755733997457429,0.015934031972431765,0.015934031972431765,-10.68914035299985,-0.5407432260025066,-0.9840659680275681,0.9840659680275681,5.390811922503349,0.27292409921091,10.826136092523349,0.5476735792107275,0.9966780996469279,0.9966780996469279,-0.03608321013665172,-0.0018253807892365758,-0.003321900353071997,0.003321900353071997,5.5157325040750065,0.2792435932059729,10.951056674095007,0.5539930732057904,1.0081785654441031,1.0081785654441031,0.08883737143500614,0.004494113205826367,0.008178565444103227,0.008178565444103227,5.59533549009785,0.283270556464,11.03065966011785,0.5580200364638174,1.0155069928864906,1.0155069928864906,0.16844035745784947,0.008521076463853422,0.015506992886490593,0.015506992886490593,1.030237989897264,0.9807440676744962,0.0,0.0,False,False,2216,0.13580095599950975,5.513714311552449,0.279141496695,0.00799276616438667,5.356470619417231,0.2711868381775,0.0064834368797473335,1.8687273950490635e-12,5.967448757360216e-16,1.4210854715202004e-14,1.1368683772161603e-13,transfer
polygnn_mini_DEBY_LOD2_5004510,synthetic_mini,15676,author_normalized_coordinates; source CRS transform not supplied in mini,0.008062314540000004,0.045788162716941104,-6.42664123387,6.07448407964,12.50112531351,-0.2862017799998427,0.28620178000002455,0.5724035599998673,1.1102230246251565e-16,7.384093336781916e-13,False,0.05122480224547078,0.04905588160244961,-6.452434129851833,-0.287382789318,-0.025792895981832764,-0.001181009318157295,-0.0020632459346646426,0.0020632459346646426,-12.526918209491832,-0.5735845693180245,-1.0020632459346646,1.0020632459346646,-6.315793395228948,-0.281126261127325,0.1108478386410523,0.0050755188725177345,0.008867028836296741,0.008867028836296741,-12.390277474868949,-0.5673280411273496,-0.9911329711637034,0.9911329711637034,-5.500883983412354,-0.24381305637950001,0.9257572504576457,0.042388723620342676,0.07405391332708082,0.07405391332708082,-11.575368063052355,-0.5300148363795246,-0.9259460866729192,0.9259460866729192,6.003812874747402,0.282965875371,12.430454108617402,0.5691676553708427,0.9943468125372503,0.9943468125372503,-0.07067120489259793,-0.003235904629024558,-0.005653187462749723,0.005653187462749723,6.13661059881344,0.28904643916897516,12.56325183268344,0.5752482191688179,1.0049696741385592,1.0049696741385592,0.062126519173439476,0.002844659168950608,0.004969674138559284,0.004969674138559284,6.452434129851833,0.303507418398,12.879075363721832,0.5897091983978426,1.0302332822632678,1.0302332822632678,0.37795005021183226,0.017305638397975436,0.03023328226326798,0.03023328226326798,1.0322965281979326,0.9202928992101695,0.0,0.00012758356723653993,False,False,921,0.05875223271242664,6.092500225779672,0.287026706231,0.0014411619504526674,5.9601917888928035,0.28096854599399995,0.009142560200055017,1.6777690348135366e-12,7.147060721024445e-16,0.0,1.1368683772161603e-13,transfer
polygnn_mini_DEBY_LOD2_4901641,synthetic_mini,8191,author_normalized_coordinates; source CRS transform not supplied in mini,0.004784862622999986,0.05162007336921658,-7.12457070707,6.93918303477,14.06375374184,-0.3629860000001247,0.3629860000002504,0.725972000000375,1.1102230246251565e-16,2.5146551507759796e-13,False,0.1562690758149188,0.15285068978146746,-7.356958131203903,-0.374981855884,-0.23238742413390323,-0.011995855883875337,-0.016523854754548577,0.016523854754548577,-14.296141165973903,-0.7379678558842504,-1.0165238547545485,1.0165238547545485,-7.13972113797837,-0.36376806635519,-0.01515043090836965,-0.0007820663550652879,-0.0010772679319104373,0.0010772679319104373,-14.07890417274837,-0.7267540663554404,-1.0010772679319104,1.0010772679319104,-6.88619797263366,-0.35068118195930004,0.23837273443634022,0.012304818040824662,0.016949438877557683,0.016949438877557683,-13.82538100740366,-0.7136671819595504,-0.9830505611224424,0.9830505611224424,6.933498944287376,0.36269258683250005,14.058069651357375,0.7256785868326247,0.9995958340435304,0.9995958340435304,-0.005684090482624526,-0.00029341316775034374,-0.00040416595646966026,0.00040416595646966026,7.037334117589287,0.36805256609665005,14.161904824659288,0.7310385660967748,1.0069790103425438,1.0069790103425438,0.09815108281928708,0.005066566096399653,0.006979010342543563,0.006979010342543563,7.356958131203903,0.38455158113,14.481528838273903,0.7475375811301247,1.0297058028818447,1.0297058028818447,0.4177750964339033,0.02156558112974962,0.02970580288184459,0.02970580288184459,1.0462296576363932,0.9826463951659727,0.0,0.00012208521548040532,False,False,535,0.06531559028201685,6.970717076112924,0.364613789528,0.0022422208125778653,6.929678712940753,0.36249538621009997,0.0006758026344681967,2.0827783941967937e-12,8.534839501805891e-16,0.0,1.1368683772161603e-13,discovery
polygnn_mini_DEBY_LOD2_5142315,synthetic_mini,7381,author_normalized_coordinates; source CRS transform not supplied in mini,-0.0015475113124999995,0.05256427617750839,-9.34499063639,9.40387136015,18.74886199654,-0.4927601799999338,0.49276018000018607,0.9855203600001199,1.1102230246251565e-16,2.5307533846330443e-13,False,0.10906381249153231,0.10974122747595177,-9.45190565371256,-0.4983800904979999,-0.10691501732256015,-0.005619910498066145,-0.00570248036079687,0.00570248036079687,-18.855777013862557,-0.9911402704981859,-1.0057024803607968,1.0057024803607968,-9.322478247618628,-0.49157683257914,0.022512388771371405,0.0011833474207938054,0.0012007336112200273,0.0012007336112200273,-18.726349607768626,-0.9843370125793259,-0.9987992663887798,0.9987992663887798,-8.77395093451777,-0.4627438914023999,0.5710397018722286,0.030016288597533882,0.030457299327159744,0.030457299327159744,-18.17782229466777,-0.955504071402586,-0.9695427006728402,0.9695427006728402,9.294890390393258,0.4870316742078,18.639881026783257,0.9797918542077338,0.9941873288215116,0.9941873288215116,-0.10898096975674143,-0.005728505792386046,-0.005812671178488234,0.005812671178488234,9.405259035907726,0.49283312217195996,18.750249672297727,0.9855933021718939,1.0000740138659072,1.0000740138659072,0.0013876757577264698,7.294217177396739e-05,7.401386590730454e-05,7.401386590730454e-05,9.45190565371256,0.495285067873,18.79689629010256,0.9880452478729338,1.0025619844858542,1.0025619844858542,0.04803429356256039,0.002524887872813938,0.0025619844858543873,0.0025619844858543873,1.0082644648466512,0.9637300294943518,0.0,0.0,False,False,2475,0.3353204172876304,9.374431017207577,0.49121266968300004,0.0015702469274057915,9.186536085441997,0.4813361085973199,0.011591918205388168,1.9593215938584763e-12,1.0061396160665481e-15,0.0,1.1368683772161603e-13,transfer
