# pointcloud_to_mesh 0.4.1; candidate requires geometry validation; coordinates preserved
v 14.421697096 -14.839553962 14.901250988
v 15.025291130 -15.687211087 14.901061242
v 16.435419180 -14.683096506 14.901145197
v 17.575445462 -14.208733171 14.901153461
v 17.687288878 -14.162195283 14.901154272
v 18.038729111 -14.015961495 14.901156820
v 18.712235182 -14.961799570 14.900945096
v 19.304178320 -14.614563962 14.900967217
v 22.591738759 -12.686071218 14.901090077
v 17.120820128 -6.253941686 14.902588921
v 16.036118775 -7.026328593 14.902524341
v 15.253581094 -5.927372003 14.902770340
v 16.338282447 -5.154985096 14.902834921
v 16.540003555 -5.438272082 14.902771507
v 16.663474529 -5.432027041 14.902764429
v 17.004830563 -5.911410299 14.902657120
v 16.964323852 -6.034166181 14.902638118
v 22.602036533 -12.606933902 14.901103376
v 23.538023140 -11.199697489 14.901289966
v 24.407174138 -11.087804892 14.901252143
v 25.801254865 -10.095117183 14.901335143
v 24.091690482 -7.694290885 14.901872564
v 23.360999484 -6.183009761 14.902187971
v 23.452189924 -5.816844917 14.902246617
v 22.838986543 -4.448618084 14.902528967
v 21.109263779 -1.358843103 14.903189437
v 17.461226426 -3.956513218 14.902972242
v 12.901578808 -6.262853787 14.902866919
v 12.619534096 -6.405516382 14.902860404
v 12.906440152 -6.808432827 14.902770212
v 11.727578529 -7.464274241 14.902732460
v 13.046715135 -9.316803392 14.902317775
v 12.959736460 -9.523422940 14.902287036
v 13.952912740 -10.918189791 14.901974820
v 13.431333980 -11.289592117 14.901943766
v 13.476264787 -11.352690684 14.901929642
v 13.487445962 -11.345636078 14.901930147
v 15.204012617 -13.756296015 14.901390525
v 14.773294021 -14.352704151 14.901313700
v 15.195853195 -13.767594218 14.901389070
v -25.002293675 10.181353406 14.908283595
v -25.432998631 9.996545400 14.908279485
v -24.771806204 9.067999986 14.908071632
v -24.805337502 8.846242231 14.908034677
v -24.368417225 7.925981134 14.907843147
v -23.825163262 6.781755260 14.907605006
v -22.381651233 3.741365455 14.906972225
v -21.828018401 2.575279144 14.906729534
v -21.094737884 2.235271815 14.906620879
v -20.298562777 2.554275802 14.906624480
v -19.728108743 2.782839982 14.906627060
v -19.593065646 3.254608477 14.906701457
v -18.763666036 3.504905832 14.906690719
v -18.375444312 3.324812899 14.906633179
v -18.048581840 3.455777093 14.906634658
v -17.926980510 3.523253277 14.906638521
v -16.864740837 4.112686624 14.906672268
v -16.540151805 4.292800025 14.906682580
v -14.757803628 5.281819244 14.906739205
v -15.212355189 5.700523783 14.906843295
v -16.387964225 4.863403939 14.906773302
v -17.144283907 5.925541288 14.907011060
v -15.968674871 6.762661133 14.907081052
v -14.648695156 5.342363181 14.906742672
v -13.931569788 5.559485327 14.906733512
v -12.053136835 6.897067340 14.906845349
v -11.243417461 6.789009770 14.906772606
v -11.195336437 6.921355632 14.906792801
v -11.066661272 7.275541625 14.906846847
v -10.394158114 6.909688550 14.906737653
v -10.408081670 6.190332932 14.906611490
v -10.318174813 6.064072261 14.906583227
v -9.786068042 6.025174743 14.906541097
v -6.109051380 0.672611064 14.905351841
v -4.661463112 -1.434615855 14.904883649
v -3.980528056 -2.152976567 14.904711620
v -4.026446156 -2.358998053 14.904678265
v -3.402671684 -3.267014778 14.904476518
v -2.698747690 -3.763748584 14.904342120
v -1.730537847 -5.123453825 14.904037752
v -1.757428697 -5.186226137 14.904028444
v -0.755233740 -6.753830658 14.903685096
v 0.468855695 -8.668516079 14.903265728
v 1.922807110 -10.508992999 14.902844239
v 2.543041960 -11.157121038 14.902688640
v 2.746109164 -11.551165668 14.902605570
v 2.967020958 -11.830805726 14.902541530
v 3.150070976 -12.619210756 14.902390117
v 3.056137203 -12.718139347 14.902378864
v 3.505439469 -13.349116869 14.902237621
v 0.265997940 -15.655836795 14.902044752
v -2.959635240 -19.052179748 14.901658471
v -4.721559930 -20.907350553 14.901447473
v -4.716591734 -20.928119689 14.901443475
v -3.718335600 -22.330020431 14.901129662
v -2.908500434 -23.299642546 14.900904703
v 0.187358966 -26.367897751 14.900157513
v 0.641766949 -26.818254011 14.900047841
v 0.900402322 -26.829771216 14.900028669
v 1.435028110 -27.580572803 14.899860604
v 2.041329560 -26.880577647 14.899944094
v 2.557603697 -26.284522012 14.900015188
v 2.791976705 -26.234218834 14.900008545
v 3.561799724 -25.364080141 14.900111259
v 3.944692895 -25.247708024 14.900106447
v 4.845392596 -25.793496767 14.899950343
v 4.892422738 -25.783402747 14.899949010
v 0.618026979 -18.203155549 14.901571404
v 0.507047641 -18.113383362 14.901594617
v 0.269132020 -18.282796731 14.901580452
v -0.530052931 -17.160461552 14.901831685
v 1.441645634 -17.447881055 14.901650261
v 0.729334440 -17.955098860 14.901607851
v 5.622079551 -25.198287170 14.900004032
v 5.619275165 -25.090288232 14.900023297
v 6.203471928 -24.674297297 14.900058079
v 7.058811511 -23.763016309 14.900162395
v 7.825337590 -22.946357456 14.900255879
v 7.820878406 -22.861144154 14.900271229
v 7.913989460 -22.794842255 14.900276773
v 7.774140207 -21.967986968 14.900432116
v 7.749191435 -21.491221531 14.900517997
v 7.739114998 -21.298663080 14.900552683
v 8.775969064 -20.198405897 14.900678357
v 8.865368909 -19.872443438 14.900730020
v 9.527300660 -19.401099490 14.900769430
v 9.041687624 -18.719128949 14.900922087
v 7.990112969 -18.178313450 14.901087309
v 5.890662840 -15.547984982 14.901691109
v 5.636572146 -15.229643538 14.901764185
v 6.845579167 -14.368741880 14.901836167
v 4.997674233 -11.773637066 14.902417076
v 3.665522602 -10.829483729 14.902672145
v 1.986417182 -7.951644526 14.903291819
v 1.362233100 -8.132294040 14.903301264
v 1.006427842 -8.235270148 14.903306648
v 1.917044787 -6.854814890 14.903490188
v -5.694011602 3.258986428 14.905781263
v -6.591032577 2.620241713 14.905727857
v -7.129446104 3.376362611 14.905897113
v -7.161696179 3.365211087 14.905897280
v -7.165594759 3.427127964 14.905908477
v -7.385055134 3.735327086 14.905977467
v -6.488034159 4.374071801 14.906030873
v -5.768315269 3.363334763 14.905804622
v -5.608738072 3.476965430 14.905814122
v -5.759070118 3.350351338 14.905801715
v 2.240825480 -7.309516223 14.903388404
v 4.362487734 -9.671015751 14.902830625
v 6.101051398 -8.483706033 14.902925182
v 6.412851381 -8.270769828 14.902942140
v 6.977477786 -7.885171973 14.902972849
v 7.517160193 -7.516609016 14.903002201
v 8.509221011 -6.839105238 14.903056158
v 9.124065798 -6.419211963 14.903089598
v 9.688692203 -6.033614108 14.903120307
v 10.018828503 -5.808155562 14.903138262
v 8.863960425 -4.186316876 14.903501308
v 9.357092967 -3.133463318 14.903654635
v 7.653099923 -0.766480484 14.904185708
v 7.948462226 -0.556160865 14.904203293
v 6.808269267 1.045068821 14.904561725
v 5.833292510 0.350813872 14.904503677
v 6.517237966 -0.594840524 14.904291294
v 6.643512436 -0.769433405 14.904252082
v 6.391128082 -0.951580304 14.904236627
v 6.284564318 -1.253027997 14.904190432
v 6.283301802 -1.256599403 14.904189885
v 4.144201658 -2.779795572 14.904062528
v 4.373493145 -3.101801013 14.903990448
v 3.841243322 -3.480801918 14.903958759
v 4.374710008 -4.229975719 14.903791058
v 3.817859719 -4.626493961 14.903757905
v 3.284393033 -3.877320159 14.903925606
v 2.976887205 -4.096286859 14.903907298
v 3.510353891 -4.845460661 14.903739596
v 3.222153726 -5.050680312 14.903722438
v 2.458235465 -3.977871900 14.903962584
v 0.903762957 -5.084770319 14.903870034
v 0.252321093 -4.530580254 14.904011106
v 0.253553937 -4.078019177 14.904090976
v -0.713136451 -2.730164141 14.904393149
v -1.636477940 -1.442750413 14.904681772
v -4.533732459 2.425694888 14.905557168
v -2.657641742 3.816562405 14.905678574
v -2.532561390 3.640905846 14.905639254
v -2.226390650 3.861747476 14.905657982
v -2.354333714 4.041424285 14.905698202
v -1.280101042 4.837822517 14.905767718
v -1.142019046 4.643907101 14.905724311
v -0.167868909 5.346563740 14.905783897
v -0.315059260 5.553270472 14.905830168
v 0.879235356 6.337944329 14.905889658
v 0.990308091 6.181959362 14.905854741
v 1.340161142 6.434309138 14.905876140
v 1.498722554 6.344138229 14.905849704
v 2.521947803 5.762248795 14.905679104
v 2.682832452 6.394865685 14.905780205
v -0.136935546 10.038450959 14.906610741
v -1.194429761 9.285437529 14.906547781
v -2.806916121 11.549932332 14.907054684
v -2.823561618 11.537966299 14.907053673
v -3.378628035 11.138942877 14.907019959
v -3.622844506 11.481908215 14.907096731
v -5.739869398 9.974431244 14.906970688
v -5.488871028 9.621941749 14.906891784
v -6.043937445 9.222918327 14.906858070
v -6.296719687 9.577913003 14.906937535
v -6.604225515 9.358946303 14.906919227
v -6.350458177 9.002568207 14.906839452
v -9.672686484 7.458784685 14.906786854
v -9.585886665 8.091312599 14.906892848
v -10.173309955 8.916260344 14.907077511
v -10.204253677 8.948337709 14.907085228
v -10.223311832 8.986480467 14.907093230
v -11.079486541 10.700018001 14.907452684
v -11.388458172 11.318390024 14.907582401
v -11.785460654 11.221065613 14.907591513
v -12.958182214 10.386001864 14.907521692
v -14.793635713 13.203947006 14.908141145
v -14.741162676 13.789977851 14.908241199
v -14.980719704 14.162659759 14.908322913
v -15.132698728 14.399095453 14.908374753
v -15.410118344 14.830680670 14.908469381
v -17.891584618 13.692603929 14.908432747
v -18.511097233 14.562616308 14.908627498
v -18.619492197 14.359178220 14.908598740
v -19.057699501 14.524195232 14.908656929
v -21.558361399 12.743540580 14.908508046
v -22.435756852 12.629951232 14.908546116
v -22.386979737 12.066833657 14.908443400
v -23.108254490 10.994052681 14.908301670
v -7.957215217 3.362948280 14.905949592
v 3.029994185 -12.102034376 14.902489441
v 4.142608988 -11.499479871 14.902522168
v -9.274950150 6.900223768 14.906661821
v 0.642460682 -16.325545876 14.901901493
v 0.647995306 -6.947137780 14.903557966
v 0.528529394 -7.564133587 14.903456880
v 0.616150596 -7.111603544 14.903531021
v -1.805085057 4.448617876 14.905733745
v 0.529061043 6.179071506 14.905884793
v -2.453746829 13.919257825 14.907449860
v -2.365522100 13.795359450 14.907422126
v -1.410176841 14.475635332 14.907479005
v -1.498401570 14.599533707 14.907506739
v 0.156998017 15.778299608 14.907605297
v 0.177783679 16.381130029 14.907710419
v 1.795359456 17.397775415 14.907782843
v 0.599752545 17.039822032 14.907798827
v -0.562578756 16.212156909 14.907729625
v -0.181799061 18.137393828 14.908044517
v 2.841784679 18.466944598 14.907902391
v 2.848895549 19.024639442 14.908000445
v 4.419655233 20.079110031 14.908082653
v 4.927010210 20.419703762 14.908109206
v 3.241285645 22.787050617 14.908639132
v 3.071631839 22.769123168 14.908647207
v 0.631175143 25.355745727 14.909265881
v 0.143510974 25.724575985 14.909363353
v -1.254277854 27.166058828 14.909710633
v -1.527693312 26.988541531 14.909697388
v -3.369485501 25.792742378 14.909608171
v -3.467744098 25.530246260 14.909568308
v -4.033915310 25.357146640 14.909575243
v -4.036911252 25.359410518 14.909575841
v -4.499796697 25.709188716 14.909668306
v -6.683128161 23.980542990 14.909507584
v -5.741658011 25.155612952 14.909652796
v -7.913748847 23.608924992 14.909523475
v -7.540462445 23.084700329 14.909406128
v -7.852001321 22.882431080 14.909391037
v -8.114345429 22.712101949 14.909378329
v -7.287543385 21.550982713 14.909118414
v -7.224944530 21.104995891 14.909035476
v -9.262710304 19.653957225 14.908914153
v -9.161860799 19.260624308 14.908837982
v -9.156058498 19.237994195 14.908833600
v -9.140732838 19.230953261 14.908831340
v -8.880916952 18.866080890 14.908749664
v -8.671798577 19.015514860 14.908762208
v -7.548061840 18.172816959 14.908538872
v -6.385981354 16.540849530 14.908173559
v -6.222588643 16.670125055 14.908185571
v -5.817789354 16.990400299 14.908215330
v -3.417302894 13.619277763 14.907460710
v -2.713843811 13.734049699 14.907434375
v -1.344130362 17.309728705 14.907975314
v -8.032176708 18.721659059 14.908667911
v 12.580136320 -6.989966913 18.902512423
v 12.906440152 -6.808432827 18.902744146
v 12.619534096 -6.405516382 18.902322795
v 12.589028140 -6.420946768 18.902300535
v 12.012387836 -6.265747350 18.901706903
v 10.276713208 -5.680870453 18.899874540
v 9.926717389 -3.467243887 18.898694366
v 7.885657724 -0.600882276 18.895696859
v 7.653099923 -0.766480484 18.895545720
v 9.357092967 -3.133463318 18.898038144
v 8.863960425 -4.186316876 18.897989101
v 6.412851381 -8.270769828 18.897300962
v 4.362487734 -9.671015751 18.895945313
v 3.665522602 -10.829483729 18.895748508
v 3.775353290 -10.983724426 18.895909805
v 4.142608988 -11.499479871 18.896449158
v 4.997674233 -11.773637066 18.897346449
v 6.845579167 -14.368741880 18.900060288
v 6.840202906 -14.372570172 18.900056794
v 7.076106897 -14.703861881 18.900403243
v 7.126285332 -14.668131156 18.900435854
v 7.787404380 -14.798530941 18.901098066
v 8.502000055 -14.491138696 18.901640410
v 9.796982674 -13.674086161 18.902522663
v 10.116747155 -13.472334897 18.902740514
v 10.695796160 -13.106991416 18.903135012
v 10.757458799 -13.193587328 18.903225570
v 11.289708622 -12.814586423 18.903571479
v 11.249264006 -12.757788037 18.903512082
v 12.266665643 -12.115871631 18.904205223
v 12.304253600 -12.092156000 18.904230832
v 12.897215788 -11.718034172 18.904634808
v 13.476264793 -11.352690692 18.905029306
v 13.431333980 -11.289592117 18.904963321
v 13.534378980 -11.216216521 18.905030290
v 13.952912740 -10.918189791 18.905302295
v 12.959736485 -9.523422975 18.903843713
v 13.046715135 -9.316803392 18.903844272
v 11.727578529 -7.464274241 18.901906984
v 9.113028457 -4.046650076 18.898165550
v 10.018828503 -5.808155562 18.899685144
v 9.124065798 -6.419211963 18.899093549
v 9.688692203 -6.033614108 18.899466866
v -2.782941980 11.567166749 18.881117625
v -2.387530802 11.851417992 18.881373562
v -2.236016183 11.960338077 18.881471633
v -3.417302894 13.619277763 18.879736792
v -5.817789354 16.990400299 18.876211430
v -6.222588643 16.670125055 18.875960741
v -6.385981354 16.540849530 18.875859553
v -6.922764178 16.116149550 18.875527127
v -6.945711621 16.148375785 18.875493427
v -7.566360648 15.736633695 18.875078383
v -7.507288963 15.653676389 18.875165135
v -11.689886014 12.344425758 18.872574883
v -11.850235768 12.217557806 18.872475580
v -11.357604196 11.525730787 18.873199060
v -11.785460654 11.221065613 18.872920996
v -11.388458172 11.318390024 18.873250716
v -11.079486541 10.700018001 18.873775831
v -10.223311832 8.986480467 18.875230948
v -10.204253677 8.948337709 18.875263339
v -10.173309955 8.916260344 18.875304381
v -9.585886665 8.091312599 18.876167073
v -9.672686484 7.458784685 18.876331435
v -9.274950150 6.900223768 18.876915552
v -6.350458177 9.002568207 18.878808484
v -6.604225515 9.358946303 18.878435800
v -6.296719687 9.577913003 18.878635648
v -6.043937445 9.222918327 18.879006885
v -5.488871028 9.621941749 18.879366162
v -5.739869398 9.974431244 18.878997545
v -3.622844506 11.481908215 18.880373399
v -3.378628035 11.138942877 18.880732056
v -2.823561618 11.537966299 18.881091333
v -2.806916121 11.549932332 18.881102107
v -8.450427994 14.907469311 18.874581056
v -5.207619575 10.353432150 18.879343454
v -4.229221562 11.050123284 18.879979315
v 5.122599671 -2.083104438 16.475107253
v 5.728976727 -1.651319507 16.475463929
v 5.624623009 -1.504770390 16.473951353
v 6.178950755 -1.104709616 16.474242333
v 6.284564318 -1.253027997 16.475773170
v 6.391128082 -0.951580304 16.474353710
v 6.643512436 -0.769433405 16.474486193
v 6.517237966 -0.594840524 16.472673890
v 5.833292510 0.350813872 16.462857844
v 5.771709886 0.306962528 16.462821621
v 5.024902929 1.355740684 16.451996878
v 3.499560596 3.497854793 16.429887500
v 2.396000739 5.093497363 16.413590406
v 3.095761326 6.125807487 16.410493036
v 3.033935699 6.212632291 16.409596892
v 2.898877510 6.116460956 16.409517450
v -1.191138287 9.437182533 16.366155431
v -2.782941939 11.567166774 16.343775699
v -2.806916121 11.549932332 16.343762669
v -1.194429761 9.285437529 16.367135174
v -0.136935546 10.038450959 16.367757200
v 2.521947803 5.762248795 16.409859577
v 1.340161142 6.434309138 16.399219088
v 0.990308091 6.181959362 16.399034517
v 0.879235369 6.337944311 16.397424551
v 0.529061043 6.179071506 16.396624074
v 0.283040067 5.996680228 16.396526714
v -0.315059260 5.553270472 16.396290021
v -0.167868909 5.346563740 16.398423501
v -1.142019046 4.643907101 16.397909572
v -1.280101042 4.837822517 16.395908115
v -1.805085057 4.448617876 16.395700357
v -2.354333714 4.041424285 16.395482997
v -2.226390650 3.861747476 16.397337493
v -2.532561390 3.640905846 16.397175968
v -2.657641742 3.816562405 16.395362966
v -4.533732459 2.425694888 16.394620520
v -1.636477940 -1.442750413 16.435299144
v -0.713136451 -2.730164141 16.448621721
v 0.253553937 -4.078019177 16.462569764
v 0.252321093 -4.530580254 16.465536937
v 0.903762957 -5.084770319 16.472609570
v 2.458235465 -3.977871900 16.473523922
v 2.688687041 -4.301506510 16.476864248
v 2.976887205 -4.096286859 16.477033770
v 2.656747719 -3.646699055 16.472393444
v 3.517188285 -3.025715310 16.472845110
v 3.841243322 -3.480801918 16.477542190
v 4.266538138 -3.177960821 16.477792352
v 4.037246650 -2.855955380 16.474468841
v 4.144201658 -2.779795572 16.474531752
v 4.047027020 -2.643328395 16.473123235
v 5.020992854 -1.940412931 16.473634493
v -0.077111875 10.230451033 16.366810710
v 2.682832452 6.394865685 16.406550198
v -24.729223975 8.101372259 16.250956082
v -24.674583808 8.024638354 16.251748075
v -24.704786332 8.089492919 16.251162853
v -24.368417225 7.925981134 16.254008926
v -24.805337489 8.846242198 16.245660831
v -24.879854549 8.353426659 16.248506514
v -25.073074200 8.584258232 16.245972076
v -24.884907849 8.320006866 16.248699491
v -23.825163262 6.781755260 16.264388705
v -23.952138269 6.518902715 16.265447058
v -23.361363213 5.689247918 16.274010165
v -23.530820593 5.568581837 16.273910489
v -23.184898752 4.825796133 16.280613143
v -22.381651233 3.741365455 16.291969426
v -1.756104708 27.374285386 16.245319454
v -1.958121782 27.230434415 16.245200627
v -2.371549015 26.720596771 16.246373095
v -1.706447164 27.123736679 16.247227298
v -1.414397611 27.300757431 16.247602382
v -0.604691077 26.686537422 16.255903047
v -0.909462514 27.114395625 16.251486445
v -1.317206323 27.686813221 16.245577618
v -1.510751713 27.548994710 16.245463773
v -4.033915310 25.357146640 16.246576197
v -3.467744098 25.530246260 16.248420863
v -3.369485501 25.792742378 16.247213600
v -4.036911288 25.359410543 16.246545542
v -7.852001321 22.882431080 16.242726833
v -7.540462445 23.084700329 16.243038667
v -7.913748847 23.608924992 16.237627993
v -8.216041332 23.393670575 16.237450183
v -7.672167572 22.091129591 16.248873475
v -8.114345429 22.712101949 16.242464240
v -8.133570006 22.699620231 16.242444997
v -8.140729391 22.121960717 16.246202946
v -7.994441535 21.045036150 16.254049658
v -9.055357006 20.289586535 16.253425620
v -8.824789422 19.965789007 16.256767628
v -7.454250201 20.941713438 16.257573789
v -7.358047715 21.010216662 16.257630376
v -8.518980499 22.640572316 16.240803004
v -8.521491128 22.626685652 16.240881027
v -8.404872928 22.276720217 16.243794799
v -9.612207295 19.893068294 16.253098077
v -10.218584351 19.461283363 16.252741401
v -9.486573638 18.433284307 16.263351676
v -8.880916952 18.866080890 16.263697910
v -9.140732838 19.230953261 16.259931957
v -9.156058498 19.237994195 16.259804972
v -9.161860775 19.260624274 16.259625714
v -19.057699501 14.524195232 16.238625591
v -18.619492197 14.359178220 16.242017943
v -18.511097233 14.562616308 16.241252125
v -18.676848508 14.795389068 16.238849610
v 15.284056593 -16.972779341 17.571027364
v 15.595181768 -16.790272387 17.571270006
v 14.369807011 -15.069417666 17.568371568
v 14.514696620 -14.970157820 17.568473204
v 14.421697096 -14.839553962 17.568253228
v 15.195853195 -13.767594218 17.568364975
v 15.204012639 -13.756296045 17.568366153
v 13.487445962 -11.345636078 17.564305876
v 13.476264793 -11.352690692 17.564297551
v 12.897215788 -11.718034172 17.563866402
v 12.304253640 -12.092155971 17.563424894
v 12.266665643 -12.115871631 17.563396907
v 11.249264006 -12.757788037 17.562639370
v 11.289708622 -12.814586423 17.562735036
v 10.757458799 -13.193587328 17.562373123
v 10.695796160 -13.106991416 17.562227269
v 10.116747155 -13.472334897 17.561796121
v 9.796982674 -13.674086161 17.561558030
v 8.502000055 -14.491138696 17.560593812
v 7.787404380 -14.798530941 17.559947486
v 7.126285332 -14.668131156 17.559019218
v 7.076106897 -14.703861881 17.558985098
v 6.840202906 -14.372570172 17.558427103
v 5.636572146 -15.229643538 17.557608672
v 5.890662840 -15.547984982 17.558179034
v 7.990112969 -18.178313450 17.562891702
v 9.041687624 -18.719128949 17.564633703
v 9.041895918 -18.719421467 17.564634196
v 9.172261382 -18.902500173 17.564942556
v 9.155028838 -18.641917338 17.564713555
v 9.181022808 -18.624109555 17.564731789
v 9.986033805 -19.475019934 17.566413260
v 8.669721113 -20.585798556 17.565656347
v 8.584535542 -20.896395268 17.565797458
v 7.906429701 -21.379256355 17.565336367
v 8.221441998 -23.087830628 17.567089788
v 6.363251793 -24.906219829 17.566220639
v 8.851320141 -23.134532708 17.567912447
v 9.626356647 -21.001476596 17.567180306
v 14.598338961 -17.461060580 17.570561098
v 9.537015971 -18.515329028 17.565089093
v 13.201733021 -18.455546427 17.569611449
v 13.509238849 -18.236579727 17.569820544
v 14.066089138 -17.840061486 17.570199184
v -8.450427994 14.907469311 17.516042745
v -7.507288951 15.653676371 17.516624625
v -7.566360648 15.736633695 17.516484900
v -6.922764204 16.116149587 17.516985254
v -6.385981354 16.540849530 17.517316428
v -7.548061840 18.172816959 17.514567704
v -8.032176708 18.721659059 17.513526943
v -8.321357331 18.854514772 17.513060532
v -8.671798581 19.015514916 17.512495316
v -9.486573638 18.433284307 17.511942928
v -10.218584351 19.461283363 17.510211468
v -10.248153785 19.440227757 17.510191362
v -9.865552586 18.097121253 17.511738033
v -10.275451745 17.805242992 17.511459315
v -10.433444029 17.692317364 17.511352222
v -10.965020538 17.312370891 17.510991902
v -11.521166392 16.914863378 17.510614927
v -13.984772123 15.153991155 17.508945012
v -18.672779759 15.754601524 17.502620702
v -23.011177878 12.665343916 17.499670728
v -23.046994719 12.141549143 17.500043179
v -23.675315416 11.641105589 17.499658173
v -24.673507845 10.930319380 17.498979434
v -23.519820180 11.428597516 17.500021305
v -24.653036891 10.795372205 17.499112424
v -25.002293675 10.181353406 17.499165859
v -23.108254490 10.994052681 17.500880578
v -22.386979737 12.066833657 17.500925727
v -22.435756852 12.629951232 17.500416472
v -21.558361399 12.743540580 17.501420144
v -19.057699501 14.524195232 17.503120515
v -19.399153880 14.652777710 17.502592321
v -18.572024296 15.241754630 17.503154743
v -18.265566613 15.023433654 17.503710757
v -18.511097233 14.562616308 17.503771541
v -17.891584618 13.692603929 17.505236904
v -14.741162676 13.789977851 17.509087990
v -14.793635713 13.203947006 17.509489232
v -12.958182214 10.386001864 17.514022098
v -11.785460654 11.221065613 17.514819512
v -11.357604196 11.525730787 17.515110441
v -11.850235768 12.217557806 17.513945196
v -11.689886047 12.344425763 17.514044125
v -9.796703816 13.842302377 17.515212145
v -9.500279714 14.076831696 17.515395027
v -8.963496890 14.501531676 17.515726201
v -6.945711621 16.148375785 17.516930975
v -8.880916952 18.866080890 17.512353542
v -15.410118344 14.830680670 17.507425045
v -14.981715082 15.778762046 17.507204281
v -17.442331916 14.026622416 17.505531139
v 22.602036533 -12.606933902 16.247875732
v 22.591738759 -12.686071218 16.247877821
v 22.938186172 -12.482844133 16.247912318
v 23.696076033 -11.943170974 16.247983734
v 26.048597441 -10.268003214 16.248205412
v 24.972963406 -8.757436836 16.248007061
v 25.025410189 -8.142005090 16.247987373
v 23.592236885 -6.129328533 16.247723090
v 23.452189924 -5.816844917 16.247692331
v 23.360999484 -6.183009761 16.247696573
v 24.091690482 -7.694290885 16.247851985
v 24.407174138 -11.087804892 16.248035870
v 23.538023140 -11.199697489 16.247932369
v 25.801254865 -10.095117183 16.248167234
v 16.831716000 -16.064917723 16.247304263
v 18.712235182 -14.961799570 16.247491517
v 18.038729111 -14.015961495 16.247367320
v 17.687288878 -14.162195283 16.247329772
v 17.575445462 -14.208733171 16.247317822
v 16.435419180 -14.683096506 16.247196022
v 16.045477353 -14.960763683 16.247159278
v 15.488627064 -15.357281924 16.247106806
v 15.025291130 -15.687211087 16.247063146
v 14.514696620 -14.970157820 16.246968990
v 14.369807011 -15.069417666 16.246955171
v 15.595181768 -16.790272387 16.247181134
v 7.906429701 -21.379256355 16.246418877
v 8.584535542 -20.896395268 16.246482774
v 8.669721113 -20.585798556 16.246480152
v 9.986033805 -19.475019934 16.246596797
v 9.537015971 -18.515329028 16.246499974
v 9.181022817 -18.624109540 16.246460263
v 9.155028815 -18.641917309 16.246457784
v 9.172261396 -18.902500193 16.246471033
v 9.527300660 -19.401099490 16.246536504
v 9.219718288 -19.620120695 16.246507520
v 8.865368909 -19.872443438 16.246474130
v 8.775969064 -20.198405897 16.246476882
v 7.739114998 -21.298663080 16.246394601
v 7.749191435 -21.491221531 16.246404060
v 7.774140207 -21.967986968 16.246427481
v 7.913989460 -22.794842255 16.246480132
v 7.820878442 -22.861144128 16.246471358
v 7.825337590 -22.946357456 16.246475544
v 6.203471928 -24.674297297 16.246347132
v 5.619275165 -25.090288232 16.246292083
v 5.622079551 -25.198287170 16.246297034
v 4.845392596 -25.793496767 16.246225643
v 3.944692895 -25.247708024 16.246090190
v 3.561799724 -25.364080141 16.246047451
v 2.791976745 -26.234218821 16.245988629
v 2.557603697 -26.284522012 16.245961577
v 2.041329560 -26.880577647 16.245922661
v 1.435028110 -27.580572803 16.245876959
v 0.900402346 -26.829771251 16.245778372
v 0.641766949 -26.818254011 16.245745664
v -2.908500434 -23.299642546 16.245153495
v -3.718335600 -22.330020431 16.245011302
v -3.314218779 -22.897541784 16.245085823
v -2.203202045 -24.457797845 16.245290698
v 0.597541558 -28.391021398 16.245807165
v 3.650198753 -26.217305616 16.246094816
v 4.702883238 -26.088523999 16.246220461
v 5.234481393 -25.709987129 16.246270553
v 5.628088853 -25.429709753 16.246307643
v 6.363251793 -24.906219829 16.246376917
v 8.221441998 -23.087830628 16.246530914
v 4.892422738 -25.783402747 16.246231071
v -4.964676654 -20.579721695 16.244781472
v -4.716591734 -20.928119689 16.244827220
v -4.721559930 -20.907350553 16.244825716
v -2.959635240 -19.052179748 16.244966155
v 0.265997940 -15.655836795 16.245223261
v -1.578874112 -16.969520985 16.245049419
v -5.531321870 -19.783953633 16.244676981
v -5.011834251 -20.513495937 16.244772776
v 9.989521891 -3.422522476 16.245913288
v 7.948462226 -0.556160865 16.245536910
v 7.885657724 -0.600882276 16.245530992
v 9.926717389 -3.467243887 16.245907370
v 3.284393033 -3.877320159 16.245097416
v 3.841243322 -3.480801918 16.245149887
v 3.517188285 -3.025715310 16.245090130
v 2.962860539 -3.425776085 16.245038124
v 2.656747719 -3.646699055 16.245009404
v 2.976887205 -4.096286859 16.245068439
v 1.477778826 -10.501572171 16.245154605
v 3.056137203 -12.718139347 16.245445660
v 3.150070976 -12.619210756 16.245453146
v 3.029994185 -12.102034376 16.245416153
v 2.967020958 -11.830805726 16.245396752
v 2.746109164 -11.551165668 16.245357319
v 2.543041960 -11.157121038 16.245315234
v 1.922807110 -10.508992999 16.245210358
v 0.468855695 -8.668516079 16.244950824
v -0.755233740 -6.753830658 16.244716762
v -1.757428694 -5.186226191 16.244525130
v -1.730537847 -5.123453825 16.244525805
v -2.519049985 -4.016107010 16.244380401
v -2.698747690 -3.763748584 16.244347264
v -3.402671684 -3.267014778 16.244238413
v -4.026446156 -2.358998053 16.244122022
v -3.980528056 -2.152976567 16.244118964
v -4.661463112 -1.434615855 16.244003534
v -5.843143023 0.285533288 16.243783044
v -9.786067982 6.025174732 16.243047331
v -10.318174813 6.064072261 16.242979390
v -7.925492331 2.703909238 16.243420609
v -7.635122185 2.296127999 16.243474154
v -6.608791910 0.854801344 16.243663413
v -6.496379337 0.696934776 16.243684142
v -5.846555777 -0.215644772 16.243803972
v -4.096504306 -2.673329100 16.244126688
v -3.947548946 -2.882514522 16.244154156
v -2.931311441 -4.309667399 16.244341553
v -1.963913660 -5.668232220 16.244519945
v -1.865422149 -5.806548749 16.244538107
v -1.044311525 -6.959675240 16.244689523
v -0.064674812 -8.335427805 16.244870171
v 0.204407710 -8.713313775 16.244919791
v 1.209624375 -10.124989537 16.245105156
v -1.498401570 14.599533707 16.243714391
v -1.410176841 14.475635332 16.243730660
v -0.270002251 15.287523252 16.243838098
v 1.086363191 16.253354913 16.243965908
v 5.603399796 19.469816222 16.244391548
v 5.002067934 20.314296466 16.244280660
v 4.927010210 20.419703762 16.244266819
v 4.419655233 20.079110031 16.244218130
v 2.848895549 19.024639442 16.244067390
v 2.841784679 18.466944598 16.244090265
v 1.795359456 17.397775415 16.244005467
v 0.177783679 16.381130029 16.243847284
v 0.156998017 15.778299608 16.243870379
v -0.077111875 10.230451033 16.244077591
v 2.898877510 6.116460956 16.244623590
v 3.033935699 6.212632291 16.244636317
v 3.095761326 6.125807487 16.244647718
v 3.180836600 6.251313364 16.244652968
v -0.094963235 10.851682012 16.244048899
v -0.114513274 10.837760950 16.244047057
v -0.210715760 10.769257726 16.244037992
v -2.375867329 13.787992888 16.243639663
v -2.365522100 13.795359450 16.243640638
v -2.453746829 13.919257825 16.243624369
v -2.713843811 13.734049699 16.243599860
v -3.417302894 13.619277763 16.243517121
v -2.236016183 11.960338077 16.243734955
v -1.143822849 10.104817051 16.243950065
v -1.208093604 10.059051560 16.243944009
v -2.167428769 11.406293651 16.243767104
v -2.387530802 11.851417992 16.243720721
v -2.782941939 11.567166774 16.243683576
v -1.191138287 9.437182533 16.243972617
v -10.405419781 6.915815086 16.242932232
v -11.066661272 7.275541625 16.242834535
v -11.195336419 6.921355679 16.242833597
v -11.243417450 6.789009815 16.242833246
v -10.791432907 6.728692142 16.242892119
v -10.408081670 6.190332932 16.242962811
v -10.394158114 6.909688550 16.242933896
v -18.375444312 3.324812899 16.242092416
v -18.763666036 3.504905832 16.242036382
v -19.593065646 3.254608477 16.241943729
v -19.728108743 2.782839982 16.241947008
v -21.828018401 2.575279144 16.241694268
v -22.381651233 3.741365455 16.241575620
v -23.184898752 4.825796133 16.241429356
v -23.530820593 5.568581837 16.241354617
v -23.361363213 5.689247918 16.241370585
v -23.952138269 6.518902715 16.241261644
v -23.825163285 6.781755229 16.241266262
v -24.368417225 7.925981134 16.241149838
v -24.704786332 8.089492919 16.241100970
v -24.674583808 8.024638354 16.241107496
v -24.440071923 7.695301649 16.241150740
v -21.500454905 1.576858222 16.241777612
v -20.835666204 0.643262382 16.241900201
v -15.241911179 4.626426165 16.242427299
v -15.073780840 4.746147296 16.242443142
v -14.871275015 4.890346294 16.242462224
v -13.931569788 5.559485327 16.242550772
v -14.648695156 5.342363181 16.242470692
v -14.757803628 5.281819244 16.242459680
v -15.399847294 4.925551297 16.242394880
v -16.540151805 4.292800025 16.242279793
v -17.926980510 3.523253277 16.242139826
v -18.048581840 3.455777093 16.242127553
v -24.446557297 7.534910784 16.241156766
v -24.516220908 5.812048426 16.241221494
v -20.298562777 2.554275802 16.241885685
v -21.094737884 2.235271815 16.241800098
v -21.995812684 2.272513791 16.241686266
v -1.254277854 27.166058828 16.243209383
v 0.143510974 25.724575985 16.243444921
v 0.631175143 25.355745727 16.243521383
v 3.071631839 22.769123168 16.243935596
v 3.241285645 22.787050617 16.243955965
v 2.039433983 24.474870686 16.243734340
v -0.607539893 28.192147762 16.243246228
v -1.317206323 27.686813221 16.243179357
v -0.909462514 27.114395625 16.243254538
v -0.604691077 26.686537422 16.243310732
v -1.706447118 27.123736692 16.243154860
v -2.371549015 26.720596771 16.243089186
v -1.958121782 27.230434415 16.243118963
v -3.792241312 25.924406808 16.242946135
v -4.634881405 25.943719059 16.242840345
v -5.741658011 25.155612952 16.242736054
v -6.683128161 23.980542990 16.242668842
v -4.499796697 25.709188716 16.242867165
v -4.036911288 25.359410543 16.242939729
v -3.369485501 25.792742378 16.243004407
v -1.414397611 27.300757431 16.243183698
v -1.527693312 26.988541531 16.243182888
v -7.224944530 21.104995891 16.242723866
v -7.287543385 21.550982713 16.242697066
v -7.672167572 22.091129591 16.242626140
v -8.140729391 22.121960717 16.242566458
v -8.216041332 23.393670575 16.242502894
v -8.407468801 23.257360179 16.242484855
v -8.426733528 23.150804095 16.242486996
v -8.518980499 22.640572316 16.242497244
v -7.358047715 21.010216662 16.242711324
v -9.262710304 19.653957225 16.242531848
v -8.824789422 19.965789007 16.242573113
v -9.055357006 20.289586535 16.242530596
v -9.612207295 19.893068294 16.242478124
v -9.161860799 19.260624308 16.242561169
v -18.572024296 15.241754630 16.241560187
v -19.399153880 14.652777710 16.241482247
v -19.057699501 14.524195232 16.241530260
v -18.676848508 14.795389068 16.241566147
v -18.265566613 15.023433654 16.241607664
v -25.432998631 9.996545400 16.240929004
v -25.002293675 10.181353406 16.240974783
v -24.653036891 10.795372205 16.240992128
v -23.519820180 11.428597516 16.241106312
v -24.673507845 10.930319380 16.240983828
v -25.651661483 10.233802259 16.240891657
v -25.305323913 8.910418056 16.240991185
v -25.073074200 8.584258232 16.241034013
v -24.879854549 8.353426659 16.241067917
v -24.805337489 8.846242198 16.241056202
v -24.771806204 9.067999986 16.241050931
v -25.188368270 9.652998815 16.240974115
v 16.964323852 -6.034166181 14.997752202
v 17.004830563 -5.911410299 14.997774215
v 16.663474529 -5.432027041 14.997921450
v 16.540003555 -5.438272082 14.997935222
v 3.284393033 -3.877320159 14.999904200
v 3.817859719 -4.626493961 14.999674103
v 4.374710008 -4.229975719 14.999692953
v 3.841243322 -3.480801918 14.999923050
v 2.976887205 -4.096286859 14.999893790
v 2.688687041 -4.301506510 14.999884034
v 3.222153726 -5.050680312 14.999653937
v 3.510353891 -4.845460661 14.999663693
v 1.006427842 -8.235270148 14.999225758
v 1.986417182 -7.951644526 14.999167894
v 2.240825480 -7.309516223 14.999277825
v 1.917044787 -6.854814890 14.999417480
v 0.647995306 -6.947137780 14.999552845
v 0.616150630 -7.111603520 14.999520603
v 0.528529394 -7.564133587 14.999431887
v 0.507047641 -18.113383362 14.997115863
v 0.618026979 -18.203155549 14.997082520
v 0.729334409 -17.955098883 14.997123388
v 6.283301802 -1.256599403 15.000112381
v 6.284564318 -1.253027997 15.000113011
v 6.178950755 -1.104709616 15.000158565
v 5.624623009 -1.504770390 15.000138626
v 5.728976727 -1.651319507 15.000093616
v 4.047027004 -2.643328373 15.000081881
v 4.144201658 -2.779795572 15.000039967
v 5.122599671 -2.083104438 15.000073088
v 5.020992854 -1.940412931 15.000116914
v 4.037246650 -2.855955380 15.000036347
v 4.266538138 -3.177960821 14.999937448
v 4.373493145 -3.101801013 14.999941068
v -5.718136834 3.399065488 15.002607725
v -5.768315269 3.363334763 15.002606026
v -5.759070118 3.350351338 15.002602038
v -5.711798785 3.390164651 15.002604991
v -5.608738072 3.476965430 15.002611428
v -7.161696179 3.365211087 15.002777346
v -7.129446112 3.376362621 15.002775841
v -7.165594759 3.427127964 15.002791433
v 16.399863910 -5.241467007 15.832751250
v 16.338282447 -5.154985096 15.832751250
v 16.271388588 -5.202618429 15.832751250
v 15.894605405 -5.470915686 15.832751250
v 15.593817097 -5.685099019 15.832751250
v 15.399871142 -5.823202761 15.832751250
v 15.356914394 -5.853791115 15.832751250
v 15.253581094 -5.927372003 15.832751250
v 15.517292010 -6.297714359 15.832751250
v 15.616748983 -6.437386734 15.832751250
v 16.036118775 -7.026328593 15.832751250
v 16.236033080 -6.883974948 15.832751250
v 16.821463481 -6.467105571 15.832751250
v 17.120820128 -6.253941686 15.832751250
v 16.964323852 -6.034166181 15.832751250
v 16.540003555 -5.438272082 15.832751250
v 0.591036486 17.033615559 15.887456250
v 0.599752545 17.039822032 15.887456250
v -0.181799061 18.137393828 15.887456250
v -0.190515121 18.131187355 15.887456250
v -1.344130362 17.309728705 15.887456250
v -0.562578756 16.212156909 15.887456250
v -7.193585289 3.871667656 15.885251250
v -7.385055134 3.735327086 15.885251250
v -7.165594787 3.427128004 15.885251250
v -7.129446112 3.376362621 15.885251250
v -6.730589943 2.816229065 15.885251250
v -6.604121922 2.638623732 15.885251250
v -6.591032577 2.620241713 15.885251250
v -6.514931279 2.674431418 15.885251250
v -5.694011602 3.258986428 15.885251250
v -5.759070118 3.350351338 15.885251250
v -5.768315269 3.363334763 15.885251250
v -6.488034159 4.374071801 15.885251250
v 0.718852509 -16.432826717 15.821301250
v 0.642460682 -16.325545876 15.821301250
v 0.043440589 -16.752092110 15.821301250
v -0.376282612 -17.050965809 15.821301250
v -0.530052931 -17.160461552 15.821301250
v -0.470969451 -17.243435422 15.821301250
v -0.453661105 -17.267742394 15.821301250
v -0.338595066 -17.429335355 15.821301250
v 0.269132020 -18.282796731 15.821301250
v 0.507047610 -18.113383385 15.821301250
v 0.729334409 -17.955098883 15.821301250
v 1.441645634 -17.447881055 15.821301250
v 1.144303978 -17.030309378 15.821301250
v 1.026171315 -16.864409803 15.821301250
v -15.884917673 6.645036733 15.881121250
v -15.968674871 6.762661133 15.881121250
v -16.026941471 6.721171041 15.881121250
v -16.575456956 6.330587791 15.881121250
v -17.144283907 5.925541288 15.881121250
v -16.692040779 5.290433769 15.881121250
v -16.387964225 4.863403939 15.881121250
v -15.841116408 5.252799686 15.881121250
v -15.212355189 5.700523783 15.881121250
v -15.437475321 6.016671183 15.881121250
v 23.452189943 -5.816844893 -18.112978250
v 22.838986543 -4.448618084 -18.112978250
v 21.109263779 -1.358843103 -18.112978250
v 17.461226426 -3.956513218 -18.112978250
v 15.630650181 -4.882447069 14.902929957
v 15.630650181 -4.882447069 -18.112978250
v 15.307840959 -5.045729026 14.902922501
v 15.307840959 -5.045729026 -18.112978250
v 12.901578780 -6.262853749 -18.112978250
v 12.619534071 -6.405516347 -18.112978250
v 12.580136313 -6.989966904 14.902759762
v 12.476292383 -7.047738867 18.902438679
v 12.476292383 -7.047738867 14.902756437
v 12.959736460 -9.523422940 -18.112978250
v 13.534378980 -11.216216521 14.901949901
v 13.476264787 -11.352690684 -18.112978250
v 14.773294003 -14.352704127 17.568303980
v 14.514696632 -14.970157837 14.901221753
v 15.488627064 -15.357281924 14.901088828
v 16.045477353 -14.960763683 14.901121981
v 18.712235164 -14.961799545 -18.112978250
v 19.304178303 -14.614563939 -18.112978250
v 22.591738721 -12.686071240 -18.112978250
v 15.517292000 -6.297714346 14.902687440
v 15.356914375 -5.853791129 14.902776492
v 15.356914375 -5.853791129 -18.112978250
v 15.399871106 -5.823202787 14.902779050
v 15.399871106 -5.823202787 -18.112978250
v 15.593817109 -5.685099010 14.902790597
v 15.894605381 -5.470915703 14.902808505
v 16.271388566 -5.202618445 14.902830938
v 16.399863887 -5.241466976 14.902815562
v 16.399863887 -5.241466976 -18.112978250
v 16.821463490 -6.467105565 14.902571098
v 16.236033080 -6.883974948 14.902536243
v 15.616748995 -6.437386752 14.902656174
v 9.219718261 -19.620120714 14.900751117
v 9.172261382 -18.902500173 14.900881040
v 9.041895918 -18.719421467 14.900922022
v 6.840202906 -14.372570172 14.901835847
v 3.775353283 -10.983724416 14.902637619
v 6.101051411 -8.483706051 18.897094808
v 6.977477784 -7.885171971 18.897674279
v 7.517160178 -7.516608995 18.898031103
v 8.509221018 -6.839105247 18.898687029
v 7.885657724 -0.600882276 14.904199554
v 7.948462226 -0.556160865 -18.112978250
v 6.808269267 1.045068821 -18.112978250
v 6.745464765 1.000347410 14.904557986
v 6.745464765 1.000347410 -18.112978250
v 5.833292510 0.350813872 -18.112978250
v 5.728976727 -1.651319507 14.904156882
v 5.122599671 -2.083104438 14.904120780
v 4.266538138 -3.177960821 14.903984080
v 2.688687041 -4.301506510 14.903890139
v 0.283040041 5.996680265 14.905868873
v 1.498722554 6.344138229 16.400646732
v 1.498722554 6.344138229 -18.112978250
v -4.229221562 11.050123284 14.907060629
v -5.207619575 10.353432150 14.907002377
v -14.980719707 14.162659762 17.508492480
v -15.132698745 14.399095420 17.508114677
v -25.188368280 9.652998830 14.908202583
v -24.805337502 8.846242231 -18.112978250
v -16.864740834 4.112686650 16.242247034
v -15.399847329 4.925551307 14.906718808
v -13.664141540 5.749913850 14.906749434
v -13.931569788 5.559485327 -18.112978250
v -13.664141540 5.749913850 -18.112978250
v -12.871387443 6.314412903 14.906796633
v -12.871387443 6.314412903 -18.112978250
v -12.574959970 6.525491001 14.906814281
v -12.574959970 6.525491001 -18.112978250
v -12.053136835 6.897067340 -18.112978250
v -11.243417450 6.789009815 -18.112978250
v -11.195336437 6.921355632 -18.112978250
v -10.405419734 6.915815059 14.906739482
v -10.408081670 6.190332932 -18.112978250
v -10.318174813 6.064072261 -18.112978250
v -9.786068042 6.025174743 -18.112978250
v -7.957215239 3.362948290 16.243388578
v -6.109051373 0.672611045 16.243733428
v -5.843143060 0.285533299 14.905265839
v -2.519049985 -4.016107010 14.904285630
v -1.757428697 -5.186226137 -18.112978250
v 3.292157203 -13.049593973 14.902304668
v 3.056137203 -12.718139347 -18.112978250
v 3.292157203 -13.049593973 -18.112978250
v 3.505439469 -13.349116869 -18.112978250
v 0.963119762 -15.159434936 14.902086257
v 0.963119762 -15.159434936 -18.112978250
v 0.265997940 -15.655836795 -18.112978250
v -4.716591734 -20.928119689 -18.112978250
v -3.718335600 -22.330020431 -18.112978250
v 0.187358921 -26.367897753 16.245669870
v 0.900402322 -26.829771216 -18.112978250
v 2.791976705 -26.234218834 -18.112978250
v 7.058811505 -23.763016318 16.246414854
v 7.820878406 -22.861144154 -18.112978250
v -0.470969451 -17.243435422 14.901813111
v -0.453661105 -17.267742394 14.901807670
v -0.376282585 -17.050965789 14.901840840
v 0.043440551 -16.752092137 14.901865829
v 0.718852509 -16.432826717 14.901877479
v 1.026171315 -16.864409803 14.901780869
v 1.144303994 -17.030309401 14.901743733
v -0.338595061 -17.429335362 14.901771498
v 1.362233087 -8.132294049 14.999204749
v -15.437475346 6.016671218 14.906914064
v -15.841116388 5.252799701 14.906805860
v -16.692040758 5.290433739 14.906868892
v -16.575456938 6.330587804 14.907044926
v -16.026941483 6.721171032 14.907077583
v -15.884917701 6.645036773 14.907054722
v -15.884917701 6.645036773 -18.112978250
v -7.193585306 3.871667644 14.905988866
v -5.718136834 3.399065488 14.905807609
v -5.711798807 3.390164681 14.905805617
v -6.514931279 2.674431418 14.905732388
v -6.604121913 2.638623719 14.905731972
v -6.604121913 2.638623719 -18.112978250
v -6.730589944 2.816229066 14.905771728
v -1.712469325 14.260380916 14.907461007
v -1.967027130 14.079117091 14.907445851
v -1.967027130 14.079117091 -18.112978250
v -1.712469325 14.260380916 -18.112978250
v -1.410176841 14.475635332 -18.112978250
v 4.613902330 20.859416732 14.908207635
v 4.927010210 20.419703762 -18.112978250
v 4.613902330 20.859416732 -18.112978250
v 3.815355427 21.980855867 14.908458667
v 3.815355427 21.980855867 -18.112978250
v 3.241285645 22.787050617 -18.112978250
v -4.036911252 25.359410518 -18.112978250
v -5.741658011 25.155612952 -18.112978250
v -7.913748847 23.608924992 -18.112978250
v -7.672167547 22.091129555 14.909239325
v -7.358047715 21.010216662 14.909027552
v -7.454250201 20.941713438 14.909021824
v -8.824789422 19.965789007 14.908940225
v -8.671798577 19.015514860 -18.112978250
v -8.321357319 18.854514755 14.908710544
v -2.269319615 13.863862674 14.907427853
v -2.365522100 13.795359450 -18.112978250
v -2.269319615 13.863862674 -18.112978250
v -0.190515121 18.131187355 14.908043998
v 0.591036486 17.033615559 14.907798308
v 12.589028140 -6.420946768 -18.112978250
v 12.012387836 -6.265747350 -18.112978250
v 10.276713208 -5.680870453 -18.112978250
v 9.113028457 -4.046650076 -18.112978250
v 9.926717389 -3.467243887 -18.112978250
v 12.304253600 -12.092156000 -18.112978250
v -7.507288963 15.653676389 -18.112978250
v -8.963496864 14.501531639 18.874263316
v -9.500279710 14.076831690 18.873930891
v -9.796703793 13.842302345 18.873747317
v -2.782941980 11.567166749 -18.112978250
v 5.771709886 0.306962528 -18.112978250
v 5.024902929 1.355740684 -18.112978250
v 3.499560596 3.497854793 -18.112978250
v 2.396000739 5.093497363 -18.112978250
v 3.095761338 6.125807471 -18.112978250
v 0.879235369 6.337944311 -18.112978250
v 2.962860533 -3.425776076 16.472554130
v 4.047027020 -2.643328395 -18.112978250
v -24.729223975 8.101372259 -18.112978250
v -24.674583808 8.024638354 -18.112978250
v -25.073074200 8.584258232 -18.112978250
v -24.884907849 8.320006866 -18.112978250
v -1.317206323 27.686813221 -18.112978250
v -1.510751713 27.548994710 -18.112978250
v -1.756104708 27.374285386 -18.112978250
v -1.958121782 27.230434415 -18.112978250
v -8.216041332 23.393670575 -18.112978250
v -8.518980504 22.640572322 -18.112978250
v -8.521491128 22.626685652 -18.112978250
v -8.404872928 22.276720217 -18.112978250
v -7.994441535 21.045036150 -18.112978250
v -9.055357006 20.289586535 -18.112978250
v -9.161860775 19.260624274 -18.112978250
v -9.612207295 19.893068294 -18.112978250
v -10.218584351 19.461283363 -18.112978250
v 15.204012639 -13.756296045 -18.112978250
v 9.041895918 -18.719421467 -18.112978250
v 9.172261382 -18.902500173 -18.112978250
v 9.155028838 -18.641917338 -18.112978250
v 9.181022808 -18.624109555 -18.112978250
v 6.363251793 -24.906219829 -18.112978250
v 8.851320141 -23.134532708 -18.112978250
v 9.626356647 -21.001476596 -18.112978250
v 13.201733021 -18.455546427 -18.112978250
v 13.509238849 -18.236579727 -18.112978250
v 14.066089138 -17.840061486 -18.112978250
v 14.598338961 -17.461060580 -18.112978250
v 15.284056593 -16.972779341 -18.112978250
v 15.595181743 -16.790272352 -18.112978250
v -6.922764204 16.116149587 -18.112978250
v -10.248153785 19.440227757 -18.112978250
v -9.865552586 18.097121253 -18.112978250
v -10.275451745 17.805242992 -18.112978250
v -10.433444032 17.692317369 17.511352222
v -10.433444032 17.692317369 -18.112978250
v -10.965020540 17.312370894 -18.112978250
v -11.521166365 16.914863339 -18.112978250
v -13.984772123 15.153991155 -18.112978250
v -14.981715082 15.778762046 -18.112978250
v -17.442331916 14.026622416 -18.112978250
v -18.672779759 15.754601524 -18.112978250
v -23.011177878 12.665343916 -18.112978250
v -23.046994719 12.141549143 -18.112978250
v -23.675315416 11.641105589 -18.112978250
v -24.673507845 10.930319380 -18.112978250
v -11.689886047 12.344425763 -18.112978250
v 22.938186172 -12.482844133 -18.112978250
v 23.696076033 -11.943170974 -18.112978250
v 26.048597441 -10.268003214 -18.112978250
v 24.972963406 -8.757436836 -18.112978250
v 25.025410189 -8.142005090 -18.112978250
v 23.592236885 -6.129328533 -18.112978250
v 18.288626947 -15.210289404 16.247449336
v 16.831716007 -16.064917733 -18.112978250
v 18.288626947 -15.210289404 -18.112978250
v 16.239772867 -16.412153338 16.247245320
v 16.239772867 -16.412153338 -18.112978250
v -3.314218779 -22.897541784 -18.112978250
v -2.203202045 -24.457797845 -18.112978250
v 0.597541558 -28.391021398 -18.112978250
v 3.650198753 -26.217305616 -18.112978250
v 4.702883238 -26.088523999 -18.112978250
v 5.234481393 -25.709987129 -18.112978250
v 5.628088853 -25.429709753 -18.112978250
v -4.964676654 -20.579721695 -18.112978250
v -1.578874112 -16.969520985 -18.112978250
v -5.531321870 -19.783953633 -18.112978250
v -5.011834251 -20.513495937 -18.112978250
v 9.989521891 -3.422522476 -18.112978250
v -7.925492331 2.703909238 -18.112978250
v -7.635122185 2.296127999 -18.112978250
v -6.608791910 0.854801344 -18.112978250
v -6.496379337 0.696934776 -18.112978250
v -5.846555777 -0.215644772 -18.112978250
v -4.096504306 -2.673329100 -18.112978250
v -3.947548946 -2.882514522 -18.112978250
v -2.931311441 -4.309667399 -18.112978250
v -1.963913660 -5.668232220 -18.112978250
v -1.865422149 -5.806548749 -18.112978250
v -1.044311525 -6.959675240 -18.112978250
v -0.064674812 -8.335427805 -18.112978250
v 0.204407710 -8.713313775 -18.112978250
v 1.209624375 -10.124989537 -18.112978250
v 1.477778826 -10.501572171 -18.112978250
v -0.270002251 15.287523252 -18.112978250
v 1.086363191 16.253354913 -18.112978250
v 5.603399796 19.469816222 -18.112978250
v 5.002067934 20.314296466 -18.112978250
v 3.180836600 6.251313364 -18.112978250
v -0.094963235 10.851682012 -18.112978250
v -0.114513274 10.837760950 -18.112978250
v -0.210715760 10.769257726 -18.112978250
v -1.143822849 10.104817051 -18.112978250
v -1.208093604 10.059051560 -18.112978250
v -2.167428769 11.406293651 -18.112978250
v -2.375867329 13.787992888 -18.112978250
v -10.791432907 6.728692142 -18.112978250
v -10.405419734 6.915815059 -18.112978250
v -23.825163285 6.781755229 -18.112978250
v -24.440071923 7.695301649 -18.112978250
v -24.446557300 7.534910763 -18.112978250
v -24.516220908 5.812048426 -18.112978250
v -21.995812684 2.272513791 -18.112978250
v -21.500454905 1.576858222 -18.112978250
v -20.835666204 0.643262382 -18.112978250
v -15.241911179 4.626426165 -18.112978250
v -15.073780840 4.746147296 -18.112978250
v -14.871275015 4.890346294 -18.112978250
v 2.039433983 24.474870686 -18.112978250
v -0.607539893 28.192147762 -18.112978250
v -1.706447118 27.123736692 -18.112978250
v -3.792241312 25.924406808 -18.112978250
v -4.025239684 25.929746873 16.242916883
v -4.025239684 25.929746873 -18.112978250
v -4.634881405 25.943719059 -18.112978250
v -8.407468801 23.257360179 -18.112978250
v -8.426733523 23.150804088 -18.112978250
v -25.651661483 10.233802259 -18.112978250
v -25.305323913 8.910418056 -18.112978250
v 0.616150630 -7.111603520 -18.112978250
v -7.161696180 3.365211094 -18.112978250
v 16.236033080 -6.883974948 -18.112978250
v -6.514931279 2.674431418 -18.112978250
v -0.470969451 -17.243435422 -18.112978250
v 0.507047610 -18.113383385 -18.112978250
v 1.026171315 -16.864409803 -18.112978250
g roof
f 1 936 2 937 938 3
g roof
f 1 3 4
g roof
f 1 4 5
g roof
f 1 5 6
g roof
f 6 7 8
g roof
f 6 8 9
g roof
f 6 9 10
g roof
f 6 10 952 953 11
g roof
f 6 11 954 942 12
g roof
f 13 950 14 15
g roof
f 16 17 10
g roof
f 16 10 9
g roof
f 16 9 18
g roof
f 16 18 19
g roof
f 16 19 20
g roof
f 16 20 21
g roof
f 16 21 22
g roof
f 16 22 23
g roof
f 16 23 24
g roof
f 16 24 25
g roof
f 16 25 26
g roof
f 16 26 27
g roof
f 28 29 30
g roof
f 30 929 931 31 32
g roof
f 32 33 34
g roof
f 34 933 35 36
g roof
f 34 36 37
g roof
f 34 37 38
g roof
f 39 1 6
g roof
f 15 16 27
g roof
f 27 923 925 28 30
g roof
f 30 32 34
g roof
f 30 34 38
g roof
f 40 39 6
g roof
f 13 15 27
g roof
f 13 27 30
g roof
f 38 40 6
g roof
f 38 6 12
g roof
f 12 943 945 947 948 949 13 30
g roof
f 12 30 38
g roof
f 41 42 981 43
g roof
f 43 44 45
g roof
f 43 45 46
g roof
f 43 46 47
g roof
f 43 47 48
g roof
f 43 48 49
g roof
f 43 49 50
g roof
f 43 50 51
g roof
f 43 51 52
g roof
f 43 52 53
g roof
f 43 53 54
g roof
f 43 54 55
g roof
f 43 55 56
g roof
f 43 56 57
g roof
f 43 57 58
g roof
f 58 984 59 60
g roof
f 58 60 1028 61
g roof
f 58 61 1029 62
g roof
f 63 1032 1027 60 59
g roof
f 63 59 64
g roof
f 63 64 65
g roof
f 63 65 985 988 990 66
g roof
f 66 67 68
g roof
f 66 68 69
g roof
f 70 71 72
g roof
f 70 72 73
g roof
f 74 1001 75 76
g roof
f 76 77 78
g roof
f 76 78 79
g roof
f 80 81 82
g roof
f 80 82 83
g roof
f 80 83 84
g roof
f 80 84 85
g roof
f 85 86 87
g roof
f 88 89 1004 90
g roof
f 90 1008 91 92
g roof
f 90 92 93
g roof
f 90 93 94
g roof
f 94 95 96
g roof
f 94 96 97
g roof
f 94 97 98
g roof
f 94 98 99
g roof
f 99 100 101
g roof
f 99 101 102
g roof
f 102 103 104
g roof
f 105 106 107
g roof
f 105 107 108
g roof
f 105 108 109
g roof
f 105 109 110
g roof
f 105 110 1025 1019 1018 111
g roof
f 112 113 108
g roof
f 112 108 107
g roof
f 112 107 114
g roof
f 112 114 115
g roof
f 112 115 116
g roof
f 112 116 117
g roof
f 112 117 118
g roof
f 112 118 119
g roof
f 112 119 120
g roof
f 112 120 121
g roof
f 112 121 122
g roof
f 112 122 123
g roof
f 112 123 124
g roof
f 112 124 125
g roof
f 112 125 955 126
g roof
f 112 126 956 957 127
g roof
f 112 127 128
g roof
f 112 128 129
g roof
f 112 129 130
g roof
f 112 130 958 131
g roof
f 112 131 132
g roof
f 133 134 135
g roof
f 133 135 136
g roof
f 137 138 1037 139
g roof
f 139 1038 1040 140 141
g roof
f 141 142 143
g roof
f 144 145 1035 146
g roof
f 146 1036 147 138
g roof
f 146 138 137
g roof
f 148 134 133
g roof
f 148 133 149
g roof
f 148 149 150
g roof
f 148 150 151
g roof
f 148 151 152
g roof
f 148 152 153
g roof
f 148 153 154
g roof
f 148 154 155
g roof
f 148 155 156
g roof
f 148 156 157
g roof
f 148 157 158
g roof
f 148 158 159
g roof
f 148 159 160
g roof
f 160 964 161 162
g roof
f 160 162 967 163
g roof
f 160 163 164
g roof
f 160 164 165
g roof
f 160 165 166
g roof
f 160 166 167
g roof
f 160 167 168
g roof
f 160 168 970 971 169
g roof
f 160 169 170
g roof
f 170 972 171 172
g roof
f 173 174 175
g roof
f 173 175 176
g roof
f 177 973 178 179
g roof
f 180 181 182
g roof
f 180 182 183
g roof
f 180 183 184
g roof
f 185 186 187
g roof
f 185 187 188
g roof
f 189 190 191
g roof
f 189 191 192
g roof
f 193 194 195
g roof
f 196 197 198
g roof
f 196 198 199
g roof
f 196 199 200
g roof
f 200 201 202
g roof
f 200 202 203
g roof
f 203 204 977 978 205
g roof
f 203 205 206
g roof
f 207 208 209
g roof
f 207 209 210
g roof
f 211 212 213
g roof
f 211 213 214
g roof
f 211 214 215
g roof
f 211 215 216
g roof
f 211 216 217
g roof
f 211 217 218
g roof
f 211 218 219
g roof
f 220 221 222
g roof
f 220 222 223
g roof
f 220 223 224
g roof
f 220 224 225
g roof
f 225 226 227
g roof
f 225 227 228
g roof
f 225 228 229
g roof
f 229 230 231
g roof
f 229 231 232
g roof
f 232 41 43
g roof
f 232 43 58
g roof
f 232 58 62
g roof
f 232 62 1030 1031 63
g roof
f 232 63 66
g roof
f 232 66 69
g roof
f 233 74 76
g roof
f 233 76 79
g roof
f 234 88 90
g roof
f 94 99 102
g roof
f 94 102 104
g roof
f 94 104 105
g roof
f 94 105 111
g roof
f 235 959 133 136
g roof
f 137 148 160
g roof
f 160 170 172
g roof
f 195 196 200
g roof
f 195 200 203
g roof
f 195 203 206 207
g roof
f 195 207 210 236
g roof
f 236 211 219
g roof
f 219 220 225
g roof
f 219 225 229
g roof
f 219 229 232
g roof
f 219 232 69
g roof
f 219 69 995 70
g roof
f 73 233 79
g roof
f 87 234 90
g roof
f 90 94 111
g roof
f 90 111 1020 1021 237
g roof
f 90 237 1022 1023 1024 112
g roof
f 90 112 132
g roof
f 90 132 235
g roof
f 238 137 139
g roof
f 238 139 141
g roof
f 137 160 172
g roof
f 137 172 173
g roof
f 137 173 176
g roof
f 137 176 177
g roof
f 137 177 179
g roof
f 137 179 180
g roof
f 193 195 236
g roof
f 236 219 70
g roof
f 236 70 73
g roof
f 87 90 235
g roof
f 87 235 136
g roof
f 87 136 239
g roof
f 240 238 141
g roof
f 146 137 180
g roof
f 146 180 184
g roof
f 146 184 185
g roof
f 146 185 188 241
g roof
f 146 241 189 192 974 242
g roof
f 146 242 193
g roof
f 193 236 73
g roof
f 85 87 239
g roof
f 239 240 141
g roof
f 144 146 193
g roof
f 144 193 73
g roof
f 80 85 239
g roof
f 80 239 141
g roof
f 143 1034 144 73
g roof
f 79 1002 80 141
g roof
f 141 143 73
g roof
f 141 73 79
g roof
f 243 244 1061 1042 1041 245
g roof
f 243 245 246
g roof
f 246 247 248
g roof
f 248 249 250
g roof
f 248 250 1065 251
g roof
f 252 250 249
g roof
f 252 249 253
g roof
f 252 253 254
g roof
f 252 254 255
g roof
f 252 255 256
g roof
f 252 256 1046 1049 257
g roof
f 252 257 258
g roof
f 252 258 259
g roof
f 252 259 260
g roof
f 252 260 261
g roof
f 252 261 262
g roof
f 252 262 263
g roof
f 252 263 264
g roof
f 252 264 265
g roof
f 252 265 266
g roof
f 252 266 267
g roof
f 252 267 268
g roof
f 268 269 270
g roof
f 268 270 271
g roof
f 272 273 1055 274
g roof
f 275 1056 1057 1058 276 277
g roof
f 275 277 278
g roof
f 275 278 279
g roof
f 275 279 280
g roof
f 282 283 284
g roof
f 282 284 285
g roof
f 285 286 287
g roof
f 285 287 243
g roof
f 285 243 246
g roof
f 246 248 251
g roof
f 246 251 288
g roof
f 288 1064 252 268
g roof
f 288 268 271
g roof
f 288 271 272
g roof
f 288 272 274
g roof
f 288 274 275
g roof
f 275 280 281
g roof
f 275 281 1060 289
g roof
f 275 289 282
g roof
f 275 282 285
g roof
f 275 285 246
g roof
f 275 246 288
g roof
f 290 291 292
g roof
f 290 292 293
g roof
f 290 293 294
g roof
f 290 294 295
g roof
f 296 297 298
g roof
f 296 298 299
g roof
f 296 299 300
g roof
f 301 960 302 303
g roof
f 301 303 304
g roof
f 301 304 305
g roof
f 301 305 306
g roof
f 301 306 307
g roof
f 307 308 309
g roof
f 307 309 310
g roof
f 307 310 311
g roof
f 307 311 312
g roof
f 307 312 313
g roof
f 307 313 314
g roof
f 307 314 315
g roof
f 315 316 317
g roof
f 315 317 318
g roof
f 321 322 323
g roof
f 324 325 326
g roof
f 326 327 328
g roof
f 328 930 290 295
g roof
f 329 296 300
g roof
f 329 300 330
g roof
f 331 963 962 961 301 307
g roof
f 331 307 315
g roof
f 331 315 318
g roof
f 331 318 319
g roof
f 331 319 320
g roof
f 331 320 321
g roof
f 331 321 323
g roof
f 331 323 324
g roof
f 331 324 326
g roof
f 331 326 328
g roof
f 331 328 295
g roof
f 295 329 330
g roof
f 295 330 332
g roof
f 295 332 331
g roof
f 333 334 335
g roof
f 333 334 335 336
g roof
f 333 336 337
g roof
f 333 337 338
g roof
f 333 338 339
g roof
f 333 339 340
g roof
f 340 341 342
g roof
f 340 342 343
g roof
f 344 345 346
g roof
f 346 347 348
g roof
f 346 348 349
g roof
f 346 349 350
g roof
f 346 350 351
g roof
f 346 351 352
g roof
f 346 352 353
g roof
f 353 354 355
g roof
f 353 355 356
g roof
f 353 356 357
g roof
f 353 357 358
g roof
f 358 359 360
g roof
f 358 360 361
g roof
f 362 363 364
g roof
f 362 364 365
g roof
f 362 365 333
g roof
f 362 333 340
g roof
f 362 340 343 366
g roof
f 362 366 1073 1074 1075 344
g roof
f 362 344 346
g roof
f 362 346 353
g roof
f 353 358 361
g roof
f 353 361 367
g roof
f 353 367 368
g roof
f 353 368 362
g roof
f 369 370 371
g roof
f 372 373 374
g roof
f 374 375 376
g roof
f 374 376 377
g roof
f 374 377 378
g roof
f 374 378 379
g roof
f 374 379 380
g roof
f 374 380 381
g roof
f 381 382 383
g roof
f 381 383 384
g roof
f 385 386 387
g roof
f 385 387 388
g roof
f 385 388 389
g roof
f 390 975 391 392
g roof
f 393 394 395
g roof
f 393 395 396
g roof
f 393 396 397
g roof
f 398 399 400
g roof
f 398 400 401
g roof
f 398 401 402
g roof
f 403 404 405
g roof
f 403 405 406
g roof
f 403 406 407
g roof
f 403 407 408
g roof
f 408 409 410
g roof
f 408 410 411
g roof
f 411 412 413
g roof
f 411 413 414
g roof
f 415 416 417
g roof
f 415 417 418
g roof
f 415 418 419
g roof
f 415 419 420
g roof
f 421 369 371
g roof
f 421 371 372 374 381
g roof
f 422 385 389
g roof
f 422 389 423
g roof
f 392 393 397
g roof
f 392 397 398 402 403 408
g roof
f 392 408 411
g roof
f 392 411 414
g roof
f 392 414 1083 415
g roof
f 392 415 420
g roof
f 392 420 421
g roof
f 392 421 381
g roof
f 384 422 423
g roof
f 384 423 390
g roof
f 390 392 381
g roof
f 390 381 384
g roof
f 424 425 426
g roof
f 424 426 427 428
g roof
f 424 428 429
g roof
f 429 430 431
g roof
f 429 431 424
g roof
f 432 433 434
g roof
f 434 435 436
g roof
f 434 436 437
g roof
f 434 437 432
g roof
f 438 439 440
g roof
f 438 440 441
g roof
f 438 441 442
g roof
f 442 443 444
g roof
f 442 444 445
g roof
f 442 445 446
g roof
f 442 446 438
g roof
f 447 448 449
g roof
f 447 449 450
g roof
f 451 452 453
g roof
f 451 453 454
g roof
f 455 456 457
g roof
f 455 457 458
g roof
f 459 460 461
g roof
f 459 461 462
g roof
f 459 462 463
g roof
f 459 463 464
g roof
f 464 465 466
g roof
f 464 466 459
g roof
f 467 468 469
g roof
f 469 470 471
g roof
f 469 471 472
g roof
f 469 472 473
g roof
f 469 473 467
g roof
f 474 475 476
g roof
f 474 476 477
g roof
f 478 479 480
g roof
f 480 481 482
g roof
f 483 484 485
g roof
f 483 485 486
g roof
f 483 486 487
g roof
f 483 487 488
g roof
f 483 488 489
g roof
f 483 489 490
g roof
f 483 490 491
g roof
f 483 491 492
g roof
f 492 493 494
g roof
f 492 494 495
g roof
f 492 495 496
g roof
f 497 498 499
g roof
f 499 500 501
g roof
f 499 501 502
g roof
f 499 502 503
g roof
f 499 503 504
g roof
f 499 504 505
g roof
f 499 505 506
g roof
f 509 510 511
g roof
f 511 512 513
g roof
f 513 514 515
g roof
f 513 515 516
g roof
f 517 478 480
g roof
f 482 935 483 492
g roof
f 482 492 496
g roof
f 482 496 497
g roof
f 497 499 506
g roof
f 497 506 507
g roof
f 497 507 508
g roof
f 497 508 518
g roof
f 509 511 513
g roof
f 509 513 516
g roof
f 509 516 519
g roof
f 509 519 520
g roof
f 509 520 521
g roof
f 509 521 517
g roof
f 509 517 480
g roof
f 509 480 482
g roof
f 482 497 518
g roof
f 482 518 509
g roof
f 522 523 524
g roof
f 525 526 527
g roof
f 525 527 528
g roof
f 525 528 529
g roof
f 525 529 530
g roof
f 531 532 533
g roof
f 531 533 534
g roof
f 534 535 536 1120
g roof
f 534 1120 536 537
g roof
f 534 537 538
g roof
f 534 538 539
g roof
f 540 541 542
g roof
f 543 544 545
g roof
f 545 546 547
g roof
f 545 547 548
g roof
f 545 548 549
g roof
f 545 549 550
g roof
f 550 551 552
g roof
f 550 552 553
g roof
f 550 553 554
g roof
f 555 556 557
g roof
f 558 559 560
g roof
f 558 560 561
g roof
f 558 561 562
g roof
f 558 562 563
g roof
f 558 563 564
g roof
f 558 564 565
g roof
f 558 565 566
g roof
f 558 566 567
g roof
f 558 567 522
g roof
f 558 522 524
g roof
f 558 524 568
g roof
f 568 525 530
g roof
f 568 530 569
g roof
f 568 569 531
g roof
f 568 531 534
g roof
f 568 534 539
g roof
f 542 543 545
g roof
f 542 545 550
g roof
f 570 980 979 558 568
g roof
f 570 568 539
g roof
f 570 539 571
g roof
f 570 571 572
g roof
f 540 542 550
g roof
f 540 550 554
g roof
f 540 554 555
g roof
f 557 570 572
g roof
f 572 540 555
g roof
f 572 555 557
g roof
f 573 574 575
g roof
f 573 575 576
g roof
f 573 576 577
g roof
f 578 579 580
g roof
f 580 581 582
g roof
f 580 582 583
g roof
f 584 585 573
g roof
f 584 573 577
g roof
f 578 580 583
g roof
f 578 583 586
g roof
f 586 584 577
g roof
f 586 577 578
g roof
f 587 1139 588 589
g roof
f 587 589 590
g roof
f 587 590 591
g roof
f 587 591 592
g roof
f 587 592 593
g roof
f 587 593 594
g roof
f 587 594 595
g roof
f 595 596 597
g roof
f 595 597 598
g roof
f 595 598 1142 587
g roof
f 599 600 601
g roof
f 602 603 604
g roof
f 602 604 605
g roof
f 602 605 606
g roof
f 602 606 607
g roof
f 602 607 608
g roof
f 602 608 609
g roof
f 602 609 610
g roof
f 602 610 611
g roof
f 612 613 614
g roof
f 614 615 616
g roof
f 617 618 619
g roof
f 620 621 622
g roof
f 620 622 623
g roof
f 623 624 625
g roof
f 623 625 626
g roof
f 626 627 628
g roof
f 629 630 631
g roof
f 629 631 632
g roof
f 629 632 633
g roof
f 634 635 636
g roof
f 637 638 639
g roof
f 601 602 611
g roof
f 601 611 612
g roof
f 628 1013 629 633
g roof
f 636 637 639
g roof
f 599 601 612
g roof
f 599 612 614
g roof
f 626 628 633
g roof
f 626 633 634
g roof
f 639 599 614
g roof
f 639 614 616
g roof
f 639 616 1016 617
g roof
f 639 617 619
g roof
f 623 626 634
g roof
f 636 639 619
g roof
f 636 619 640
g roof
f 640 620 623 634
g roof
f 640 634 636
g roof
f 641 642 643
g roof
f 641 643 644
g roof
f 641 644 645
g roof
f 641 645 646
g roof
f 646 647 648
g roof
f 646 648 641
g roof
f 649 650 651
g roof
f 649 651 652
g roof
f 653 654 655
g roof
f 653 655 656
g roof
f 653 656 657
g roof
f 653 657 658
g roof
f 659 660 661
g roof
f 659 661 662
g roof
f 659 662 663
g roof
f 659 663 664
g roof
f 659 664 665
g roof
f 659 665 666
g roof
f 659 666 667
g roof
f 659 667 668
g roof
f 659 668 669
g roof
f 669 670 671
g roof
f 669 671 672
g roof
f 669 672 673
g roof
f 674 675 676
g roof
f 677 1000 999 678 679
g roof
f 677 679 680
g roof
f 677 680 681
g roof
f 677 681 682
g roof
f 677 682 683
g roof
f 677 683 684
g roof
f 677 684 685
g roof
f 677 685 686
g roof
f 677 686 687
g roof
f 677 687 688
g roof
f 677 688 689
g roof
f 677 689 690
g roof
f 677 690 691
g roof
f 677 691 692
g roof
f 677 692 693
g roof
f 677 693 659
g roof
f 659 669 673
g roof
f 659 673 674
g roof
f 659 674 676 677
g roof
f 694 695 696
g roof
f 694 696 697
g roof
f 694 697 698
g roof
f 699 700 701
g roof
f 699 701 702
g roof
f 699 702 703
g roof
f 699 703 704
g roof
f 704 705 706
g roof
f 706 694 698
g roof
f 706 698 699
g roof
f 706 699 704
g roof
f 707 708 709
g roof
f 709 710 711
g roof
f 709 711 712
g roof
f 709 712 713
g roof
f 709 713 714
g roof
f 715 716 717
g roof
f 715 717 718
g roof
f 715 718 719
g roof
f 715 719 720
g roof
f 707 709 714
g roof
f 707 714 721
g roof
f 707 721 722
g roof
f 723 715 720
g roof
f 723 720 724
g roof
f 723 724 725
g roof
f 723 725 726
g roof
f 726 707 722
g roof
f 726 722 723
g roof
f 727 728 729
g roof
f 727 729 730
g roof
f 727 730 731
g roof
f 727 731 732
g roof
f 732 733 727
g roof
f 734 735 736
g roof
f 734 736 737
g roof
f 738 739 740
g roof
f 741 742 743
g roof
f 744 745 746
g roof
f 746 747 748
g roof
f 749 750 751
g roof
f 749 751 752
g roof
f 749 752 753
g roof
f 749 753 754
g roof
f 754 755 756
g roof
f 754 756 757
g roof
f 754 757 758
g roof
f 754 758 983 759
g roof
f 754 759 760
g roof
f 744 746 748
g roof
f 744 748 761
g roof
f 744 761 762
g roof
f 749 754 760
g roof
f 749 760 734 737 763
g roof
f 749 763 764
g roof
f 749 764 738
g roof
f 749 738 740
g roof
f 743 744 762
g roof
f 765 749 740
g roof
f 741 743 762
g roof
f 762 765 740
g roof
f 762 740 741
g roof
f 766 767 768
g roof
f 768 769 770
g roof
f 768 770 771
g roof
f 768 771 772
g roof
f 768 772 773
g roof
f 768 773 774
g roof
f 768 774 775
g roof
f 777 778 779
g roof
f 780 781 782
g roof
f 780 782 783
g roof
f 780 783 784
g roof
f 780 784 785
g roof
f 766 768 775
g roof
f 766 775 786
g roof
f 766 786 776
g roof
f 766 776 777
g roof
f 766 777 779
g roof
f 779 1199 780 785
g roof
f 779 785 787
g roof
f 779 787 766
g roof
f 788 789 790
g roof
f 788 790 791
g roof
f 456 451 792
g roof
f 456 792 793
g roof
f 456 793 794
g roof
f 456 794 795
g roof
f 796 788 791
g roof
f 457 456 795
g roof
f 795 796 791
g roof
f 795 791 457
g roof
f 797 798 799
g roof
f 797 799 800
g roof
f 797 800 801
g roof
f 802 803 804
g roof
f 802 804 805
g roof
f 802 805 476
g roof
f 802 476 806
g roof
f 807 808 809
g roof
f 809 810 811
g roof
f 809 811 812
g roof
f 812 813 814
g roof
f 812 814 815
g roof
f 812 815 816
g roof
f 812 816 817
g roof
f 812 817 818
g roof
f 812 818 807
g roof
f 812 807 809
g roof
f 819 820 821
g roof
f 819 821 822
g roof
f 823 824 825
g roof
f 823 825 826
g roof
f 827 828 829
g roof
f 827 829 830
g roof
f 831 1026 832 833
g roof
f 831 833 834
g roof
f 831 834 835
g roof
f 831 835 836
g roof
f 831 836 837
g roof
f 838 839 840
g roof
f 841 842 843
g roof
f 841 843 844
g roof
f 841 844 845
g roof
f 846 847 848
g roof
f 846 848 849
g roof
f 847 850 851
g roof
f 847 851 852
g roof
f 853 854 855
g roof
f 853 855 856
g roof
f 853 856 857
g roof
f 858 859 860
g roof_fixture
f 861 862 863
g roof_fixture
f 861 863 864
g roof_fixture
f 861 864 865
g roof_fixture
f 861 865 866
g roof_fixture
f 861 866 867
g roof_fixture
f 861 867 868
g roof_fixture
f 861 868 869
g roof_fixture
f 861 869 870
g roof_fixture
f 861 870 871
g roof_fixture
f 861 871 872
g roof_fixture
f 861 872 873
g roof_fixture
f 873 874 875
g roof_fixture
f 873 875 876
g roof_fixture
f 873 876 861
g roof_fixture
f 877 878 879
g roof_fixture
f 877 879 880
g roof_fixture
f 877 880 881
g roof_fixture
f 877 881 882
g roof_fixture
f 883 884 885
g roof_fixture
f 883 885 886
g roof_fixture
f 883 886 887
g roof_fixture
f 883 887 888
g roof_fixture
f 883 888 889
g roof_fixture
f 883 889 890
g roof_fixture
f 883 890 891
g roof_fixture
f 883 891 892
g roof_fixture
f 883 892 893
g roof_fixture
f 883 893 894
g roof_fixture
f 895 896 897
g roof_fixture
f 895 897 898
g roof_fixture
f 895 898 899
g roof_fixture
f 895 899 900
g roof_fixture
f 895 900 901
g roof_fixture
f 895 901 902
g roof_fixture
f 895 902 903
g roof_fixture
f 895 903 904
g roof_fixture
f 895 904 905
g roof_fixture
f 905 906 907
g roof_fixture
f 905 907 908
g roof_fixture
f 905 908 895
g roof_fixture
f 909 910 911
g roof_fixture
f 909 911 912
g roof_fixture
f 909 912 913
g roof_fixture
f 909 913 914
g roof_fixture
f 909 914 915
g roof_fixture
f 909 915 916
g roof_fixture
f 916 917 918
g roof_fixture
f 916 918 909
g roof_step_or_fixture_side
f 583 582 23 22
g roof_step_or_fixture_side
f 582 581 24 23
g facade_completed
f 25 24 919 920
g facade_completed
f 26 25 920 921
g facade_completed
f 27 26 921 922
g facade_completed
f 923 27 922 924
g facade_completed
f 925 923 924 926
g facade_completed
f 28 925 926 927
g facade_completed
f 29 28 927 928
g roof_step_or_fixture_side
f 292 291 30 29
g roof_step_or_fixture_side
f 291 290 929 30
g roof_step_or_fixture_side
f 290 930 931 929
g roof_step_or_fixture_side
f 930 328 31 931
g roof_step_or_fixture_side
f 328 327 32 31
g roof_step_or_fixture_side
f 327 326 33 32
g roof_step_or_fixture_side
f 326 325 34 33
g roof_step_or_fixture_side
f 325 324 933 34
g roof_step_or_fixture_side
f 324 323 35 933
g roof_step_or_fixture_side
f 323 322 486 36 35
g roof_step_or_fixture_side
f 486 485 37 36
g roof_step_or_fixture_side
f 485 484 38 37
g roof_step_or_fixture_side
f 484 483 40 38
g roof_step_or_fixture_side
f 483 935 39 40
g roof_step_or_fixture_side
f 935 482 1 39
g roof_step_or_fixture_side
f 482 481 596 936 1
g roof_step_or_fixture_side
f 596 595 2 936
g roof_step_or_fixture_side
f 595 594 937 2
g roof_step_or_fixture_side
f 594 593 938 937
g roof_step_or_fixture_side
f 593 592 3 938
g roof_step_or_fixture_side
f 592 591 4 3
g roof_step_or_fixture_side
f 591 590 5 4
g roof_step_or_fixture_side
f 590 589 6 5
g roof_step_or_fixture_side
f 589 588 7 6
g facade_completed
f 8 7 939 940
g facade_completed
f 9 8 940 941
g roof_step_or_fixture_side
f 574 573 18 9
g roof_step_or_fixture_side
f 573 585 19 18
g roof_step_or_fixture_side
f 585 584 20 19
g roof_step_or_fixture_side
f 584 586 21 20
g roof_step_or_fixture_side
f 586 583 22 21
g roof_step_or_fixture_side
f 869 868 12 942
g roof_step_or_fixture_side
f 868 867 943 12
g roof_step_or_fixture_side
f 867 866 945 943
g roof_step_or_fixture_side
f 866 865 947 945
g roof_step_or_fixture_side
f 865 864 948 947
g roof_step_or_fixture_side
f 864 863 949 948
g roof_step_or_fixture_side
f 863 862 13 949
g roof_step_or_fixture_side
f 862 861 950 13
g roof_step_or_fixture_side
f 861 876 822 14 950
g roof_step_or_fixture_side
f 822 821 15 14
g roof_step_or_fixture_side
f 821 820 16 15
g roof_step_or_fixture_side
f 820 819 17 16
g roof_step_or_fixture_side
f 875 874 10 17 819
g roof_step_or_fixture_side
f 874 873 952 10
g roof_step_or_fixture_side
f 873 872 953 952
g roof_step_or_fixture_side
f 872 871 11 953
g roof_step_or_fixture_side
f 871 870 954 11
g roof_step_or_fixture_side
f 870 869 942 954
g roof_step_or_fixture_side
f 610 609 125 124
g roof_step_or_fixture_side
f 609 608 955 125
g roof_step_or_fixture_side
f 608 607 126 955
g roof_step_or_fixture_side
f 607 606 956 126
g roof_step_or_fixture_side
f 506 505 957 956 606
g roof_step_or_fixture_side
f 505 504 127 957
g roof_step_or_fixture_side
f 504 503 128 127
g roof_step_or_fixture_side
f 503 502 129 128
g roof_step_or_fixture_side
f 502 501 130 129
g roof_step_or_fixture_side
f 501 500 958 130
g roof_step_or_fixture_side
f 308 307 131 958 500
g roof_step_or_fixture_side
f 307 306 132 131
g roof_step_or_fixture_side
f 306 305 235 132
g roof_step_or_fixture_side
f 305 304 959 235
g roof_step_or_fixture_side
f 304 303 133 959
g roof_step_or_fixture_side
f 303 302 149 133
g roof_step_or_fixture_side
f 302 960 150 149
g roof_step_or_fixture_side
f 960 301 151 150
g roof_step_or_fixture_side
f 301 961 152 151
g roof_step_or_fixture_side
f 961 962 153 152
g roof_step_or_fixture_side
f 962 963 154 153
g roof_step_or_fixture_side
f 963 331 155 154
g roof_step_or_fixture_side
f 331 332 156 155
g roof_step_or_fixture_side
f 332 330 157 156
g roof_step_or_fixture_side
f 330 300 158 157
g roof_step_or_fixture_side
f 300 299 159 158
g roof_step_or_fixture_side
f 299 298 160 159
g roof_step_or_fixture_side
f 298 297 651 964 160
g roof_step_or_fixture_side
f 651 650 161 964
g facade_completed
f 162 161 965 966
g facade_completed
f 967 162 966 968
g facade_completed
f 163 967 968 969
g roof_step_or_fixture_side
f 377 376 164 163
g roof_step_or_fixture_side
f 376 375 165 164
g roof_step_or_fixture_side
f 375 374 166 165
g roof_step_or_fixture_side
f 374 373 842 167 166
g roof_step_or_fixture_side
f 842 841 168 167
g roof_step_or_fixture_side
f 841 845 970 168
g roof_step_or_fixture_side
f 370 369 848 971 970 845
g roof_step_or_fixture_side
f 848 847 169 971
g roof_step_or_fixture_side
f 847 852 170 169
g roof_step_or_fixture_side
f 852 851 972 170
g roof_step_or_fixture_side
f 417 416 654 826 171 972 851
g roof_step_or_fixture_side
f 826 825 172 171
g roof_step_or_fixture_side
f 825 824 173 172
g roof_step_or_fixture_side
f 824 823 174 173
g roof_step_or_fixture_side
f 653 658 827 175 174 823
g roof_step_or_fixture_side
f 827 830 176 175
g roof_step_or_fixture_side
f 830 829 177 176
g roof_step_or_fixture_side
f 829 828 973 177
g roof_step_or_fixture_side
f 412 411 178 973 828
g roof_step_or_fixture_side
f 411 410 179 178
g roof_step_or_fixture_side
f 410 409 180 179
g roof_step_or_fixture_side
f 409 408 181 180
g roof_step_or_fixture_side
f 408 407 182 181
g roof_step_or_fixture_side
f 407 406 183 182
g roof_step_or_fixture_side
f 406 405 184 183
g roof_step_or_fixture_side
f 405 404 185 184
g roof_step_or_fixture_side
f 404 403 186 185
g roof_step_or_fixture_side
f 403 402 187 186
g roof_step_or_fixture_side
f 402 401 188 187
g roof_step_or_fixture_side
f 401 400 241 188
g roof_step_or_fixture_side
f 400 399 189 241
g roof_step_or_fixture_side
f 399 398 190 189
g roof_step_or_fixture_side
f 398 397 191 190
g roof_step_or_fixture_side
f 397 396 192 191
g roof_step_or_fixture_side
f 396 395 974 192
g roof_step_or_fixture_side
f 395 394 242 974
g roof_step_or_fixture_side
f 394 393 193 242
g roof_step_or_fixture_side
f 393 392 194 193
g roof_step_or_fixture_side
f 392 391 195 194
g roof_step_or_fixture_side
f 391 975 196 195
g roof_step_or_fixture_side
f 975 390 197 196
g roof_step_or_fixture_side
f 390 423 198 197
g roof_step_or_fixture_side
f 423 389 199 198
g roof_step_or_fixture_side
f 389 388 200 199
g roof_step_or_fixture_side
f 388 387 201 200
g roof_step_or_fixture_side
f 365 364 202 201 387
g roof_step_or_fixture_side
f 364 363 203 202
g roof_step_or_fixture_side
f 363 362 204 203
g roof_step_or_fixture_side
f 362 368 977 204
g roof_step_or_fixture_side
f 368 367 978 977
g roof_step_or_fixture_side
f 367 361 205 978
g roof_step_or_fixture_side
f 361 360 206 205
g roof_step_or_fixture_side
f 360 359 207 206
g roof_step_or_fixture_side
f 359 358 208 207
g roof_step_or_fixture_side
f 358 357 209 208
g roof_step_or_fixture_side
f 357 356 210 209
g roof_step_or_fixture_side
f 356 355 236 210
g roof_step_or_fixture_side
f 355 354 211 236
g roof_step_or_fixture_side
f 354 353 212 211
g roof_step_or_fixture_side
f 353 352 213 212
g roof_step_or_fixture_side
f 352 351 214 213
g roof_step_or_fixture_side
f 351 350 215 214
g roof_step_or_fixture_side
f 350 349 216 215
g roof_step_or_fixture_side
f 349 348 217 216
g roof_step_or_fixture_side
f 348 347 561 218 217
g roof_step_or_fixture_side
f 561 560 219 218
g roof_step_or_fixture_side
f 560 559 220 219
g roof_step_or_fixture_side
f 559 558 221 220
g roof_step_or_fixture_side
f 558 979 222 221
g roof_step_or_fixture_side
f 979 980 223 222
g roof_step_or_fixture_side
f 980 570 224 223
g roof_step_or_fixture_side
f 570 557 225 224
g roof_step_or_fixture_side
f 557 556 476 226 225
g roof_step_or_fixture_side
f 476 475 227 226
g roof_step_or_fixture_side
f 475 474 228 227
g roof_step_or_fixture_side
f 552 551 229 228 474 804
g roof_step_or_fixture_side
f 551 550 230 229
g roof_step_or_fixture_side
f 550 549 231 230
g roof_step_or_fixture_side
f 549 548 232 231
g roof_step_or_fixture_side
f 548 547 808 41 232
g roof_step_or_fixture_side
f 808 807 42 41
g roof_step_or_fixture_side
f 807 818 981 42
g roof_step_or_fixture_side
f 818 817 43 981
g roof_step_or_fixture_side
f 817 816 44 43
g roof_step_or_fixture_side
f 428 427 745 45 44 816
g roof_step_or_fixture_side
f 745 744 46 45
g roof_step_or_fixture_side
f 432 437 739 47 46 744
g roof_step_or_fixture_side
f 739 738 48 47
g roof_step_or_fixture_side
f 738 764 49 48
g roof_step_or_fixture_side
f 764 763 50 49
g roof_step_or_fixture_side
f 763 737 51 50
g roof_step_or_fixture_side
f 737 736 52 51
g roof_step_or_fixture_side
f 736 735 53 52
g roof_step_or_fixture_side
f 735 734 54 53
g roof_step_or_fixture_side
f 734 760 55 54
g roof_step_or_fixture_side
f 760 759 56 55
g roof_step_or_fixture_side
f 759 983 57 56
g roof_step_or_fixture_side
f 983 758 58 57
g roof_step_or_fixture_side
f 758 757 984 58
g roof_step_or_fixture_side
f 757 756 59 984
g roof_step_or_fixture_side
f 756 755 64 59
g roof_step_or_fixture_side
f 755 754 65 64
g facade_completed
f 985 65 986 987
g facade_completed
f 988 985 987 989
g facade_completed
f 990 988 989 991
g facade_completed
f 66 990 991 992
g facade_completed
f 67 66 992 993
g roof_step_or_fixture_side
f 730 729 68 67
g roof_step_or_fixture_side
f 729 728 69 68
g roof_step_or_fixture_side
f 728 727 995 69
g roof_step_or_fixture_side
f 727 733 70 995
g roof_step_or_fixture_side
f 733 732 71 70
g facade_completed
f 72 71 996 997
g roof_step_or_fixture_side
f 679 678 73 72
g roof_step_or_fixture_side
f 678 999 233 73
g roof_step_or_fixture_side
f 999 1000 74 233
g roof_step_or_fixture_side
f 1000 677 1001 74
g roof_step_or_fixture_side
f 677 676 75 1001
g roof_step_or_fixture_side
f 676 675 76 75
g roof_step_or_fixture_side
f 675 674 77 76
g roof_step_or_fixture_side
f 674 673 78 77
g roof_step_or_fixture_side
f 673 672 79 78
g roof_step_or_fixture_side
f 672 671 1002 79
g roof_step_or_fixture_side
f 671 670 80 1002
g roof_step_or_fixture_side
f 670 669 81 80
g roof_step_or_fixture_side
f 669 668 82 81
g roof_step_or_fixture_side
f 668 667 83 82
g roof_step_or_fixture_side
f 667 666 84 83
g roof_step_or_fixture_side
f 666 665 85 84
g roof_step_or_fixture_side
f 665 664 86 85
g roof_step_or_fixture_side
f 664 663 87 86
g roof_step_or_fixture_side
f 663 662 234 87
g roof_step_or_fixture_side
f 662 661 88 234
g roof_step_or_fixture_side
f 661 660 89 88
g facade_completed
f 1004 89 1005 1006
g facade_completed
f 90 1004 1006 1007
g facade_completed
f 1008 90 1007 1009
g facade_completed
f 91 1008 1009 1010
g roof_step_or_fixture_side
f 645 644 92 91
g roof_step_or_fixture_side
f 644 643 93 92
g roof_step_or_fixture_side
f 643 642 94 93
g facade_completed
f 95 94 1011 1012
g roof_step_or_fixture_side
f 630 629 96 95
g roof_step_or_fixture_side
f 629 1013 97 96
g roof_step_or_fixture_side
f 1013 628 98 97
g roof_step_or_fixture_side
f 628 627 99 98
g roof_step_or_fixture_side
f 627 626 100 99
g roof_step_or_fixture_side
f 626 625 101 100
g roof_step_or_fixture_side
f 625 624 102 101
g roof_step_or_fixture_side
f 624 623 103 102
g roof_step_or_fixture_side
f 623 622 104 103
g roof_step_or_fixture_side
f 622 621 105 104
g roof_step_or_fixture_side
f 621 620 106 105
g roof_step_or_fixture_side
f 620 640 107 106
g roof_step_or_fixture_side
f 640 619 114 107
g roof_step_or_fixture_side
f 619 618 115 114
g roof_step_or_fixture_side
f 618 617 116 115
g roof_step_or_fixture_side
f 617 1016 117 116
g roof_step_or_fixture_side
f 1016 616 118 117
g roof_step_or_fixture_side
f 616 615 119 118
g roof_step_or_fixture_side
f 615 614 120 119
g roof_step_or_fixture_side
f 614 613 121 120
g roof_step_or_fixture_side
f 613 612 122 121
g roof_step_or_fixture_side
f 612 611 123 122
g roof_step_or_fixture_side
f 611 610 124 123
g roof_step_or_fixture_side
f 901 900 1018 1019
g roof_step_or_fixture_side
f 900 899 111 1018
g roof_step_or_fixture_side
f 899 898 1020 111
g roof_step_or_fixture_side
f 898 897 1021 1020
g roof_step_or_fixture_side
f 897 896 237 1021
g roof_step_or_fixture_side
f 896 895 1022 237
g roof_step_or_fixture_side
f 895 908 1023 1022
g roof_step_or_fixture_side
f 908 907 1024 1023
g roof_step_or_fixture_side
f 907 906 112 1024
g roof_step_or_fixture_side
f 906 905 840 113 112
g roof_step_or_fixture_side
f 840 839 108 113
g roof_step_or_fixture_side
f 839 838 109 108
g roof_step_or_fixture_side
f 904 903 110 109 838
g roof_step_or_fixture_side
f 903 902 1025 110
g roof_step_or_fixture_side
f 902 901 1019 1025
g roof_step_or_fixture_side
f 833 832 134 148
g roof_step_or_fixture_side
f 832 1026 135 134
g roof_step_or_fixture_side
f 1026 831 136 135
g roof_step_or_fixture_side
f 831 837 239 136
g roof_step_or_fixture_side
f 837 836 240 239
g roof_step_or_fixture_side
f 836 835 238 240
g roof_step_or_fixture_side
f 835 834 137 238
g roof_step_or_fixture_side
f 834 833 148 137
g roof_step_or_fixture_side
f 918 917 60 1027
g roof_step_or_fixture_side
f 917 916 1028 60
g roof_step_or_fixture_side
f 916 915 61 1028
g roof_step_or_fixture_side
f 915 914 1029 61
g roof_step_or_fixture_side
f 914 913 62 1029
g roof_step_or_fixture_side
f 913 912 1030 62
g roof_step_or_fixture_side
f 912 911 1031 1030
g roof_step_or_fixture_side
f 911 910 63 1031
g roof_step_or_fixture_side
f 910 909 1032 63
g roof_step_or_fixture_side
f 909 918 1027 1032
g roof_step_or_fixture_side
f 858 860 142 141
g roof_step_or_fixture_side
f 885 884 143 142 860
g roof_step_or_fixture_side
f 884 883 1034 143
g roof_step_or_fixture_side
f 883 894 144 1034
g roof_step_or_fixture_side
f 894 893 854 145 144
g roof_step_or_fixture_side
f 854 853 1035 145
g roof_step_or_fixture_side
f 853 857 146 1035
g roof_step_or_fixture_side
f 857 856 1036 146
g roof_step_or_fixture_side
f 856 855 147 1036
g roof_step_or_fixture_side
f 892 891 138 147 855
g roof_step_or_fixture_side
f 891 890 1037 138
g roof_step_or_fixture_side
f 890 889 139 1037
g roof_step_or_fixture_side
f 889 888 1038 139
g roof_step_or_fixture_side
f 888 887 1040 1038
g roof_step_or_fixture_side
f 887 886 859 140 1040
g roof_step_or_fixture_side
f 859 858 141 140
g facade_completed
f 1041 1042 1043 1044
g facade_completed
f 245 1041 1044 1045
g roof_step_or_fixture_side
f 695 694 246 245
g roof_step_or_fixture_side
f 694 706 247 246
g roof_step_or_fixture_side
f 706 705 248 247
g roof_step_or_fixture_side
f 705 704 249 248
g roof_step_or_fixture_side
f 704 703 253 249
g roof_step_or_fixture_side
f 703 702 254 253
g roof_step_or_fixture_side
f 702 701 255 254
g roof_step_or_fixture_side
f 701 700 256 255
g facade_completed
f 1046 256 1047 1048
g facade_completed
f 1049 1046 1048 1050
g facade_completed
f 257 1049 1050 1051
g roof_step_or_fixture_side
f 770 769 258 257
g roof_step_or_fixture_side
f 769 768 259 258
g roof_step_or_fixture_side
f 768 767 260 259
g roof_step_or_fixture_side
f 767 766 261 260
g roof_step_or_fixture_side
f 766 787 262 261
g roof_step_or_fixture_side
f 787 785 263 262
g roof_step_or_fixture_side
f 449 448 264 263 785
g roof_step_or_fixture_side
f 448 447 265 264
g roof_step_or_fixture_side
f 447 450 784 266 265
g roof_step_or_fixture_side
f 784 783 267 266
g roof_step_or_fixture_side
f 783 782 268 267
g roof_step_or_fixture_side
f 782 781 269 268
g facade_completed
f 270 269 1053 1054
g roof_step_or_fixture_side
f 453 452 271 270
g roof_step_or_fixture_side
f 452 451 272 271
g roof_step_or_fixture_side
f 451 456 273 272
g roof_step_or_fixture_side
f 456 455 790 1055 273
g roof_step_or_fixture_side
f 790 789 274 1055
g roof_step_or_fixture_side
f 789 788 275 274
g roof_step_or_fixture_side
f 788 796 1056 275
g roof_step_or_fixture_side
f 463 462 1057 1056 796
g roof_step_or_fixture_side
f 462 461 798 1058 1057
g roof_step_or_fixture_side
f 798 797 276 1058
g roof_step_or_fixture_side
f 797 801 277 276
g roof_step_or_fixture_side
f 473 472 278 277 801
g roof_step_or_fixture_side
f 472 471 279 278
g roof_step_or_fixture_side
f 471 470 280 279
g roof_step_or_fixture_side
f 569 530 281 280 470
g roof_step_or_fixture_side
f 530 529 1060 281
g roof_step_or_fixture_side
f 529 528 289 1060
g roof_step_or_fixture_side
f 528 527 282 289
g roof_step_or_fixture_side
f 527 526 283 282
g roof_step_or_fixture_side
f 339 338 284 283 526
g roof_step_or_fixture_side
f 338 337 285 284
g roof_step_or_fixture_side
f 337 336 719 286 285
g roof_step_or_fixture_side
f 719 718 287 286
g roof_step_or_fixture_side
f 718 717 243 287
g roof_step_or_fixture_side
f 717 716 244 243
g facade_completed
f 1061 244 1062 1063
g facade_completed
f 1042 1061 1063 1043
g roof_step_or_fixture_side
f 882 881 288 251
g roof_step_or_fixture_side
f 881 880 1064 288
g roof_step_or_fixture_side
f 880 879 252 1064
g roof_step_or_fixture_side
f 879 878 250 252
g roof_step_or_fixture_side
f 878 877 1065 250
g roof_step_or_fixture_side
f 877 882 251 1065
g facade_completed
f 293 292 29 928 1066
g facade_completed
f 294 293 1066 1067
g facade_completed
f 295 294 1067 1068
g facade_completed
f 329 295 1068 1069
g facade_completed
f 296 329 1069 1070 652
g roof_step_or_fixture_side
f 297 296 652 651
g roof_step_or_fixture_side
f 309 308 500 499
g roof_step_or_fixture_side
f 310 309 499 498
g roof_step_or_fixture_side
f 311 310 498 497
g roof_step_or_fixture_side
f 312 311 497 496
g roof_step_or_fixture_side
f 313 312 496 495
g roof_step_or_fixture_side
f 314 313 495 494
g roof_step_or_fixture_side
f 315 314 494 493
g roof_step_or_fixture_side
f 316 315 493 492
g roof_step_or_fixture_side
f 317 316 492 491
g roof_step_or_fixture_side
f 318 317 491 490
g roof_step_or_fixture_side
f 319 318 490 489
g roof_step_or_fixture_side
f 320 319 489 488
g roof_step_or_fixture_side
f 321 320 488 487
g roof_step_or_fixture_side
f 322 321 487 486
g roof_step_or_fixture_side
f 335 334 724 720
g roof_step_or_fixture_side
f 336 335 720 719
g roof_step_or_fixture_side
f 340 339 526 525
g roof_step_or_fixture_side
f 341 340 525 568
g roof_step_or_fixture_side
f 342 341 568 524
g roof_step_or_fixture_side
f 343 342 524 523
g roof_step_or_fixture_side
f 366 343 523 522
g roof_step_or_fixture_side
f 1073 366 522 567
g roof_step_or_fixture_side
f 1074 1073 567 566
g roof_step_or_fixture_side
f 1075 1074 566 565
g roof_step_or_fixture_side
f 344 1075 565 564
g roof_step_or_fixture_side
f 345 344 564 563
g roof_step_or_fixture_side
f 346 345 563 562
g roof_step_or_fixture_side
f 347 346 562 561
g roof_step_or_fixture_side
f 333 365 387 386
g roof_step_or_fixture_side
f 334 333 386 725 724
g roof_step_or_fixture_side
f 372 371 844 843
g roof_step_or_fixture_side
f 373 372 843 842
g facade_completed
f 378 377 163 969 1077
g facade_completed
f 379 378 1077 1078
g facade_completed
f 380 379 1078 1079
g facade_completed
f 381 380 1079 1080
g facade_completed
f 382 381 1080 1081 710
g roof_step_or_fixture_side
f 383 382 710 709
g roof_step_or_fixture_side
f 384 383 709 708
g roof_step_or_fixture_side
f 422 384 708 707
g roof_step_or_fixture_side
f 385 422 707 726
g roof_step_or_fixture_side
f 386 385 726 725
g roof_step_or_fixture_side
f 413 412 828 827 658
g roof_step_or_fixture_side
f 414 413 658 657
g roof_step_or_fixture_side
f 1083 414 657 656
g roof_step_or_fixture_side
f 415 1083 656 655
g roof_step_or_fixture_side
f 416 415 655 654
g roof_step_or_fixture_side
f 418 417 851 850
g roof_step_or_fixture_side
f 419 418 850 847
g roof_step_or_fixture_side
f 420 419 847 846
g roof_step_or_fixture_side
f 421 420 846 849
g roof_step_or_fixture_side
f 369 421 849 848
g roof_step_or_fixture_side
f 371 370 845 844
g facade_completed
f 425 424 1085 1086 747
g roof_step_or_fixture_side
f 426 425 747 746
g roof_step_or_fixture_side
f 427 426 746 745
g roof_step_or_fixture_side
f 429 428 816 815
g roof_step_or_fixture_side
f 430 429 815 814
g facade_completed
f 431 430 814 1087 1088
g facade_completed
f 424 431 1088 1085
g roof_step_or_fixture_side
f 433 432 744 743
g roof_step_or_fixture_side
f 434 433 743 742
g roof_step_or_fixture_side
f 435 434 742 741
g roof_step_or_fixture_side
f 436 435 741 740
g roof_step_or_fixture_side
f 437 436 740 739
g roof_step_or_fixture_side
f 441 440 777 776
g roof_step_or_fixture_side
f 442 441 776 786
g roof_step_or_fixture_side
f 443 442 786 775
g roof_step_or_fixture_side
f 444 443 775 774
g roof_step_or_fixture_side
f 445 444 774 773
g facade_completed
f 446 445 773 1089 1090
g facade_completed
f 438 446 1090 1091
g facade_completed
f 439 438 1091 1092 778
g roof_step_or_fixture_side
f 440 439 778 777
g roof_step_or_fixture_side
f 450 449 785 784
g facade_completed
f 454 453 270 1054 1093
g roof_step_or_fixture_side
f 792 451 454
g roof_step_or_fixture_side
f 458 457 791
g roof_step_or_fixture_side
f 455 458 791 790
g roof_step_or_fixture_side
f 461 460 799 798
g roof_step_or_fixture_side
f 464 463 796 795
g facade_completed
f 465 464 1094 1095
g facade_completed
f 466 465 1095 1096
g facade_completed
f 459 466 1096 1097
g facade_completed
f 460 459 1097 1098 799
g roof_step_or_fixture_side
f 531 569 470 469
g roof_step_or_fixture_side
f 467 473 801 800
g facade_completed
f 468 467 800 1100 1101
g roof_step_or_fixture_side
f 532 531 469 468
g roof_step_or_fixture_side
f 476 805 477
g roof_step_or_fixture_side
f 805 804 474 477
g roof_step_or_fixture_side
f 481 480 597 596
g roof_step_or_fixture_side
f 507 506 606 605
g roof_step_or_fixture_side
f 508 507 605 604
g roof_step_or_fixture_side
f 518 508 604 603
g roof_step_or_fixture_side
f 509 518 603 602
g roof_step_or_fixture_side
f 510 509 602 601
g roof_step_or_fixture_side
f 511 510 601 600
g roof_step_or_fixture_side
f 512 511 600 599
g roof_step_or_fixture_side
f 513 512 599 639
g roof_step_or_fixture_side
f 514 513 639 638
g facade_completed
f 515 514 638 1107 1108
g facade_completed
f 516 515 1108 1109
g facade_completed
f 519 516 1109 1110
g facade_completed
f 520 519 1110 1111
g facade_completed
f 521 520 1111 1112
g facade_completed
f 517 521 1112 1113
g facade_completed
f 478 517 1113 1114
g facade_completed
f 479 478 1114 1115 598
g roof_step_or_fixture_side
f 480 479 598 597
g facade_completed
f 533 532 468 1101 1117
g facade_completed
f 534 533 1117 1118
g facade_completed
f 535 534 1118 1119
g facade_completed
f 536 1120 535 1119 1121
g facade_completed
f 537 536 1120 1121 1122
g facade_completed
f 538 537 1122 1123
g facade_completed
f 539 538 1123 1124
g facade_completed
f 571 539 1124 1125
g facade_completed
f 572 571 1125 1126
g facade_completed
f 540 572 1126 1127
g facade_completed
f 541 540 1127 1128
g facade_completed
f 542 541 1128 1129
g facade_completed
f 543 542 1129 1130
g facade_completed
f 544 543 1130 1131 811
g roof_step_or_fixture_side
f 545 544 811 810
g roof_step_or_fixture_side
f 546 545 810 809
g roof_step_or_fixture_side
f 547 546 809 808
g roof_step_or_fixture_side
f 553 552 804 803
g roof_step_or_fixture_side
f 554 553 803 802
g roof_step_or_fixture_side
f 555 554 802 806
g roof_step_or_fixture_side
f 556 555 806 476
g facade_completed
f 576 575 1133 1134
g facade_completed
f 577 576 1134 1135
g facade_completed
f 578 577 1135 1136
g facade_completed
f 579 578 1136 1137
g facade_completed
f 580 579 1137 1138
g facade_completed
f 581 580 1138 919 24
g facade_completed
f 575 574 9 941 1133
g facade_completed
f 1139 587 1140 1141
g facade_completed
f 588 1139 1141 939 7
g facade_completed
f 1142 598 1115 1143
g facade_completed
f 587 1142 1143 1140
g facade_completed
f 631 630 95 1012 1144
g facade_completed
f 632 631 1144 1145
g facade_completed
f 633 632 1145 1146
g facade_completed
f 634 633 1146 1147
g facade_completed
f 635 634 1147 1148
g facade_completed
f 636 635 1148 1149
g facade_completed
f 637 636 1149 1150
g facade_completed
f 638 637 1150 1107
g facade_completed
f 642 641 1151 1011 94
g facade_completed
f 646 645 91 1010 1152
g facade_completed
f 647 646 1152 1153
g facade_completed
f 648 647 1153 1154
g facade_completed
f 641 648 1154 1151
g facade_completed
f 649 652 1070 1155
g facade_completed
f 650 649 1155 965 161
g roof_step_or_fixture_side
f 654 653 823 826
g facade_completed
f 680 679 72 997 1156
g facade_completed
f 681 680 1156 1157
g facade_completed
f 682 681 1157 1158
g facade_completed
f 683 682 1158 1159
g facade_completed
f 684 683 1159 1160
g facade_completed
f 685 684 1160 1161
g facade_completed
f 686 685 1161 1162
g facade_completed
f 687 686 1162 1163
g facade_completed
f 688 687 1163 1164
g facade_completed
f 689 688 1164 1165
g facade_completed
f 690 689 1165 1166
g facade_completed
f 691 690 1166 1167
g facade_completed
f 692 691 1167 1168
g facade_completed
f 693 692 1168 1169
g facade_completed
f 659 693 1169 1170
g facade_completed
f 660 659 1170 1005 89
g facade_completed
f 697 696 1171 1172
g facade_completed
f 698 697 1172 1173
g facade_completed
f 699 698 1173 1174
g facade_completed
f 700 699 1174 1047 256
g facade_completed
f 696 695 245 1045 1171
g facade_completed
f 711 710 1081 1175
g facade_completed
f 712 711 1175 1176
g facade_completed
f 713 712 1176 1177
g facade_completed
f 714 713 1177 1178
g facade_completed
f 721 714 1178 1179
g facade_completed
f 722 721 1179 1180
g facade_completed
f 723 722 1180 1181
g facade_completed
f 715 723 1181 1182
g facade_completed
f 716 715 1182 1062 244
g facade_completed
f 731 730 67 993 1183
g facade_completed
f 732 731 1183 996 71
g facade_completed
f 748 747 1086 1186
g facade_completed
f 761 748 1186 1187
g facade_completed
f 762 761 1187 1188
g facade_completed
f 765 762 1188 1189
g facade_completed
f 749 765 1189 1190
g facade_completed
f 750 749 1190 1191
g facade_completed
f 751 750 1191 1192
g facade_completed
f 752 751 1192 1193
g facade_completed
f 753 752 1193 1194
g facade_completed
f 754 753 1194 986 65
g facade_completed
f 771 770 257 1051 1195
g facade_completed
f 772 771 1195 1196
g facade_completed
f 773 772 1196 1089
g facade_completed
f 779 778 1092 1198
g facade_completed
f 1199 779 1198 1200
g facade_completed
f 780 1199 1200 1201
g facade_completed
f 781 780 1201 1053 269
g facade_completed
f 793 792 454 1093 1202
g facade_completed
f 794 793 1202 1203
g facade_completed
f 795 794 1203 1094 464
g facade_completed
f 800 799 1098 1100
g facade_completed
f 812 811 1131 1204
g facade_completed
f 813 812 1204 1205
g facade_completed
f 814 813 1205 1087
g roof_step_or_fixture_side
f 876 875 819 822
g roof_step_or_fixture_side
f 905 904 838 840
g roof_step_or_fixture_side
f 893 892 855 854
g roof_step_or_fixture_side
f 886 885 860 859
g ground_assumed
f 1115 1143 1140
g ground_assumed
f 1115 1143 1140 1141
g ground_assumed
f 1115 1143 1140 1141 939
g ground_assumed
f 940 941 1133
g ground_assumed
f 940 1134 1133 941
g ground_assumed
f 940 1135 1134
g ground_assumed
f 940 1136 1135
g ground_assumed
f 940 1137 1136
g ground_assumed
f 940 1138 1137
g ground_assumed
f 940 919 1138
g ground_assumed
f 940 920 919
g ground_assumed
f 940 921 920
g ground_assumed
f 940 922 921
g ground_assumed
f 940 924 922
g ground_assumed
f 940 926 924
g ground_assumed
f 940 927 926
g ground_assumed
f 940 928 927
g ground_assumed
f 940 1066 928
g ground_assumed
f 940 1067 1066
g ground_assumed
f 940 1068 1067
g ground_assumed
f 1070 965 1155
g ground_assumed
f 1070 966 965
g ground_assumed
f 1070 968 966
g ground_assumed
f 1070 969 968
g ground_assumed
f 1070 1077 969
g ground_assumed
f 1080 1081 1175
g ground_assumed
f 1080 1176 1175 1081
g ground_assumed
f 1080 1177 1176
g ground_assumed
f 1080 1178 1177
g ground_assumed
f 1080 1179 1178
g ground_assumed
f 1080 1180 1179
g ground_assumed
f 1172 1174 1173
g ground_assumed
f 1172 1047 1174
g ground_assumed
f 1172 1048 1047
g ground_assumed
f 1172 1050 1048
g ground_assumed
f 1172 1051 1050
g ground_assumed
f 1172 1195 1051
g ground_assumed
f 1172 1196 1195
g ground_assumed
f 1172 1089 1196
g ground_assumed
f 1172 1090 1089
g ground_assumed
f 1172 1091 1090
g ground_assumed
f 1172 1092 1091
g ground_assumed
f 1172 1198 1092
g ground_assumed
f 1172 1200 1198
g ground_assumed
f 1172 1201 1200
g ground_assumed
f 1172 1053 1201
g ground_assumed
f 1172 1054 1053
g ground_assumed
f 1172 1093 1054
g ground_assumed
f 1172 1202 1093
g ground_assumed
f 1172 1203 1202
g ground_assumed
f 1172 1094 1203
g ground_assumed
f 1172 1095 1094
g ground_assumed
f 1172 1096 1095
g ground_assumed
f 1172 1097 1096
g ground_assumed
f 1172 1098 1097
g ground_assumed
f 1172 1100 1098
g ground_assumed
f 1172 1101 1100
g ground_assumed
f 1172 1117 1101
g ground_assumed
f 1172 1118 1117
g ground_assumed
f 1172 1119 1118
g ground_assumed
f 1172 1121 1119
g ground_assumed
f 1172 1122 1121
g ground_assumed
f 1172 1123 1122
g ground_assumed
f 1172 1124 1123
g ground_assumed
f 1124 1126 1125
g ground_assumed
f 1126 1128 1127
g ground_assumed
f 1126 1129 1128
g ground_assumed
f 1126 1130 1129
g ground_assumed
f 1126 1131 1130
g ground_assumed
f 1126 1204 1131
g ground_assumed
f 1126 1205 1204
g ground_assumed
f 1126 1087 1205
g ground_assumed
f 1126 1088 1087
g ground_assumed
f 1126 1085 1088
g ground_assumed
f 1126 1086 1085
g ground_assumed
f 1126 1186 1086
g ground_assumed
f 1126 1187 1186
g ground_assumed
f 1126 1188 1187
g ground_assumed
f 1126 1189 1188
g ground_assumed
f 1126 1190 1189
g ground_assumed
f 1126 1191 1190
g ground_assumed
f 1126 1192 1191
g ground_assumed
f 1126 1193 1192
g ground_assumed
f 1126 1194 1193
g ground_assumed
f 1126 986 1194
g ground_assumed
f 1126 987 986
g ground_assumed
f 1126 989 987
g ground_assumed
f 1126 991 989
g ground_assumed
f 1126 992 991
g ground_assumed
f 1126 993 992
g ground_assumed
f 1126 1183 993
g ground_assumed
f 1152 1154 1153
g ground_assumed
f 1152 1151 1154
g ground_assumed
f 1152 1011 1151
g ground_assumed
f 1152 1012 1011
g ground_assumed
f 1152 1144 1012
g ground_assumed
f 1152 1145 1144
g ground_assumed
f 1152 1146 1145
g ground_assumed
f 1152 1147 1146
g ground_assumed
f 1152 1148 1147
g ground_assumed
f 1152 1149 1148
g ground_assumed
f 1152 1150 1149
g ground_assumed
f 1152 1107 1150
g ground_assumed
f 1152 1108 1107
g ground_assumed
f 1152 1109 1108
g ground_assumed
f 1152 1110 1109
g ground_assumed
f 1152 1111 1110
g ground_assumed
f 1152 1112 1111
g ground_assumed
f 1152 1113 1112
g ground_assumed
f 1152 1114 1113
g ground_assumed
f 1152 1115 1114
g ground_assumed
f 1152 939 1141 1140 1143 1115
g ground_assumed
f 1152 940 939
g ground_assumed
f 1069 1077 1070
g ground_assumed
f 1079 1180 1080
g ground_assumed
f 1171 1124 1172
g ground_assumed
f 1171 1126 1124
g ground_assumed
f 1010 940 1152
g ground_assumed
f 1068 1077 1069
g ground_assumed
f 1078 1180 1079
g ground_assumed
f 1045 1126 1171
g ground_assumed
f 1009 940 1010
g ground_assumed
f 1077 1180 1078
g ground_assumed
f 1044 1126 1045
g ground_assumed
f 1007 940 1009
g ground_assumed
f 1007 1068 940
g ground_assumed
f 1007 1077 1068
g ground_assumed
f 1007 1180 1077
g ground_assumed
f 1007 1181 1180
g ground_assumed
f 1043 1126 1044
g ground_assumed
f 1006 1181 1007
g ground_assumed
f 1063 1126 1043
g ground_assumed
f 1005 1181 1006
g ground_assumed
f 1062 1126 1063
g ground_assumed
f 1170 1181 1005
g ground_assumed
f 1182 1126 1062
g ground_assumed
f 1182 1183 1126
g ground_assumed
f 1182 996 1183
g ground_assumed
f 1182 997 996
g ground_assumed
f 1182 1156 997
g ground_assumed
f 1182 1157 1156
g ground_assumed
f 1182 1158 1157
g ground_assumed
f 1182 1159 1158
g ground_assumed
f 1182 1160 1159
g ground_assumed
f 1182 1161 1160
g ground_assumed
f 1182 1162 1161
g ground_assumed
f 1182 1163 1162
g ground_assumed
f 1182 1164 1163
g ground_assumed
f 1182 1165 1164
g ground_assumed
f 1182 1166 1165
g ground_assumed
f 1169 1181 1170
g ground_assumed
f 1181 1166 1182
g ground_assumed
f 1181 1167 1166
g ground_assumed
f 1181 1168 1167
g ground_assumed
f 1181 1169 1168
