# Source coordinates; no display transform
v 2685635.17454 1246514.97132 523.248149696
v 2685635.54534 1246514.52935 522.682472991
v 2685635.58189 1246514.55559 522.693169504
v 2685635.66974 1246514.61663 522.716949138
v 2685634.90389 1246515.65997 524.009529479
v 2685634.88682 1246515.68323 524.038345738
v 2685634.9139 1246515.69696 524.040828971
v 2685634.86158 1246515.76812 524.129027144
v 2685634.87216 1246515.78377 524.13979435
v 2685634.91491 1246515.84704 524.183318027
v 2685634.95408 1246515.90502 524.223200881
v 2685634.85014 1246516.048 524.399941396
v 2685634.80446 1246515.98469 524.357520474
v 2685634.75568 1246515.91707 524.312216608
v 2685634.73299 1246515.94304 524.345806981
v 2685633.19896 1246517.69859 526.616634223
v 2685634.76114 1246515.61953 524.026822
v 2685634.7612 1246515.61956 524.02682734
v 2685632.99314 1246517.93412 526.921303775
v 2685632.39036 1246518.75282 527.93629535
v 2685632.39055 1246518.75296 527.936354411
v 2685632.41035 1246518.76099 527.936255549
v 2685632.53587 1246518.81186 527.935628371
v 2685632.57782 1246518.82886 527.935418716
v 2685632.60112 1246518.8383 527.935302319
v 2685632.62415 1246518.81155 527.900829189
v 2685634.01965 1246517.19045 525.812135558
v 2685632.77154 1246518.90737 527.934450755
v 2685632.73842 1246518.95295 527.990785035
v 2685632.72656 1246518.96925 528.010939244
v 2685632.71228 1246518.98889 528.035221542
v 2685632.71247 1246518.98903 528.035278398
v 2685632.81562 1246519.06467 528.066975545
v 2685632.96023 1246519.17071 528.111414149
v 2685632.87607 1246519.13637 528.111605055
v 2685632.80218 1246519.10621 528.111772708
v 2685632.76548 1246519.09123 528.111855975
v 2685632.66734 1246519.05117 528.112078629
v 2685632.66708 1246519.05107 528.112079202
v 2685632.66537 1246519.05343 528.114995815
v 2685632.63851 1246519.09038 528.160665903
v 2685632.63854 1246519.0904 528.160676374
v 2685632.64529 1246519.09866 528.165900582
v 2685632.68429 1246519.1464 528.196110091
v 2685632.7265 1246519.17793 528.209629141
v 2685632.68684 1246519.14952 528.198086129
v 2685632.82597 1246519.31985 528.305866254
v 2685632.76987 1246519.27968 528.289541618
v 2685632.66807 1246519.20677 528.259921685
v 2685632.7766 1246519.33963 528.343985822
v 2685632.7166 1246519.29655 528.32642517
v 2685632.71664 1246519.29803 528.327821109
v 2685632.71871 1246519.37237 528.397780256
v 2685632.56615 1246519.18995 528.283743466
v 2685632.56614 1246519.18994 528.283732856
v 2685632.56613 1246519.18994 528.283738306
v 2685632.53532 1246519.23233 528.336138819
v 2685632.44901 1246519.04989 528.196181566
v 2685632.44896 1246519.04985 528.196166713
v 2685632.41796 1246519.09202 528.248428415
v 2685632.48273 1246518.97583 528.112497436
v 2685632.47442 1246518.96972 528.109932394
v 2685632.47444 1246518.96971 528.109913591
v 2685632.47438 1246518.96967 528.109895351
v 2685632.40059 1246519.07126 528.235447091
v 2685632.39589 1246519.07672 528.242488297
v 2685632.40022 1246519.07081 528.235171263
v 2685632.40023 1246519.0708 528.235148559
v 2685632.35447 1246519.03793 528.221744486
v 2685632.35967 1246518.82926 528.021053771
v 2685632.35968 1246518.82925 528.021044356
v 2685632.35965 1246518.82923 528.021035224
v 2685632.35073 1246518.8413 528.036014132
v 2685632.35074 1246518.84129 528.036001432
v 2685632.3507 1246518.84126 528.03598874
v 2685632.28369 1246518.93149 528.14807676
v 2685632.28374 1246518.93155 528.148117794
v 2685632.25683 1246518.96781 528.193147759
v 2685632.37729 1246518.77057 527.958299733
v 2685632.3773 1246518.77056 527.958284882
v 2685632.37726 1246518.77053 527.958270625
v 2685632.30155 1246518.87357 528.085956838
v 2685632.3015 1246518.87351 528.085918555
v 2685632.30149 1246518.87353 528.085938459
v 2685632.24064 1246518.95618 528.188405048
v 2685632.26904 1246518.76278 527.993187407
v 2685632.26906 1246518.76277 527.993168737
v 2685632.26898 1246518.76274 527.993169081
v 2685632.23936 1246518.79683 528.03720053
v 2685632.23931 1246518.79681 528.037200745
v 2685632.15426 1246518.89414 528.163105019
v 2685632.25324 1246518.69732 527.937040533
v 2685632.25317 1246518.69729 527.937040885
v 2685632.18879 1246518.7763 528.037423769
v 2685632.18873 1246518.77626 528.037406281
v 2685632.11546 1246518.86628 528.151742886
v 2685632.2056 1246518.66186 527.921904679
v 2685632.20562 1246518.66184 527.921881473
v 2685632.20554 1246518.66179 527.921858252
v 2685632.13623 1246518.75519 528.037868339
v 2685632.13624 1246518.75517 528.037845079
v 2685632.13617 1246518.75512 528.037823604
v 2685632.07516 1246518.83733 528.139938164
v 2685632.01401 1246518.73836 528.069610047
v 2685631.98532 1246518.77281 528.113625922
v 2685631.98525 1246518.77277 528.113605891
v 2685631.98524 1246518.77278 528.113626064
v 2685631.68156 1246518.64884 528.114315072
v 2685631.71055 1246518.61483 528.070607395
v 2685631.73134 1246518.59044 528.03926452
v 2685631.73143 1246518.59048 528.039264189
v 2685631.79764 1246518.51267 527.939317008
v 2685631.73136 1246518.59042 528.039242746
v 2685631.64654 1246518.52951 528.014400198
v 2685630.85619 1246518.20771 528.016932891
v 2685630.8519 1246518.18855 528.00036574
v 2685630.83737 1246518.12349 527.944115199
v 2685630.79075 1246517.9149 527.763751212
v 2685630.77676 1246517.85228 527.709604051
v 2685630.75792 1246517.76798 527.636710713
v 2685624.18666 1246513.06146 525.724270005
v 2685624.27607 1246512.93693 525.570769196
v 2685628.50139 1246516.04776 526.88095864
v 2685630.73728 1246517.69214 527.572572571
v 2685630.4565 1246516.41917 526.470441676
v 2685630.45648 1246516.41907 526.470351383
v 2685630.45033 1246516.41154 526.465587674
v 2685626.85185 1246514.79 526.3282405
v 2685624.29295 1246512.91341 525.541779235
v 2685624.30741 1246512.89327 525.51696049
v 2685624.574 1246513.08862 525.598748722
v 2685624.6648 1246513.15516 525.626604713
v 2685624.53841 1246513.06204 525.587350597
v 2685624.30917 1246512.89082 525.513936357
v 2685624.32685 1246512.8662 525.483590748
v 2685624.4407 1246512.9497 525.518588645
v 2685624.32746 1246512.86535 525.482547944
v 2685625.60518 1246511.08566 523.288904601
v 2685625.8081 1246511.18945 523.308400029
v 2685625.92526 1246511.24936 523.319655607
v 2685626.34143 1246511.46221 523.359638595
v 2685626.41165 1246511.49812 523.366384423
v 2685626.45487 1246511.52023 523.370537107
v 2685626.52259 1246511.55486 523.37704276
v 2685626.37053 1246511.36684 523.257469633
v 2685629.70514 1246513.05695 523.563226815
v 2685629.73683 1246513.19876 523.685844244
v 2685634.4141 1246515.44364 523.995000977
v 2685634.41406 1246515.44359 523.994972882
v 2685634.54138 1246515.29425 523.803037692
v 2685634.60292 1246515.22207 523.710267653
v 2685634.67968 1246515.33375 523.786589099
v 2685634.62121 1246515.41239 523.884311335
v 2685634.70298 1246515.5334 523.967554088
v 2685634.7656 1246515.45876 523.872021297
v 2685634.78977 1246515.49392 523.896054203
v 2685632.48279 1246518.97585 528.112497316
v 2685632.48274 1246518.97582 528.112483672
v 2685632.28375 1246518.93154 528.148096447
v 2685632.01408 1246518.73841 528.069629136
v 2685632.01409 1246518.73839 528.06960979
v 2685631.79769 1246518.51269 527.939316783
v 2685631.79765 1246518.51266 527.939304735
v 2685634.32662 1246515.54617 524.126799621
v 2685634.76116 1246515.61951 524.026789361
v 2685632.6549 1246519.06783 528.132800538
v 2685634.41405 1246515.44361 523.994996773
v 2685632.44897 1246519.04984 528.196150569
v 2685632.23932 1246518.7968 528.037186981
v 2685632.25318 1246518.69727 527.937021927
v 2685632.1888 1246518.77628 528.037405967
v 2685632.74501 1246512.51885 521.862902197
v 2685635.32707 1246514.37264 522.618591037
v 2685635.37081 1246514.40404 522.631392189
v 2685635.51565 1246514.50803 522.673782074
v 2685635.77933 1246514.76978 522.819915906
v 2685635.05379 1246515.76786 524.053655645
v 2685635.00023 1246515.74071 524.048744995
v 2685639.6873 1246524.16345 525.675072097
v 2685640.42225 1246524.70201 525.435532506
v 2685640.39474 1246524.74034 525.481481675
v 2685640.23814 1246524.62819 525.534166951
v 2685640.24997 1246524.62499 525.522806674
v 2685640.19383 1246524.59646 525.549071793
v 2685640.2307 1246524.62362 525.537150254
v 2685640.20701 1246524.62193 525.554777969
v 2685640.15484 1246524.6182 525.593597137
v 2685640.1409 1246524.61721 525.603972379
v 2685640.12116 1246524.6158 525.618655801
v 2685640.10172 1246524.61441 525.633124978
v 2685639.99475 1246524.60677 525.712720223
v 2685637.15206 1246522.48349 526.613811653
v 2685637.15207 1246522.48346 526.613781843
v 2685637.17308 1246522.4331 526.565358229
v 2685637.17308 1246522.43309 526.565348329
v 2685637.17355 1246522.43344 526.565199822
v 2685636.50339 1246521.93277 526.777563151
v 2685636.34208 1246521.81414 526.829866732
v 2685636.50268 1246521.93376 526.778745469
v 2685636.5004 1246521.93694 526.78255578
v 2685633.7001 1246519.87525 527.689131349
v 2685633.91533 1246520.0294 527.616730536
v 2685634.71153 1246520.59967 527.348891549
v 2685637.1957 1246522.37886 526.513207526
v 2685637.19668 1246522.37653 526.510963208
v 2685637.20887 1246522.34729 526.482850796
v 2685637.21947 1246522.3219 526.458436176
v 2685637.22835 1246522.3006 526.43795378
v 2685632.71247 1246518.98903 527.908280699
v 2685632.71228 1246518.98889 527.908340943
v 2685632.72656 1246518.96925 527.884649421
v 2685632.73842 1246518.95295 527.86498556
v 2685637.31221 1246520.8062 525.426873376
v 2685637.23406 1246520.91505 525.557371153
v 2685637.74172 1246521.06996 525.254642537
v 2685637.75519 1246521.03767 525.223603022
v 2685637.79464 1246520.94311 525.132679594
v 2685638.57092 1246521.25772 524.718913969
v 2685638.62535 1246521.33828 524.726887749
v 2685638.65585 1246521.38341 524.731355695
v 2685638.71784 1246521.40865 524.698387687
v 2685638.6843 1246521.36216 524.695465919
v 2685638.87652 1246521.44005 524.59300192
v 2685638.90821 1246521.48617 524.597145124
v 2685638.92722 1246521.51382 524.599629497
v 2685638.96417 1246521.56758 524.604459207
v 2685639.01537 1246521.64207 524.611151487
v 2685640.77794 1246524.20658 524.841540594
v 2685640.42802 1246524.69397 525.425896366
v 2685640.23187 1246524.6237 525.536273648
v 2685636.52697 1246521.89993 526.738189341
v 2685637.19569 1246522.37889 526.513234372
v 2685632.96023 1246519.17071 527.827613168
v 2685637.72308 1246521.11464 525.29760659
v 2685637.57823 1246522.72325 526.429051138
v 2685637.17557 1246522.42712 526.559611463
v 2685635.02445 1246520.89432 527.28823173
v 2685636.49357 1246521.94646 526.793969558
v 2685636.47245 1246521.97587 526.82923784
v 2685632.57782 1246518.82886 527.913277051
v 2685633.17449 1246518.016 526.928381313
v 2685633.58642 1246517.50264 526.278675978
v 2685634.73299 1246515.94304 524.387604694
v 2685634.75568 1246515.91707 524.353275526
v 2685634.85014 1246516.048 524.361503437
v 2685639.36185 1246517.95135 522.004070598
v 2685639.73029 1246517.43817 521.388788991
v 2685642.59143 1246519.42628 520.387669877
v 2685642.59762 1246519.59137 520.487173653
v 2685642.60469 1246519.77992 520.600810263
v 2685642.67176 1246521.56877 521.678959682
v 2685641.92046 1246522.61522 522.933585016
v 2685638.82081 1246521.359 524.585720762
v 2685638.07426 1246520.27279 524.488138528
v 2685638.00981 1246520.42731 524.636713224
v 2685637.3448 1246520.76081 525.372444111
v 2685632.77154 1246518.90737 527.810021804
v 2685634.01965 1246517.19045 525.739340346
v 2685632.62415 1246518.81155 527.865762353
v 2685632.60112 1246518.8383 527.900858182
v 2685639.27255 1246518.07572 522.153184749
v 2685637.79649 1246520.13166 524.618136602
v 2685638.60001 1246519.01247 523.276294769
v 2685637.80347 1246520.12195 524.60648601
v 2685637.88885 1246520.00302 524.463903051
v 2685636.53381 1246521.8904 526.726766481
v 2685636.52936 1246521.89659 526.734187159
v 2685633.75405 1246519.85183 527.631742253
v 2685632.66734 1246519.05117 527.983194547
v 2685632.76548 1246519.09123 527.931062238
v 2685633.78736 1246519.84005 527.598005802
v 2685632.80218 1246519.10621 527.911566201
v 2685632.87607 1246519.13637 527.872316578
v 2685636.56738 1246521.84365 526.670706329
v 2685636.55159 1246521.86564 526.697076402
v 2685636.53595 1246521.88742 526.723192469
v 2685634.54138 1246515.29425 524.12860446
v 2685632.59163 1246512.40873 523.842974246
v 2685632.74501 1246512.51885 523.791543736
v 2685634.60292 1246515.22207 524.034393737
v 2685635.1864 1246515.83507 523.961475755
v 2685636.0236 1246514.86252 522.685764614
v 2685639.36316 1246517.18306 521.517245827
v 2685639.09837 1246517.81782 522.127582997
v 2685639.04033 1246517.95696 522.261372339
v 2685635.09625 1246515.93979 524.09883842
v 2685630.34904 1246521.52537 524.843665454
v 2685630.35034 1246521.53552 524.834679409
v 2685630.24388 1246521.66819 524.670877608
v 2685630.35718 1246521.52701 524.845197574
v 2685630.35041 1246521.53611 524.834158499
v 2685633.64683 1246525.91155 521.994025303
v 2685633.5087 1246526.10395 521.762597442
v 2685629.93866 1246523.54084 522.809462867
v 2685630.46047 1246523.09893 523.418001938
v 2685630.50004 1246523.12501 523.408579557
v 2685630.50004 1246523 523.525166456
v 2685629.42167 1246523.16768 522.962916213
v 2685630.09551 1246522.25109 524.071391714
v 2685630.1378 1246522.29468 524.04665565
v 2685629.84942 1246522.69636 523.563492905
v 2685629.96285 1246522.77109 523.536484956
v 2685630.23577 1246522.39566 523.989350148
v 2685630.50004 1246522.66805 523.834760889
v 2685630.50004 1246522.50754 523.984464893
v 2685630.50004 1246522.37498 524.108100952
v 2685630.51436 1246522.37021 524.117938309
v 2685630.67089 1246522.31804 524.225504567
v 2685630.84857 1246522.25883 524.347596171
v 2685630.4301 1246522.12832 524.311819603
v 2685631.42614 1246520.75815 525.96459662
v 2685631.40285 1246520.65392 526.053038171
v 2685631.37181 1246520.51503 526.170893168
v 2685631.36441 1246520.48194 526.198977834
v 2685631.32769 1246520.31761 526.338417139
v 2685632.39589 1246519.07672 527.897772615
v 2685632.40059 1246519.07126 527.904640087
v 2685632.41796 1246519.09202 527.891809495
v 2685632.53532 1246519.23233 527.805117106
v 2685632.72098 1246519.45431 527.667966855
v 2685632.71871 1246519.37237 527.743533644
v 2685632.71664 1246519.29803 527.812084272
v 2685632.72497 1246519.30402 527.809640229
v 2685632.77951 1246519.34318 527.793637718
v 2685632.87903 1246519.41466 527.764431003
v 2685632.93801 1246519.45702 527.747123882
v 2685633.28338 1246519.70505 527.645775306
v 2685633.28344 1246519.70351 527.647235791
v 2685632.93504 1246519.45338 527.74939837
v 2685632.82597 1246519.31985 527.832880584
v 2685632.68684 1246519.14952 527.939376597
v 2685632.7265 1246519.17793 527.927809777
v 2685633.7001 1246519.87525 527.643876369
v 2685637.06842 1246522.35513 526.598710322
v 2685639.99475 1246524.60677 525.60006844
v 2685639.25469 1246524.55393 525.370815558
v 2685639.25002 1246524.50005 525.419312124
v 2685639.08866 1246524.54208 525.319383892
v 2685638.49999 1246524.50005 525.137027762
v 2685638.89543 1246524.59241 525.199715089
v 2685638.58791 1246524.67251 525.009271951
v 2685638.5719 1246524.67668 524.999353712
v 2685638.51092 1246524.76162 524.897185708
v 2685636.84758 1246524.24319 524.754682397
v 2685636.83562 1246524.22855 524.763837863
v 2685637.01812 1246524.18294 524.875062268
v 2685636.72325 1246524.09098 524.849852216
v 2685636.64442 1246524.06639 524.843113276
v 2685636.63988 1246524.06498 524.842724648
v 2685636.63575 1246524.06369 524.842372015
v 2685636.54117 1246523.9479 524.914761209
v 2685636.54254 1246523.94461 524.918345158
v 2685636.54255 1246523.94458 524.918378923
v 2685636.56321 1246523.89506 524.972344992
v 2685635.78157 1246522.93816 525.570622317
v 2685636.49357 1246521.94646 526.763511013
v 2685635.02445 1246520.89432 527.191865673
v 2685636.47245 1246521.97587 526.728127261
v 2685636.01386 1246522.61462 525.959801628
v 2685635.99997 1246522.62503 525.944858566
v 2685635.34828 1246522.40771 525.902271953
v 2685635.24999 1246522.28739 525.977501147
v 2685635.25 1246522.31346 525.953188964
v 2685635.2081 1246522.29457 525.955035546
v 2685635.1803 1246522.28204 525.956261073
v 2685635.13508 1246522.26165 525.958254171
v 2685635.10675 1246522.24888 525.9595031
v 2685635.02916 1246522.2139 525.962923291
v 2685635.50633 1246522.7844 525.610437733
v 2685635.50664 1246522.74331 525.648875904
v 2685635.72639 1246523.01502 525.47817121
v 2685635.21087 1246523.73306 524.614459977
v 2685636.46742 1246524.1247 524.722112004
v 2685636.67663 1246524.18991 524.74003628
v 2685636.73765 1246524.26536 524.692634845
v 2685636.70241 1246524.30942 524.638278733
v 2685636.79735 1246524.33917 524.646262334
v 2685636.81011 1246524.34317 524.647335206
v 2685636.88263 1246524.36589 524.653433173
v 2685636.88345 1246524.36615 524.653501958
v 2685636.89926 1246524.37111 524.654831874
v 2685636.97024 1246524.39335 524.660800162
v 2685638.44378 1246524.85513 524.784707393
v 2685637.96152 1246525.52685 523.976715838
v 2685637.62916 1246525.28823 524.074176602
v 2685638.1399 1246525.91976 523.677394893
v 2685638.12564 1246525.91598 523.675556013
v 2685638.05819 1246525.89809 523.666858216
v 2685637.50001 1246525.75001 523.594881386
v 2685637.50001 1246525.375 523.944642083
v 2685637.06854 1246525.69025 523.488230497
v 2685637.90187 1246526.28854 523.243867625
v 2685637.54654 1246526.78346 522.648541567
v 2685636.99999 1246526.62505 522.590583517
v 2685638.36628 1246527.45854 522.327449301
v 2685638.81489 1246526.83369 523.079060775
v 2685638.86031 1246526.88984 523.043780534
v 2685638.30674 1246527.66646 522.111116003
v 2685637.41926 1246528.91153 520.615878152
v 2685635.15015 1246527.28242 521.281264606
v 2685635.14703 1246523.82199 524.507490016
v 2685633.71227 1246525.82041 522.103657504
v 2685634.8061 1246521.82397 526.242644094
v 2685634.82497 1246521.82083 526.252680579
v 2685634.86362 1246521.81439 526.273235129
v 2685633.2773 1246519.87238 527.487428424
v 2685633.27609 1246519.90562 527.455967027
v 2685633.27451 1246519.94913 527.414800272
v 2685632.55211 1246524.6239 522.782946033
v 2685633.31281 1246523.56436 524.057432644
v 2685632.92631 1246523.28688 524.170767921
v 2685632.49998 1246523.50005 523.811500203
v 2685632.73409 1246523.14888 524.227133663
v 2685632.77989 1246523.08018 524.308442143
v 2685632.83774 1246522.9934 524.411145459
v 2685632.90077 1246522.89885 524.523049468
v 2685633.39444 1246523.05282 524.565255498
v 2685633.25386 1246523.1231 524.446796405
v 2685633.47597 1246523.19233 524.46582528
v 2685633.46322 1246523.29432 524.365902367
v 2685633.69525 1246523.36703 524.385412983
v 2685634.71562 1246521.83905 526.194528631
v 2685634.7682 1246521.83029 526.222487149
v 2685633.27145 1246520.03329 527.335152346
v 2685633.26869 1246520.10914 527.263372612
v 2685633.66231 1246523.13636 524.588156987
v 2685633.50002 1246521.99999 525.586922143
v 2685634.33983 1246521.90315 525.993307871
v 2685634.00004 1246521.74998 526.008285515
v 2685634.00003 1246521.62497 526.124867382
v 2685633 1246521.74998 525.631906366
v 2685633 1246522.75002 524.699211173
v 2685632.50694 1246522.77603 524.489379014
v 2685632.40756 1246522.91445 524.322882666
v 2685632.52881 1246523.00149 524.287329417
v 2685631.98401 1246522.83076 524.241518031
v 2685631.88218 1246522.79885 524.232955503
v 2685631.85737 1246522.68784 524.327154048
v 2685631.8454 1246522.68411 524.326128611
v 2685631.8531 1246522.66872 524.343380629
v 2685631.96328 1246522.44836 524.590371079
v 2685632.14702 1246522.08087 525.00226471
v 2685632.30094 1246521.86648 525.26014286
v 2685631.75003 1246521.12501 525.744342116
v 2685632.24997 1246521.87498 525.233035104
v 2685631.95766 1246522.34463 524.684996927
v 2685631.82989 1246522.56488 524.431494678
v 2685631.39017 1246522.42774 524.393900539
v 2685631.27024 1246522.50484 524.276852505
v 2685631.16332 1246522.57358 524.172508638
v 2685631.80078 1246522.77335 524.226111254
v 2685631.74995 1246522.87502 524.112150337
v 2685631.14814 1246523.17594 523.604993603
v 2685631.04353 1246523.22825 523.516840879
v 2685631.28848 1246523.48072 523.373560466
v 2685631.24999 1246523.49996 523.341128032
v 2685632.32505 1246524.94016 522.402527966
v 2685632.48639 1246524.71545 522.672833343
v 2685637.15206 1246522.48349 526.510474259
v 2685637.20161 1246525.50489 523.711190772
v 2685637.00005 1246526.99998 522.240924586
v 2685636.42644 1246524.22293 524.615072892
v 2685631.22946 1246524.15358 522.723796919
v 2685637.15207 1246522.48346 526.51050809
v 2685634.58825 1246521.6078 526.362270191
v 2685632.21153 1246524.27265 522.982361502
v 2685631.39299 1246523.42847 523.461628234
v 2685631.95958 1246523.14522 523.939049423
v 2685638.84505 1246526.79168 523.129584818
v 2685638.44936 1246526.38174 523.363001935
v 2685638.47949 1246526.33968 523.413573089
v 2685638.47974 1246526.33933 523.413983628
v 2685638.48676 1246526.32954 523.425761356
v 2685638.51001 1246526.29709 523.464773856
v 2685638.51715 1246526.28711 523.47677032
v 2685638.88446 1246526.73678 523.195626232
v 2685638.88135 1246526.74111 523.190413094
v 2685638.85405 1246526.77915 523.144666407
v 2685638.85107 1246526.78329 523.139680526
v 2685636.50339 1246521.93277 526.779971134
v 2685637.17337 1246522.4324 526.566144345
v 2685637.17557 1246522.42712 526.571896421
v 2685637.57823 1246522.72325 526.447252731
v 2685637.21852 1246522.46564 526.55213335
v 2685623.26986 1246515.21566 523.341752697
v 2685629.30512 1246521.43641 524.084743535
v 2685629.07543 1246521.70584 524.082819075
v 2685626.11892 1246520.78379 523.82949608
v 2685621.19437 1246517.2293 523.302449477
v 2685622.78278 1246515.01687 523.297577038
v 2685634.41406 1246515.44359 524.127548172
v 2685634.41405 1246515.44361 524.127548039
v 2685629.70514 1246513.05695 523.676275992
v 2685628.98098 1246509.81647 523.457281678
v 2685631.82979 1246511.86177 523.761603238
v 2685628.93183 1246521.87427 524.081616006
v 2685628.43582 1246522.45611 524.07746019
v 2685626.63059 1246521.15311 523.884257514
v 2685633.67935 1246523.25572 524.483235636
v 2685633.69525 1246523.36703 524.490134933
v 2685633.46322 1246523.29432 524.470235938
v 2685633.4897 1246523.08253 524.461048443
v 2685633.66231 1246523.13636 524.47583768
v 2685638.71784 1246521.40865 524.736981447
v 2685638.62466 1246521.2795 524.723786409
v 2685638.82081 1246521.359 524.741547228
v 2685638.87652 1246521.44005 524.749635175
v 2685638.6843 1246521.36216 524.732231448
v 2685629.93922 1246522.08999 524.052072534
v 2685629.93925 1246522.09003 524.052076938
v 2685629.87906 1246522.17112 523.953563228
v 2685629.87462 1246522.16973 523.950989257
v 2685629.77952 1246521.92543 524.032319042
v 2685629.23765 1246523.03486 522.903996498
v 2685629.76557 1246521.75005 524.133044699
v 2685630.29477 1246521.10062 524.958780313
v 2685629.70936 1246521.69209 524.126123226
v 2685628.72185 1246522.66256 522.738878028
v 2685628.43582 1246522.45611 522.647315366
v 2685628.99802 1246521.79664 523.505155231
v 2685629.07543 1246521.70584 523.623267547
v 2685629.43137 1246521.81685 523.830057875
v 2685629.54399 1246521.68262 524.003252678
v 2685629.61644 1246521.59625 524.114680974
v 2685630.26008 1246520.82908 525.104531432
v 2685630.28602 1246521.03215 524.995530933
v 2685630.28602 1246521.03215 524.995530893
v 2685630.55477 1246520.7246 525.400711419
v 2685630.60456 1246520.72045 525.442160193
v 2685631.2427 1246519.93733 526.437875957
v 2685631.19339 1246519.71663 526.539878248
v 2685631.10571 1246519.3243 526.721195088
v 2685631.68156 1246518.64884 527.599851674
v 2685631.98524 1246518.77278 527.757676331
v 2685631.98532 1246518.77281 527.757718698
v 2685632.07516 1246518.83733 527.786683593
v 2685631.41071 1246519.73114 526.700031372
v 2685632.11546 1246518.86628 527.799678403
v 2685632.15426 1246518.89414 527.812186035
v 2685632.24064 1246518.95618 527.84003661
v 2685631.30687 1246520.22444 526.305186484
v 2685631.24611 1246519.95256 526.430835467
v 2685630.67995 1246520.71416 525.504917224
v 2685630.96371 1246520.69052 525.741132634
v 2685630.70974 1246521.03547 525.323674466
v 2685630.79907 1246520.93169 525.459334472
v 2685630.35718 1246521.52701 524.736092229
v 2685630.35034 1246521.53552 524.725343032
v 2685630.35041 1246521.53611 524.725026924
v 2685630.38603 1246521.81483 524.575425777
v 2685630.20699 1246522.05874 524.280664583
v 2685630.23134 1246522.06634 524.294814022
v 2685630.28886 1246522.08428 524.328231013
v 2685630.22157 1246522.178 524.21614704
v 2685630.36214 1246522.22181 524.297829994
v 2685630.30252 1246522.30382 524.199174587
v 2685630.30251 1246522.30382 524.199164174
v 2685630.30252 1246522.30383 524.19916571
v 2685630.23577 1246522.39566 524.088703273
v 2685629.96285 1246522.77109 523.637082249
v 2685629.84942 1246522.69636 523.59622664
v 2685630.1378 1246522.29468 524.076602325
v 2685630.07859 1246522.23365 524.069288957
v 2685630.07858 1246522.23364 524.069287698
v 2685629.93927 1246522.09001 524.05210223
v 2685630.24388 1246521.66819 524.557944608
v 2685629.77957 1246521.92544 524.032353183
v 2685629.77953 1246521.9254 524.03234812
v 2685630.34904 1246521.52537 524.73079573
v 2685630.73728 1246517.69214 527.472653456
v 2685628.50139 1246516.04776 526.776331234
v 2685624.27607 1246512.93693 525.46258281
v 2685624.29295 1246512.91341 525.490710328
v 2685626.85185 1246514.79 526.291006937
v 2685623.27902 1246515.06027 523.334281748
v 2685622.97599 1246514.74775 523.29696633
v 2685624.1343 1246513.13439 525.226433079
v 2685624.15289 1246513.1085 525.257393583
v 2685624.18666 1246513.06146 525.313648617
v 2685630.75792 1246517.76798 527.440474399
v 2685630.77676 1246517.85228 527.401513035
v 2685630.79075 1246517.9149 527.372571494
v 2685630.83737 1246518.12349 527.276167224
v 2685630.8519 1246518.18855 527.24610138
v 2685630.85619 1246518.20771 527.237246255
v 2685623.37887 1246515.16325 523.3465774
v 2685623.37455 1246515.15879 523.346045212
v 2685630.86287 1246518.23762 527.223424106
v 2685630.87077 1246518.27298 527.207082126
v 2685623.47494 1246515.26233 523.358407921
v 2685623.43316 1246515.21924 523.353262425
v 2685630.88182 1246518.32243 527.184225871
v 2685629.37826 1246521.35061 524.085351329
v 2685623.53437 1246515.32363 523.365726353
v 2685631.32768 1246520.31754 526.262154888
v 2685632.35447 1246519.03793 527.876737197
v 2685632.40016 1246519.07074 527.891469334
v 2685632.40022 1246519.07081 527.891470426
v 2685632.39589 1246519.07672 527.884333073
v 2685631.32769 1246520.31761 526.262124852
v 2685636.93105 1246522.18172 526.585462193
v 2685636.77545 1246522.0779 526.635753434
v 2685636.52697 1246521.89993 526.708194928
v 2685634.71153 1246520.59967 527.237467562
v 2685632.6549 1246519.06783 527.799026185
v 2685632.66537 1246519.05343 527.781808766
v 2685633.75405 1246519.85183 527.476477333
v 2685636.52936 1246521.89659 526.704227421
v 2685636.56738 1246521.84365 526.641296613
v 2685632.87607 1246519.13637 527.676422438
v 2685632.96023 1246519.17071 527.635120296
v 2685636.58043 1246521.82547 526.61968978
v 2685636.53381 1246521.8904 526.696871039
v 2685636.53595 1246521.88742 526.693328007
v 2685636.55159 1246521.86564 526.66743821
v 2685636.50268 1246521.93376 526.748399663
v 2685636.50339 1246521.93277 526.747227588
v 2685637.17337 1246522.4324 526.564687739
v 2685637.06842 1246522.35513 526.59392742
v 2685636.5004 1246521.93694 526.75217696
v 2685639.6873 1246524.16345 525.786831199
v 2685640.42802 1246524.69397 525.570879965
v 2685640.42225 1246524.70201 525.580432613
v 2685640.19383 1246524.59646 525.684563617
v 2685640.23187 1246524.6237 525.673470836
v 2685640.24997 1246524.62499 525.660647482
v 2685640.23814 1246524.62819 525.671644984
v 2685640.39474 1246524.74034 525.625983662
v 2685640.39279 1246524.74304 525.629201396
v 2685640.38471 1246524.7543 525.642575104
v 2685640.36922 1246524.77587 525.668216422
v 2685640.36479 1246524.78204 525.675556878
v 2685640.36066 1246524.7878 525.682394564
v 2685640.35155 1246524.80049 525.697477692
v 2685640.31753 1246524.84787 525.753788039
v 2685640.08039 1246524.67073 525.818218478
v 2685640.15157 1246524.65154 525.752082729
v 2685640.10172 1246524.61441 525.765693253
v 2685640.12116 1246524.6158 525.751915618
v 2685640.1409 1246524.61721 525.737933991
v 2685640.15484 1246524.6182 525.72805462
v 2685640.20701 1246524.62193 525.691090747
v 2685640.2307 1246524.62362 525.674305527
v 2685633.17449 1246518.016 526.726652502
v 2685632.53587 1246518.81186 527.72331871
v 2685632.41035 1246518.76099 527.785154793
v 2685632.39055 1246518.75296 527.794907582
v 2685632.39036 1246518.75282 527.794961512
v 2685632.99314 1246517.93412 526.81057297
v 2685633.19896 1246517.69859 526.502917496
v 2685634.50246 1246516.20686 524.554431695
v 2685634.73299 1246515.94304 524.209834968
v 2685633.58642 1246517.50264 526.083777545
v 2685637.31221 1246520.8062 525.408240691
v 2685632.73842 1246518.95295 527.661694957
v 2685632.77154 1246518.90737 527.607218779
v 2685637.3448 1246520.76081 525.354283022
v 2685637.79649 1246520.13166 524.606511113
v 2685634.91989 1246516.14467 524.199168303
v 2685634.85014 1246516.048 524.189291855
v 2685634.95408 1246515.90502 524.018380906
v 2685635.00023 1246515.74071 523.877293745
v 2685635.05379 1246515.76786 523.854427941
v 2685634.91491 1246515.84705 524.010454373
v 2685634.87216 1246515.78377 524.001803321
v 2685634.86158 1246515.76812 523.999663262
v 2685634.9139 1246515.69696 523.914153694
v 2685634.88682 1246515.68323 523.925716349
v 2685634.90389 1246515.65997 523.897788404
v 2685635.66974 1246514.61663 522.645054952
v 2685635.80805 1246514.71274 522.602820637
v 2685635.819 1246514.72035 522.599477107
v 2685636.0236 1246514.86252 522.53700029
v 2685635.1864 1246515.83507 523.79780939
v 2685635.09625 1246515.93979 523.933567472
v 2685635.77933 1246514.76978 522.661381934
v 2685638.82081 1246521.359 524.62715249
v 2685638.57092 1246521.25772 524.750256561
v 2685638.00986 1246520.42739 524.636724998
v 2685638.87652 1246521.44005 524.637525039
v 2685641.92046 1246522.61522 523.100162926
v 2685641.88809 1246522.66031 523.153758311
v 2685641.86634 1246522.6906 523.189756711
v 2685641.85675 1246522.70396 523.205644273
v 2685641.83391 1246522.73577 523.243452649
v 2685641.80244 1246522.7796 523.29553972
v 2685640.77794 1246524.20658 524.991587267
v 2685639.01537 1246521.64207 524.663380488
v 2685638.96417 1246521.56758 524.653846741
v 2685638.92722 1246521.51382 524.646966603
v 2685638.90821 1246521.48617 524.643427359
v 2685634.62121 1246515.41239 523.951024409
v 2685634.67968 1246515.33375 523.856038085
v 2685634.78977 1246515.49392 523.876537738
v 2685635.51565 1246514.50803 522.691118386
v 2685625.85816 1246510.73329 522.949471256
v 2685627.35467 1246508.64887 520.369628505
v 2685628.98098 1246509.81647 520.854365334
v 2685626.37053 1246511.36684 523.356694784
v 2685626.52259 1246511.55486 523.477553132
v 2685626.45487 1246511.52023 523.470764976
v 2685626.41165 1246511.49812 523.466432061
v 2685626.34143 1246511.46221 523.459393307
v 2685625.92526 1246511.24936 523.417674239
v 2685625.8081 1246511.18945 523.405929945
v 2685625.60518 1246511.08566 523.38558803
v 2685625.65881 1246511.01096 523.29312918
v 2685625.66137 1246511.00741 523.288731364
v 2685625.68979 1246510.96781 523.239727126
v 2685625.80568 1246510.80639 523.039940618
v 2685625.82755 1246510.77593 523.002245051
v 2685625.8366 1246510.76333 522.986643274
v 2685624.44069 1246512.94969 525.62493303
v 2685624.32685 1246512.8662 525.589312787
v 2685624.32746 1246512.86535 525.588265688
v 2685624.574 1246513.08862 525.706068616
v 2685624.30741 1246512.89327 525.622819958
v 2685624.30808 1246512.89234 525.621668148
v 2685624.30917 1246512.89082 525.61978337
v 2685624.53841 1246513.06204 525.694472549
v 2685624.6648 1246513.15516 525.734422006
v 2685630.45648 1246516.41907 526.604110237
v 2685630.4565 1246516.41917 526.604201151
v 2685630.45033 1246516.41154 526.599294998
v 2685634.32662 1246515.54617 524.259864262
v 2685629.73683 1246513.19876 523.799762719
v 2685634.60292 1246515.22207 523.841737325
v 2685635.32707 1246514.37264 522.745880411
v 2685635.37081 1246514.40404 522.758917342
v 2685634.67968 1246515.33375 523.918806511
v 2685632.24997 1246521.87498 525.331490798
v 2685631.75003 1246521.12501 525.839769868
v 2685632.53189 1246521.51593 525.77128981
v 2685632.54228 1246521.53034 525.761821848
v 2685632.30094 1246521.86648 525.358593681
v 2685632.14702 1246522.08087 525.101426873
v 2685631.16332 1246522.57358 524.272978309
v 2685631.27024 1246522.50484 524.377123984
v 2685631.39017 1246522.42774 524.493949729
v 2685631.82989 1246522.56488 524.53227857
v 2685631.8531 1246522.66872 524.444559859
v 2685631.8454 1246522.68411 524.427360675
v 2685631.85737 1246522.68784 524.428406083
v 2685631.88218 1246522.79885 524.334630215
v 2685631.95958 1246523.14522 524.042042816
v 2685631.39299 1246523.42847 523.565372685
v 2685631.28848 1246523.48072 523.477443462
v 2685631.04353 1246523.22825 523.619664737
v 2685631.14814 1246523.17594 523.707678749
v 2685631.74995 1246522.87502 524.214037443
v 2685631.80078 1246522.77335 524.327649458
v 2685633.54109 1246522.28756 525.434821397
v 2685633.66231 1246523.13636 524.692002324
v 2685633.4897 1246523.08253 524.676957198
v 2685633.47597 1246523.19233 524.569780433
v 2685633.25386 1246523.1231 524.5503806
v 2685633.39444 1246523.05282 524.668653301
v 2685632.90077 1246522.89885 524.625622495
v 2685633 1246522.75002 524.80128638
v 2685633 1246522.08927 525.41509258
v 2685633 1246521.74998 525.730290359
v 2685634.00003 1246521.62497 526.223309616
v 2685634.00004 1246521.74998 526.107189111
v 2685634.33983 1246521.90315 526.092953411
v 2685633.50002 1246521.99999 525.68648874
v 2685634.579 1246526.87237 521.566857703
v 2685633.5087 1246526.10395 521.877316541
v 2685633.64683 1246525.91155 522.108106024
v 2685632.48639 1246524.71545 522.781896222
v 2685632.55211 1246524.6239 522.891705139
v 2685633.71227 1246525.82041 522.217435812
v 2685633.91776 1246525.53418 522.560777455
v 2685635.14703 1246523.82199 524.614637508
v 2685636.42644 1246524.22293 524.72436504
v 2685635.95518 1246525.35263 523.497307922
v 2685635.15015 1246527.28242 521.401186403
v 2685635.0834 1246527.2345 521.420548669
v 2685638.1399 1246525.91976 523.793840454
v 2685637.62916 1246525.28823 524.188025743
v 2685637.80341 1246525.41333 524.137481572
v 2685638.20999 1246525.93836 523.802983419
v 2685638.51001 1246526.29709 523.582804435
v 2685638.48676 1246526.32954 523.543899636
v 2685638.47974 1246526.33933 523.53215441
v 2685638.47949 1246526.33968 523.53174502
v 2685638.44936 1246526.38174 523.481313439
v 2685638.05819 1246525.89809 523.783181298
v 2685638.12564 1246525.91598 523.791980152
v 2685638.23844 1246525.94591 523.806694755
v 2685637.54654 1246526.78346 522.767866773
v 2685637.61718 1246526.68507 522.885893161
v 2685638.02318 1246526.97656 522.76812445
v 2685638.81489 1246526.83369 523.199230377
v 2685638.36628 1246527.45854 522.449692174
v 2685637.00005 1246526.99998 522.360765031
v 2685636.99999 1246526.62505 522.709040039
v 2685640.07822 1246525.1812 525.210465578
v 2685638.92983 1246526.79231 523.280982012
v 2685638.92722 1246526.79596 523.276610514
v 2685638.89706 1246526.83828 523.225935784
v 2685638.86031 1246526.88984 523.164181009
v 2685638.84505 1246526.79168 523.249615053
v 2685638.85107 1246526.78329 523.25968289
v 2685638.85405 1246526.77915 523.264655031
v 2685638.88135 1246526.74111 523.310275502
v 2685638.88446 1246526.73678 523.31547428
v 2685639.38368 1246526.04145 524.149556306
v 2685639.30913 1246525.18173 524.920109156
v 2685639.30419 1246525.12476 524.971172961
v 2685639.20248 1246525.09289 524.962450205
v 2685638.44378 1246524.85513 524.897381189
v 2685638.51092 1246524.76162 525.009549218
v 2685638.5719 1246524.67668 525.11143542
v 2685638.58791 1246524.67251 525.121346562
v 2685638.89543 1246524.59241 525.311653845
v 2685638.49999 1246524.50005 525.248420139
v 2685639.08866 1246524.54208 525.431237267
v 2685639.25002 1246524.50005 525.531094203
v 2685639.25469 1246524.55393 525.482798952
v 2685639.26552 1246524.67885 525.370834444
v 2685639.28379 1246524.88953 525.182003125
v 2685639.33664 1246524.90602 525.186610115
v 2685639.47562 1246524.94936 525.198723797
v 2685640.10397 1246525.14533 525.253494974
v 2685631.32767 1246520.31754 526.430700161
v 2685631.32769 1246520.31761 526.430645322
v 2685631.32671 1246520.31875 526.429215305
v 2685635.50633 1246522.7844 525.713942084
v 2685635.18542 1246522.40073 525.949413584
v 2685635.14843 1246522.35651 525.976552635
v 2685635.19756 1246522.39177 525.962303823
v 2685635.21307 1246522.38033 525.978778016
v 2685635.10675 1246522.24888 526.060823179
v 2685635.13508 1246522.26165 526.059636183
v 2685635.1803 1246522.28204 526.05774179
v 2685635.2081 1246522.29457 526.056576959
v 2685635.25 1246522.31346 526.054821864
v 2685635.24999 1246522.28739 526.079037796
v 2685635.34828 1246522.40771 526.004303818
v 2685635.99997 1246522.62503 526.048031185
v 2685636.01386 1246522.61462 526.062943015
v 2685635.78157 1246522.93816 525.674837229
v 2685635.75666 1246522.97286 525.633207379
v 2685636.5414 1246523.94321 525.027549655
v 2685636.54255 1246523.94458 525.026704028
v 2685636.54254 1246523.94461 525.026670344
v 2685636.54117 1246523.9479 525.023097819
v 2685636.63575 1246524.06369 524.951185131
v 2685636.63988 1246524.06498 524.951544676
v 2685636.64442 1246524.06639 524.951940872
v 2685636.72325 1246524.09098 524.958811493
v 2685637.01812 1246524.18294 524.984514217
v 2685636.83562 1246524.22855 524.873363359
v 2685636.84758 1246524.24319 524.864268144
v 2685636.97024 1246524.39335 524.77100388
v 2685636.89926 1246524.37111 524.764916589
v 2685636.88345 1246524.36615 524.763560195
v 2685636.88263 1246524.36589 524.763490061
v 2685636.81011 1246524.34317 524.757270491
v 2685636.79735 1246524.33917 524.756176231
v 2685636.70241 1246524.30942 524.748033487
v 2685636.73765 1246524.26536 524.802245233
v 2685636.67663 1246524.18991 524.849336487
v 2685636.46742 1246524.1247 524.831062911
v 2685635.21087 1246523.73306 524.7213124
v 2685635.2776 1246523.64012 524.832800788
v 2685635.31703 1246523.5852 524.898684274
v 2685635.50225 1246523.32722 525.208141408
v 2685635.71384 1246523.0325 525.561673724
v 2685636.52065 1246523.99709 524.96966856
v 2685635.50664 1246522.74331 525.752228797
v 2685636.52066 1246523.99706 524.969700787
v 2685632.56615 1246519.18995 527.944955957
v 2685632.71871 1246519.37237 527.832995625
v 2685632.72098 1246519.45431 527.757732426
v 2685632.53532 1246519.23233 527.89396688
v 2685632.56613 1246519.18994 527.944961059
v 2685632.93504 1246519.45338 527.839271732
v 2685632.93801 1246519.45702 527.83701221
v 2685632.87903 1246519.41466 527.854132312
v 2685632.77951 1246519.34318 527.883023522
v 2685632.72497 1246519.30402 527.898853166
v 2685632.71664 1246519.29803 527.901270772
v 2685632.7166 1246519.29655 527.902633164
v 2685632.72217 1246519.30054 527.90101974
v 2685632.7766 1246519.33963 527.885228673
v 2685632.66807 1246519.20677 527.967744552
v 2685632.76987 1246519.27968 527.938385372
v 2685632.82597 1246519.31985 527.922204446
v 2685623.37887 1246515.16325 523.45977565
v 2685631.64654 1246518.52951 527.75078169
v 2685631.73136 1246518.59042 527.778055078
v 2685631.73134 1246518.59044 527.778033055
v 2685631.71055 1246518.61483 527.746384311
v 2685631.68156 1246518.64884 527.702250136
v 2685631.10571 1246519.3243 526.825674185
v 2685631.24271 1246519.93732 526.542987824
v 2685630.60456 1246520.72045 525.549623531
v 2685630.55477 1246520.7246 525.508275944
v 2685630.33217 1246520.74315 525.323423835
v 2685630.24997 1246520.75 525.255163412
v 2685630.26008 1246520.82908 525.212810537
v 2685629.61644 1246521.59625 524.225303365
v 2685629.54399 1246521.68262 524.114138879
v 2685629.43137 1246521.81685 523.9413541
v 2685629.07543 1246521.70584 523.735082505
v 2685629.37826 1246521.35061 524.196072078
v 2685623.47494 1246515.26233 523.471566498
v 2685622.78278 1246515.01687 523.089243146
v 2685622.97599 1246514.74775 523.410330953
v 2685623.27902 1246515.06027 523.447521225
v 2685623.37455 1246515.15879 523.459245203
v 2685623.43316 1246515.21924 523.466438226
v 2685630.86287 1246518.23762 527.326789439
v 2685630.87077 1246518.27298 527.310483701
v 2685630.88182 1246518.32243 527.287678133
v 2685623.53437 1246515.32363 523.478860387
v 2685629.70936 1246521.69209 524.236707245
v 2685630.28602 1246521.03215 525.104055256
v 2685630.29477 1246521.10062 525.067387366
v 2685629.76557 1246521.75005 524.243605506
v 2685632.11546 1246518.86628 527.901563668
v 2685631.41071 1246519.73114 526.804518488
v 2685632.07516 1246518.83733 527.888603827
v 2685631.24611 1246519.95256 526.535958476
v 2685631.30687 1246520.22444 526.410588138
v 2685630.96371 1246520.69052 525.847866463
v 2685630.67995 1246520.71416 525.612227479
v 2685631.31084 1246520.24223 526.402381791
v 2685632.24064 1246518.95618 527.941813304
v 2685632.25683 1246518.96781 527.947020054
v 2685632.35447 1246519.03793 527.978415102
v 2685631.32767 1246520.31754 526.367651957
v 2685633.91533 1246520.0294 527.673653157
v 2685632.7265 1246519.17793 528.052136271
v 2685632.68429 1246519.1464 528.064762399
v 2685632.64529 1246519.09866 528.064746951
v 2685632.63854 1246519.0904 528.06474427
v 2685632.63852 1246519.09037 528.06474426
v 2685632.6549 1246519.06783 528.038027082
v 2685634.71153 1246520.59967 527.420168549
v 2685632.93801 1246519.45702 528.064863245
v 2685632.93504 1246519.45338 528.064862064
v 2685633.28344 1246519.70351 527.954320593
v 2685633.28338 1246519.70505 527.955332031
v 2685632.66708 1246519.05107 528.018151828
v 2685632.66734 1246519.05117 528.018022567
v 2685633.75405 1246519.85183 527.686055049
v 2685632.66537 1246519.05343 528.020949381
v 2685633.78736 1246519.84005 527.653089981
v 2685632.76548 1246519.09123 527.967804587
v 2685632.80218 1246519.10621 527.949024533
v 2685637.1957 1246522.37886 526.629270424
v 2685636.93105 1246522.18172 526.708769752
v 2685637.19668 1246522.37653 526.627058201
v 2685637.17337 1246522.4324 526.680013916
v 2685637.17308 1246522.43309 526.680665597
v 2685637.06842 1246522.35513 526.712109328
v 2685639.27255 1246518.07572 522.334465102
v 2685638.60001 1246519.01247 523.438646661
v 2685639.04033 1246517.95696 522.438238008
v 2685639.09837 1246517.81782 522.306361873
v 2685639.36316 1246517.18306 521.704752739
v 2685639.73029 1246517.43817 521.582952173
v 2685639.36185 1246517.95135 522.187864062
v 2685637.31221 1246520.8062 525.552980251
v 2685637.3448 1246520.76081 525.499468315
v 2685637.79464 1246520.94311 525.268484529
v 2685637.77374 1246520.99321 525.315966491
v 2685637.76267 1246521.01975 525.341116248
v 2685637.75519 1246521.03767 525.358107679
v 2685637.74172 1246521.06996 525.388703327
v 2685637.72308 1246521.11464 525.431052957
v 2685637.23406 1246520.91505 525.681278669
v 2685637.26281 1246520.875 525.634077133
v 2685637.28358 1246520.84608 525.599982364
v 2685637.29547 1246520.82952 525.580465463
v 2685626.40053 1246520.98705 523.74587457
v 2685628.99802 1246521.79664 523.968907222
v 2685628.93183 1246521.87427 523.871553787
v 2685626.63059 1246521.15311 523.677607852
v 2685629.40292 1246523.15415 522.854980141
v 2685629.87906 1246522.17112 523.951384939
v 2685630.07858 1246522.23364 523.968200514
v 2685630.07859 1246522.23365 523.968194382
v 2685630.09551 1246522.25109 523.958297424
v 2685629.42167 1246523.16768 522.84941709
v 2685630.35718 1246521.52701 524.732350643
v 2685630.79907 1246520.93169 525.454148113
v 2685631.31084 1246520.24223 526.290102116
v 2685631.32767 1246520.31754 526.226181216
v 2685631.32671 1246520.31875 526.224691605
v 2685631.32769 1246520.31761 526.226126078
v 2685631.36441 1246520.48194 526.086656379
v 2685631.37181 1246520.51503 526.058565591
v 2685631.40285 1246520.65392 525.940684922
v 2685631.42614 1246520.75815 525.852224035
v 2685630.4301 1246522.12832 524.198844905
v 2685630.84857 1246522.25883 524.234701572
v 2685630.67089 1246522.31804 524.112547892
v 2685630.51436 1246522.37021 524.004926959
v 2685630.50004 1246522.37498 523.995084576
v 2685630.50004 1246522.50754 523.871416056
v 2685630.50004 1246522.66805 523.721672772
v 2685630.23577 1246522.39566 523.876257972
v 2685630.30252 1246522.30383 523.987065099
v 2685630.30252 1246522.30382 523.987073939
v 2685630.36214 1246522.22181 524.086037227
v 2685630.22157 1246522.178 524.073967302
v 2685630.28886 1246522.08428 524.186742526
v 2685630.23134 1246522.06634 524.181813897
v 2685630.20699 1246522.05874 524.179726997
v 2685630.38603 1246521.81483 524.474707065
v 2685630.35041 1246521.53611 524.721307487
v 2685630.46047 1246523.09893 523.304797699
v 2685630.50004 1246523 523.411997031
v 2685630.50004 1246523.12501 523.295379522
v 2685632.21153 1246524.27265 522.869338539
v 2685631.95958 1246523.14522 523.826235099
v 2685631.88218 1246522.79885 524.120205276
v 2685631.98401 1246522.83076 524.128787244
v 2685632.52881 1246523.00149 524.174702645
v 2685632.40756 1246522.91445 524.210244757
v 2685632.4399 1246522.86941 524.264443286
v 2685632.50694 1246522.77603 524.376801565
v 2685632.90077 1246522.89885 524.410547388
v 2685632.83774 1246522.9934 524.298603376
v 2685632.77989 1246523.08018 524.195863308
v 2685632.73409 1246523.14888 524.114525748
v 2685632.49998 1246523.50005 523.698743634
v 2685632.92631 1246523.28688 524.058177663
v 2685633.31281 1246523.56436 523.944877886
v 2685632.55211 1246524.6239 522.669928219
v 2685632.48639 1246524.71545 522.559775551
v 2685632.35224 1246524.9023 522.334935036
v 2685632.32505 1246524.94016 522.289371936
v 2685631.22946 1246524.15358 522.610540252
v 2685631.24999 1246523.49996 523.228036911
v 2685631.28848 1246523.48072 523.260484359
v 2685631.39299 1246523.42847 523.34859286
v 2685630.55477 1246520.7246 525.555341975
v 2685630.28602 1246521.03215 525.167202414
v 2685630.26008 1246520.82908 525.346877315
v 2685630.24997 1246520.75 525.416848686
v 2685630.33217 1246520.74315 525.454198075
v 2685632.14702 1246522.08087 524.889761183
v 2685631.96328 1246522.44836 524.477728384
v 2685631.95766 1246522.34463 524.572378127
v 2685633 1246521.74998 525.519712171
v 2685632.30094 1246521.86648 525.147733026
v 2685632.54228 1246521.53034 525.552223457
v 2685632.53189 1246521.51593 525.561750735
v 2685637.50001 1246525.75001 523.482912175
v 2685638.05819 1246525.89809 523.555002147
v 2685638.44936 1246526.38174 523.251132137
v 2685638.02318 1246526.97656 522.535709325
v 2685637.61718 1246526.68507 522.654727607
v 2685637.90187 1246526.28854 523.131874107
v 2685637.06854 1246525.69025 523.376160432
v 2685637.20161 1246525.50489 523.599201716
v 2685637.50001 1246525.375 523.832764702
v 2685639.38368 1246526.04145 523.920478972
v 2685638.88446 1246526.73678 523.083785955
v 2685638.51715 1246526.28711 523.36494184
v 2685638.51001 1246526.29709 523.352941037
v 2685638.20999 1246525.93836 523.574607551
v 2685638.23844 1246525.94591 523.578281986
v 2685637.80341 1246525.41333 523.911274574
v 2685637.96152 1246525.52685 523.864924802
v 2685638.44378 1246524.85513 524.673209923
v 2685639.20248 1246525.09289 524.737152
v 2685639.30419 1246525.12476 524.745723709
v 2685639.30913 1246525.18173 524.694434395
v 2685633.27609 1246519.90562 527.344298357
v 2685633.2773 1246519.87238 527.375768179
v 2685634.86362 1246521.81439 526.161523979
v 2685634.82497 1246521.82083 526.140957524
v 2685634.8061 1246521.82397 526.130915239
v 2685633.27451 1246519.94913 527.303120495
v 2685634.7682 1246521.83029 526.110746564
v 2685634.71562 1246521.83905 526.082771829
v 2685633.26869 1246520.10914 527.151652088
v 2685633.27145 1246520.03329 527.223451151
v 2685634.58825 1246521.6078 526.250535922
v 2685635.21307 1246522.38033 525.765161307
v 2685635.19756 1246522.39177 525.748645939
v 2685635.14843 1246522.35651 525.76304594
v 2685635.02916 1246522.2139 525.851158619
v 2685635.10675 1246522.24888 525.847750591
v 2685636.5414 1246523.94321 524.807446893
v 2685635.75666 1246522.97286 525.41712152
v 2685635.78157 1246522.93816 525.458881688
v 2685636.56321 1246523.89506 524.860579296
v 2685636.54255 1246523.94458 524.806595566
v 2685636.52065 1246523.99709 524.74935897
v 2685635.71384 1246523.0325 525.345363935
v 2685635.72639 1246523.01502 525.366396948
v 2685636.52066 1246523.99706 524.749391281
v 2685636.97024 1246524.39335 524.54902136
v 2685636.84758 1246524.24319 524.642907534
v 2685638.51092 1246524.76162 524.785729105
v 2685640.08039 1246524.67073 525.461628809
v 2685640.31753 1246524.84787 525.385699499
v 2685640.10397 1246525.14533 525.027763272
v 2685639.47562 1246524.94936 524.973921727
v 2685639.33664 1246524.90602 524.962013648
v 2685639.28379 1246524.88953 524.957484821
v 2685639.26552 1246524.67885 525.147149928
v 2685639.25469 1246524.55393 525.259608889
v 2685639.99475 1246524.60677 525.489046917
v 2685640.10172 1246524.61441 525.522209062
v 2685640.15157 1246524.65154 525.506346957
v 2685630.8519 1246518.18855 513.839112549
v 2685630.83737 1246518.12349 513.839112549
v 2685630.79075 1246517.9149 513.839112549
v 2685630.77676 1246517.85228 513.839112549
v 2685630.75792 1246517.76798 513.839112549
v 2685624.27449 1246512.93912 525.573480488
v 2685624.18666 1246513.06146 513.839112549
v 2685624.27449 1246512.93912 513.839112549
v 2685624.27607 1246512.93693 513.839112549
v 2685624.29295 1246512.91341 513.839112549
v 2685624.30741 1246512.89327 513.839112549
v 2685624.53841 1246513.06204 513.839112549
v 2685624.30917 1246512.89082 513.839112549
v 2685624.32685 1246512.8662 513.839112549
v 2685624.4407 1246512.9497 525.624934811
v 2685624.3393 1246512.84885 525.462213258
v 2685624.32746 1246512.86535 513.839112549
v 2685624.3393 1246512.84885 513.839112549
v 2685624.36104 1246512.81857 525.42488086
v 2685624.36104 1246512.81857 513.839112549
v 2685625.60518 1246511.08566 513.839112549
v 2685626.41165 1246511.49812 513.839112549
v 2685634.41405 1246515.44361 513.839112549
v 2685634.4141 1246515.44364 513.839112549
v 2685634.41406 1246515.44359 513.839112549
v 2685634.62121 1246515.41239 513.839112549
v 2685634.70298 1246515.5334 513.839112549
v 2685634.78977 1246515.49392 513.839112549
v 2685635.54932 1246514.5322 522.683636732
v 2685635.54534 1246514.52935 513.839112549
v 2685635.54932 1246514.5322 513.839112549
v 2685635.58189 1246514.55559 513.839112549
v 2685635.66974 1246514.61663 513.839112549
v 2685634.88682 1246515.68323 513.839112549
v 2685634.87216 1246515.78377 513.839112549
v 2685634.80446 1246515.98469 513.839112549
v 2685634.73299 1246515.94304 513.839112549
v 2685634.50246 1246516.20686 524.687059259
v 2685632.39055 1246518.75296 513.839112549
v 2685632.41035 1246518.76099 513.839112549
v 2685632.53587 1246518.81186 513.839112549
v 2685632.60112 1246518.8383 513.839112549
v 2685632.62415 1246518.81155 513.839112549
v 2685632.73842 1246518.95295 513.839112549
v 2685632.71247 1246518.98903 513.839112549
v 2685632.81562 1246519.06467 527.874696868
v 2685632.87607 1246519.13637 513.839112549
v 2685632.66537 1246519.05343 513.839112549
v 2685632.63852 1246519.09037 528.160655088
v 2685632.63852 1246519.09037 513.839112549
v 2685632.63851 1246519.09038 513.839112549
v 2685632.63854 1246519.0904 513.839112549
v 2685632.76987 1246519.27968 528.289541666
v 2685632.76987 1246519.27968 527.938385325
v 2685632.72217 1246519.30054 528.328053071
v 2685632.71664 1246519.29803 513.839112549
v 2685632.56615 1246519.18995 513.839112549
v 2685632.56614 1246519.18994 513.839112549
v 2685632.56613 1246519.18994 513.839112549
v 2685632.53532 1246519.23233 513.839112549
v 2685632.40022 1246519.07081 513.839112549
v 2685632.40023 1246519.0708 513.839112549
v 2685632.40016 1246519.07074 528.235127466
v 2685632.40016 1246519.07074 513.839112549
v 2685632.35447 1246519.03793 513.839112549
v 2685632.25683 1246518.96781 513.839112549
v 2685632.15426 1246518.89414 513.839112549
v 2685631.98532 1246518.77281 513.839112549
v 2685631.98525 1246518.77277 513.839112549
v 2685631.98524 1246518.77278 513.839112549
v 2685631.73134 1246518.59044 513.839112549
v 2685631.73143 1246518.59048 513.839112549
v 2685631.73136 1246518.59042 513.839112549
v 2685630.85619 1246518.20771 527.340580936
v 2685632.26898 1246518.76274 513.839112549
v 2685632.26904 1246518.76278 513.839112549
v 2685632.26906 1246518.76277 513.839112549
v 2685631.79765 1246518.51266 513.839112549
v 2685631.79764 1246518.51267 513.839112549
v 2685631.79769 1246518.51269 513.839112549
v 2685632.13623 1246518.75519 513.839112549
v 2685632.13624 1246518.75517 513.839112549
v 2685632.13617 1246518.75512 513.839112549
v 2685632.01401 1246518.73836 513.839112549
v 2685632.01408 1246518.73841 513.839112549
v 2685632.01409 1246518.73839 513.839112549
v 2685632.28369 1246518.93149 513.839112549
v 2685632.28374 1246518.93155 513.839112549
v 2685632.28375 1246518.93154 513.839112549
v 2685632.44901 1246519.04989 513.839112549
v 2685632.44897 1246519.04984 513.839112549
v 2685632.44896 1246519.04985 513.839112549
v 2685632.3015 1246518.87351 513.839112549
v 2685632.30149 1246518.87353 513.839112549
v 2685632.30155 1246518.87357 513.839112549
v 2685632.18873 1246518.77626 513.839112549
v 2685632.18879 1246518.7763 513.839112549
v 2685632.1888 1246518.77628 513.839112549
v 2685632.23932 1246518.7968 513.839112549
v 2685632.23931 1246518.79681 513.839112549
v 2685632.23936 1246518.79683 513.839112549
v 2685632.48273 1246518.97583 513.839112549
v 2685632.48279 1246518.97585 513.839112549
v 2685632.48274 1246518.97582 513.839112549
v 2685632.47438 1246518.96967 513.839112549
v 2685632.47442 1246518.96972 513.839112549
v 2685632.47444 1246518.96971 513.839112549
v 2685632.3507 1246518.84126 513.839112549
v 2685632.35073 1246518.8413 513.839112549
v 2685632.35074 1246518.84129 513.839112549
v 2685632.35965 1246518.82923 513.839112549
v 2685632.35967 1246518.82926 513.839112549
v 2685632.35968 1246518.82925 513.839112549
v 2685632.37726 1246518.77053 513.839112549
v 2685632.37729 1246518.77057 513.839112549
v 2685632.3773 1246518.77056 513.839112549
v 2685632.20555 1246518.66179 513.839112549
v 2685632.2056 1246518.66186 513.839112549
v 2685632.20562 1246518.66184 513.839112549
v 2685632.25318 1246518.69727 513.839112549
v 2685632.25317 1246518.69729 513.839112549
v 2685632.25324 1246518.69732 513.839112549
v 2685634.7612 1246515.61956 513.839112549
v 2685634.76116 1246515.61951 513.839112549
v 2685634.76114 1246515.61953 513.839112549
v 2685632.74501 1246512.51885 513.839112549
v 2685635.32707 1246514.37264 513.839112549
v 2685634.67968 1246515.33375 513.839112549
v 2685635.37081 1246514.40404 513.839112549
v 2685635.51565 1246514.50803 513.839112549
v 2685637.21852 1246522.46564 526.550068902
v 2685637.17557 1246522.42712 526.57189644
v 2685637.17557 1246522.42712 526.559611458
v 2685636.5004 1246521.93694 513.839112549
v 2685636.5004 1246521.93694 526.774962186
v 2685633.7001 1246519.87525 527.742173861
v 2685633.91533 1246520.0294 513.839112549
v 2685636.77545 1246522.0779 526.654602601
v 2685637.20887 1246522.34729 513.839112549
v 2685636.58043 1246521.82547 526.648910617
v 2685632.72656 1246518.96925 513.839112549
v 2685637.29547 1246520.82952 525.454829753
v 2685637.28358 1246520.84608 525.474681215
v 2685637.28358 1246520.84608 513.839112549
v 2685637.26281 1246520.875 525.509360463
v 2685637.75519 1246521.03767 513.839112549
v 2685637.76267 1246521.01975 525.206365041
v 2685637.77374 1246520.99321 525.18085042
v 2685638.62535 1246521.33828 513.839112549
v 2685638.92722 1246521.51382 513.839112549
v 2685638.96417 1246521.56758 513.839112549
v 2685640.75729 1246524.23535 524.876027829
v 2685640.77794 1246524.20658 513.839112549
v 2685640.75729 1246524.23535 513.839112549
v 2685640.66746 1246524.36047 525.026047302
v 2685640.66746 1246524.36047 513.839112549
v 2685640.45013 1246524.66318 525.388974737
v 2685640.45013 1246524.66318 513.839112549
v 2685640.43689 1246524.68162 525.411087141
v 2685640.43689 1246524.68162 513.839112549
v 2685640.42802 1246524.69397 513.839112549
v 2685640.40342 1246524.72824 525.46697675
v 2685640.42225 1246524.70201 513.839112549
v 2685640.40342 1246524.72824 513.839112549
v 2685640.39474 1246524.74034 513.839112549
v 2685640.23187 1246524.6237 513.839112549
v 2685640.1409 1246524.61721 513.839112549
v 2685637.15207 1246522.48346 513.839112549
v 2685634.91989 1246516.14467 524.367578471
v 2685637.80347 1246520.12195 524.594961417
v 2685637.88885 1246520.00302 524.453613899
v 2685637.88885 1246520.00302 513.839112549
v 2685639.73029 1246517.43817 513.839112549
v 2685642.59143 1246519.42628 513.839112549
v 2685642.59762 1246519.59137 513.839112549
v 2685642.60469 1246519.77992 513.839112549
v 2685642.67176 1246521.56877 513.839112549
v 2685641.92046 1246522.61522 513.839112549
v 2685638.00981 1246520.42731 513.839112549
v 2685632.57782 1246518.82886 513.839112549
v 2685632.76548 1246519.09123 513.839112549
v 2685636.55159 1246521.86564 513.839112549
v 2685636.53595 1246521.88742 513.839112549
v 2685636.53381 1246521.8904 513.839112549
v 2685632.59163 1246512.40873 513.839112549
v 2685634.54138 1246515.29425 513.839112549
v 2685639.36316 1246517.18306 521.704752744
v 2685639.36316 1246517.18306 521.517245832
v 2685639.04033 1246517.95696 513.839112549
v 2685636.0236 1246514.86252 513.839112549
v 2685639.36316 1246517.18306 513.839112549
v 2685632.35224 1246524.9023 522.448074481
v 2685632.35224 1246524.9023 513.839112549
v 2685632.45109 1246525.34464 522.072727416
v 2685633.5087 1246526.10395 513.839112549
v 2685632.45109 1246525.34464 513.839112549
v 2685629.93866 1246523.54084 513.839112549
v 2685629.42167 1246523.16768 513.839112549
v 2685629.96285 1246522.77109 513.839112549
v 2685630.51436 1246522.37021 513.839112549
v 2685630.67089 1246522.31804 513.839112549
v 2685630.84857 1246522.25883 513.839112549
v 2685631.40285 1246520.65392 513.839112549
v 2685631.36441 1246520.48194 513.839112549
v 2685632.41796 1246519.09202 513.839112549
v 2685632.71871 1246519.37237 513.839112549
v 2685632.77951 1246519.34318 513.839112549
v 2685632.82597 1246519.31985 513.839112549
v 2685637.17308 1246522.4331 513.839112549
v 2685637.15206 1246522.48349 513.839112549
v 2685638.58791 1246524.67251 513.839112549
v 2685636.83562 1246524.22855 513.839112549
v 2685636.54254 1246523.94461 513.839112549
v 2685636.54255 1246523.94458 513.839112549
v 2685636.56321 1246523.89506 513.839112549
v 2685635.2081 1246522.29457 513.839112549
v 2685635.13508 1246522.26165 513.839112549
v 2685635.10675 1246522.24888 513.839112549
v 2685635.14843 1246522.35651 525.874813606
v 2685635.18542 1246522.40073 525.847492131
v 2685635.50664 1246522.74331 513.839112549
v 2685635.72639 1246523.01502 525.582641099
v 2685635.71384 1246523.0325 525.457145777
v 2685635.50225 1246523.32722 525.102635622
v 2685635.50225 1246523.32722 513.839112549
v 2685635.31703 1246523.5852 524.792322473
v 2685635.2776 1246523.64012 524.72625675
v 2685635.21087 1246523.73306 513.839112549
v 2685636.79735 1246524.33917 513.839112549
v 2685636.81011 1246524.34317 513.839112549
v 2685636.88345 1246524.36615 513.839112549
v 2685636.89926 1246524.37111 513.839112549
v 2685637.80341 1246525.41333 524.023080132
v 2685637.72205 1246525.35492 524.161082897
v 2685637.72205 1246525.35492 524.046939351
v 2685637.72205 1246525.35492 513.839112549
v 2685637.64594 1246525.30028 524.183158433
v 2685637.64594 1246525.30028 524.069256107
v 2685638.12564 1246525.91598 513.839112549
v 2685637.61718 1246526.68507 522.766894422
v 2685638.86031 1246526.88984 513.839112549
v 2685638.30674 1246527.66646 513.839112549
v 2685637.41926 1246528.91153 513.839112549
v 2685636.96097 1246528.5825 520.750265327
v 2685636.96097 1246528.5825 513.839112549
v 2685635.15015 1246527.28242 513.839112549
v 2685635.95518 1246525.35263 523.384090872
v 2685633.91776 1246525.53418 522.447948808
v 2685632.4399 1246522.86941 524.37706151
v 2685631.8454 1246522.68411 513.839112549
v 2685632.90077 1246522.89885 513.839112549
v 2685633.54109 1246522.28756 525.334172011
v 2685634.00003 1246521.62497 513.839112549
v 2685633 1246522.08927 525.315456167
v 2685632.53189 1246521.51593 525.674012952
v 2685634.82497 1246521.82083 513.839112549
v 2685633.27451 1246519.94913 513.839112549
v 2685633.26869 1246520.10914 513.839112549
v 2685638.47974 1246526.33933 513.839112549
v 2685638.88135 1246526.74111 513.839112549
v 2685638.85405 1246526.77915 513.839112549
v 2685638.85107 1246526.78329 513.839112549
v 2685636.50268 1246521.93376 513.839112549
v 2685637.17355 1246522.43344 513.839112549
v 2685637.17337 1246522.4324 513.839112549
v 2685626.11892 1246520.78379 513.839112549
v 2685621.19437 1246517.2293 513.839112549
v 2685622.78278 1246515.01687 513.839112549
v 2685628.98098 1246509.81647 513.839112549
v 2685631.82979 1246511.86177 513.839112549
v 2685628.93183 1246521.87427 523.404166512
v 2685628.43582 1246522.45611 513.839112549
v 2685626.63059 1246521.15311 513.839112549
v 2685633.66231 1246523.13636 513.839112549
v 2685633.67935 1246523.25572 513.839112549
v 2685633.69525 1246523.36703 513.839112549
v 2685638.82081 1246521.359 513.839112549
v 2685629.54399 1246521.68262 513.839112549
v 2685630.28602 1246521.03215 525.167202455
v 2685630.28602 1246521.03215 513.839112549
v 2685631.2427 1246519.93733 513.839112549
v 2685631.19339 1246519.71663 526.644759405
v 2685632.07516 1246518.83733 513.839112549
v 2685632.24064 1246518.95618 513.839112549
v 2685631.30687 1246520.22444 526.410588118
v 2685631.30687 1246520.22444 526.305186465
v 2685630.79907 1246520.93169 513.839112549
v 2685630.23134 1246522.06634 513.839112549
v 2685630.30252 1246522.30382 513.839112549
v 2685630.30251 1246522.30382 513.839112549
v 2685630.30252 1246522.30383 513.839112549
v 2685630.07859 1246522.23365 513.839112549
v 2685630.07858 1246522.23364 513.839112549
v 2685629.87906 1246522.17112 513.839112549
v 2685629.23765 1246523.03486 513.839112549
v 2685628.72185 1246522.66256 513.839112549
v 2685630.28602 1246521.03215 525.104055295
v 2685629.93925 1246522.09003 513.839112549
v 2685629.93927 1246522.09001 513.839112549
v 2685629.93922 1246522.08999 513.839112549
v 2685629.77953 1246521.9254 513.839112549
v 2685629.77952 1246521.92543 513.839112549
v 2685629.77957 1246521.92544 513.839112549
v 2685622.97599 1246514.74775 513.839112549
v 2685624.1343 1246513.13439 513.839112549
v 2685624.15289 1246513.1085 513.839112549
v 2685630.85619 1246518.20771 513.839112549
v 2685623.37455 1246515.15879 513.839112549
v 2685623.43316 1246515.21924 513.839112549
v 2685631.32768 1246520.31754 513.839112549
v 2685636.56738 1246521.84365 513.839112549
v 2685632.96023 1246519.17071 513.839112549
v 2685637.21947 1246522.3219 513.839112549
v 2685637.19668 1246522.37653 513.839112549
v 2685640.39279 1246524.74304 513.839112549
v 2685640.38471 1246524.7543 513.839112549
v 2685640.36922 1246524.77587 513.839112549
v 2685640.36479 1246524.78204 513.839112549
v 2685640.36066 1246524.7878 513.839112549
v 2685640.35155 1246524.80049 513.839112549
v 2685640.31753 1246524.84787 513.839112549
v 2685640.12116 1246524.6158 513.839112549
v 2685640.15484 1246524.6182 513.839112549
v 2685634.91491 1246515.84704 513.839112549
v 2685634.9139 1246515.69696 513.839112549
v 2685634.90389 1246515.65997 513.839112549
v 2685635.80805 1246514.71274 513.839112549
v 2685635.819 1246514.72035 513.839112549
v 2685637.80347 1246520.12195 513.839112549
v 2685637.79649 1246520.13166 513.839112549
v 2685635.05379 1246515.76786 513.839112549
v 2685638.00986 1246520.42739 513.839112549
v 2685641.88809 1246522.66031 513.839112549
v 2685641.86634 1246522.6906 513.839112549
v 2685641.85675 1246522.70396 513.839112549
v 2685641.83391 1246522.73577 513.839112549
v 2685641.80244 1246522.7796 513.839112549
v 2685638.87652 1246521.44005 513.839112549
v 2685634.7656 1246515.45876 513.839112549
v 2685625.66137 1246511.00741 513.839112549
v 2685625.68979 1246510.96781 513.839112549
v 2685625.80568 1246510.80639 513.839112549
v 2685625.82755 1246510.77593 513.839112549
v 2685625.8366 1246510.76333 513.839112549
v 2685625.85816 1246510.73329 513.839112549
v 2685627.35467 1246508.64887 513.839112549
v 2685626.45487 1246511.52023 513.839112549
v 2685626.34143 1246511.46221 513.839112549
v 2685625.65881 1246511.01096 513.839112549
v 2685624.30808 1246512.89234 513.839112549
v 2685624.574 1246513.08862 513.839112549
v 2685630.45648 1246516.41907 513.839112549
v 2685630.4565 1246516.41917 513.839112549
v 2685629.70514 1246513.05695 513.839112549
v 2685634.32662 1246515.54617 513.839112549
v 2685631.39017 1246522.42774 513.839112549
v 2685631.95958 1246523.14522 513.839112549
v 2685631.80078 1246522.77335 513.839112549
v 2685631.27024 1246522.50484 513.839112549
v 2685633.54109 1246522.28756 513.839112549
v 2685632.55211 1246524.6239 513.839112549
v 2685633.91776 1246525.53418 513.839112549
v 2685635.0834 1246527.2345 513.839112549
v 2685634.579 1246526.87237 513.839112549
v 2685638.20999 1246525.93836 513.839112549
v 2685638.48676 1246526.32954 513.839112549
v 2685638.47949 1246526.33968 513.839112549
v 2685638.1399 1246525.91976 513.839112549
v 2685638.92983 1246526.79231 513.839112549
v 2685638.92722 1246526.79596 513.839112549
v 2685638.89706 1246526.83828 513.839112549
v 2685638.88446 1246526.73678 513.839112549
v 2685639.30419 1246525.12476 513.839112549
v 2685638.51092 1246524.76162 513.839112549
v 2685639.26552 1246524.67885 513.839112549
v 2685639.33664 1246524.90602 513.839112549
v 2685639.47562 1246524.94936 513.839112549
v 2685640.10397 1246525.14533 513.839112549
v 2685640.07822 1246525.1812 513.839112549
v 2685631.32769 1246520.31761 513.839112549
v 2685636.67663 1246524.18991 513.839112549
v 2685636.46742 1246524.1247 513.839112549
v 2685635.2776 1246523.64012 513.839112549
v 2685635.31703 1246523.5852 513.839112549
v 2685635.19756 1246522.39177 513.839112549
v 2685635.24999 1246522.28739 513.839112549
v 2685636.63575 1246524.06369 513.839112549
v 2685636.63988 1246524.06498 513.839112549
v 2685636.64442 1246524.06639 513.839112549
v 2685636.72325 1246524.09098 513.839112549
v 2685636.88263 1246524.36589 513.839112549
v 2685636.73765 1246524.26536 513.839112549
v 2685632.87903 1246519.41466 513.839112549
v 2685632.72497 1246519.30402 513.839112549
v 2685632.72217 1246519.30054 513.839112549
v 2685632.93504 1246519.45338 513.839112549
v 2685622.83629 1246514.94233 523.17817064
v 2685622.81716 1246514.96898 523.146374772
v 2685622.81716 1246514.96898 513.839112549
v 2685622.83629 1246514.94233 513.839112549
v 2685622.8372 1246514.94106 523.17968473
v 2685622.8372 1246514.94106 513.839112549
v 2685622.87049 1246514.8947 523.234999447
v 2685622.87049 1246514.8947 513.839112549
v 2685622.9079 1246514.84259 523.297178035
v 2685622.9079 1246514.84259 513.839112549
v 2685623.27902 1246515.06027 513.839112549
v 2685631.68156 1246518.64884 513.839112549
v 2685630.55477 1246520.7246 513.839112549
v 2685629.43137 1246521.81685 513.839112549
v 2685622.80294 1246514.98878 523.122754983
v 2685622.80294 1246514.98878 513.839112549
v 2685623.47494 1246515.26233 513.839112549
v 2685630.67995 1246520.71416 513.839112549
v 2685632.68429 1246519.1464 513.839112549
v 2685632.64529 1246519.09866 513.839112549
v 2685632.6549 1246519.06783 513.839112549
v 2685633.28338 1246519.70505 513.839112549
v 2685632.66708 1246519.05107 513.839112549
v 2685632.80218 1246519.10621 513.839112549
v 2685637.1957 1246522.37886 513.839112549
v 2685637.76267 1246521.01975 513.839112549
v 2685637.74172 1246521.06996 513.839112549
v 2685637.72308 1246521.11464 513.839112549
v 2685637.26281 1246520.875 513.839112549
v 2685637.29547 1246520.82952 513.839112549
v 2685637.31221 1246520.8062 513.839112549
v 2685628.93183 1246521.87427 513.839112549
v 2685626.40053 1246520.98705 513.839112549
v 2685630.09551 1246522.25109 513.839112549
v 2685629.40292 1246523.15415 513.839112549
v 2685631.31084 1246520.24223 513.839112549
v 2685631.37181 1246520.51503 513.839112549
v 2685630.46047 1246523.09893 513.839112549
v 2685632.4399 1246522.86941 513.839112549
v 2685632.50694 1246522.77603 513.839112549
v 2685632.83774 1246522.9934 513.839112549
v 2685632.48639 1246524.71545 513.839112549
v 2685631.39299 1246523.42847 513.839112549
v 2685630.26008 1246520.82908 513.839112549
v 2685630.33217 1246520.74315 513.839112549
v 2685638.23844 1246525.94591 513.839112549
v 2685638.51001 1246526.29709 513.839112549
v 2685634.8061 1246521.82397 513.839112549
v 2685633.27609 1246519.90562 513.839112549
v 2685633.2773 1246519.87238 513.839112549
v 2685633.27145 1246520.03329 513.839112549
v 2685635.21307 1246522.38033 513.839112549
v 2685636.5414 1246523.94321 513.839112549
v 2685635.72639 1246523.01502 513.839112549
v 2685636.52065 1246523.99709 513.839112549
v 2685638.44378 1246524.85513 513.839112549
g roof
f 1 2 1141 3
g roof
f 1 3 4
g roof
f 1 4 5
g roof
f 1 5 6
g roof
f 6 7 8
g roof
f 10 11 12
g roof
f 12 13 14
g roof
f 14 15 1150 16 17
g roof
f 14 17 18
g roof
f 17 16 19
g roof
f 23 24 25
g roof
f 26 27 28
g roof
f 26 28 29
g roof
f 26 29 30
g roof
f 26 30 31
g roof
f 32 33 34
g roof
f 32 33 34 35
g roof
f 32 35 36
g roof
f 32 36 37
g roof
f 32 37 38
g roof
f 32 38 39
g roof
f 41 42 43
g roof
f 41 43 44
g roof
f 44 45 46
g roof
f 46 47 1165 48
g roof
f 46 1165 48 49
g roof
f 49 50 1167 51
g roof
f 49 51 52
g roof
f 49 52 53
g roof
f 49 53 54
g roof
f 49 54 55
g roof
f 56 57 58
g roof
f 59 57 60
g roof
f 61 60 62
g roof
f 61 62 63
g roof
f 64 62 60
g roof
f 64 60 65
g roof
f 65 66 67
g roof
f 65 67 68
g roof
f 69 70 71
g roof
f 72 70 69
g roof
f 69 73 74
g roof
f 75 73 69
g roof
f 76 77 69
g roof
f 76 69 78
g roof
f 76 78 79
g roof
f 76 79 80
g roof
f 81 79 78
g roof
f 84 78 85
g roof
f 84 85 86
g roof
f 84 86 87
g roof
f 88 86 85
g roof
f 88 85 89
g roof
f 90 85 91
g roof
f 90 91 92
g roof
f 93 91 94 171
g roof
f 95 94 91
g roof
f 95 91 96
g roof
f 96 97 98
g roof
f 99 97 96
g roof
f 96 100 101
g roof
f 102 100 96
g roof
f 102 96 103
g roof
f 104 103 105
g roof
f 104 105 106
g roof
f 104 106 107
g roof
f 104 106 107 108
g roof
f 104 108 109
g roof
f 104 109 110
g roof
f 104 110 111
g roof
f 112 111 113
g roof
f 112 113 114
g roof
f 112 114 115
g roof
f 112 115 116
g roof
f 116 117 118
g roof
f 116 117 118 119
g roof
f 120 121 1118 122
g roof
f 120 122 123
g roof
f 120 123 124
g roof
f 120 124 125
g roof
f 120 125 126
g roof
f 127 125 124
g roof
f 127 124 128
g roof
f 128 129 130
g roof
f 128 130 131
g roof
f 128 131 132
g roof
f 133 134 135
g roof
f 133 135 136
g roof
f 136 137 1128 1131 138
g roof
f 136 138 139
g roof
f 136 139 140
g roof
f 136 140 141
g roof
f 136 141 142
g roof
f 136 142 143
g roof
f 136 143 144
g roof
f 144 145 146
g roof
f 144 146 147
g roof
f 148 149 150
g roof
f 148 150 151
g roof
f 151 152 153
g roof
f 154 155 156
g roof
f 156 1 6
g roof
f 156 6 8
g roof
f 9 10 12
g roof
f 9 12 13 14
g roof
f 9 14 18 8
g roof
f 25 26 31
g roof
f 31 32 39
g roof
f 41 44 46
g roof
f 41 44 46 49
g roof
f 41 49 55
g roof
f 41 55 56
g roof
f 41 55 56 58
g roof
f 58 57 59
g roof
f 59 60 61
g roof
f 59 61 157
g roof
f 158 61 63
g roof
f 64 65 68
g roof
f 64 68 1175 69
g roof
f 64 69 71
g roof
f 72 69 74
g roof
f 72 74 75
g roof
f 69 77 159
g roof
f 159 76 79 80
g roof
f 78 84 82
g roof
f 83 84 87
g roof
f 89 85 90
g roof
f 92 91 93
g roof
f 99 96 101
g roof
f 103 104 160
g roof
f 103 160 161
g roof
f 161 104 111
g roof
f 161 111 112
g roof
f 161 112 162
g roof
f 163 112 116
g roof
f 163 116 117 118 119
g roof
f 163 119 120
g roof
f 163 120 125 126
g roof
f 127 128 132
g roof
f 127 132 133
g roof
f 127 133 136
g roof
f 127 136 144
g roof
f 127 144 147 164
g roof
f 148 151 153
g roof
f 148 153 154
g roof
f 154 156 8 18 165
g roof
f 154 165 17
g roof
f 154 17 19
g roof
f 154 19 20
g roof
f 25 31 39 40 166
g roof
f 25 166 1161 41
g roof
f 25 41 58
g roof
f 63 64 71
g roof
f 75 69 159
g roof
f 75 159 79 80
g roof
f 81 78 82
g roof
f 81 82 83
g roof
f 81 83 87
g roof
f 81 87 88
g roof
f 148 103 161
g roof
f 148 161 162
g roof
f 148 162 163
g roof
f 126 127 164
g roof
f 158 63 71
g roof
f 72 75 80
g roof
f 163 126 164
g roof
f 157 158 71
g roof
f 71 72 80
g roof
f 148 163 164
g roof
f 148 164 167
g roof
f 157 71 80
g roof
f 25 58 168
g roof
f 25 168 59
g roof
f 25 168 59 157
g roof
f 25 157 80
g roof
f 25 80 81
g roof
f 88 89 169
g roof
f 88 169 90
g roof
f 88 169 90 92
g roof
f 170 93 171 95
g roof
f 95 96 98
g roof
f 99 101 102
g roof
f 102 103 148
g roof
f 23 24 25 81
g roof
f 81 88 92
g roof
f 170 93 95 98
g roof
f 170 98 99
g roof
f 99 102 148
g roof
f 22 23 81
g roof
f 22 81 92 21
g roof
f 21 22 92
g roof
f 170 98 99 148
g roof
f 20 21 92
g roof
f 92 170 148
g roof
f 154 20 92
g roof
f 154 92 148
g roof
f 151 172 173
g roof
f 152 174 175
g roof
f 152 175 1
g roof
f 1 155 152
g roof
f 176 177 178
g roof
f 179 180 1274 181
g roof
f 181 182 183
g roof
f 184 185 186
g roof
f 184 186 187
g roof
f 184 187 188
g roof
f 189 190 191 192
g roof
f 189 192 193
g roof
f 189 193 194
g roof
f 198 199 200
g roof
f 198 200 201
g roof
f 198 201 202
g roof
f 198 202 203
g roof
f 204 205 206
g roof
f 206 207 208
g roof
f 209 210 211
g roof
f 209 211 212
g roof
f 209 212 213
g roof
f 209 213 1254 1255 1257 214
g roof
f 216 1259 1260 217 218
g roof
f 216 218 219
g roof
f 216 219 220
g roof
f 216 220 221
g roof
f 221 222 223
g roof
f 221 223 224
g roof
f 221 224 225
g roof
f 221 225 226
g roof
f 226 227 228
g roof
f 226 227 228 1264 1267 1269 1271 229
g roof
f 226 229 179
g roof
f 179 181 183
g roof
f 179 183 230
g roof
f 184 188 189
g roof
f 184 189 194 196 1243 235
g roof
f 194 195 196
g roof
f 198 203 231
g roof
f 198 231 1250 232
g roof
f 233 1158 209 214
g roof
f 234 215 216 221
g roof
f 234 221 226
g roof
f 234 226 179
g roof
f 184 235 1243 196 194
g roof
f 184 235 1243 196
g roof
f 184 235 1245 236
g roof
f 184 236 1245 197 198
g roof
f 184 198 232
g roof
f 184 232 204 205 206
g roof
f 184 206 207 208
g roof
f 208 1252 233 214
g roof
f 208 214 234
g roof
f 208 234 179
g roof
f 208 179 230
g roof
f 208 230 184
g roof
f 237 238 239
g roof
f 240 23 241
g roof
f 240 241 242
g roof
f 242 243 244
g roof
f 246 247 248
g roof
f 246 248 249
g roof
f 246 249 250
g roof
f 246 250 251
g roof
f 246 251 252
g roof
f 246 252 253
g roof
f 246 253 254
g roof
f 255 217 256
g roof
f 255 256 257
g roof
f 255 257 258
g roof
f 259 260 240
g roof
f 259 240 242
g roof
f 259 242 244
g roof
f 259 244 13
g roof
f 261 246 254
g roof
f 258 259 13
g roof
f 258 13 262
g roof
f 263 261 254
g roof
f 255 258 262
g roof
f 255 262 264
g roof
f 255 264 265
g roof
f 255 265 263 254
g roof
f 266 267 268
g roof
f 266 268 269
g roof
f 266 269 270
g roof
f 266 270 271
g roof
f 271 272 273
g roof
f 271 273 274
g roof
f 271 274 275
g roof
f 271 275 276
g roof
f 271 276 266
g roof
f 277 278 279
g roof
f 277 279 280
g roof
f 281 282 283 1300
g roof
f 281 1300 283 284
g roof
f 281 284 285
g roof
f 281 285 286
g roof
f 287 288 289
g roof
f 290 291 288
g roof
f 292 293 1306 294
g roof
f 294 295 296
g roof
f 297 295 294
g roof
f 297 294 298
g roof
f 298 299 300
g roof
f 298 300 301
g roof
f 298 301 302
g roof
f 302 303 304
g roof
f 305 306 307
g roof
f 309 310 311
g roof
f 313 314 315 316
g roof
f 313 316 317
g roof
f 313 317 318
g roof
f 313 318 319
g roof
f 313 319 320
g roof
f 321 322 323
g roof
f 321 323 324
g roof
f 321 324 325
g roof
f 321 325 326
g roof
f 321 326 327
g roof
f 328 329 330
g roof
f 328 330 331
g roof
f 328 331 332
g roof
f 328 332 333
g roof
f 333 1247 334 195
g roof
f 333 195 194
g roof
f 335 336 337
g roof
f 337 338 339
g roof
f 339 340 341
g roof
f 339 341 342
g roof
f 339 342 343
g roof
f 339 343 344
g roof
f 339 344 345
g roof
f 339 345 346
g roof
f 339 346 347
g roof
f 339 347 348
g roof
f 339 348 349
g roof
f 339 349 350
g roof
f 339 350 351
g roof
f 339 351 352
g roof
f 339 352 353
g roof
f 339 353 354
g roof
f 339 354 355
g roof
f 339 355 359 358 356
g roof
f 357 358 359
g roof
f 357 359 360
g roof
f 357 360 361
g roof
f 357 361 362
g roof
f 357 362 363
g roof
f 365 366 367
g roof
f 369 370 371
g roof
f 369 371 1335 1336 1338 1339 372
g roof
f 373 374 375
g roof
f 373 375 376
g roof
f 377 378 379 380
g roof
f 380 381 382
g roof
f 380 381 382 383
g roof
f 380 381 382 383 384
g roof
f 380 384 1345 1347 1350 385
g roof
f 380 385 386
g roof
f 380 385 386 387
g roof
f 380 387 388
g roof
f 388 389 390
g roof
f 391 392 1352 393
g roof
f 391 393 394
g roof
f 395 396 397
g roof
f 395 397 398
g roof
f 395 398 399
g roof
f 395 399 1356 400
g roof
f 401 1360 402 403
g roof
f 401 403 404
g roof
f 401 404 405
g roof
f 406 407 408
g roof
f 402 409 410
g roof
f 411 412 413
g roof
f 411 413 414
g roof
f 411 414 415
g roof
f 411 415 416
g roof
f 416 417 418
g roof
f 421 422 423
g roof
f 426 1364 427 428
g roof
f 428 429 430
g roof
f 431 1366 432 416
g roof
f 434 435 436
g roof
f 434 436 437
g roof
f 434 437 438
g roof
f 438 439 440
g roof
f 438 440 441
g roof
f 438 441 442
g roof
f 438 442 443
g roof
f 444 445 442
g roof
f 444 442 446
g roof
f 444 446 441
g roof
f 444 441 440
g roof
f 444 440 447
g roof
f 444 447 448
g roof
f 444 448 449
g roof
f 444 449 450
g roof
f 450 451 452
g roof
f 450 452 453
g roof
f 450 453 454
g roof
f 457 1304 458 292
g roof
f 457 292 294
g roof
f 297 298 302
g roof
f 297 302 304
g roof
f 297 304 305 307
g roof
f 297 307 308
g roof
f 297 308 309
g roof
f 311 312 313 320
g roof
f 320 321 327
g roof
f 327 328 333
g roof
f 459 335 337
g roof
f 459 337 339
g roof
f 459 339 356
g roof
f 357 363 364
g roof
f 357 364 365
g roof
f 357 365 366 367
g roof
f 357 367 368
g roof
f 368 1331 1332 369 372
g roof
f 372 373 376
g roof
f 376 377 378 379 380
g roof
f 376 377 378 379 380 388
g roof
f 376 388 390
g roof
f 376 390 460
g roof
f 376 460 391
g roof
f 376 391 394
g roof
f 376 394 461
g roof
f 461 395 400
g roof
f 461 400 1359 462
g roof
f 410 411 416
g roof
f 410 416 418
g roof
f 410 418 419
g roof
f 410 419 420
g roof
f 410 420 421
g roof
f 421 426 428
g roof
f 431 416 433
g roof
f 431 433 1361 434
g roof
f 431 434 438
g roof
f 431 438 443
g roof
f 454 455 456
g roof
f 454 456 463
g roof
f 463 457 294
g roof
f 463 294 296
g roof
f 463 296 297
g roof
f 463 297 309
g roof
f 309 311 320
g roof
f 464 459 356
g roof
f 376 461 462
g roof
f 402 410 421
g roof
f 402 421 423
g roof
f 422 421 428
g roof
f 422 428 430
g roof
f 454 463 309
g roof
f 194 464 356
g roof
f 372 376 462 401
g roof
f 372 401 405
g roof
f 403 402 423
g roof
f 403 423 465
g roof
f 403 465 424
g roof
f 425 422 430
g roof
f 450 454 309
g roof
f 333 194 356
g roof
f 333 356 357
g roof
f 368 372 405
g roof
f 408 403 424
g roof
f 444 450 309
g roof
f 444 309 320
g roof
f 444 320 327
g roof
f 327 333 357
g roof
f 357 368 405
g roof
f 357 405 406
g roof
f 431 1367 444 327
g roof
f 327 357 406
g roof
f 327 406 407 408
g roof
f 431 327 406 407 408
g roof
f 431 408 424 425
g roof
f 431 425 430
g roof
f 466 467 468
g roof
f 469 396 470
g roof
f 469 470 471
g roof
f 469 471 472
g roof
f 469 472 473
g roof
f 469 473 474
g roof
f 469 474 475
g roof
f 475 476 477
g roof
f 475 477 478
g roof
f 475 478 479
g roof
f 475 479 469
g roof
f 198 480 199
g roof
f 481 1244 482 483
g roof
f 481 483 484
g roof
f 481 484 196
g roof
f 481 196 195
g roof
f 485 486 487
g roof
f 485 487 488
g roof
f 485 488 489
g roof
f 485 489 490
g roof
f 491 492 493
g roof
f 491 493 494
g roof
f 491 494 495
g roof
f 491 495 278
g roof
f 278 277 491
g roof
f 496 497 498
g roof
f 499 500 501
g roof
f 499 501 419
g roof
f 499 419 502
g roof
f 499 502 503
g roof
f 504 220 219
g roof
f 504 219 218
g roof
f 504 218 505 508
g roof
f 506 507 508
g roof
f 508 504 505
g roof
f 508 505 506
g roof
f 509 510 511
g roof
f 509 511 512
g roof
f 513 514 515
g roof
f 513 515 516
g roof
f 517 515 514
g roof
f 517 514 518
g roof
f 517 518 519
g roof
f 520 521 522
g roof
f 523 524 525
g roof
f 523 524 525 526 527
g roof
f 527 526 528 529
g roof
f 531 532 533
g roof
f 531 533 534
g roof
f 531 534 535
g roof
f 531 535 536
g roof
f 531 536 537
g roof
f 537 538 539
g roof
f 537 539 540
g roof
f 537 540 1398 541
g roof
f 537 541 1398 542
g roof
f 543 544 545
g roof
f 545 546 547
g roof
f 545 547 548
g roof
f 549 550 551
g roof
f 552 553 554
g roof
f 554 555 556
g roof
f 554 556 557
g roof
f 558 559 560
g roof
f 558 559 560 561
g roof
f 558 561 562
g roof
f 558 562 299
g roof
f 558 299 563
g roof
f 558 563 564
g roof
f 564 511 510
g roof
f 564 510 565
g roof
f 566 565 509
g roof
f 512 514 513
g roof
f 512 513 567
g roof
f 568 513 516
g roof
f 519 1383 520 522
g roof
f 522 523 526 527
g roof
f 530 531 537
g roof
f 530 537 542 543
g roof
f 543 545 548
g roof
f 548 549 551
g roof
f 551 552 554
g roof
f 557 558 564
g roof
f 557 564 565
g roof
f 566 509 512
g roof
f 566 512 567
g roof
f 566 567 568
g roof
f 566 568 516
g roof
f 517 519 522
g roof
f 517 522 526 527
g roof
f 529 530 543
g roof
f 529 543 548
g roof
f 554 557 565
g roof
f 569 566 516
g roof
f 526 527 517
g roof
f 527 526 529 548 569 516
g roof
f 551 554 565
g roof
f 551 565 566
g roof
f 548 551 566
g roof
f 569 516 526 527 548
g roof
f 570 571 572
g roof
f 570 572 573
g roof
f 570 573 574
g roof
f 575 576 577
g roof
f 575 577 578
g roof
f 575 578 579
g roof
f 575 579 580
g roof
f 575 580 581
g roof
f 575 581 582
g roof
f 575 582 583
g roof
f 575 583 584
g roof
f 575 584 585
g roof
f 585 586 587
g roof
f 587 575 585
g roof
f 588 589 590
g roof
f 588 590 591
g roof
f 592 532 593
g roof
f 592 593 594
g roof
f 595 596 597
g roof
f 595 597 598
g roof
f 598 599 600
g roof
f 598 600 595
g roof
f 601 204 232
g roof
f 601 232 602
g roof
f 601 602 603
g roof
f 603 604 605
g roof
f 603 605 606
g roof
f 603 606 607
g roof
f 603 607 608
g roof
f 609 610 611
g roof
f 609 611 612
g roof
f 609 612 208
g roof
f 609 208 207
g roof
f 609 207 206
g roof
f 609 206 205
g roof
f 609 205 601
g roof
f 601 603 608
g roof
f 601 608 613
g roof
f 601 613 614
g roof
f 601 614 615
g roof
f 601 615 609
g roof
f 616 617 236 1245
g roof
f 616 236 618
g roof
f 616 618 619
g roof
f 616 619 620
g roof
f 621 622 623
g roof
f 625 626 627
g roof
f 625 627 628 629
g roof
f 625 629 630
g roof
f 625 630 631
g roof
f 625 631 632
g roof
f 625 632 633
g roof
f 625 633 634
g roof
f 625 634 635
g roof
f 635 636 637
g roof
f 638 639 640
g roof
f 638 639 640 641
g roof
f 641 642 643
g roof
f 643 624 625
g roof
f 643 625 635
g roof
f 643 635 637
g roof
f 637 638 639 640 641
g roof
f 637 641 642 643
g roof
f 644 645 646
g roof
f 644 646 647
g roof
f 644 647 648
g roof
f 644 648 649
g roof
f 644 649 650
g roof
f 644 650 651
g roof
f 644 651 652
g roof
f 644 652 653
g roof
f 654 655 656
g roof
f 654 656 657
g roof
f 285 263 1283 1282 658
g roof
f 285 658 659
g roof
f 285 659 660
g roof
f 285 660 661
g roof
f 662 661 664
g roof
f 662 664 665
g roof
f 662 665 666
g roof
f 662 666 667
g roof
f 662 667 668 669
g roof
f 662 669 670
g roof
f 662 670 671
g roof
f 662 671 672 676
g roof
f 672 673 674
g roof
f 672 674 675
g roof
f 675 285 661
g roof
f 675 661 662
g roof
f 675 662 663
g roof
f 675 663 676
g roof
f 676 662 672
g roof
f 676 672 675
g roof
f 255 254 677
g roof
f 255 677 505
g roof
f 678 217 255 679
g roof
f 678 679 255
g roof
f 679 255 505
g roof
f 679 505 678
g roof
f 680 677 681
g roof
f 680 681 682
g roof
f 680 682 683
g roof
f 680 683 684
g roof
f 680 684 685
g roof
f 680 685 686
g roof
f 680 686 687 688 689 690 691
g roof
f 680 691 690 689 688 687
g roof
f 680 691 690 689 688
g roof
f 680 691 690 689
g roof
f 680 691 690
g roof
f 154 692 693
g roof
f 154 693 155
g roof
f 694 155 1
g roof
f 1 695 2
g roof
f 696 697 698
g roof
f 696 698 493
g roof
f 696 493 699
g roof
f 696 699 700
g roof
f 701 702 703
g roof
f 701 702 703 704
g roof
f 701 702 703 704 705
g roof
f 701 702 703 704 705 706
g roof
f 701 702 703 704 705 706 707
g roof
f 701 707 708
g roof
f 701 708 709
g roof
f 701 709 710
g roof
f 701 710 711
g roof
f 701 711 712
g roof
f 701 712 696
g roof
f 701 696 699 700
g roof
f 713 714 715
g roof
f 716 717 718
g roof
f 716 718 719 720
g roof
f 716 720 721
g roof
f 722 723 724
g roof
f 492 725 726
g roof
f 492 726 493
g roof
f 727 728 729
g roof
f 727 729 730
g roof
f 731 732 733
g roof
f 731 733 734
g roof
f 731 734 735
g roof
f 731 735 736
g roof
f 737 738 739
g roof
f 739 740 741
g roof
f 743 744 745
g roof
f 746 747 748
g roof
f 746 748 749
g roof
f 746 749 750
g roof
f 751 737 738 739
g roof
f 751 739 741 742
g roof
f 751 742 741
g roof
f 751 742 743
g roof
f 751 743 744 745
g roof
f 745 746 750
g roof
f 745 750 751
g roof
f 752 753 754
g roof
f 752 754 755
g roof
f 755 756 757
g roof
f 757 758 759
g roof
f 757 759 760
g roof
f 757 760 761
g roof
f 761 762 763
g roof
f 761 763 764
g roof
f 761 764 765
g roof
f 761 765 752
g roof
f 761 752 755
g roof
f 761 755 757
g roof
f 766 767 768
g roof
f 768 769 770
g roof
f 768 770 771
g roof
f 772 773 774
g roof
f 772 774 775
g roof
f 772 775 776
g roof
f 772 776 777
g roof
f 772 777 766
g roof
f 766 768 771
g roof
f 766 771 772
g roof
f 778 779 1349 1346 780
g roof
f 781 782 783
g roof
f 781 783 784
g roof
f 781 784 785
g roof
f 781 785 786
g roof
f 781 786 778
g roof
f 786 787 788
g roof
f 778 786 788
g roof
f 780 789 781
g roof
f 780 781 778
g roof
f 790 791 792
g roof
f 792 786 793
g roof
f 792 793 794
g roof
f 792 794 795
g roof
f 792 795 796
g roof
f 792 796 790
g roof
f 797 798 799
g roof
f 799 800 801
g roof
f 801 793 802
g roof
f 801 802 803
g roof
f 801 803 804
g roof
f 801 804 805
g roof
f 801 805 806
g roof
f 801 806 807
g roof
f 807 808 809
g roof
f 810 811 812
g roof
f 810 812 813
g roof
f 810 813 814
g roof
f 810 814 815
g roof
f 815 816 817
g roof
f 817 818 819
g roof
f 817 819 820
g roof
f 817 820 821
g roof
f 823 824 797
g roof
f 799 800 801 807
g roof
f 809 810 815
g roof
f 809 815 817
g roof
f 809 817 821
g roof
f 809 821 822
g roof
f 809 822 823
g roof
f 809 823 797
g roof
f 797 798 799 807
g roof
f 797 807 808 809
g roof
f 825 826 827
g roof
f 828 829 830
g roof
f 828 829 830 831
g roof
f 828 831 832
g roof
f 832 833 834
g roof
f 832 834 835
g roof
f 832 835 836
g roof
f 832 836 837
g roof
f 837 838 839
g roof
f 840 841 842
g roof
f 840 842 843
g roof
f 844 845 846
g roof
f 844 846 847
g roof
f 848 849 850
g roof
f 854 855 856
g roof
f 854 856 857
g roof
f 854 857 858
g roof
f 854 858 859
g roof
f 854 859 860
g roof
f 854 860 861
g roof
f 864 865 866
g roof
f 864 866 867
g roof
f 864 867 868
g roof
f 864 868 869
g roof
f 864 869 870
g roof
f 871 828 832
g roof
f 871 832 837
g roof
f 871 837 839
g roof
f 871 839 840
g roof
f 871 840 843
g roof
f 871 843 844
g roof
f 871 844 847
g roof
f 871 847 848
g roof
f 851 852 853
g roof
f 851 853 854
g roof
f 854 861 862
g roof
f 854 862 863
g roof
f 854 863 864
g roof
f 854 863 864 870 872
g roof
f 872 1334 871 848
g roof
f 850 851 853 854
g roof
f 854 872 848
g roof
f 854 848 849 850
g roof
f 873 874 875
g roof
f 873 875 876
g roof
f 873 876 877
g roof
f 878 879 880
g roof
f 878 880 881
g roof
f 878 881 882
g roof
f 882 883 884
g roof
f 882 884 885
g roof
f 882 885 886
g roof
f 886 887 888 1166
g roof
f 886 1166 888 889
g roof
f 886 889 878
g roof
f 886 878 882
g roof
f 890 1186 891 892
g roof
f 890 892 893
g roof
f 896 1394 897 898
g roof
f 896 898 899
g roof
f 896 899 900
g roof
f 896 900 901
g roof
f 901 902 903
g roof
f 901 903 904
g roof
f 901 904 905
g roof
f 901 905 906
g roof
f 901 906 907
g roof
f 907 486 908 917
g roof
f 908 486 485
g roof
f 908 485 909
g roof
f 909 1523 1510 1509 1513 1515 1517 910 911
g roof
f 909 911 912
g roof
f 909 912 890
g roof
f 896 901 907
g roof
f 913 908 909
g roof
f 913 909 890
g roof
f 914 913 890
g roof
f 914 890 893
g roof
f 914 893 894 895
g roof
f 915 914 895
g roof
f 908 915 895
g roof
f 895 896 916
g roof
f 908 895 916
g roof
f 908 916 917
g roof
f 918 919 920
g roof
f 918 920 921
g roof
f 922 923 924
g roof
f 925 926 1397 927
g roof
f 925 927 928
g roof
f 929 1397 926 930
g roof
f 929 930 931
g roof
f 929 931 932
g roof
f 929 932 933
g roof
f 934 1248 935 936
g roof
f 936 937 938
g roof
f 936 937 938 939 940
g roof
f 940 941 934
g roof
f 940 934 936
g roof
f 942 943 944
g roof
f 942 944 945
g roof
f 946 947 948
g roof
f 946 948 949
g roof
f 950 951 952
g roof
f 953 954 955
g roof
f 956 957 958
g roof
f 959 960 961
g roof
f 959 961 962
g roof
f 959 962 1299 963
g roof
f 963 964 965
g roof
f 1299 963 965 959
g roof
f 966 967 968
g roof
f 966 968 969
g roof
f 966 969 970
g roof
f 966 970 971
g roof
f 966 971 972
g roof
f 966 972 973
g roof
f 973 974 975
g roof
f 973 975 976
g roof
f 973 976 977
g roof
f 973 977 966
g roof
f 978 488 487
g roof
f 978 487 979
g roof
f 978 979 980
g roof
f 978 980 981
g roof
f 982 514 512
g roof
f 982 512 983
g roof
f 982 983 984
g roof
f 982 984 985
g roof
f 982 985 986
g roof
f 982 986 987
g roof
f 989 545 544
g roof
f 989 544 541 1398
g roof
f 989 541 990
g roof
f 989 990 991
g roof
f 989 991 992
g roof
f 989 992 993 994
g roof
f 996 997 998
g roof
f 998 999 1000
g roof
f 998 1000 1001
g roof
f 998 1001 1002
g roof
f 998 1002 1003
g roof
f 998 1003 1004
g roof
f 1004 1005 1006
g roof
f 1004 1006 1007
g roof
f 1004 1007 1008
g roof
f 1008 1009 1010
g roof
f 1011 1012 1013
g roof
f 1013 1014 988
g roof
f 1013 988 989
g roof
f 1013 989 994
g roof
f 1013 994 995 996
g roof
f 1013 996 998
g roof
f 1013 998 1004
g roof
f 1013 1004 1008
g roof
f 1013 1008 1010
g roof
f 1013 1010 1011
g roof
f 1015 1016 1017
g roof
f 1018 1019 1020
g roof
f 1020 1021 1022
g roof
f 1022 1023 1024
g roof
f 1022 1024 1025
g roof
f 1022 1025 1026
g roof
f 1022 1026 1027
g roof
f 1022 1027 1028
g roof
f 1022 1028 1029
g roof
f 1022 1029 1030
g roof
f 1030 1031 1032
g roof
f 1030 1032 1033
g roof
f 1030 1033 1034
g roof
f 1030 1034 1035
g roof
f 1030 1035 1036
g roof
f 1036 1037 1038
g roof
f 1036 1038 1039
g roof
f 1036 1039 1040
g roof
f 1036 1040 1018
g roof
f 1018 1019 1020 1021 1022
g roof
f 1018 1022 1030
g roof
f 1018 1030 1036
g roof
f 1041 1391 1042 1043
g roof
f 1043 1044 1045
g roof
f 1045 1041 1043
g roof
f 1046 1047 1048
g roof
f 1049 1050 1051
g roof
f 1049 1051 1052
g roof
f 1053 1054 1055
g roof
f 1055 1056 1057
g roof
f 1055 1057 1058
g roof
f 1055 1058 1059
g roof
f 1059 1060 1061
g roof
f 1059 1061 1053
g roof
f 1059 1053 1055
g roof
f 1062 1063 1064
g roof
f 1064 1065 1066
g roof
f 1064 1066 1067
g roof
f 1067 1068 1069
g roof
f 1067 1069 1070
g roof
f 1067 1070 1071
g roof
f 1067 1071 1072
g roof
f 1067 1072 1073
g roof
f 1067 1073 1062
g roof
f 1067 1062 1064
g roof
f 1075 1076 1077
g roof
f 1075 1077 1078
g roof
f 1078 1079 1074
g roof
f 1074 1075 1078
g roof
f 1080 1081 1082
g roof
f 1080 1082 1083
g roof
f 1080 1083 1084
g roof
f 1085 1086 1087
g roof
f 1085 1087 1088
g roof
f 1085 1088 1089
g roof
f 1090 1091 1092
g roof
f 1090 1092 1093
g roof
f 1090 1093 1094
g roof
f 1095 1096 1097
g roof
f 1095 1097 1098
g roof
f 1070 1099 1100
g roof
f 1100 1101 1070
g roof
f 1102 1103 1104
g roof
f 1102 1104 1105
g roof
f 1102 1105 1106
g roof
f 1102 1106 1107
g roof
f 1102 1107 1108
g roof
f 1102 1108 1109
g roof
f 1102 1109 1110
g roof
f 1102 1110 1111
g roof
f 1102 1111 1112
g roof_step_or_fixture_side
f 116 115 1186 585 584
g roof_step_or_fixture_side
f 117 116 584 583
g roof_step_or_fixture_side
f 118 117 583 582
g roof_step_or_fixture_side
f 119 118 582 581
g roof_step_or_fixture_side
f 120 119 581 580
g roof_step_or_fixture_side
f 121 120 580 579
g facade_completed
f 1118 121 579 1119 1120
g facade_completed
f 122 1118 1120 1121 572
g roof_step_or_fixture_side
f 123 122 572 571
g roof_step_or_fixture_side
f 124 123 571 570
g roof_step_or_fixture_side
f 128 124 570 574
g roof_step_or_fixture_side
f 129 128 574 573
g facade_completed
f 130 129 573 1122 1123
g roof_step_or_fixture_side
f 717 716 131 130
g roof_step_or_fixture_side
f 716 721 132 131
g roof_step_or_fixture_side
f 721 720 133 132
g roof_step_or_fixture_side
f 720 719 134 133
g facade_completed
f 135 134 1125 1126
g roof_step_or_fixture_side
f 714 713 1127 136 135
g roof_step_or_fixture_side
f 1127 713 715 137 136
g facade_completed
f 1128 137 1129 1130
g facade_completed
f 1131 1128 1130 1132
g facade_completed
f 138 1131 1132 1133
g roof_step_or_fixture_side
f 706 705 139 138
g roof_step_or_fixture_side
f 705 704 140 139
g roof_step_or_fixture_side
f 704 703 141 140
g roof_step_or_fixture_side
f 703 702 142 141
g roof_step_or_fixture_side
f 702 701 143 142
g roof_step_or_fixture_side
f 701 700 144 143
g roof_step_or_fixture_side
f 700 699 145 144
g roof_step_or_fixture_side
f 699 493 146 145
g roof_step_or_fixture_side
f 493 726 147 146
g roof_step_or_fixture_side
f 726 725 164 147
g roof_step_or_fixture_side
f 725 492 167 164
g facade_completed
f 148 167 1135 1136
g facade_completed
f 149 148 1136 1137
g roof_step_or_fixture_side
f 491 277 150 149
g roof_step_or_fixture_side
f 277 280 727 151 150
g roof_step_or_fixture_side
f 727 730 693 152 151
g roof_step_or_fixture_side
f 693 692 153 152
g roof_step_or_fixture_side
f 692 154 153
g roof_step_or_fixture_side
f 156 155 694
g roof_step_or_fixture_side
f 1 156 694
g facade_completed
f 1141 2 1142 1143
g facade_completed
f 3 1141 1143 1144
g facade_completed
f 4 3 1144 1145 670
g roof_step_or_fixture_side
f 5 4 670 669
g roof_step_or_fixture_side
f 6 5 669 668
g roof_step_or_fixture_side
f 7 6 668 667
g roof_step_or_fixture_side
f 8 7 667 666
g roof_step_or_fixture_side
f 9 8 666 665
g roof_step_or_fixture_side
f 10 9 665 664
g roof_step_or_fixture_side
f 11 10 664 661
g roof_step_or_fixture_side
f 12 11 661 660 245
g roof_step_or_fixture_side
f 13 12 245
g roof_step_or_fixture_side
f 13 244 14
g roof_step_or_fixture_side
f 244 243 15 14
g roof_step_or_fixture_side
f 1150 15 652 651
g roof_step_or_fixture_side
f 16 1150 651 650
g roof_step_or_fixture_side
f 19 16 650 649
g roof_step_or_fixture_side
f 20 19 649 648
g roof_step_or_fixture_side
f 21 20 648 647
g roof_step_or_fixture_side
f 22 21 647 646
g roof_step_or_fixture_side
f 23 22 646 645
g roof_step_or_fixture_side
f 24 23 240
g roof_step_or_fixture_side
f 25 24 240 260
g roof_step_or_fixture_side
f 26 25 260 259
g roof_step_or_fixture_side
f 27 26 259 258
g roof_step_or_fixture_side
f 28 27 258 257
g roof_step_or_fixture_side
f 29 28 257 656 655 212
g roof_step_or_fixture_side
f 30 29 212 211
g roof_step_or_fixture_side
f 31 30 211 210
g roof_step_or_fixture_side
f 32 31 210 209
g roof_step_or_fixture_side
f 33 32 209 1158
g roof_step_or_fixture_side
f 34 33 1158 233
g roof_step_or_fixture_side
f 35 34 233 611 610 273
g roof_step_or_fixture_side
f 36 35 273 272 952
g roof_step_or_fixture_side
f 37 36 952 951
g roof_step_or_fixture_side
f 38 37 951 270 269 947
g roof_step_or_fixture_side
f 39 38 947 946
g roof_step_or_fixture_side
f 40 39 946 949
g roof_step_or_fixture_side
f 166 40 949 606 605 940
g roof_step_or_fixture_side
f 1161 166 940 939
g facade_completed
f 41 1161 939 1162 1163
g facade_completed
f 42 41 1163 1164 938
g roof_step_or_fixture_side
f 43 42 938 937
g roof_step_or_fixture_side
f 44 43 937 936
g roof_step_or_fixture_side
f 45 44 936 935
g roof_step_or_fixture_side
f 46 45 935 332 331
g roof_step_or_fixture_side
f 47 46 331 330 889
g roof_step_or_fixture_side
f 1165 47 889 1166 888 48
g roof_step_or_fixture_side
f 49 1165 48 888 1166 887
g roof_step_or_fixture_side
f 50 49 887 886
g roof_step_or_fixture_side
f 1167 50 886 885
g roof_step_or_fixture_side
f 51 1167 885 884
g roof_step_or_fixture_side
f 52 51 884 883
g roof_step_or_fixture_side
f 53 52 883 322 321 874
g roof_step_or_fixture_side
f 54 53 874 873
g facade_completed
f 55 54 873 1169 1170
g facade_completed
f 56 55 1170 1171 877
g roof_step_or_fixture_side
f 57 56 877 876
g roof_step_or_fixture_side
f 60 57 876 319 318
g roof_step_or_fixture_side
f 65 60 318 317
g roof_step_or_fixture_side
f 66 65 317 316
g roof_step_or_fixture_side
f 67 66 316 599 598
g facade_completed
f 68 67 598 1173 1174
g facade_completed
f 1175 68 1174 1176 597
g roof_step_or_fixture_side
f 69 1175 597 596 932
g roof_step_or_fixture_side
f 78 69 932 931
g roof_step_or_fixture_side
f 85 78 931 930
g roof_step_or_fixture_side
f 91 85 930 540 539
g roof_step_or_fixture_side
f 96 91 539 538 922
g roof_step_or_fixture_side
f 103 96 922 924
g roof_step_or_fixture_side
f 105 103 924 536 535
g facade_completed
f 106 105 535 1180 1181
g facade_completed
f 107 106 1181 1182 534
g roof_step_or_fixture_side
f 108 107 534 533 895
g roof_step_or_fixture_side
f 109 108 895 894
g roof_step_or_fixture_side
f 110 109 894 893
g facade_completed
f 111 110 893 1183 1184
g facade_completed
f 113 111 1184 1185 892
g roof_step_or_fixture_side
f 114 113 892 891
g roof_step_or_fixture_side
f 115 114 891 1186
g facade_completed
f 86 88 1187 1188
g facade_completed
f 87 86 1188 1189
g facade_completed
f 88 87 1189 1187
g facade_completed
f 112 163 1190 1191
g facade_completed
f 162 112 1191 1192
g facade_completed
f 163 162 1192 1190
g facade_completed
f 101 100 1193 1194
g facade_completed
f 102 101 1194 1195
g facade_completed
f 100 102 1195 1193
g facade_completed
f 160 104 1196 1197
g facade_completed
f 161 160 1197 1198
g facade_completed
f 104 161 1198 1196
g facade_completed
f 77 76 1199 1200
g facade_completed
f 159 77 1200 1201
g facade_completed
f 76 159 1201 1199
g facade_completed
f 168 58 1202 1203
g facade_completed
f 59 168 1203 1204
g facade_completed
f 58 59 1204 1202
g facade_completed
f 84 83 1205 1206
g facade_completed
f 82 84 1206 1207
g facade_completed
f 83 82 1207 1205
g facade_completed
f 94 95 1208 1209
g facade_completed
f 171 94 1209 1210
g facade_completed
f 95 171 1210 1208
g facade_completed
f 90 169 1211 1212
g facade_completed
f 89 90 1212 1213
g facade_completed
f 169 89 1213 1211
g facade_completed
f 157 61 1214 1215
g facade_completed
f 158 157 1215 1216
g facade_completed
f 61 158 1216 1214
g facade_completed
f 62 64 1217 1218
g facade_completed
f 63 62 1218 1219
g facade_completed
f 64 63 1219 1217
g facade_completed
f 73 75 1220 1221
g facade_completed
f 74 73 1221 1222
g facade_completed
f 75 74 1222 1220
g facade_completed
f 70 72 1223 1224
g facade_completed
f 71 70 1224 1225
g facade_completed
f 72 71 1225 1223
g facade_completed
f 79 81 1226 1227
g facade_completed
f 80 79 1227 1228
g facade_completed
f 81 80 1228 1226
g facade_completed
f 97 99 1229 1230
g facade_completed
f 98 97 1230 1231
g facade_completed
f 99 98 1231 1229
g facade_completed
f 93 170 1232 1233
g facade_completed
f 92 93 1233 1234
g facade_completed
f 170 92 1234 1232
g roof_step_or_fixture_side
f 722 724 127 126
g roof_step_or_fixture_side
f 724 723 125 127
g roof_step_or_fixture_side
f 723 722 126 125
g facade_completed
f 165 18 1235 1236
g facade_completed
f 17 165 1236 1237
g facade_completed
f 18 17 1237 1235
g roof_step_or_fixture_side
f 728 727 151 173
g roof_step_or_fixture_side
f 280 279 172 151 727
g facade_completed
f 173 172 1238 1239
g roof_step_or_fixture_side
f 695 1 175
g roof_step_or_fixture_side
f 155 693 152
g roof_step_or_fixture_side
f 730 729 174 152 693
g facade_completed
f 175 174 1241 1242
g roof_step_or_fixture_side
f 176 178 662 676
g roof_step_or_fixture_side
f 177 176 676 663
g roof_step_or_fixture_side
f 178 177 663 662
g roof_step_or_fixture_side
f 484 483 235 1243
g roof_step_or_fixture_side
f 483 1244 482 236 1245 235
g roof_step_or_fixture_side
f 197 236 1245 617
g roof_step_or_fixture_side
f 480 198 197
g roof_step_or_fixture_side
f 200 199 616 620 1247
g roof_step_or_fixture_side
f 201 200 1247 333
g roof_step_or_fixture_side
f 1248 934 202 201
g roof_step_or_fixture_side
f 934 941 203 202
g roof_step_or_fixture_side
f 231 203 604 603
g roof_step_or_fixture_side
f 1250 231 603 602
g roof_step_or_fixture_side
f 232 1250 602
g roof_step_or_fixture_side
f 953 955 205 204
g roof_step_or_fixture_side
f 1252 208 612
g roof_step_or_fixture_side
f 233 1252 612 611
g roof_step_or_fixture_side
f 213 212 655 654
g roof_step_or_fixture_side
f 966 977 1254 213
g roof_step_or_fixture_side
f 977 976 1255 1254
g roof_step_or_fixture_side
f 976 975 1257 1255
g roof_step_or_fixture_side
f 975 974 214 1257
g roof_step_or_fixture_side
f 974 973 234 214
g roof_step_or_fixture_side
f 973 972 215 234
g roof_step_or_fixture_side
f 972 971 216 215
g roof_step_or_fixture_side
f 971 970 1259 216
g roof_step_or_fixture_side
f 970 969 1260 1259
g roof_step_or_fixture_side
f 969 968 217 1260
g roof_step_or_fixture_side
f 217 678 218
g roof_step_or_fixture_side
f 220 504 221
g roof_step_or_fixture_side
f 504 508 222 221
g roof_step_or_fixture_side
f 508 507 680 223 222
g roof_step_or_fixture_side
f 680 691 224 223
g roof_step_or_fixture_side
f 691 690 225 224
g roof_step_or_fixture_side
f 690 689 226 225
g roof_step_or_fixture_side
f 689 688 227 226
g roof_step_or_fixture_side
f 688 687 228 227
g facade_completed
f 1264 228 1265 1266
g facade_completed
f 1267 1264 1266 1268
g facade_completed
f 1269 1267 1268 1270
g facade_completed
f 1271 1269 1270 1272
g facade_completed
f 229 1271 1272 1273
g roof_step_or_fixture_side
f 622 621 179 229
g roof_step_or_fixture_side
f 621 623 180 179
g facade_completed
f 1274 180 1275 1276
g facade_completed
f 181 1274 1276 1277
g roof_step_or_fixture_side
f 628 627 182 181
g roof_step_or_fixture_side
f 627 626 183 182
g roof_step_or_fixture_side
f 626 625 230 183
g roof_step_or_fixture_side
f 625 624 184 230
g roof_step_or_fixture_side
f 624 643 185 184
g roof_step_or_fixture_side
f 643 642 186 185
g roof_step_or_fixture_side
f 642 641 187 186
g roof_step_or_fixture_side
f 641 640 188 187
g roof_step_or_fixture_side
f 640 639 189 188
g roof_step_or_fixture_side
f 639 638 190 189
g roof_step_or_fixture_side
f 191 190 1111 1110 335
g roof_step_or_fixture_side
f 192 191 335 459
g roof_step_or_fixture_side
f 193 192 459 464
g roof_step_or_fixture_side
f 194 193 464
g roof_step_or_fixture_side
f 196 484 1243
g roof_step_or_fixture_side
f 237 239 358 357
g roof_step_or_fixture_side
f 238 237 357 356
g roof_step_or_fixture_side
f 239 238 356 358
g roof_step_or_fixture_side
f 242 241 644 653
g roof_step_or_fixture_side
f 243 242 653 652 15
g roof_step_or_fixture_side
f 1281 245 660 659
g roof_step_or_fixture_side
f 262 1281 659 658
g roof_step_or_fixture_side
f 264 262 658 1282
g roof_step_or_fixture_side
f 265 264 1282 1283
g roof_step_or_fixture_side
f 263 265 1283
g roof_step_or_fixture_side
f 960 959 261 263
g roof_step_or_fixture_side
f 959 965 246 261
g roof_step_or_fixture_side
f 965 964 247 246
g facade_completed
f 248 247 1285 1286
g facade_completed
f 249 248 1286 1287
g facade_completed
f 250 249 1287 1288
g facade_completed
f 251 250 1288 1289
g facade_completed
f 252 251 1289 1290
g roof_step_or_fixture_side
f 681 677 253 252
g roof_step_or_fixture_side
f 677 254 253
g roof_step_or_fixture_side
f 968 967 256 217
g roof_step_or_fixture_side
f 257 256 657 656
g roof_step_or_fixture_side
f 241 23 645 644
g roof_step_or_fixture_side
f 268 267 608 607
g roof_step_or_fixture_side
f 948 947 269 268
g roof_step_or_fixture_side
f 951 950 271 270
g roof_step_or_fixture_side
f 950 952 272 271
g roof_step_or_fixture_side
f 274 273 610 609
g roof_step_or_fixture_side
f 275 274 609 615
g roof_step_or_fixture_side
f 276 275 615 614
g roof_step_or_fixture_side
f 266 276 614 613
g roof_step_or_fixture_side
f 267 266 613 608
g facade_completed
f 279 278 1297 1238 172
g roof_step_or_fixture_side
f 1299 963 962 284 283 1300
g roof_step_or_fixture_side
f 962 961 285 284
g roof_step_or_fixture_side
f 286 285 675
g roof_step_or_fixture_side
f 281 286 675 674
g roof_step_or_fixture_side
f 282 281 674 673
g facade_completed
f 283 1300 282 673 1302 1303
g roof_step_or_fixture_side
f 289 288 548 566
g roof_step_or_fixture_side
f 287 289 566 569
g roof_step_or_fixture_side
f 288 287 569 548
g roof_step_or_fixture_side
f 288 291 549 548
g roof_step_or_fixture_side
f 290 288 548 547
g roof_step_or_fixture_side
f 291 290 547 988 1014 549
g roof_step_or_fixture_side
f 751 750 452 451
g roof_step_or_fixture_side
f 750 749 453 452
g roof_step_or_fixture_side
f 749 748 454 453
g roof_step_or_fixture_side
f 748 747 455 454
g roof_step_or_fixture_side
f 456 455 1039 1038
g roof_step_or_fixture_side
f 463 456 1038 1037
g roof_step_or_fixture_side
f 457 463 1037 1036
g roof_step_or_fixture_side
f 1304 457 1036 1035
g roof_step_or_fixture_side
f 458 1304 1035 1034
g roof_step_or_fixture_side
f 769 768 292 458
g roof_step_or_fixture_side
f 768 767 293 292
g facade_completed
f 1306 293 1307 1308
g facade_completed
f 294 1306 1308 1309
g facade_completed
f 298 294 1309 1310 987
g roof_step_or_fixture_side
f 299 298 987 986
g roof_step_or_fixture_side
f 299 562 300
g roof_step_or_fixture_side
f 562 561 301 300
g roof_step_or_fixture_side
f 561 560 302 301
g roof_step_or_fixture_side
f 560 559 303 302
g roof_step_or_fixture_side
f 304 303 1005 1004
g roof_step_or_fixture_side
f 305 304 1004 1003
g roof_step_or_fixture_side
f 306 305 1003 1002
g roof_step_or_fixture_side
f 307 306 1002 1001
g roof_step_or_fixture_side
f 308 307 1001 1000
g roof_step_or_fixture_side
f 309 308 1000 999
g roof_step_or_fixture_side
f 310 309 999 998
g roof_step_or_fixture_side
f 311 310 998 997
g roof_step_or_fixture_side
f 312 311 997 996
g roof_step_or_fixture_side
f 313 312 996 995
g roof_step_or_fixture_side
f 314 313 995 994
g roof_step_or_fixture_side
f 315 314 994 993 600
g roof_step_or_fixture_side
f 316 315 600 599
g roof_step_or_fixture_side
f 876 875 320 319
g roof_step_or_fixture_side
f 875 874 321 320
g roof_step_or_fixture_side
f 883 882 323 322
g roof_step_or_fixture_side
f 882 881 324 323
g roof_step_or_fixture_side
f 881 880 325 324
g roof_step_or_fixture_side
f 880 879 326 325
g roof_step_or_fixture_side
f 942 945 327 326 879
g roof_step_or_fixture_side
f 945 944 328 327
g roof_step_or_fixture_side
f 944 943 878 329 328
g roof_step_or_fixture_side
f 878 889 330 329
g roof_step_or_fixture_side
f 935 1248 201 333 332
g roof_step_or_fixture_side
f 334 1247 620 619
g roof_step_or_fixture_side
f 958 957 195 334
g roof_step_or_fixture_side
f 336 335 1110 1109
g roof_step_or_fixture_side
f 819 818 337 336
g roof_step_or_fixture_side
f 818 817 338 337
g roof_step_or_fixture_side
f 817 816 339 338
g roof_step_or_fixture_side
f 816 815 340 339
g roof_step_or_fixture_side
f 815 814 341 340
g roof_step_or_fixture_side
f 814 813 342 341
g roof_step_or_fixture_side
f 813 812 343 342
g roof_step_or_fixture_side
f 344 343 1101 1100
g roof_step_or_fixture_side
f 854 853 345 344
g roof_step_or_fixture_side
f 853 852 346 345
g roof_step_or_fixture_side
f 852 851 347 346
g roof_step_or_fixture_side
f 851 850 348 347
g roof_step_or_fixture_side
f 850 849 349 348
g roof_step_or_fixture_side
f 849 848 350 349
g roof_step_or_fixture_side
f 848 847 351 350
g roof_step_or_fixture_side
f 847 846 352 351
g roof_step_or_fixture_side
f 846 845 353 352
g roof_step_or_fixture_side
f 354 353 1094 1093
g roof_step_or_fixture_side
f 355 354 1093 1092
g roof_step_or_fixture_side
f 842 841 359 355
g roof_step_or_fixture_side
f 841 840 360 359
g roof_step_or_fixture_side
f 840 839 361 360
g roof_step_or_fixture_side
f 839 838 362 361
g roof_step_or_fixture_side
f 838 837 363 362
g roof_step_or_fixture_side
f 837 836 364 363
g roof_step_or_fixture_side
f 836 835 365 364
g roof_step_or_fixture_side
f 835 834 366 365
g roof_step_or_fixture_side
f 834 833 367 366
g roof_step_or_fixture_side
f 368 367 1089 1088
g roof_step_or_fixture_side
f 1331 368 1088 1087
g roof_step_or_fixture_side
f 830 829 1332 1331
g roof_step_or_fixture_side
f 829 828 369 1332
g roof_step_or_fixture_side
f 828 871 370 369
g roof_step_or_fixture_side
f 871 1334 371 370
g roof_step_or_fixture_side
f 1335 371 1097 1096
g roof_step_or_fixture_side
f 869 868 1336 1335
g roof_step_or_fixture_side
f 868 867 1338 1336
g roof_step_or_fixture_side
f 867 866 1339 1338
g roof_step_or_fixture_side
f 866 865 372 1339
g roof_step_or_fixture_side
f 865 864 373 372
g roof_step_or_fixture_side
f 864 863 374 373
g roof_step_or_fixture_side
f 863 862 375 374
g roof_step_or_fixture_side
f 862 861 376 375
g roof_step_or_fixture_side
f 861 860 377 376
g roof_step_or_fixture_side
f 860 859 378 377
g roof_step_or_fixture_side
f 859 858 379 378
g roof_step_or_fixture_side
f 858 857 380 379
g roof_step_or_fixture_side
f 857 856 381 380
g roof_step_or_fixture_side
f 856 855 382 381
g roof_step_or_fixture_side
f 383 382 1099 1070
g roof_step_or_fixture_side
f 384 383 1070 1069
g roof_step_or_fixture_side
f 1345 384 1069 1068
g roof_step_or_fixture_side
f 780 1346 1347 1345
g roof_step_or_fixture_side
f 1346 1349 1350 1347
g roof_step_or_fixture_side
f 1349 779 385 1350
g roof_step_or_fixture_side
f 779 778 386 385
g roof_step_or_fixture_side
f 778 788 387 386
g roof_step_or_fixture_side
f 788 787 388 387
g roof_step_or_fixture_side
f 389 388 1054 1053
g roof_step_or_fixture_side
f 390 389 1053 1061
g roof_step_or_fixture_side
f 460 390 1061 1060
g roof_step_or_fixture_side
f 391 460 1060 1059
g roof_step_or_fixture_side
f 392 391 1059 1058
g roof_step_or_fixture_side
f 1352 392 1058 1057
g roof_step_or_fixture_side
f 791 790 393 1352
g roof_step_or_fixture_side
f 790 796 394 393
g roof_step_or_fixture_side
f 796 795 461 394
g roof_step_or_fixture_side
f 795 794 395 461
g roof_step_or_fixture_side
f 794 793 396 395
g roof_step_or_fixture_side
f 793 801 397 396
g facade_completed
f 398 397 1353 1354
g facade_completed
f 399 398 1354 1355
g facade_completed
f 1356 399 1355 1357
g facade_completed
f 400 1356 1357 1358
g roof_step_or_fixture_side
f 776 775 1359 400
g roof_step_or_fixture_side
f 775 774 462 1359
g roof_step_or_fixture_side
f 774 773 401 462
g roof_step_or_fixture_side
f 773 772 1360 401
g roof_step_or_fixture_side
f 772 771 402 1360
g roof_step_or_fixture_side
f 771 770 409 402
g roof_step_or_fixture_side
f 410 409 1033 1032
g roof_step_or_fixture_side
f 411 410 1032 1031
g roof_step_or_fixture_side
f 412 411 1031 1030
g roof_step_or_fixture_side
f 413 412 1030 1029
g roof_step_or_fixture_side
f 414 413 1029 1028
g roof_step_or_fixture_side
f 415 414 1028 1027
g roof_step_or_fixture_side
f 416 415 1027 1026
g roof_step_or_fixture_side
f 433 416 1026 1025
g roof_step_or_fixture_side
f 1361 433 1025 1024
g roof_step_or_fixture_side
f 434 1361 1024 1023
g roof_step_or_fixture_side
f 435 434 1023 1022
g roof_step_or_fixture_side
f 436 435 1022 1021
g roof_step_or_fixture_side
f 437 436 1021 1020
g roof_step_or_fixture_side
f 744 743 438 437
g roof_step_or_fixture_side
f 743 742 439 438
g roof_step_or_fixture_side
f 742 741 440 439
g roof_step_or_fixture_side
f 741 740 447 440
g roof_step_or_fixture_side
f 740 739 448 447
g roof_step_or_fixture_side
f 739 738 449 448
g roof_step_or_fixture_side
f 738 737 450 449
g roof_step_or_fixture_side
f 737 751 451 450
g roof_step_or_fixture_side
f 759 758 416 432
g roof_step_or_fixture_side
f 758 757 417 416
g roof_step_or_fixture_side
f 757 756 418 417
g roof_step_or_fixture_side
f 756 755 419 418
g roof_step_or_fixture_side
f 419 501 420
g roof_step_or_fixture_side
f 501 500 421 420
g roof_step_or_fixture_side
f 500 499 421
g roof_step_or_fixture_side
f 426 499 503
g roof_step_or_fixture_side
f 753 752 1364 426
g roof_step_or_fixture_side
f 752 765 427 1364
g roof_step_or_fixture_side
f 765 764 428 427
g roof_step_or_fixture_side
f 764 763 429 428
g roof_step_or_fixture_side
f 763 762 430 429
g roof_step_or_fixture_side
f 762 761 431 430
g roof_step_or_fixture_side
f 761 760 1366 431
g roof_step_or_fixture_side
f 760 759 432 1366
g roof_step_or_fixture_side
f 431 443 1050 1049
g roof_step_or_fixture_side
f 1367 431 1049 1052
g roof_step_or_fixture_side
f 733 732 444 1367
g roof_step_or_fixture_side
f 732 731 445 444
g roof_step_or_fixture_side
f 731 736 442 445
g roof_step_or_fixture_side
f 736 735 443 442
g roof_step_or_fixture_side
f 442 441 1047 1046
g roof_step_or_fixture_side
f 446 442 1046 1048
g roof_step_or_fixture_side
f 441 446 1048 1047
g roof_step_or_fixture_side
f 295 297 1016 1015
g roof_step_or_fixture_side
f 296 295 1015 1017
g roof_step_or_fixture_side
f 297 296 1017 1016
g roof_step_or_fixture_side
f 404 403 1078 1077
g roof_step_or_fixture_side
f 405 404 1077 1076
g roof_step_or_fixture_side
f 406 405 1076 1075
g roof_step_or_fixture_side
f 407 406 1075 1074
g roof_step_or_fixture_side
f 408 407 1074 1079
g roof_step_or_fixture_side
f 403 408 1079 1078
g roof_step_or_fixture_side
f 422 425 1082 1081
g roof_step_or_fixture_side
f 423 422 1081 1080
g roof_step_or_fixture_side
f 465 423 1080 1084
g roof_step_or_fixture_side
f 424 465 1084 1083
g roof_step_or_fixture_side
f 425 424 1083 1082
g roof_step_or_fixture_side
f 466 468 1019 1018
g roof_step_or_fixture_side
f 467 466 1018 1040
g roof_step_or_fixture_side
f 746 745 468 467
g roof_step_or_fixture_side
f 803 802 469 479
g roof_step_or_fixture_side
f 802 793 396 469
g roof_step_or_fixture_side
f 793 786 470 396
g roof_step_or_fixture_side
f 786 785 471 470
g roof_step_or_fixture_side
f 785 784 472 471
g roof_step_or_fixture_side
f 784 783 473 472
g roof_step_or_fixture_side
f 783 782 474 473
g roof_step_or_fixture_side
f 475 474 1065 1064
g roof_step_or_fixture_side
f 476 475 1064 1063
g roof_step_or_fixture_side
f 806 805 477 476
g roof_step_or_fixture_side
f 805 804 478 477
g roof_step_or_fixture_side
f 804 803 479 478
g roof_step_or_fixture_side
f 199 480 197 617 616
g roof_step_or_fixture_side
f 1244 482 481 618 236 1245
g roof_step_or_fixture_side
f 957 956 481 195
g facade_completed
f 489 488 1378 1379
g facade_completed
f 490 489 1379 1380 909
g roof_step_or_fixture_side
f 485 490 909
g roof_step_or_fixture_side
f 487 486 906
g roof_step_or_fixture_side
f 494 493 698
g facade_completed
f 495 494 698 1381 1382
g facade_completed
f 278 495 1382 1297
g facade_completed
f 492 491 149 1137 1135 167
g roof_step_or_fixture_side
f 496 498 981 980
g roof_step_or_fixture_side
f 497 496 980 1383 519
g facade_completed
f 498 497 519 1384 1385 981
g roof_step_or_fixture_side
f 755 754 502 419
g roof_step_or_fixture_side
f 754 753 426 503 502
g roof_step_or_fixture_side
f 678 505 218
g roof_step_or_fixture_side
f 506 505 677
g roof_step_or_fixture_side
f 507 506 677 680
g roof_step_or_fixture_side
f 980 979 520 1383
g roof_step_or_fixture_side
f 979 487 906 521 520
g roof_step_or_fixture_side
f 906 905 522 521
g roof_step_or_fixture_side
f 905 904 523 522
g roof_step_or_fixture_side
f 904 903 524 523
g roof_step_or_fixture_side
f 903 902 525 524
g roof_step_or_fixture_side
f 1043 1391 1042 1409 919 526 525 902
g roof_step_or_fixture_side
f 1391 1041 899 528 526 919 1409 1042
g roof_step_or_fixture_side
f 899 898 529 528
g roof_step_or_fixture_side
f 898 897 530 529
g roof_step_or_fixture_side
f 897 1394 531 530
g roof_step_or_fixture_side
f 1394 896 532 531
g roof_step_or_fixture_side
f 896 895 533 532
g facade_completed
f 535 534 1182 1180
g roof_step_or_fixture_side
f 924 923 537 536
g roof_step_or_fixture_side
f 923 922 538 537
g roof_step_or_fixture_side
f 930 1397 541 1398 540
g roof_step_or_fixture_side
f 926 1397 925 542 1398 541
g roof_step_or_fixture_side
f 925 928 543 542
g roof_step_or_fixture_side
f 928 927 544 543
g roof_step_or_fixture_side
f 546 545 989
g roof_step_or_fixture_side
f 547 546 989 988
g roof_step_or_fixture_side
f 550 549 1014 1013
g roof_step_or_fixture_side
f 551 550 1013 1012
g roof_step_or_fixture_side
f 552 551 1012 1011
g roof_step_or_fixture_side
f 553 552 1011 1010
g roof_step_or_fixture_side
f 554 553 1010 1009
g roof_step_or_fixture_side
f 555 554 1009 1008
g roof_step_or_fixture_side
f 556 555 1008 1007
g facade_completed
f 557 556 1007 1401 1402
g facade_completed
f 558 557 1402 1403 1006
g roof_step_or_fixture_side
f 559 558 1006 1005 303
g roof_step_or_fixture_side
f 563 299 986 985
g facade_completed
f 564 563 985 1404 1405 984
g roof_step_or_fixture_side
f 511 564 984 983
g roof_step_or_fixture_side
f 512 511 983
g facade_completed
f 518 514 1407 1408
g facade_completed
f 519 518 1408 1384
g roof_step_or_fixture_side
f 920 919 1409 526 527 516
g roof_step_or_fixture_side
f 1409 919 918 517 526
g roof_step_or_fixture_side
f 918 921 515 517
g roof_step_or_fixture_side
f 921 920 516 515
g facade_completed
f 565 510 1410 1411
g facade_completed
f 509 565 1411 1412
g facade_completed
f 510 509 1412 1410
g facade_completed
f 513 568 1413 1414
g facade_completed
f 567 513 1414 1415
g facade_completed
f 568 567 1415 1413
g facade_completed
f 573 572 1121 1122
g facade_completed
f 577 576 1416 1417
g facade_completed
f 578 577 1417 1418
g facade_completed
f 579 578 1418 1119
g roof_step_or_fixture_side
f 1186 890 586 585
g roof_step_or_fixture_side
f 890 912 587 586
g roof_step_or_fixture_side
f 912 911 575 587
g roof_step_or_fixture_side
f 911 910 576 575
g roof_step_or_fixture_side
f 914 915 589 588
g roof_step_or_fixture_side
f 915 908 590 589
g roof_step_or_fixture_side
f 908 913 591 590
g roof_step_or_fixture_side
f 913 914 588 591
g roof_step_or_fixture_side
f 907 917 594 593
g roof_step_or_fixture_side
f 917 916 592 594
g roof_step_or_fixture_side
f 916 896 532 592
g roof_step_or_fixture_side
f 896 907 593 532
g roof_step_or_fixture_side
f 933 932 596 595
g facade_completed
f 598 597 1176 1173
g roof_step_or_fixture_side
f 826 825 933 595 600 315
g roof_step_or_fixture_side
f 954 953 204 601
g roof_step_or_fixture_side
f 941 940 605 604 203
g roof_step_or_fixture_side
f 949 948 268 607 606
g roof_step_or_fixture_side
f 955 954 601 205
g roof_step_or_fixture_side
f 956 958 334 619 618 481
g facade_completed
f 623 622 229 1273 1275 180
g facade_completed
f 629 628 181 1277 1427
g facade_completed
f 630 629 1427 1428
g facade_completed
f 631 630 1428 1429
g facade_completed
f 632 631 1429 1430
g facade_completed
f 633 632 1430 1431
g facade_completed
f 634 633 1431 1432
g facade_completed
f 635 634 1432 1433 1103
g roof_step_or_fixture_side
f 636 635 1103 1102
g roof_step_or_fixture_side
f 637 636 1102 1112
g roof_step_or_fixture_side
f 638 637 1112 1111 190
g roof_step_or_fixture_side
f 967 966 213 654 657 256
g facade_completed
f 671 670 1145 1439
g facade_completed
f 672 671 1439 1440
g facade_completed
f 673 672 1440 1302
g roof_step_or_fixture_side
f 961 960 263 285
g facade_completed
f 679 255 1291 1444
g facade_completed
f 255 679 1444 1291
g facade_completed
f 682 681 252 1290 1445
g facade_completed
f 683 682 1445 1446
g facade_completed
f 684 683 1446 1447
g facade_completed
f 685 684 1447 1448
g facade_completed
f 686 685 1448 1449
g facade_completed
f 687 686 1449 1265 228
g facade_completed
f 2 695 175 1242 1142
g facade_completed
f 709 708 1452 1453
g facade_completed
f 710 709 1453 1454
g facade_completed
f 711 710 1454 1455
g facade_completed
f 712 711 1455 1456
g facade_completed
f 696 712 1456 1457
g facade_completed
f 697 696 1457 1458
g facade_completed
f 698 697 1458 1381
g facade_completed
f 707 706 138 1133 1461
g facade_completed
f 708 707 1461 1452
g facade_completed
f 715 714 135 1126 1129 137
g facade_completed
f 719 718 1462 1125 134
g facade_completed
f 718 717 130 1123 1462
g facade_completed
f 729 728 173 1239 1241 174
g roof_step_or_fixture_side
f 734 733 1367 1052 1051
g roof_step_or_fixture_side
f 735 734 1051 1050 443
g roof_step_or_fixture_side
f 745 744 437 1020 1019 468
g roof_step_or_fixture_side
f 747 746 467 1040 1039 455
g roof_step_or_fixture_side
f 770 769 458 1034 1033 409
g facade_completed
f 777 776 400 1358 1475
g facade_completed
f 766 777 1475 1476
g facade_completed
f 767 766 1476 1307 293
g roof_step_or_fixture_side
f 789 780 1345 1068 1067
g roof_step_or_fixture_side
f 781 789 1067 1066
g roof_step_or_fixture_side
f 782 781 1066 1065 474
g roof_step_or_fixture_side
f 787 786 470 1055 1054 388
g roof_step_or_fixture_side
f 786 792 1056 1055 470
g roof_step_or_fixture_side
f 792 791 1352 1057 1056
g facade_completed
f 799 798 1481 1482
g facade_completed
f 800 799 1482 1483
g facade_completed
f 801 800 1483 1353 397
g roof_step_or_fixture_side
f 807 806 476 1063 1062
g roof_step_or_fixture_side
f 808 807 1062 1073
g roof_step_or_fixture_side
f 809 808 1073 1072
g roof_step_or_fixture_side
f 810 809 1072 1071
g roof_step_or_fixture_side
f 811 810 1071 1070 383
g roof_step_or_fixture_side
f 812 811 383 1070 1101 343
g roof_step_or_fixture_side
f 820 819 336 1109 1108
g roof_step_or_fixture_side
f 821 820 1108 1107
g roof_step_or_fixture_side
f 822 821 1107 1106
g roof_step_or_fixture_side
f 823 822 1106 1105
g roof_step_or_fixture_side
f 824 823 1105 1104
g facade_completed
f 797 824 1104 1490 1491
g facade_completed
f 798 797 1491 1481
g roof_step_or_fixture_side
f 825 827 992 991 595 933
g roof_step_or_fixture_side
f 827 826 315 600 993 992
g roof_step_or_fixture_side
f 870 869 1335 1096 1095
g roof_step_or_fixture_side
f 872 870 1095 1098
g roof_step_or_fixture_side
f 1334 872 1098 1097 371
g roof_step_or_fixture_side
f 831 830 1331 1087 1086
g roof_step_or_fixture_side
f 832 831 1086 1085
g roof_step_or_fixture_side
f 833 832 1085 1089 367
g roof_step_or_fixture_side
f 843 842 355 1092 1091
g roof_step_or_fixture_side
f 844 843 1091 1090
g roof_step_or_fixture_side
f 845 844 1090 1094 353
g roof_step_or_fixture_side
f 855 854 344 1100 1099 382
g facade_completed
f 873 877 1171 1169
g roof_step_or_fixture_side
f 943 942 879 878
g facade_completed
f 1509 1510 1511 1512
g facade_completed
f 1513 1509 1512 1514
g facade_completed
f 1515 1513 1514 1516
g facade_completed
f 1517 1515 1516 1518
g facade_completed
f 910 1517 1518 1416 576
g facade_completed
f 893 892 1185 1183
g roof_step_or_fixture_side
f 1041 1045 900 899
g roof_step_or_fixture_side
f 1045 1044 901 900
g roof_step_or_fixture_side
f 1044 1043 902 901
g facade_completed
f 1523 909 1380 1524
g facade_completed
f 1510 1523 1524 1511
g roof_step_or_fixture_side
f 927 1397 541 1398 544
g roof_step_or_fixture_side
f 929 933 595 991 990
g roof_step_or_fixture_side
f 1397 926 929 990 541 1398
g facade_completed
f 939 938 1164 1162
g facade_completed
f 964 963 1299 1300 283 1303 1285 247
g facade_completed
f 978 981 1385 1541
g facade_completed
f 488 978 1541 1378
g facade_completed
f 985 984 1405 1404
g facade_completed
f 982 987 1310 1543
g facade_completed
f 514 982 1543 1407
g facade_completed
f 1007 1006 1403 1401
g facade_completed
f 1104 1103 1433 1490
g ground_assumed
f 1354 1357 1355
g ground_assumed
f 1354 1358 1357
g ground_assumed
f 1354 1475 1358
g ground_assumed
f 1354 1476 1475
g ground_assumed
f 1354 1307 1476
g ground_assumed
f 1354 1308 1307
g ground_assumed
f 1354 1309 1308
g ground_assumed
f 1354 1310 1309
g ground_assumed
f 1354 1543 1310
g ground_assumed
f 1354 1407 1543
g ground_assumed
f 1354 1408 1407
g ground_assumed
f 1354 1384 1408
g ground_assumed
f 1354 1385 1384
g ground_assumed
f 1354 1541 1385
g ground_assumed
f 1354 1378 1541
g ground_assumed
f 1354 1379 1378
g ground_assumed
f 1354 1380 1379
g ground_assumed
f 1354 1524 1380
g ground_assumed
f 1354 1511 1524
g ground_assumed
f 1354 1512 1511
g ground_assumed
f 1354 1514 1512
g ground_assumed
f 1354 1516 1514
g ground_assumed
f 1354 1518 1516
g ground_assumed
f 1354 1416 1518
g ground_assumed
f 1354 1417 1416
g ground_assumed
f 1354 1418 1417
g ground_assumed
f 1354 1119 1418
g ground_assumed
f 1354 1120 1119
g ground_assumed
f 1354 1121 1120
g ground_assumed
f 1354 1122 1121
g ground_assumed
f 1354 1123 1122
g ground_assumed
f 1354 1462 1123
g ground_assumed
f 1354 1125 1462
g ground_assumed
f 1354 1126 1125
g ground_assumed
f 1354 1129 1126
g ground_assumed
f 1354 1130 1129
g ground_assumed
f 1354 1132 1130
g ground_assumed
f 1354 1133 1132
g ground_assumed
f 1354 1461 1133
g ground_assumed
f 1354 1452 1461
g ground_assumed
f 1354 1453 1452
g ground_assumed
f 1354 1454 1453
g ground_assumed
f 1354 1455 1454
g ground_assumed
f 1354 1456 1455
g ground_assumed
f 1354 1457 1456
g ground_assumed
f 1354 1458 1457
g ground_assumed
f 1354 1381 1458
g ground_assumed
f 1354 1382 1381
g ground_assumed
f 1354 1297 1382
g ground_assumed
f 1354 1238 1297
g ground_assumed
f 1354 1239 1238
g ground_assumed
f 1354 1241 1239
g ground_assumed
f 1354 1242 1241
g ground_assumed
f 1354 1142 1242
g ground_assumed
f 1354 1143 1142
g ground_assumed
f 1354 1144 1143
g ground_assumed
f 1354 1145 1144
g ground_assumed
f 1354 1439 1145
g ground_assumed
f 1354 1440 1439
g ground_assumed
f 1354 1302 1440
g ground_assumed
f 1354 1303 1302
g ground_assumed
f 1354 1285 1303
g ground_assumed
f 1354 1286 1285
g ground_assumed
f 1354 1287 1286
g ground_assumed
f 1354 1288 1287
g ground_assumed
f 1288 1290 1289
g ground_assumed
f 1288 1445 1290
g ground_assumed
f 1288 1446 1445
g ground_assumed
f 1288 1447 1446
g ground_assumed
f 1288 1448 1447
g ground_assumed
f 1288 1449 1448
g ground_assumed
f 1288 1265 1449
g ground_assumed
f 1288 1266 1265
g ground_assumed
f 1288 1268 1266
g ground_assumed
f 1288 1270 1268
g ground_assumed
f 1288 1272 1270
g ground_assumed
f 1288 1273 1272
g ground_assumed
f 1288 1275 1273
g ground_assumed
f 1288 1276 1275
g ground_assumed
f 1288 1277 1276
g ground_assumed
f 1288 1427 1277
g ground_assumed
f 1288 1428 1427
g ground_assumed
f 1288 1429 1428
g ground_assumed
f 1288 1430 1429
g ground_assumed
f 1288 1431 1430
g ground_assumed
f 1288 1432 1431
g ground_assumed
f 1288 1433 1432
g ground_assumed
f 1288 1490 1433
g ground_assumed
f 1288 1491 1490
g ground_assumed
f 1288 1481 1491
g ground_assumed
f 1288 1482 1481
g ground_assumed
f 1288 1483 1482
g ground_assumed
f 1288 1353 1483
g ground_assumed
f 1288 1354 1353
