# pointcloud_to_mesh 0.5.1; candidate requires geometry validation; coordinates preserved
v 2.568014675 -3.628176352 2.643466513
v 2.924044677 -4.052543554 2.100320838
v 2.959137062 -4.027349021 2.110591307
v 3.043484951 -3.968738566 2.133423793
v 2.308142194 -2.966953112 3.374520369
v 2.291748744 -2.944619723 3.402188870
v 2.317752027 -2.931440193 3.404573195
v 2.267516932 -2.863108632 3.489258415
v 2.277671590 -2.848080369 3.499596761
v 2.318719117 -2.787332492 3.541386880
v 2.356332969 -2.731666263 3.579681191
v 2.256534154 -2.594380403 3.749382092
v 2.212674069 -2.655170697 3.708650805
v 2.165833287 -2.720092304 3.665151402
v 2.144045504 -2.695158381 3.697403863
v 0.671117005 -1.009536653 5.877783547
v 2.171075528 -3.005781673 3.391124125
v 2.171131446 -3.005753331 3.391129252
v 0.473498950 -0.783382232 6.170318043
v -0.105272255 0.002711136 7.144882276
v -0.105087649 0.002846489 7.144938985
v -0.086078903 0.010550350 7.144844060
v 0.034443203 0.059395174 7.144241863
v 0.074722633 0.075719448 7.144040559
v 0.097094219 0.084786156 7.143928798
v 0.119209024 0.059096158 7.110828740
v 1.459120905 -1.497437127 5.105328244
v 0.260728784 0.151103426 7.143111152
v 0.228918946 0.194861944 7.197201625
v 0.217538591 0.210517021 7.216553087
v 0.203827284 0.229378665 7.239868216
v 0.204004916 0.229508930 7.239922807
v 0.303044158 0.302135951 7.270357450
v 0.441894664 0.403957201 7.313026054
v 0.361090378 0.370977537 7.313209356
v 0.290144089 0.342021378 7.313370332
v 0.254903808 0.327638330 7.313450282
v 0.160671188 0.289178016 7.313664068
v 0.160428634 0.289079020 7.313664618
v 0.158781748 0.291344550 7.316465062
v 0.132993539 0.326819477 7.360316100
v 0.133026044 0.326843383 7.360326154
v 0.139501445 0.334770695 7.365342280
v 0.176946111 0.380611191 7.394348538
v 0.217478109 0.410885558 7.407329121
v 0.179395408 0.383609669 7.396245870
v 0.312988792 0.547157315 7.499733088
v 0.259119440 0.508577987 7.484058666
v 0.161377193 0.438578438 7.455618502
v 0.265587486 0.566144265 7.536334345
v 0.207975705 0.524781961 7.519473138
v 0.208015256 0.526206106 7.520813477
v 0.209996368 0.597578344 7.587986135
v 0.063515856 0.422429897 7.478491456
v 0.063502228 0.422413602 7.478481269
v 0.063499138 0.422417829 7.478486501
v 0.033910552 0.463120734 7.528799890
v -0.048957603 0.287944079 7.394417166
v -0.049006612 0.287908980 7.394402905
v -0.078773346 0.328398750 7.444583011
v -0.016577709 0.216835251 7.314066194
v -0.024557362 0.210972368 7.311603318
v -0.024546664 0.210957794 7.311585264
v -0.024603283 0.210916154 7.311567750
v -0.095450792 0.308459615 7.432118736
v -0.099967745 0.313706866 7.438879490
v -0.095805154 0.308035949 7.431853895
v -0.095792237 0.308018352 7.431832095
v -0.139734562 0.276459921 7.418961909
v -0.134735944 0.076100643 7.226264750
v -0.134730494 0.076093384 7.226255710
v -0.134758936 0.076072498 7.226246942
v -0.143320167 0.087665225 7.240629237
v -0.143312881 0.087655409 7.240617043
v -0.143351176 0.087626885 7.240604856
v -0.207697728 0.174260003 7.348228385
v -0.207645010 0.174323031 7.348267785
v -0.233483064 0.209131885 7.391504196
v -0.117819653 0.019753149 7.166010220
v -0.117811224 0.019741631 7.165995960
v -0.117855733 0.019708979 7.165982271
v -0.190541512 0.118650557 7.288582714
v -0.190590762 0.118591727 7.288545955
v -0.190602148 0.118607128 7.288565067
v -0.249030920 0.197965723 7.386950388
v -0.221757784 0.012270697 7.199508310
v -0.221745671 0.012256838 7.199490383
v -0.221815036 0.012228710 7.199490714
v -0.250255208 0.044962251 7.241768380
v -0.250306191 0.044941539 7.241768587
v -0.331971540 0.138399558 7.362658065
v -0.236929933 -0.050586106 7.145597778
v -0.236997732 -0.050613583 7.145598116
v -0.298817632 0.025251300 7.241982728
v -0.298870065 0.025212136 7.241965936
v -0.369220036 0.111648562 7.351748489
v -0.282670130 -0.084629236 7.131064789
v -0.282656752 -0.084647150 7.131042507
v -0.282726796 -0.084699324 7.131020211
v -0.349285352 0.004981403 7.242409590
v -0.349271970 0.004963438 7.242387257
v -0.349342824 0.004912691 7.242366637
v -0.407919314 0.083855597 7.340413951
v -0.466628524 -0.011177096 7.272887019
v -0.494178416 0.021906220 7.315149732
v -0.494243943 0.021859117 7.315130499
v -0.494256651 0.021874245 7.315149868
v -0.785842755 -0.097134322 7.315811433
v -0.758004689 -0.129788497 7.273844642
v -0.738041948 -0.153204879 7.243750161
v -0.737957697 -0.153170626 7.243749843
v -0.674383900 -0.227876050 7.147783581
v -0.738028045 -0.153221132 7.243729254
v -0.819468894 -0.211710199 7.219876191
v -1.578340619 -0.520691863 7.222308006
v -1.582451802 -0.539088798 7.206400728
v -1.596410646 -0.601552063 7.152390659
v -1.641168607 -0.801836678 6.979210610
v -1.654605387 -0.861964210 6.927220142
v -1.672694123 -0.942908383 6.857230162
v -7.982217936 -5.461964806 5.020962396
v -7.896369897 -5.581538860 4.873575559
v -3.839344551 -2.594604799 6.131579864
v -1.692506411 -1.015729860 6.795646657
v -1.962108126 -2.237988217 5.737413882
v -1.962130532 -2.238088483 5.737327186
v -1.968035147 -2.245317028 5.732753216
v -5.423187645 -3.802269393 5.600876611
v -7.880156749 -5.604121460 4.845740274
v -7.866276427 -5.623454765 4.821910065
v -7.610305816 -5.435882898 4.900440654
v -7.523125615 -5.371998403 4.927187134
v -7.644478961 -5.461407688 4.889496519
v -7.864585128 -5.625810503 4.819006384
v -7.847613810 -5.649449124 4.789869448
v -7.738296716 -5.569273736 4.823473371
v -7.847030603 -5.650261448 4.788868179
v -6.620196815 -7.359065654 2.682598141
v -6.425356279 -7.259416105 2.701317062
v -6.312866168 -7.201883987 2.712124328
v -5.913269554 -6.997513668 2.750514785
v -5.845850167 -6.963032639 2.756991925
v -5.804348036 -6.941806677 2.760979206
v -5.739329381 -6.908553442 2.767225738
v -5.885335160 -7.089090801 2.652415235
v -2.683544231 -5.466295907 2.945994040
v -2.653116263 -5.330135764 3.063727590
v 1.837856250 -3.174670469 3.360570541
v 1.837827203 -3.174710729 3.360543565
v 1.960073564 -3.318106249 3.176253196
v 2.019160205 -3.387415089 3.087178209
v 2.092859978 -3.280183677 3.160459754
v 2.036723499 -3.204669066 3.254289692
v 2.115230348 -3.088483580 3.334216867
v 2.175357518 -3.160151695 3.242489169
v 2.198564801 -3.126385565 3.265564839
v -0.016526526 0.216856141 7.314066078
v -0.016568879 0.216824993 7.314052978
v -0.207632761 0.174306530 7.348247288
v -0.466565533 -0.011131985 7.272905348
v -0.466553357 -0.011146498 7.272886772
v -0.674336419 -0.227856784 7.147783365
v -0.674376083 -0.227885219 7.147771797
v 1.753864804 -3.076222466 3.487119615
v 2.171095628 -3.005806339 3.391092786
v 0.148728070 0.305174632 7.333560619
v 1.837811986 -3.174692880 3.360566504
v -0.048997417 0.287896473 7.394387404
v -0.250297263 0.044931322 7.241755371
v -0.236986057 -0.050627911 7.145579913
v -0.298806669 0.025237845 7.241965635
v 0.235253119 -5.982958006 1.313393732
v 2.714465154 -4.203010904 2.038983317
v 2.756462291 -4.172859113 2.051274596
v 2.895532114 -4.073014112 2.091976082
v 3.148715580 -3.821689173 2.232289371
v 2.452068831 -2.863363099 3.416888980
v 2.400646080 -2.889426193 3.412173922
v 6.901024776 5.197827570 4.973724052
v 7.606705668 5.714941163 4.743725376
v 7.580286401 5.751739428 4.787844380
v 7.429924850 5.644055791 4.838431189
v 7.441289479 5.640990543 4.827523395
v 7.387387172 5.613591866 4.852742368
v 7.422781266 5.639669106 4.841295667
v 7.400035376 5.638045111 4.858221266
v 7.349945133 5.634468802 4.895494258
v 7.336557448 5.633512945 4.905456251
v 7.317610732 5.632160212 4.919554829
v 7.298940467 5.630827219 4.933447696
v 7.196234876 5.623494302 5.009872644
v 4.466764605 3.584784390 5.875073401
v 4.466777023 3.584754622 5.875044778
v 4.486948487 3.536399966 5.828549888
v 4.486952625 3.536390096 5.828540382
v 4.487400577 3.536723737 5.828397790
v 3.843934559 3.056001368 6.032302640
v 3.689050978 2.942093484 6.082522958
v 3.843254765 3.056948225 6.033437866
v 3.841063960 3.059999702 6.037096412
v 1.152302999 1.080433145 6.907562873
v 1.358956430 1.228444112 6.838045800
v 2.123448184 1.775994337 6.580874900
v 4.508672518 3.484323528 5.778476359
v 4.509607417 3.482082406 5.776321433
v 4.521318001 3.454010034 5.749328744
v 4.531488212 3.429630174 5.725886564
v 4.540020412 3.409176945 5.706219986
v 0.204004944 0.229508946 7.117983455
v 0.203827284 0.229378665 7.118041299
v 0.217538573 0.210517020 7.095293416
v 0.228918903 0.194861957 7.076412771
v 4.620536936 1.974305201 4.735411141
v 4.545504988 2.078813985 4.860711163
v 5.032943574 2.227550790 4.570040295
v 5.045873453 2.196555450 4.540237091
v 5.083748770 2.105761529 4.452935164
v 5.829114781 2.407841080 4.055649916
v 5.881376960 2.485185959 4.063306099
v 5.910661074 2.528524669 4.067596085
v 5.970183247 2.552759670 4.035941200
v 5.937975157 2.508119054 4.033135807
v 6.122537110 2.582901860 3.934752972
v 6.152971906 2.627183773 3.938731151
v 6.171221754 2.653736802 3.941116571
v 6.206698575 2.705354920 3.945753913
v 6.255858673 2.776881601 3.952179638
v 7.948231560 5.239244385 4.173392295
v 7.612246133 5.707224087 4.734473046
v 7.423912387 5.639749858 4.840453976
v 3.866573210 3.024468962 5.994497098
v 4.508661335 3.484350336 5.778502136
v 0.441894664 0.403957201 7.040528930
v 5.015046358 2.270453661 4.611293080
v 4.875963170 3.814998555 5.697671939
v 4.489342375 3.530661384 5.823032017
v 2.423898046 2.058916038 6.522631175
v 3.834501413 3.069140394 6.048055576
v 3.814223306 3.097384900 6.081919115
v 0.074722633 0.075719448 7.122780801
v 0.647625540 -0.704768009 6.177113681
v 1.043143655 -1.197672608 5.553286255
v 2.144045478 -2.695158375 3.737536764
v 2.165833287 -2.720092304 3.704574934
v 2.256534154 -2.594380403 3.712475126
v 6.588536414 -0.766836929 1.448939364
v 6.942303183 -1.259583501 0.858164562
v 9.689487058 0.649340349 -0.103079754
v 9.695430125 0.807860284 -0.007539236
v 9.702217348 0.988895357 0.101571203
v 9.766611989 2.706500216 1.136777689
v 9.045243519 3.711263442 2.341431015
v 6.069051797 2.505081986 3.927761824
v 5.352240448 1.462138317 3.834066313
v 5.290349792 1.610501436 3.976723245
v 4.651831980 1.930715675 4.683149806
v 0.260728784 0.151103426 7.023638234
v 1.459120905 -1.497437127 5.035432482
v 0.119209005 0.059096122 7.077158624
v 0.097094242 0.084786143 7.110856579
v 6.502800662 -0.647419274 1.592114265
v 5.085534089 1.326630594 3.958886534
v 5.857049189 0.252020277 2.670490562
v 5.092232798 1.317300250 3.947699988
v 5.174213329 1.203113082 3.810796140
v 3.873140981 3.015320996 5.983529213
v 3.868874334 3.021263826 5.990654324
v 1.204104970 1.057946748 6.852459597
v 0.160671188 0.289178016 7.189913468
v 0.254903778 0.327638356 7.139857600
v 1.236084126 1.046634245 6.820066877
v 0.290144089 0.342021378 7.121138095
v 0.361090338 0.370977541 7.083451793
v 3.905373732 2.970425378 5.929701949
v 3.890211803 2.991543778 5.955021696
v 3.875195920 3.012458759 5.980097555
v 1.960073587 -3.318106288 3.488852567
v 0.087978826 -6.088693396 3.214599068
v 0.235253119 -5.982958006 3.165217047
v 2.019160196 -3.387415128 3.398394278
v 2.579398024 -2.798827603 3.328380636
v 3.383255647 -3.732643563 2.103481355
v 6.589803123 -1.504523702 0.981504933
v 6.335559508 -0.895055679 1.567532237
v 6.279827863 -0.761456877 1.695992719
v 2.492842360 -2.698278627 3.460272115
v -2.065285631 2.664822697 4.175432521
v -2.064039298 2.674576761 4.166804393
v -2.166256149 2.801961957 4.009526854
v -2.057475675 2.666397006 4.176903617
v -2.063967089 2.675142176 4.166304231
v 1.101152383 6.876305114 1.439294176
v 0.968523173 7.061038656 1.217084138
v -2.459320518 4.600022673 2.222252679
v -1.958296956 4.175715295 2.806553503
v -1.920299980 4.200748895 2.797506417
v -1.920299980 4.080722856 2.909449634
v -2.955721252 4.241725486 2.369593944
v -2.308714688 3.361644175 3.433918617
v -2.268111985 3.403494702 3.410167796
v -2.545008174 3.789171536 2.946249532
v -2.436094987 3.860926931 2.920317315
v -2.174048587 3.500448907 3.355144785
v -1.920300026 3.761995831 3.206712851
v -1.920299980 3.607875801 3.350454111
v -1.920299980 3.480592662 3.469165718
v -1.906554388 3.476012004 3.478611251
v -1.756254079 3.425924780 3.581893121
v -1.585657723 3.369073987 3.699121789
v -1.987454547 3.243765108 3.664770210
v -1.031090044 1.928164279 5.251716748
v -1.053454073 1.828089070 5.336635652
v -1.083255741 1.694731383 5.449796458
v -1.090357459 1.662952439 5.476762506
v -1.125617112 1.505171227 5.610647912
v -0.099967798 0.313706878 7.107893910
v -0.095450792 0.308459615 7.114487849
v -0.078773334 0.328398699 7.102168303
v 0.033910523 0.463120749 7.018928891
v 0.212180271 0.676255574 6.887241365
v 0.209996366 0.597578385 6.959798312
v 0.208015237 0.526206153 7.025618553
v 0.216012155 0.531949362 7.023271857
v 0.268372362 0.569553323 7.007906730
v 0.363936897 0.638185637 6.979863325
v 0.420565910 0.678855324 6.963245550
v 0.752178750 0.917012339 6.865933711
v 0.752232606 0.915530505 6.867336024
v 0.417712671 0.675362347 6.965429445
v 0.312988799 0.547157337 7.045586543
v 0.179395408 0.383609669 7.147840796
v 0.217478109 0.410885558 7.136734685
v 1.152302999 1.080433145 6.864110409
v 4.386456190 3.461537895 5.860573559
v 7.196234876 5.623494302 4.901707807
v 6.485648672 5.572760354 4.681586119
v 6.481162400 5.521022825 4.728151056
v 6.326232434 5.561378463 4.632202988
v 5.761006167 5.521022825 4.457110143
v 6.140696442 5.609706256 4.517300620
v 5.845431052 5.686615999 4.334442875
v 5.830053685 5.690621440 4.324919681
v 5.771502128 5.772175394 4.226821052
v 4.174419584 5.274396795 4.089993680
v 4.162934531 5.260336587 4.098784481
v 4.338161178 5.216542063 4.205578793
v 4.055034267 5.128242943 4.181372863
v 3.979351176 5.104639571 4.174902337
v 3.974986612 5.103278390 4.174529188
v 3.971026281 5.102043277 4.174190600
v 3.880206897 4.990869520 4.243696517
v 3.881524324 4.987711484 4.247137716
v 3.881536707 4.987681719 4.247170136
v 3.901373758 4.940128761 4.298986725
v 3.150867713 4.021344475 4.873434530
v 3.834501413 3.069140394 6.018810202
v 2.423898046 2.058916038 6.430103400
v 3.814223306 3.097384900 5.984835793
v 3.373902849 3.710688393 5.247112742
v 3.360566623 3.720690563 5.232764865
v 2.734831437 3.512024687 5.191874487
v 2.640460540 3.396493980 5.264107285
v 2.640462943 3.421524306 5.240763462
v 2.600238665 3.403391176 5.242536494
v 2.573542607 3.391356590 5.243713208
v 2.530126164 3.371784459 5.245626920
v 2.502922165 3.359520806 5.246826104
v 2.428418924 3.325934740 5.250110068
v 2.886584413 3.873705869 4.911664089
v 2.886880800 3.834253433 4.948571259
v 3.097884822 4.095142074 4.784665771
v 2.602899743 4.784585577 3.955356350
v 3.809392238 5.160625092 4.058720573
v 4.010275621 5.223236413 4.075930921
v 4.068867394 5.295680203 4.030417495
v 4.035025126 5.337983053 3.978226400
v 4.126187309 5.366551471 3.985892012
v 4.138438072 5.370390615 3.986922151
v 4.208068690 5.392211457 3.992777235
v 4.208854178 5.392457618 3.992843280
v 4.224039672 5.397216414 3.994120225
v 4.292189698 5.418573283 3.999850795
v 5.707041825 5.861959388 4.118822773
v 5.243989188 6.506925560 3.343013703
v 4.924864821 6.277810630 3.436592583
v 5.415262659 6.884191601 3.055614778
v 5.401569899 6.880559158 3.053849141
v 5.336805164 6.863378413 3.045497779
v 4.800856177 6.721201981 2.976387803
v 4.800856177 6.361123864 3.312217453
v 4.386571073 6.663818599 2.873984842
v 5.186709951 7.238277280 2.639354998
v 4.845533983 7.713486665 2.067740910
v 4.320752022 7.561384253 2.012091343
v 5.632625691 8.361673098 1.759437821
v 6.063367415 7.761711412 2.481112442
v 6.106976516 7.815630352 2.447237421
v 5.575455699 8.561317568 1.551721127
v 4.723327167 9.756795370 0.116038934
v 2.544593681 8.192576457 0.754922897
v 2.541596228 4.869972616 3.852647026
v 1.163981604 6.788792985 1.544559702
v 2.214246865 2.951535750 5.518689529
v 2.232367600 2.948515632 5.528326259
v 2.269478483 2.942330454 5.548062116
v 0.746339599 1.077673892 6.713893820
v 0.745179438 1.109595183 6.683685538
v 0.743661372 1.151363696 6.644158464
v 0.050036012 5.639945651 2.196792016
v 0.780432737 4.622607355 3.420515540
v 0.409329052 4.356173941 3.529336648
v -0.000022912 4.560849923 3.184378644
v 0.224765739 4.223666947 3.583457330
v 0.268740119 4.157705377 3.661527275
v 0.324285550 4.074387230 3.760139895
v 0.384807028 3.983605014 3.867586742
v 0.858810750 4.131433092 3.908111696
v 0.723837693 4.198919620 3.794370856
v 0.937101002 4.265389545 3.812641806
v 0.924857756 4.363319405 3.716698845
v 1.147642478 4.433135641 3.735432349
v 2.127375174 2.966014407 5.472490516
v 2.177853827 2.957601274 5.499335440
v 0.740724313 1.232175898 6.567682933
v 0.738077405 1.305004895 6.498762202
v 1.116010760 4.211646350 3.930101014
v 0.960185399 3.120537457 4.889085130
v 1.766548901 3.027563304 5.279284424
v 1.440289554 2.880485379 5.293665505
v 1.440279798 2.760460584 5.405603890
v 0.480081244 2.880485379 4.932277621
v 0.480081244 3.840693690 4.036731887
v 0.006663890 3.865673085 3.835257390
v -0.088753658 3.998576098 3.675392629
v 0.027661481 4.082156197 3.641255473
v -0.495442265 3.918226039 3.597268765
v -0.593214243 3.887586315 3.589047285
v -0.617034043 3.780996829 3.679493880
v -0.628526666 3.777414790 3.678509287
v -0.621137232 3.762635790 3.695074153
v -0.515344739 3.551050917 3.932226918
v -0.338919963 3.198201364 4.327714734
v -0.191132333 2.992354309 4.575321539
v -0.720097912 2.280413506 5.040235030
v -0.240074989 3.000511418 4.549293491
v -0.520743254 3.451455234 4.023083797
v -0.643418357 3.662931198 3.779678600
v -1.065627276 3.531256424 3.743581844
v -1.180780764 3.605288244 3.631195859
v -1.283435715 3.671284794 3.531008032
v -0.671366714 3.863094867 3.582475644
v -0.720179145 3.960719729 3.473053815
v -1.298015999 4.249656959 2.986097248
v -1.398454167 4.299879312 2.901455666
v -1.163268349 4.542293000 2.763882144
v -1.200224979 4.560768691 2.732741501
v -0.167978134 5.943608211 1.831526086
v -0.013068572 5.727841322 2.091065140
v 4.466764605 3.584784390 5.775851959
v 4.514347587 6.485844170 3.088064560
v 4.320810343 7.921381137 1.676359405
v 3.770046432 5.254944120 3.955944852
v -1.219937369 5.188355427 2.139998825
v 4.466777041 3.584754580 5.775884442
v 2.005071378 2.743970336 5.633550892
v -0.276979643 5.302684059 2.388264723
v -1.062915280 4.492123770 2.848442153
v -0.518894946 4.220152942 3.306847550
v 6.092322286 7.721381413 2.529624101
v 5.712394590 7.327763089 2.753744162
v 5.741330215 7.287376822 2.802301056
v 5.741565119 7.287048966 2.802695243
v 5.748304055 7.277643238 2.814003861
v 5.770626090 7.246487745 2.851462485
v 5.777490184 7.236907335 2.862981127
v 6.130170021 7.668664924 2.593035071
v 6.127182419 7.672826227 2.588029573
v 6.100965408 7.709342778 2.544104987
v 6.098108044 7.713322677 2.539317695
v 3.843934559 3.056001368 6.034614713
v 4.487228034 3.535729916 5.829304693
v 4.489342375 3.530661384 5.834827662
v 4.875963170 3.814998555 5.715148558
v 4.530583584 3.567649883 5.815851759
v -8.862506199 -3.393561979 2.733341286
v -3.067626965 2.579408598 3.446738632
v -3.288171992 2.838108884 3.444890824
v -6.126919919 1.952785350 3.201657741
v -10.855327832 -1.460133165 2.695603522
v -9.330183774 -3.584440961 2.690925153
v 1.837827203 -3.174710729 3.487838351
v 1.837811986 -3.174692880 3.487838223
v -2.683544231 -5.466295907 3.054540443
v -3.378856404 -8.577703305 2.844268722
v -0.643518696 -6.613871104 3.136469086
v -3.426044833 2.999834334 3.443735674
v -3.902305529 3.558490226 3.439745385
v -5.635626744 2.307395952 3.254238015
v 1.132378240 4.326253515 3.829358704
v 1.147642489 4.433135627 3.835983200
v 0.924857756 4.363319405 3.816876787
v 0.950281917 4.159960308 3.808055232
v 1.116010747 4.211646288 3.822255410
v 5.970183247 2.552759670 4.072997762
v 5.880712269 2.428752345 4.060328286
v 6.069051766 2.505081992 4.077381687
v 6.122537110 2.582901860 4.085147490
v 5.937975157 2.508119054 4.068436957
v -2.458787597 3.206959144 3.415368925
v -2.458753366 3.206994428 3.415373153
v -2.516546442 3.284852744 3.320783266
v -2.520807485 3.283517451 3.318311817
v -2.612126991 3.048947805 3.396402219
v -3.132405488 4.114196534 2.313021014
v -2.625519289 2.880560814 3.493115950
v -2.117394726 2.256994446 4.285962330
v -2.679488024 2.824901150 3.486470161
v -3.627668678 3.756720415 2.154479250
v -3.902305529 3.558490226 2.066563549
v -3.362496058 2.925291341 2.890235460
v -3.288171992 2.838108884 3.003643336
v -2.946406788 2.944695585 3.202197159
v -2.838275184 2.815808976 3.368493575
v -2.768706594 2.732887216 3.475483657
v -2.150708201 1.996268819 4.425908149
v -2.125794567 2.191253457 4.321249164
v -2.125794589 2.191253489 4.321249126
v -1.867750169 1.895947038 4.710291221
v -1.819942144 1.891963036 4.750089081
v -1.207218617 1.140033665 5.706145263
v -1.254570789 0.928124774 5.804084780
v -1.338751481 0.551430046 5.978179730
v -0.785842755 -0.097134322 6.821839227
v -0.494256689 0.021874273 6.973377693
v -0.494178416 0.021906220 6.973418372
v -0.407919323 0.083855587 7.001229589
v -1.045898694 0.942063155 5.957858969
v -0.369220036 0.111648562 7.013706813
v -0.331971599 0.138399564 7.025716263
v -0.249030954 0.197965727 7.052457543
v -1.145609508 1.415708548 5.578740842
v -1.203945062 1.154666558 5.699385197
v -1.747556656 1.885930912 4.810346485
v -1.475100047 1.863226195 5.037153383
v -1.718957128 2.194435506 4.636322667
v -1.633185387 2.094797226 4.766579305
v -2.057475626 2.666396939 4.072143962
v -2.064039298 2.674576761 4.061822908
v -2.063967089 2.675142176 4.061519391
v -2.029773636 2.942754896 3.917876891
v -2.201682919 3.176953462 3.634856101
v -2.178297928 3.184246583 3.648441965
v -2.123069206 3.201470830 3.680527950
v -2.187676192 3.291459132 3.572908306
v -2.052705921 3.333526659 3.651337810
v -2.109949252 3.412272130 3.556611870
v -2.109966490 3.412266728 3.556601872
v -2.109954433 3.412279179 3.556603347
v -2.174048587 3.500448907 3.450540653
v -2.436094964 3.860926977 3.016907796
v -2.545008174 3.789171536 2.977679475
v -2.268111985 3.403494702 3.438921689
v -2.324960450 3.344899140 3.431899614
v -2.324970421 3.344888827 3.431898405
v -2.458738528 3.206974438 3.415397438
v -2.166256149 2.801961957 3.901092001
v -2.612070565 3.048965402 3.396435000
v -2.612109918 3.048924839 3.396430139
v -2.065285631 2.664822697 4.067058424
v -1.692506411 -1.015729860 6.699707343
v -3.839344551 -2.594604799 6.031119791
v -7.896369897 -5.581538860 4.769698261
v -7.880156749 -5.604121460 4.796705453
v -5.423187645 -3.802269393 5.565126069
v -8.853706528 -3.542765745 2.726167906
v -9.144665696 -3.842841141 2.690338770
v -8.032490360 -5.391942501 4.542954426
v -8.014644233 -5.416799607 4.572681766
v -7.982217936 -5.461964806 4.626696150
v -1.672694154 -0.942908388 6.668809985
v -1.654605406 -0.861964220 6.631400461
v -1.641168602 -0.801836734 6.603611668
v -1.596410607 -0.601552082 6.511047201
v -1.582451818 -0.539088802 6.482178887
v -1.578340644 -0.520691877 6.473676463
v -8.757833746 -3.443889112 2.737973820
v -8.761983665 -3.448169112 2.737462829
v -1.571923349 -0.491975638 6.460404853
v -1.564336193 -0.458024365 6.444713778
v -8.665587725 -3.348752871 2.749333129
v -8.705708845 -3.390131088 2.744392579
v -1.553724629 -0.410539364 6.422767893
v -2.997398373 2.497030149 3.447322218
v -8.608523783 -3.289901023 2.756360066
v -1.125631026 1.505108862 5.537423204
v -0.139734583 0.276459932 7.087696338
v -0.095861446 0.307968648 7.101841690
v -0.095805154 0.308035949 7.101842739
v -0.099967745 0.313706866 7.094989668
v -1.125617112 1.505171227 5.537394364
v 4.254556863 3.295037576 5.847853106
v 4.105154562 3.195347562 5.896141236
v 3.866573210 3.024468962 5.965697369
v 2.123448184 1.775994337 6.473888955
v 0.148728070 0.305174632 7.013080573
v 0.158781714 0.291344568 6.996548927
v 1.204104970 1.057946748 6.703378914
v 3.868874334 3.021263826 5.961887889
v 3.905373732 2.970425378 5.901463629
v 0.361090338 0.370977541 6.895360160
v 0.441894636 0.403957235 6.855703092
v 3.917905533 2.952970369 5.880717401
v 3.873140981 3.015320996 5.954824513
v 3.875195912 3.012458769 5.951422601
v 3.890211801 2.991543781 5.926564000
v 3.843254765 3.056948225 6.004300740
v 3.843934559 3.056001368 6.003175349
v 4.487228015 3.535729888 5.827906103
v 4.386456190 3.461537895 5.855981161
v 3.841063960 3.059999702 6.007927587
v 6.901024776 5.197827570 5.081031764
v 7.612246133 5.707224087 4.873681916
v 7.606705668 5.714941163 4.882854080
v 7.387384259 5.613589780 4.982837522
v 7.423912369 5.639749864 4.972186569
v 7.441289479 5.640990543 4.959873972
v 7.429924850 5.644055791 4.970433441
v 7.580286401 5.751739428 4.926590820
v 7.578420139 5.754338864 4.929680391
v 7.570663489 5.765142770 4.942521421
v 7.555791716 5.785857025 4.967141440
v 7.551534307 5.791786988 4.974189524
v 7.547568500 5.797310790 4.980754863
v 7.538820399 5.809495646 4.995237227
v 7.506160819 5.854985775 5.049304720
v 7.278458340 5.684909073 5.111168880
v 7.346801863 5.666475557 5.047667333
v 7.298940467 5.630827219 5.060735747
v 7.317610722 5.632160209 5.047506878
v 7.336557428 5.633512956 5.034082142
v 7.349945122 5.634468823 5.024596269
v 7.400035376 5.638045111 4.989104675
v 7.422781266 5.639669106 4.972988014
v 0.647625540 -0.704768009 5.983419774
v 0.034443248 0.059395148 6.940388543
v -0.086078885 0.010550324 6.999761681
v -0.105087641 0.002846516 7.009126015
v -0.105272255 0.002711136 7.009177797
v 0.473498950 -0.783382232 6.063997671
v 0.671117005 -1.009536653 5.768596183
v 1.922698743 -2.441848814 3.897719008
v 2.144045478 -2.695158375 3.566847646
v 1.043143655 -1.197672608 5.366150670
v 4.620536936 1.974305201 4.717520600
v 0.228918903 0.194861957 6.881219278
v 0.260728784 0.151103426 6.828912899
v 4.651831980 1.930715675 4.665712077
v 5.085534089 1.326630594 3.947724091
v 2.323502488 -2.501561856 3.556605836
v 2.256534173 -2.594380345 3.547122769
v 2.356332969 -2.731666263 3.383019242
v 2.400646080 -2.889426193 3.247551614
v 2.452068823 -2.863363132 3.225596560
v 2.318721221 -2.787329378 3.375408424
v 2.277671605 -2.848080330 3.367101946
v 2.267516932 -2.863108632 3.365047126
v 2.317752020 -2.931440141 3.282943423
v 2.291748744 -2.944619691 3.294045535
v 2.308142183 -2.966953104 3.267229966
v 3.043484951 -3.968738566 2.064393168
v 3.176287946 -3.876458320 2.023841055
v 3.186801472 -3.869152821 2.020630699
v 3.383255647 -3.732643563 1.960642347
v 2.579398024 -2.798827603 3.171233139
v 2.492842360 -2.698278627 3.301583946
v 3.148715580 -3.821689173 2.080069843
v 6.069051797 2.505081986 3.967543317
v 5.829114781 2.407841080 4.085744126
v 5.290402573 1.610579548 3.976734550
v 6.122537125 2.582901858 3.977502725
v 9.045243519 3.711263442 2.501374090
v 9.014158598 3.754560297 2.552834758
v 8.993279795 3.783641486 2.587399334
v 8.984065128 3.796476201 2.602654091
v 8.962136553 3.827019574 2.638956551
v 8.931926442 3.869097943 2.688968982
v 7.948231560 5.239244385 4.317462576
v 6.255858673 2.776881601 4.002328346
v 6.206698640 2.705354909 3.993174330
v 6.171221740 2.653736852 3.986568230
v 6.152971906 2.627183773 3.983169955
v 2.036723459 -3.204669035 3.318345569
v 2.092859978 -3.280183677 3.227142572
v 2.198564852 -3.126385569 3.246825719
v 2.895532114 -4.073014112 2.108621885
v -6.377291189 -7.697398489 2.356684503
v -4.940386317 -9.698801704 -0.120402534
v -3.378856404 -8.577703305 0.345027119
v -5.885335160 -7.089090801 2.747688226
v -5.739329381 -6.908553442 2.863732759
v -5.804348013 -6.941806695 2.857214977
v -5.845850164 -6.963032590 2.853054643
v -5.913269532 -6.997513634 2.846296244
v -6.312866168 -7.201883987 2.806238856
v -6.425356279 -7.259416105 2.794962340
v -6.620196815 -7.359065654 2.775430648
v -6.568699656 -7.430793839 2.686654454
v -6.566250187 -7.434205599 2.682431804
v -6.538956110 -7.472222350 2.635379416
v -6.427680255 -7.627213718 2.443550450
v -6.406684811 -7.656457373 2.407356305
v -6.397995030 -7.668560996 2.392375951
v -7.738301999 -5.569277671 4.925582035
v -7.847613810 -5.649449124 4.891380554
v -7.847030603 -5.650261448 4.890375161
v -7.610305816 -5.435882898 5.003485972
v -7.866276427 -5.623454765 4.923553127
v -7.865634900 -5.624348321 4.922447194
v -7.864585128 -5.625810503 4.920637487
v -7.644478980 -5.461407693 4.992351779
v -7.523125615 -5.371998403 5.030710041
v -1.962130532 -2.238088483 5.865758395
v -1.962108106 -2.237988232 5.865845687
v -1.968035147 -2.245317028 5.861134948
v 1.753864824 -3.076222489 3.614884262
v -2.653116263 -5.330135764 3.173108666
v 2.019160205 -3.387415089 3.213411414
v 2.714465154 -4.203010904 2.161202726
v 2.756462291 -4.172859113 2.173720394
v 2.092859978 -3.280183677 3.287410917
v -0.240074989 3.000511418 4.643827673
v -0.720097912 2.280413506 5.131861874
v 0.030621003 2.655761889 5.066109392
v 0.040593275 2.669593641 5.057018541
v -0.191132333 2.992354309 4.669851042
v -0.338919963 3.198201364 4.422927245
v -1.283435715 3.671284794 3.627475973
v -1.180780805 3.605288266 3.727473503
v -1.065627278 3.531256474 3.839646052
v -0.643418357 3.662931198 3.876448247
v -0.621137232 3.762635790 3.792223392
v -0.628526666 3.777414771 3.775709255
v -0.617034043 3.780996829 3.776713024
v -0.593214257 3.887586270 3.686672270
v -0.518894953 4.220152880 3.405738693
v -1.062915280 4.492123770 2.948054440
v -1.163268309 4.542293028 2.863627457
v -1.398454167 4.299879312 3.000184027
v -1.298015999 4.249656959 3.084692421
v -0.720179145 3.960719729 3.570882735
v -0.671366745 3.863094885 3.679969558
v 0.999618942 3.396656325 4.743042591
v 1.116010760 4.211646350 4.029810168
v 0.950281917 4.159960308 4.015364293
v 0.937101048 4.265389531 3.912456402
v 0.723837693 4.198919620 3.893829269
v 0.858810750 4.131433092 4.007391142
v 0.384807028 3.983605014 3.966074262
v 0.480081244 3.840693690 4.134741415
v 0.480081244 3.206270342 4.724099577
v 0.480081244 2.880485379 5.026742958
v 1.440279833 2.760460555 5.500125148
v 1.440289554 2.880485379 5.388629748
v 1.766548901 3.027563304 5.374961059
v 0.960185399 3.120537457 4.984685967
v 1.996193929 7.798853557 1.029140757
v 0.968523173 7.061038656 1.327233950
v 1.101152383 6.876305114 1.548831036
v -0.013068572 5.727841322 2.195784020
v 0.050035993 5.639945678 2.301219223
v 1.163981604 6.788792985 1.653806194
v 1.361291855 6.513967992 1.983472463
v 2.541596228 4.869972616 3.955526810
v 3.770046432 5.254944120 4.060883870
v 3.317557810 6.339641353 2.882700711
v 2.544593681 8.192576457 0.870068182
v 2.480501338 8.146561441 0.888659245
v 5.415262643 6.884191581 3.167422286
v 4.924864821 6.277810630 3.545907087
v 5.092174492 6.397930394 3.497376102
v 5.482560506 6.902044388 3.176201085
v 5.770626090 7.246487745 2.964791879
v 5.748304051 7.277643222 2.927436667
v 5.741565118 7.287048961 2.916159256
v 5.741330237 7.287376810 2.915766172
v 5.712394590 7.327763089 2.867343292
v 5.336805164 6.863378413 3.157187687
v 5.401569852 6.880559176 3.165636081
v 5.509877895 6.909291110 3.179764598
v 4.845533983 7.713486665 2.182313367
v 4.913360931 7.619013414 2.295638737
v 5.303195091 7.898894350 2.182560780
v 6.063367415 7.761711412 2.596495662
v 5.632625691 8.361673098 1.876811733
v 4.320810343 7.921381137 1.791426578
v 4.320752022 7.561384253 2.125829715
v 7.276377346 6.175041326 4.527622914
v 6.173725398 7.721986272 2.674991111
v 6.171227180 7.725491072 2.670793731
v 6.142267846 7.766119058 2.622137386
v 6.106976516 7.815630352 2.562842318
v 6.092322286 7.721381413 2.644873505
v 6.098108031 7.713322695 2.654540338
v 6.100965402 7.709342787 2.659314437
v 6.127182398 7.672826256 2.703117835
v 6.130170012 7.668664936 2.708109544
v 6.609497053 7.001030844 3.508969896
v 6.537918392 6.175556276 4.248831454
v 6.533174972 6.120852874 4.297861376
v 6.435519400 6.090249559 4.289486049
v 5.707041825 5.861959388 4.227008747
v 5.771502115 5.772175412 4.334709098
v 5.830053685 5.690621440 4.432537150
v 5.845431013 5.686616005 4.442053529
v 6.140696442 5.609706256 4.624780830
v 5.761006167 5.521022825 4.564065737
v 6.326232434 5.561378463 4.739601218
v 6.481162400 5.521022825 4.835480829
v 6.485648672 5.572760354 4.789109189
v 6.496049391 5.692705232 4.681604253
v 6.513590380 5.894995624 4.500294127
v 6.564338752 5.910822604 4.504717620
v 6.697776378 5.952437945 4.516348811
v 7.301105314 6.140598799 4.568938440
v -1.125631052 1.505108849 5.699255281
v -1.125617064 1.505171205 5.699202626
v -1.126560107 1.506266661 5.697829567
v 2.886584413 3.873705869 5.011045838
v 2.578457917 3.505317585 5.237138456
v 2.542945087 3.462859335 5.263196552
v 2.590111040 3.496722070 5.249515274
v 2.605004191 3.485736706 5.265333296
v 2.502922122 3.359520830 5.344110582
v 2.530126165 3.371784430 5.342970864
v 2.573542607 3.391356590 5.341151925
v 2.600238633 3.403391176 5.340033490
v 2.640462943 3.421524306 5.338348300
v 2.640460531 3.396494006 5.361599706
v 2.734831437 3.512024687 5.289842400
v 3.360566623 3.720690563 5.331828096
v 3.373902849 3.710688393 5.346145984
v 3.150867713 4.021344475 4.973498539
v 3.126944032 4.054666746 4.933526815
v 3.880430366 4.986358812 4.351992574
v 3.881536720 4.987681693 4.351180628
v 3.881524299 4.987711469 4.351148286
v 3.880206897 4.990869520 4.347718055
v 3.971026236 5.102043268 4.278669666
v 3.974986581 5.103278367 4.279014890
v 3.979351140 5.104639574 4.279395305
v 4.055034209 5.128242946 4.285992268
v 4.338161178 5.216542063 4.310671247
v 4.162934537 5.260336575 4.203947552
v 4.174419584 5.274396795 4.195214602
v 4.292189698 5.418573283 4.105665074
v 4.224039670 5.397216440 4.099820241
v 4.208854230 5.392457629 4.098517873
v 4.208068740 5.392211444 4.098450532
v 4.138438098 5.370390634 4.092478689
v 4.126187348 5.366551496 4.091428014
v 4.035025126 5.337983053 4.083609597
v 4.068867391 5.295680261 4.135662077
v 4.010275621 5.223236462 4.180877676
v 3.809392280 5.160625061 4.163331941
v 2.602899743 4.784585577 4.057952817
v 2.666969460 4.695345614 4.165000598
v 2.704831128 4.642609719 4.228259930
v 2.882668760 4.394907304 4.525391317
v 3.085835347 4.111925272 4.864842361
v 3.860504366 5.038100058 4.296416896
v 2.886880809 3.834253392 5.047807583
v 3.860516250 5.038071570 4.296447839
v 0.063515814 0.422429924 7.153197929
v 0.209996368 0.597578344 7.045697002
v 0.212180271 0.676255574 6.973431553
v 0.033910523 0.463120749 7.104239759
v 0.063499119 0.422417877 7.153202828
v 0.417712656 0.675362336 7.051723131
v 0.420565910 0.678855324 7.049553606
v 0.363936904 0.638185676 7.065991810
v 0.268372398 0.569553329 7.093732277
v 0.216012196 0.531949345 7.108931423
v 0.208015237 0.526206153 7.111252735
v 0.207975705 0.524781961 7.112560863
v 0.213316408 0.528616312 7.111011702
v 0.265587486 0.566144265 7.095849596
v 0.161377193 0.438578438 7.175078849
v 0.259119440 0.508577987 7.146889052
v 0.312988792 0.547157315 7.131352616
v -8.757833746 -3.443889112 2.846663358
v -0.819468894 -0.211710199 6.966757667
v -0.738028047 -0.153221186 6.992944750
v -0.738041929 -0.153204879 6.992923604
v -0.758004689 -0.129788497 6.962535436
v -0.785842736 -0.097134321 6.920159135
v -1.338751481 0.551430046 6.078497401
v -1.207215859 1.140030280 5.807070501
v -1.819942144 1.891963036 4.853272130
v -1.867750129 1.895947012 4.813571427
v -2.081484561 1.913758238 4.636082019
v -2.160410378 1.920335389 4.570540424
v -2.150708201 1.996268819 4.529874473
v -2.768706594 2.732887216 3.581699933
v -2.838275177 2.815808949 3.474963153
v -2.946406748 2.944695569 3.309060431
v -3.288171992 2.838108884 3.111004680
v -2.997398373 2.497030149 3.553632935
v -8.665587725 -3.348752871 2.857984574
v -9.330183774 -3.584440961 2.490889247
v -9.144665696 -3.842841141 2.799188055
v -8.853706560 -3.542765775 2.834897030
v -8.761983717 -3.448169108 2.846154039
v -8.705708903 -3.390131111 2.853060562
v -1.571923349 -0.491975638 6.559653122
v -1.564336193 -0.458024365 6.543996845
v -1.553724629 -0.410539364 6.522099628
v -8.608523783 -3.289901023 2.864987946
v -2.679488024 2.824901150 3.592649594
v -2.125794589 2.191253489 4.425450939
v -2.117394726 2.256994446 4.390243540
v -2.625519289 2.880560814 3.599273096
v -0.369220036 0.111648562 7.111533965
v -1.045898694 0.942063155 6.058184340
v -0.407919314 0.083855597 7.099090317
v -1.203945062 1.154666558 5.800321133
v -1.145609508 1.415708548 5.679944324
v -1.475100047 1.863226195 5.139635979
v -1.747556597 1.885930911 4.913382549
v -1.141791047 1.432795534 5.672064838
v -0.249030920 0.197965723 7.150180449
v -0.233483084 0.209131835 7.155179813
v -0.139734583 0.276459932 7.185324389
v -1.125631052 1.505108849 5.638718301
v 1.358956481 1.228444117 6.892701181
v 0.217478109 0.410885558 7.256109227
v 0.176946167 0.380611192 7.268232454
v 0.139501461 0.334770716 7.268217621
v 0.133026044 0.326843383 7.268215047
v 0.132999650 0.326811070 7.268215037
v 0.148728092 0.305174676 7.242562011
v 2.123448184 1.775994337 6.649312921
v 0.420565914 0.678855342 7.268329283
v 0.417712671 0.675362347 7.268328149
v 0.752232606 0.915530505 7.162189570
v 0.752178799 0.917012328 7.163160722
v 0.160428634 0.289079020 7.223478392
v 0.160671188 0.289178016 7.223354280
v 1.204104970 1.057946748 6.904609102
v 0.158781714 0.291344568 7.226164518
v 1.236084126 1.046634245 6.872957040
v 0.254903808 0.327638330 7.175136493
v 0.290144064 0.342021383 7.157104453
v 4.508672512 3.484323521 5.889916446
v 4.254556863 3.295037576 5.966249298
v 4.509607417 3.482082406 5.887792336
v 4.487228015 3.535729888 5.938638813
v 4.486952611 3.536390081 5.939264537
v 4.386456190 3.461537895 5.969455858
v 6.502800662 -0.647419274 1.766174181
v 5.857049189 0.252020277 2.826375942
v 6.279827865 -0.761456831 1.865813789
v 6.335559508 -0.895055679 1.739190310
v 6.589803123 -1.504523702 1.161543403
v 6.942303183 -1.259583501 1.044594181
v 6.588536414 -0.766836929 1.625412294
v 4.620536936 1.974305201 4.856495151
v 4.651831980 1.930715675 4.805114608
v 5.083748770 2.105761529 4.583330958
v 5.063682609 2.153863753 4.628921702
v 5.053054176 2.179342050 4.653069739
v 5.045873492 2.196555436 4.669384397
v 5.032943562 2.227550728 4.698761414
v 5.015046417 2.270453652 4.739424249
v 4.545504988 2.078813985 4.979683415
v 4.573109563 2.040364756 4.934361926
v 4.593048989 2.012591984 4.901625160
v 4.604462934 1.996693989 4.882885621
v -5.856527968 2.147951612 3.121366894
v -3.362496058 2.925291341 3.335516106
v -3.426044827 2.999834323 3.242040280
v -5.635626744 2.307395952 3.055819255
v -2.973722482 4.228732374 2.265956990
v -2.516546487 3.284852762 3.318691739
v -2.324970459 3.344888823 3.334837546
v -2.324960483 3.344899162 3.334831658
v -2.308714721 3.361644135 3.325328898
v -2.955721252 4.241725486 2.260615516
v -2.057475650 2.666396974 4.068551404
v -1.633185357 2.094797194 4.761599519
v -1.141791047 1.432795534 5.564257287
v -1.125631052 1.505108849 5.502882371
v -1.126560264 1.506266857 5.501452092
v -1.125617112 1.505171227 5.502829429
v -1.090357445 1.662952427 5.368914840
v -1.083255721 1.694731372 5.341942914
v -1.053454052 1.828089029 5.228757458
v -1.031090044 1.928164279 5.143819988
v -1.987454547 3.243765108 3.556295319
v -1.585657692 3.369073948 3.590723807
v -1.756254050 3.425924762 3.473435536
v -1.906554386 3.476011977 3.370101169
v -1.920299980 3.480592662 3.360650810
v -1.920299980 3.607875801 3.241908035
v -1.920300026 3.761995805 3.098129059
v -2.174048587 3.500448907 3.246557096
v -2.109954393 3.412279203 3.352950750
v -2.109949278 3.412272170 3.352959238
v -2.052705921 3.333526659 3.447980796
v -2.187676192 3.291459132 3.436391619
v -2.123069206 3.201470830 3.544674981
v -2.178297869 3.184246585 3.539942660
v -2.201682919 3.176953462 3.537938882
v -2.029773636 2.942754896 3.821169828
v -2.063967089 2.675142176 4.057948100
v -1.958296943 4.175715296 2.697858214
v -1.920299980 4.080722856 2.800787772
v -1.920299980 4.200748895 2.688815165
v -0.276979643 5.302684059 2.279743490
v -0.518894946 4.220152942 3.198526645
v -0.593214243 3.887586315 3.480787924
v -0.495442265 3.918226039 3.489028071
v 0.027661481 4.082156197 3.533114651
v -0.088753658 3.998576098 3.567241113
v -0.057704254 3.955328713 3.619280902
v 0.006663871 3.865673111 3.727163926
v 0.384807028 3.983605014 3.759565645
v 0.324285544 4.074387208 3.652080388
v 0.268740119 4.157705377 3.553432480
v 0.224765739 4.223666947 3.475334613
v -0.000022912 4.560849923 3.076113194
v 0.409329052 4.356173941 3.421230885
v 0.780432737 4.622607355 3.312443864
v 0.050036012 5.639945651 2.088275727
v -0.013068556 5.727841299 1.982510465
v -0.141875817 5.907251413 1.766625398
v -0.167978134 5.943608211 1.722877086
v -1.219937369 5.188355427 2.031253196
v -1.200224979 4.560768691 2.624154825
v -1.163268349 4.542293000 2.655309884
v -1.062915343 4.492123782 2.739909004
v -1.867750169 1.895947038 4.858762807
v -2.125794589 2.191253489 4.486082932
v -2.150708230 1.996268858 4.658601341
v -2.160410378 1.920335389 4.725785737
v -2.081484569 1.913758291 4.761647491
v -0.338919963 3.198201364 4.219692247
v -0.515344739 3.551050917 3.824070807
v -0.520743254 3.451455234 3.914950629
v 0.480081244 2.880485379 4.824552146
v -0.191132333 2.992354309 4.467389014
v 0.040593275 2.669593641 4.855768501
v 0.030621003 2.655761889 4.864916305
v 4.800856177 6.721201981 2.868878350
v 5.336805164 6.863378413 2.938096963
v 5.712394590 7.327763089 2.646330163
v 5.303195091 7.898894350 1.959402802
v 4.913360931 7.619013414 2.073680559
v 5.186709951 7.238277280 2.531822207
v 4.386571073 6.663818599 2.766378553
v 4.514347587 6.485844170 2.980536053
v 4.800856177 6.361123864 3.204796173
v 6.609497053 7.001030844 3.289016764
v 6.130170021 7.668664924 2.485649417
v 5.777490184 7.236907335 2.755606800
v 5.770626065 7.246487716 2.744083992
v 5.482560475 6.902044351 2.956921479
v 5.509877868 6.909291105 2.960449560
v 5.092174492 6.397930394 3.280178979
v 5.243989188 6.506925560 3.235675329
v 5.707041825 5.861959388 4.011766272
v 6.435519400 6.090249559 4.073161522
v 6.533174940 6.120852835 4.081391818
v 6.537918392 6.175556276 4.032145369
v 0.745179438 1.109595183 6.576464656
v 0.746339583 1.077673926 6.606681028
v 2.269478483 2.942330454 5.440800446
v 2.232367607 2.948515618 5.421053158
v 2.214246934 2.951535739 5.411410859
v 0.743661385 1.151363734 6.536926917
v 2.177853827 2.957601274 5.392045507
v 2.127375174 2.966014407 5.365185012
v 0.738077385 1.305004929 6.391491531
v 0.740724318 1.232175923 6.460430821
v 2.005071378 2.743970336 5.526267024
v 2.605004198 3.485736660 5.060224988
v 2.590111053 3.496722080 5.044367431
v 2.542945087 3.462859335 5.058193877
v 2.428418924 3.325934740 5.142797008
v 2.502922122 3.359520830 5.139524723
v 3.880430392 4.986358835 4.140656554
v 3.126944032 4.054666746 4.726047704
v 3.150867713 4.021344475 4.766144555
v 3.901373756 4.940128724 4.191672681
v 3.881536720 4.987681693 4.139839135
v 3.860504337 5.038100016 4.084882286
v 3.085835347 4.111925272 4.657148240
v 3.097884797 4.095142108 4.677343503
v 3.860516250 5.038071570 4.084913310
v 4.292189698 5.418573283 3.892524168
v 4.174419584 5.274396795 3.982670834
v 5.771502128 5.772175394 4.119803790
v 7.278458340 5.684909073 4.768782258
v 7.506160819 5.854985775 4.695877229
v 7.301105314 6.140598799 4.352197682
v 6.697776415 5.952437932 4.300500658
v 6.564338768 5.910822582 4.289066880
v 6.513590380 5.894995624 4.284718438
v 6.496049351 5.692705262 4.466829141
v 6.485648672 5.572760354 4.574808836
v 7.196234876 5.623494302 4.795108296
v 7.298940443 5.630827204 4.826949586
v 7.346801863 5.666475557 4.811719272
v -1.582451802 -0.539088798 -6.390806577
v -1.596410646 -0.601552063 -6.390806577
v -1.641168607 -0.801836678 -6.390806577
v -1.654605387 -0.861964210 -6.390806577
v -1.672694123 -0.942908383 -6.390806577
v -7.897886235 -5.579426818 4.876178859
v -7.982217936 -5.461964806 -6.390806577
v -7.897886235 -5.579426818 -6.390806577
v -7.896369897 -5.581538860 -6.390806577
v -7.880156749 -5.604121460 -6.390806577
v -7.866276427 -5.623454765 -6.390806577
v -7.644478961 -5.461407688 -6.390806577
v -7.864585128 -5.625810503 -6.390806577
v -7.847613810 -5.649449124 -6.390806577
v -7.738296716 -5.569273736 4.925583745
v -7.835658071 -5.666101761 4.769343428
v -7.847030603 -5.650261448 -6.390806577
v -7.835658071 -5.666101761 -6.390806577
v -7.814779268 -5.695182950 4.733497988
v -7.814779268 -5.695182950 -6.390806577
v -6.620196815 -7.359065654 -6.390806577
v -5.845850167 -6.963032639 -6.390806577
v 1.837812015 -3.174692872 -6.390806577
v 1.837856251 -3.174670469 -6.390806577
v 1.837827205 -3.174710773 -6.390806577
v 2.036723499 -3.204669066 -6.390806577
v 2.115230315 -3.088483604 -6.390806577
v 2.198564801 -3.126385565 -6.390806577
v 2.927862599 -4.049802482 2.101438227
v 2.924044677 -4.052543554 -6.390806577
v 2.927862599 -4.049802482 -6.390806577
v 2.959137062 -4.027349021 -6.390806577
v 3.043484947 -3.968738572 -6.390806577
v 2.291748744 -2.944619723 -6.390806577
v 2.277671590 -2.848080369 -6.390806577
v 2.212674069 -2.655170697 -6.390806577
v 2.144045504 -2.695158381 -6.390806577
v 1.922698722 -2.441848836 4.025063986
v -0.105087649 0.002846489 -6.390806577
v -0.086078903 0.010550350 -6.390806577
v 0.034443203 0.059395174 -6.390806577
v 0.097094219 0.084786156 -6.390806577
v 0.119209024 0.059096158 -6.390806577
v 0.228918946 0.194861944 -6.390806577
v 0.204004916 0.229508930 -6.390806577
v 0.303044157 0.302135956 7.085737276
v 0.361090378 0.370977537 -6.390806577
v 0.158781748 0.291344550 -6.390806577
v 0.132999640 0.326811075 7.360305716
v 0.132999640 0.326811075 -6.390806577
v 0.132993494 0.326819465 -6.390806577
v 0.133026078 0.326843351 -6.390806577
v 0.259119411 0.508578023 7.484058712
v 0.259119411 0.508578023 7.146889007
v 0.213316408 0.528616312 7.521036199
v 0.208015256 0.526206106 -6.390806577
v 0.063515814 0.422429924 -6.390806577
v 0.063502171 0.422413605 -6.390806577
v 0.063499138 0.422417829 -6.390806577
v 0.033910552 0.463120734 -6.390806577
v -0.095805101 0.308035953 -6.390806577
v -0.095792224 0.308018361 -6.390806577
v -0.095861434 0.307968672 7.431811842
v -0.095861434 0.307968672 -6.390806577
v -0.139734562 0.276459921 -6.390806577
v -0.233483064 0.209131885 -6.390806577
v -0.331971540 0.138399558 -6.390806577
v -0.494178389 0.021906182 -6.390806577
v -0.494243943 0.021859117 -6.390806577
v -0.494256651 0.021874245 -6.390806577
v -0.738041929 -0.153204879 -6.390806577
v -0.737957697 -0.153170626 -6.390806577
v -0.738028045 -0.153221132 -6.390806577
v -1.578340644 -0.520691877 6.572895301
v -0.221815072 0.012228678 -6.390806577
v -0.221757806 0.012270654 -6.390806577
v -0.221745671 0.012256838 -6.390806577
v -0.674376061 -0.227885245 -6.390806577
v -0.674383871 -0.227876080 -6.390806577
v -0.674336419 -0.227856784 -6.390806577
v -0.349285358 0.004981400 -6.390806577
v -0.349271970 0.004963438 -6.390806577
v -0.349342944 0.004912605 -6.390806577
v -0.466628538 -0.011177106 -6.390806577
v -0.466565524 -0.011131989 -6.390806577
v -0.466553365 -0.011146525 -6.390806577
v -0.207697769 0.174260023 -6.390806577
v -0.207645006 0.174323017 -6.390806577
v -0.207632806 0.174306540 -6.390806577
v -0.048957608 0.287944056 -6.390806577
v -0.048997447 0.287896496 -6.390806577
v -0.049006649 0.287908970 -6.390806577
v -0.190590762 0.118591727 -6.390806577
v -0.190602204 0.118607149 -6.390806577
v -0.190541546 0.118650575 -6.390806577
v -0.298870200 0.025212081 -6.390806577
v -0.298817612 0.025251314 -6.390806577
v -0.298806710 0.025237844 -6.390806577
v -0.250297275 0.044931263 -6.390806577
v -0.250306123 0.044941529 -6.390806577
v -0.250255222 0.044962194 -6.390806577
v -0.016577755 0.216835276 -6.390806577
v -0.016526528 0.216856173 -6.390806577
v -0.016568907 0.216825009 -6.390806577
v -0.024603284 0.210916154 -6.390806577
v -0.024557363 0.210972390 -6.390806577
v -0.024546644 0.210957803 -6.390806577
v -0.143351215 0.087626886 -6.390806577
v -0.143320130 0.087665207 -6.390806577
v -0.143312852 0.087655413 -6.390806577
v -0.134758936 0.076072472 -6.390806577
v -0.134735964 0.076100660 -6.390806577
v -0.134730494 0.076093384 -6.390806577
v -0.117855714 0.019708950 -6.390806577
v -0.117819645 0.019753189 -6.390806577
v -0.117811224 0.019741631 -6.390806577
v -0.282726782 -0.084699331 -6.390806577
v -0.282670130 -0.084629236 -6.390806577
v -0.282656741 -0.084647199 -6.390806577
v -0.236986012 -0.050627906 -6.390806577
v -0.236997776 -0.050613578 -6.390806577
v -0.236929930 -0.050586165 -6.390806577
v 2.171131496 -3.005753351 -6.390806577
v 2.171095645 -3.005806296 -6.390806577
v 2.171075533 -3.005781712 -6.390806577
v 0.235253119 -5.982958006 -6.390806577
v 2.714465154 -4.203010904 -6.390806577
v 2.092860017 -3.280183665 -6.390806577
v 2.756462291 -4.172859113 -6.390806577
v 2.895532114 -4.073014112 -6.390806577
v 4.530583595 3.567649896 5.813869538
v 4.489342360 3.530661358 5.834827680
v 4.489342360 3.530661358 5.823032012
v 3.841063976 3.059999680 -6.390806577
v 3.841063976 3.059999680 6.029805272
v 1.152302966 1.080433169 6.958492690
v 1.358956430 1.228444112 -6.390806577
v 4.105154586 3.195347609 5.914239636
v 4.521318001 3.454010034 -6.390806577
v 3.917905552 2.952970342 5.908774365
v 0.217538573 0.210517020 -6.390806577
v 4.604462934 1.996693989 4.762254010
v 4.593048994 2.012591977 4.781314783
v 4.593048994 2.012591977 -6.390806577
v 4.573109563 2.040364756 4.814612749
v 5.045873453 2.196555450 -6.390806577
v 5.053054176 2.179342050 4.523685703
v 5.063682599 2.153863745 4.499187335
v 5.881376960 2.485185959 -6.390806577
v 6.171221754 2.653736802 -6.390806577
v 6.206698575 2.705354920 -6.390806577
v 7.928402530 5.266863391 4.206505896
v 7.948231560 5.239244385 -6.390806577
v 7.928402530 5.266863391 -6.390806577
v 7.842146247 5.387006072 4.350550060
v 7.842146247 5.387006072 -6.390806577
v 7.633474860 5.677655504 4.699022014
v 7.633474860 5.677655504 -6.390806577
v 7.620760952 5.695364161 4.720253676
v 7.620760952 5.695364161 -6.390806577
v 7.612246133 5.707224087 -6.390806577
v 7.588626258 5.740123199 4.773917189
v 7.606705668 5.714941163 -6.390806577
v 7.588626258 5.740123199 -6.390806577
v 7.580286401 5.751739428 -6.390806577
v 7.423912387 5.639749858 -6.390806577
v 7.336557448 5.633512945 -6.390806577
v 4.466777023 3.584754622 -6.390806577
v 2.323502522 -2.501561858 3.718308190
v 5.092232826 1.317300211 3.936634422
v 5.174213329 1.203113082 3.800916807
v 5.174213329 1.203113082 -6.390806577
v 6.942303196 -1.259583518 -6.390806577
v 9.689487058 0.649340349 -6.390806577
v 9.695430110 0.807860313 -6.390806577
v 9.702217348 0.988895357 -6.390806577
v 9.766611989 2.706500216 -6.390806577
v 9.045243519 3.711263442 -6.390806577
v 5.290349801 1.610501497 -6.390806577
v 0.074722638 0.075719503 -6.390806577
v 0.254903778 0.327638356 -6.390806577
v 3.890211803 2.991543778 -6.390806577
v 3.875195920 3.012458759 -6.390806577
v 3.873140991 3.015320982 -6.390806577
v 0.087978826 -6.088693396 -6.390806577
v 1.960073587 -3.318106288 -6.390806577
v 6.589803089 -1.504523737 1.161543408
v 6.589803089 -1.504523737 0.981504938
v 6.279827863 -0.761456877 -6.390806577
v 3.383255637 -3.732643573 -6.390806577
v 6.589803089 -1.504523737 -6.390806577
v -0.141875839 5.907251444 1.875258473
v -0.141875839 5.907251444 -6.390806577
v -0.046962726 6.331971857 1.514861566
v 0.968523173 7.061038656 -6.390806577
v -0.046962726 6.331971857 -6.390806577
v -2.459320518 4.600022673 -6.390806577
v -2.955721233 4.241725541 -6.390806577
v -2.436094987 3.860926931 -6.390806577
v -1.906554388 3.476012004 -6.390806577
v -1.756254079 3.425924780 -6.390806577
v -1.585657723 3.369073987 -6.390806577
v -1.053454073 1.828089070 -6.390806577
v -1.090357459 1.662952439 -6.390806577
v -0.078773334 0.328398699 -6.390806577
v 0.209996366 0.597578385 -6.390806577
v 0.268372362 0.569553323 -6.390806577
v 0.312988799 0.547157337 -6.390806577
v 4.486948509 3.536399944 -6.390806577
v 4.466764641 3.584784386 -6.390806577
v 5.845431052 5.686615999 -6.390806577
v 4.162934531 5.260336587 -6.390806577
v 3.881524324 4.987711484 -6.390806577
v 3.881536707 4.987681719 -6.390806577
v 3.901373758 4.940128761 -6.390806577
v 2.600238665 3.403391176 -6.390806577
v 2.530126164 3.371784459 -6.390806577
v 2.502922165 3.359520806 -6.390806577
v 2.542945087 3.462859335 5.165509812
v 2.578457966 3.505317595 5.139276557
v 2.886880800 3.834253433 -6.390806577
v 3.097884797 4.095142108 4.884974601
v 3.085835337 4.111925285 4.764477786
v 2.882668780 4.394907275 4.424087850
v 2.882668780 4.394907275 -6.390806577
v 2.704831128 4.642609719 4.126134543
v 2.666969460 4.695345614 4.062700232
v 2.602899763 4.784585549 -6.390806577
v 4.126187309 5.366551471 -6.390806577
v 4.138438072 5.370390615 -6.390806577
v 4.208854178 5.392457618 -6.390806577
v 4.224039672 5.397216414 -6.390806577
v 5.092174493 6.397930394 3.387531297
v 5.014050152 6.341841123 3.520037381
v 5.014050152 6.341841123 3.410440198
v 5.014050152 6.341841123 -6.390806577
v 4.940976433 6.289377941 3.541233643
v 4.940976433 6.289377941 3.431868072
v 5.401569899 6.880559158 -6.390806577
v 4.913360931 7.619013414 2.181379745
v 6.106976516 7.815630352 -6.390806577
v 5.575455707 8.561317612 -6.390806577
v 4.723327167 9.756795370 -6.390806577
v 4.283291400 9.440872255 0.245073438
v 4.283291400 9.440872255 -6.390806577
v 2.544593681 8.192576457 -6.390806577
v 3.317557830 6.339641349 2.773993122
v 1.361291829 6.513968028 1.875137806
v -0.057704254 3.955328713 3.727413517
v -0.628526666 3.777414790 -6.390806577
v 0.384807007 3.983604963 -6.390806577
v 0.999618942 3.396656325 4.646402092
v 1.440279798 2.760460584 -6.390806577
v 0.480081219 3.206270377 4.628431705
v 0.030621012 2.655761850 4.972707093
v 2.232367600 2.948515632 -6.390806577
v 0.743661372 1.151363696 -6.390806577
v 0.738077405 1.305004895 -6.390806577
v 5.741565119 7.287048966 -6.390806577
v 6.127182419 7.672826227 -6.390806577
v 6.100965408 7.709342778 -6.390806577
v 6.098108044 7.713322677 -6.390806577
v 3.843254792 3.056948186 -6.390806577
v 4.487400592 3.536723778 -6.390806577
v 4.487228034 3.535729916 -6.390806577
v -6.126919893 1.952785317 -6.390806577
v -10.855327832 -1.460133165 -6.390806577
v -9.330183774 -3.584440961 -6.390806577
v -3.378856404 -8.577703305 -6.390806577
v -0.643518696 -6.613871104 -6.390806577
v -3.426044827 2.999834323 2.793269145
v -3.902305550 3.558490186 -6.390806577
v -5.635626732 2.307395913 -6.390806577
v 1.116010747 4.211646288 -6.390806577
v 1.132378249 4.326253476 -6.390806577
v 1.147642489 4.433135627 -6.390806577
v 6.069051766 2.505081992 -6.390806577
v -2.838275184 2.815808976 -6.390806577
v -2.125794567 2.191253457 4.486082971
v -2.125794567 2.191253457 -6.390806577
v -1.207218649 1.140033655 -6.390806577
v -1.254570833 0.928124773 5.904788497
v -0.407919323 0.083855587 -6.390806577
v -0.249030954 0.197965727 -6.390806577
v -1.145609543 1.415708536 5.679944305
v -1.145609543 1.415708536 5.578740823
v -1.633185387 2.094797226 -6.390806577
v -2.178297928 3.184246583 -6.390806577
v -2.109949278 3.412272170 -6.390806577
v -2.109966516 3.412266688 -6.390806577
v -2.109954433 3.412279179 -6.390806577
v -2.324960483 3.344899162 -6.390806577
v -2.324970421 3.344888827 -6.390806577
v -2.516546442 3.284852744 -6.390806577
v -3.132405482 4.114196517 -6.390806577
v -3.627668629 3.756720409 -6.390806577
v -2.125794567 2.191253457 4.425450977
v -2.458753341 3.206994411 -6.390806577
v -2.458738494 3.206974418 -6.390806577
v -2.458787583 3.206959117 -6.390806577
v -2.612109872 3.048924834 -6.390806577
v -2.612126958 3.048947774 -6.390806577
v -2.612070539 3.048965383 -6.390806577
v -9.144665696 -3.842841141 -6.390806577
v -8.032490360 -5.391942501 -6.390806577
v -8.014644233 -5.416799607 -6.390806577
v -1.578340644 -0.520691877 -6.390806577
v -8.761983665 -3.448169112 -6.390806577
v -8.705708874 -3.390131118 -6.390806577
v -1.125631026 1.505108862 -6.390806577
v 3.905373722 2.970425392 -6.390806577
v 0.441894636 0.403957235 -6.390806577
v 4.531488223 3.429630151 -6.390806577
v 4.509607434 3.482082361 -6.390806577
v 7.578420139 5.754338864 -6.390806577
v 7.570663489 5.765142770 -6.390806577
v 7.555791716 5.785857025 -6.390806577
v 7.551534307 5.791786988 -6.390806577
v 7.547568500 5.797310790 -6.390806577
v 7.538820399 5.809495646 -6.390806577
v 7.506160819 5.854985775 -6.390806577
v 7.317610722 5.632160209 -6.390806577
v 7.349945122 5.634468823 -6.390806577
v 2.318719181 -2.787332503 -6.390806577
v 2.317752020 -2.931440141 -6.390806577
v 2.308142183 -2.966953104 -6.390806577
v 3.176287966 -3.876458342 -6.390806577
v 3.186801472 -3.869152821 -6.390806577
v 5.092232826 1.317300211 -6.390806577
v 5.085534113 1.326630561 -6.390806577
v 2.452068823 -2.863363132 -6.390806577
v 5.290402598 1.610579534 -6.390806577
v 9.014158598 3.754560297 -6.390806577
v 8.993279795 3.783641486 -6.390806577
v 8.984065128 3.796476201 -6.390806577
v 8.962136553 3.827019574 -6.390806577
v 8.931926442 3.869097943 -6.390806577
v 6.122537125 2.582901858 -6.390806577
v 2.175357498 -3.160151730 -6.390806577
v -6.566250187 -7.434205599 -6.390806577
v -6.538956110 -7.472222350 -6.390806577
v -6.427680255 -7.627213718 -6.390806577
v -6.406684811 -7.656457373 -6.390806577
v -6.397995030 -7.668560996 -6.390806577
v -6.377291189 -7.697398489 -6.390806577
v -4.940386317 -9.698801704 -6.390806577
v -5.804348013 -6.941806695 -6.390806577
v -5.913269532 -6.997513634 -6.390806577
v -6.568699656 -7.430793839 -6.390806577
v -7.865634900 -5.624348321 -6.390806577
v -7.610305816 -5.435882876 -6.390806577
v -1.962130520 -2.238088527 -6.390806577
v -1.962108106 -2.237988232 -6.390806577
v -2.683544216 -5.466295894 -6.390806577
v 1.753864824 -3.076222489 -6.390806577
v -1.065627278 3.531256474 -6.390806577
v -0.518894953 4.220152880 -6.390806577
v -0.671366745 3.863094885 -6.390806577
v -1.180780805 3.605288266 -6.390806577
v 0.999618942 3.396656325 -6.390806577
v 0.050035993 5.639945678 -6.390806577
v 1.361291829 6.513968028 -6.390806577
v 2.480501338 8.146561441 -6.390806577
v 1.996193929 7.798853557 -6.390806577
v 5.482560481 6.902044381 -6.390806577
v 5.748304051 7.277643222 -6.390806577
v 5.741330237 7.287376810 -6.390806577
v 5.415262649 6.884191582 -6.390806577
v 6.173725361 7.721986258 -6.390806577
v 6.171227180 7.725491072 -6.390806577
v 6.142267852 7.766119115 -6.390806577
v 6.130170012 7.668664936 -6.390806577
v 6.533174972 6.120852874 -6.390806577
v 5.771502115 5.772175412 -6.390806577
v 6.496049391 5.692705232 -6.390806577
v 6.564338752 5.910822604 -6.390806577
v 6.697776378 5.952437945 -6.390806577
v 7.301105314 6.140598799 -6.390806577
v 7.276377346 6.175041326 -6.390806577
v -1.125617064 1.505171205 -6.390806577
v 4.010275621 5.223236462 -6.390806577
v 3.809392280 5.160625061 -6.390806577
v 2.666969460 4.695345614 -6.390806577
v 2.704831128 4.642609719 -6.390806577
v 2.590111040 3.496722070 -6.390806577
v 2.640460531 3.396494006 -6.390806577
v 3.971026236 5.102043268 -6.390806577
v 3.974986581 5.103278367 -6.390806577
v 3.979351140 5.104639574 -6.390806577
v 4.055034209 5.128242946 -6.390806577
v 4.208068740 5.392211444 -6.390806577
v 4.068867391 5.295680261 -6.390806577
v 0.363936904 0.638185676 -6.390806577
v 0.216012196 0.531949345 -6.390806577
v 0.213316408 0.528616312 -6.390806577
v 0.417712656 0.675362336 -6.390806577
v -9.278803256 -3.656006682 2.576274739
v -9.297174270 -3.630418484 2.545745307
v -9.297174270 -3.630418484 -6.390806577
v -9.278803256 -3.656006682 -6.390806577
v -9.277928446 -3.657225167 2.577728522
v -9.277928446 -3.657225167 -6.390806577
v -9.245968714 -3.701740508 2.630840042
v -9.245968714 -3.701740508 -6.390806577
v -9.210043176 -3.751779650 2.690542043
v -9.210043176 -3.751779650 -6.390806577
v -8.853706560 -3.542765775 -6.390806577
v -0.785842736 -0.097134321 -6.390806577
v -1.867750129 1.895947012 -6.390806577
v -2.946406748 2.944695569 -6.390806577
v -9.310821308 -3.611410109 2.523066300
v -9.310821308 -3.611410109 -6.390806577
v -8.665587751 -3.348752897 -6.390806577
v -1.747556597 1.885930911 -6.390806577
v 0.176946167 0.380611192 -6.390806577
v 0.139501461 0.334770716 -6.390806577
v 0.148728092 0.305174676 -6.390806577
v 0.752178799 0.917012328 -6.390806577
v 0.160428597 0.289079016 -6.390806577
v 0.290144064 0.342021383 -6.390806577
v 4.508672512 3.484323521 -6.390806577
v 5.053054176 2.179342050 -6.390806577
v 5.032943562 2.227550728 -6.390806577
v 5.015046417 2.270453652 -6.390806577
v 4.573109563 2.040364756 -6.390806577
v 4.604462934 1.996693989 -6.390806577
v 4.620536930 1.974305209 -6.390806577
v -3.426044827 2.999834323 -6.390806577
v -5.856527950 2.147951613 -6.390806577
v -2.308714721 3.361644135 -6.390806577
v -2.973722450 4.228732406 -6.390806577
v -1.141791053 1.432795528 -6.390806577
v -1.083255721 1.694731372 -6.390806577
v -1.958296943 4.175715296 -6.390806577
v -0.057704254 3.955328713 -6.390806577
v 0.006663871 3.865673111 -6.390806577
v 0.324285544 4.074387208 -6.390806577
v -0.013068556 5.727841299 -6.390806577
v -1.062915343 4.492123782 -6.390806577
v -2.150708230 1.996268858 -6.390806577
v -2.081484569 1.913758291 -6.390806577
v 5.509877868 6.909291105 -6.390806577
v 5.770626061 7.246487722 -6.390806577
v 2.214246934 2.951535739 -6.390806577
v 0.745179453 1.109595195 -6.390806577
v 0.746339583 1.077673926 -6.390806577
v 0.740724318 1.232175923 -6.390806577
v 2.605004198 3.485736660 -6.390806577
v 3.880430392 4.986358835 -6.390806577
v 3.097884797 4.095142108 -6.390806577
v 3.860504337 5.038100016 -6.390806577
v 5.707041844 5.861959361 -6.390806577
g roof
f 1 2 1141 3
g roof
f 1 3 4
g roof
f 1 4 5
g roof
f 1 5 6
g roof
f 6 7 8
g roof
f 10 11 12
g roof
f 12 13 14
g roof
f 14 15 1150 16 17
g roof
f 14 17 18
g roof
f 17 16 19
g roof
f 23 24 25
g roof
f 26 27 28
g roof
f 26 28 29
g roof
f 26 29 30
g roof
f 26 30 31
g roof
f 32 33 34
g roof
f 32 33 34 35
g roof
f 32 35 36
g roof
f 32 36 37
g roof
f 32 37 38
g roof
f 32 38 39
g roof
f 41 42 43
g roof
f 41 43 44
g roof
f 44 45 46
g roof
f 46 47 1165 48
g roof
f 46 1165 48 49
g roof
f 49 50 1167 51
g roof
f 49 51 52
g roof
f 49 52 53
g roof
f 49 53 54
g roof
f 49 54 55
g roof
f 56 57 58
g roof
f 59 57 60
g roof
f 61 60 62
g roof
f 61 62 63
g roof
f 64 62 60
g roof
f 64 60 65
g roof
f 65 66 67
g roof
f 65 67 68
g roof
f 69 70 71
g roof
f 72 70 69
g roof
f 69 73 74
g roof
f 75 73 69
g roof
f 76 77 69
g roof
f 76 69 78
g roof
f 76 78 79
g roof
f 76 79 80
g roof
f 81 79 78
g roof
f 84 78 85
g roof
f 84 85 86
g roof
f 84 86 87
g roof
f 88 86 85
g roof
f 88 85 89
g roof
f 90 85 91
g roof
f 90 91 92
g roof
f 93 91 94 171
g roof
f 95 94 91
g roof
f 95 91 96
g roof
f 96 97 98
g roof
f 99 97 96
g roof
f 96 100 101
g roof
f 102 100 96
g roof
f 102 96 103
g roof
f 104 103 105
g roof
f 104 105 106
g roof
f 104 106 107
g roof
f 104 106 107 108
g roof
f 104 108 109
g roof
f 104 109 110
g roof
f 104 110 111
g roof
f 112 111 113
g roof
f 112 113 114
g roof
f 112 114 115
g roof
f 112 115 116
g roof
f 116 117 118
g roof
f 116 117 118 119
g roof
f 120 121 1118 122
g roof
f 120 122 123
g roof
f 120 123 124
g roof
f 120 124 125
g roof
f 120 125 126
g roof
f 127 125 124
g roof
f 127 124 128
g roof
f 128 129 130
g roof
f 128 130 131
g roof
f 128 131 132
g roof
f 133 134 135
g roof
f 133 135 136
g roof
f 136 137 1128 1131 138
g roof
f 136 138 139
g roof
f 136 139 140
g roof
f 136 140 141
g roof
f 136 141 142
g roof
f 136 142 143
g roof
f 136 143 144
g roof
f 144 145 146
g roof
f 144 146 147
g roof
f 148 149 150
g roof
f 148 150 151
g roof
f 151 152 153
g roof
f 154 155 156
g roof
f 156 1 6
g roof
f 156 6 8
g roof
f 9 10 12
g roof
f 9 12 13 14
g roof
f 9 14 18 8
g roof
f 25 26 31
g roof
f 31 32 39
g roof
f 41 44 46
g roof
f 41 44 46 49
g roof
f 41 49 55
g roof
f 41 55 56
g roof
f 41 55 56 58
g roof
f 58 57 59
g roof
f 59 60 61
g roof
f 59 61 157
g roof
f 158 61 63
g roof
f 64 65 68
g roof
f 64 68 1175 69
g roof
f 64 69 71
g roof
f 72 69 74
g roof
f 72 74 75
g roof
f 69 77 159
g roof
f 159 76 79 80
g roof
f 78 84 82
g roof
f 83 84 87
g roof
f 89 85 90
g roof
f 92 91 93
g roof
f 99 96 101
g roof
f 103 104 160
g roof
f 103 160 161
g roof
f 161 104 111
g roof
f 161 111 112
g roof
f 161 112 162
g roof
f 163 112 116
g roof
f 163 116 117 118 119
g roof
f 163 119 120
g roof
f 163 120 125 126
g roof
f 127 128 132
g roof
f 127 132 133
g roof
f 127 133 136
g roof
f 127 136 144
g roof
f 127 144 147 164
g roof
f 148 151 153
g roof
f 148 153 154
g roof
f 154 156 8 18 165
g roof
f 154 165 17
g roof
f 154 17 19
g roof
f 154 19 20
g roof
f 25 31 39 40 166
g roof
f 25 166 1161 41
g roof
f 25 41 58
g roof
f 63 64 71
g roof
f 75 69 159
g roof
f 75 159 79 80
g roof
f 81 78 82
g roof
f 81 82 83
g roof
f 81 83 87
g roof
f 81 87 88
g roof
f 148 103 161
g roof
f 148 161 162
g roof
f 148 162 163
g roof
f 126 127 164
g roof
f 158 63 71
g roof
f 72 75 80
g roof
f 163 126 164
g roof
f 157 158 71
g roof
f 71 72 80
g roof
f 148 163 164
g roof
f 148 164 167
g roof
f 157 71 80
g roof
f 25 58 168
g roof
f 25 168 59
g roof
f 25 168 59 157
g roof
f 25 157 80
g roof
f 25 80 81
g roof
f 88 89 169
g roof
f 88 169 90
g roof
f 88 169 90 92
g roof
f 170 93 171 95
g roof
f 95 96 98
g roof
f 99 101 102
g roof
f 102 103 148
g roof
f 23 24 25 81
g roof
f 81 88 92
g roof
f 170 93 95 98
g roof
f 170 98 99
g roof
f 99 102 148
g roof
f 22 23 81
g roof
f 22 81 92 21
g roof
f 21 22 92
g roof
f 170 98 99 148
g roof
f 20 21 92
g roof
f 92 170 148
g roof
f 154 20 92
g roof
f 154 92 148
g roof
f 151 172 173
g roof
f 152 174 175
g roof
f 152 175 1
g roof
f 1 155 152
g roof
f 176 177 178
g roof
f 179 180 1274 181
g roof
f 181 182 183
g roof
f 184 185 186
g roof
f 184 186 187
g roof
f 184 187 188
g roof
f 189 190 191 192
g roof
f 189 192 193
g roof
f 189 193 194
g roof
f 198 199 200
g roof
f 198 200 201
g roof
f 198 201 202
g roof
f 198 202 203
g roof
f 204 205 206
g roof
f 206 207 208
g roof
f 209 210 211
g roof
f 209 211 212
g roof
f 209 212 213
g roof
f 209 213 1254 1255 1257 214
g roof
f 216 1259 1260 217 218
g roof
f 216 218 219
g roof
f 216 219 220
g roof
f 216 220 221
g roof
f 221 222 223
g roof
f 221 223 224
g roof
f 221 224 225
g roof
f 221 225 226
g roof
f 226 227 228
g roof
f 226 227 228 1264 1267 1269 1271 229
g roof
f 226 229 179
g roof
f 179 181 183
g roof
f 179 183 230
g roof
f 184 188 189
g roof
f 184 189 194 196 1243 235
g roof
f 194 195 196
g roof
f 198 203 231
g roof
f 198 231 1250 232
g roof
f 233 1158 209 214
g roof
f 234 215 216 221
g roof
f 234 221 226
g roof
f 234 226 179
g roof
f 184 235 1243 196 194
g roof
f 184 235 1243 196
g roof
f 184 235 1245 236
g roof
f 184 236 1245 197 198
g roof
f 184 198 232
g roof
f 184 232 204 205 206
g roof
f 184 206 207 208
g roof
f 208 1252 233 214
g roof
f 208 214 234
g roof
f 208 234 179
g roof
f 208 179 230
g roof
f 208 230 184
g roof
f 237 238 239
g roof
f 240 23 241
g roof
f 240 241 242
g roof
f 242 243 244
g roof
f 246 247 248
g roof
f 246 248 249
g roof
f 246 249 250
g roof
f 246 250 251
g roof
f 246 251 252
g roof
f 246 252 253
g roof
f 246 253 254
g roof
f 255 217 256
g roof
f 255 256 257
g roof
f 255 257 258
g roof
f 259 260 240
g roof
f 259 240 242
g roof
f 259 242 244
g roof
f 259 244 13
g roof
f 261 246 254
g roof
f 258 259 13
g roof
f 258 13 262
g roof
f 263 261 254
g roof
f 255 258 262
g roof
f 255 262 264
g roof
f 255 264 265
g roof
f 255 265 263 254
g roof
f 266 267 268
g roof
f 266 268 269
g roof
f 266 269 270
g roof
f 266 270 271
g roof
f 271 272 273
g roof
f 271 273 274
g roof
f 271 274 275
g roof
f 271 275 276
g roof
f 271 276 266
g roof
f 277 278 279
g roof
f 277 279 280
g roof
f 281 282 283 1300
g roof
f 281 1300 283 284
g roof
f 281 284 285
g roof
f 281 285 286
g roof
f 287 288 289
g roof
f 290 291 288
g roof
f 292 293 1306 294
g roof
f 294 295 296
g roof
f 297 295 294
g roof
f 297 294 298
g roof
f 298 299 300
g roof
f 298 300 301
g roof
f 298 301 302
g roof
f 302 303 304
g roof
f 305 306 307
g roof
f 309 310 311
g roof
f 313 314 315 316
g roof
f 313 316 317
g roof
f 313 317 318
g roof
f 313 318 319
g roof
f 313 319 320
g roof
f 321 322 323
g roof
f 321 323 324
g roof
f 321 324 325
g roof
f 321 325 326
g roof
f 321 326 327
g roof
f 328 329 330
g roof
f 328 330 331
g roof
f 328 331 332
g roof
f 328 332 333
g roof
f 333 1247 334 195
g roof
f 333 195 194
g roof
f 335 336 337
g roof
f 337 338 339
g roof
f 339 340 341
g roof
f 339 341 342
g roof
f 339 342 343
g roof
f 339 343 344
g roof
f 339 344 345
g roof
f 339 345 346
g roof
f 339 346 347
g roof
f 339 347 348
g roof
f 339 348 349
g roof
f 339 349 350
g roof
f 339 350 351
g roof
f 339 351 352
g roof
f 339 352 353
g roof
f 339 353 354
g roof
f 339 354 355
g roof
f 339 355 359 358 356
g roof
f 357 358 359
g roof
f 357 359 360
g roof
f 357 360 361
g roof
f 357 361 362
g roof
f 357 362 363
g roof
f 365 366 367
g roof
f 369 370 371
g roof
f 369 371 1335 1336 1338 1339 372
g roof
f 373 374 375
g roof
f 373 375 376
g roof
f 377 378 379 380
g roof
f 380 381 382
g roof
f 380 381 382 383
g roof
f 380 381 382 383 384
g roof
f 380 384 1345 1347 1350 385
g roof
f 380 385 386
g roof
f 380 385 386 387
g roof
f 380 387 388
g roof
f 388 389 390
g roof
f 391 392 1352 393
g roof
f 391 393 394
g roof
f 395 396 397
g roof
f 395 397 398
g roof
f 395 398 399
g roof
f 395 399 1356 400
g roof
f 401 1360 402 403
g roof
f 401 403 404
g roof
f 401 404 405
g roof
f 406 407 408
g roof
f 402 409 410
g roof
f 411 412 413
g roof
f 411 413 414
g roof
f 411 414 415
g roof
f 411 415 416
g roof
f 416 417 418
g roof
f 421 422 423
g roof
f 426 1364 427 428
g roof
f 428 429 430
g roof
f 431 1366 432 416
g roof
f 434 435 436
g roof
f 434 436 437
g roof
f 434 437 438
g roof
f 438 439 440
g roof
f 438 440 441
g roof
f 438 441 442
g roof
f 438 442 443
g roof
f 444 445 442
g roof
f 444 442 446
g roof
f 444 446 441
g roof
f 444 441 440
g roof
f 444 440 447
g roof
f 444 447 448
g roof
f 444 448 449
g roof
f 444 449 450
g roof
f 450 451 452
g roof
f 450 452 453
g roof
f 450 453 454
g roof
f 457 1304 458 292
g roof
f 457 292 294
g roof
f 297 298 302
g roof
f 297 302 304
g roof
f 297 304 305 307
g roof
f 297 307 308
g roof
f 297 308 309
g roof
f 311 312 313 320
g roof
f 320 321 327
g roof
f 327 328 333
g roof
f 459 335 337
g roof
f 459 337 339
g roof
f 459 339 356
g roof
f 357 363 364
g roof
f 357 364 365
g roof
f 357 365 366 367
g roof
f 357 367 368
g roof
f 368 1331 1332 369 372
g roof
f 372 373 376
g roof
f 376 377 378 379 380
g roof
f 376 377 378 379 380 388
g roof
f 376 388 390
g roof
f 376 390 460
g roof
f 376 460 391
g roof
f 376 391 394
g roof
f 376 394 461
g roof
f 461 395 400
g roof
f 461 400 1359 462
g roof
f 410 411 416
g roof
f 410 416 418
g roof
f 410 418 419
g roof
f 410 419 420
g roof
f 410 420 421
g roof
f 421 426 428
g roof
f 431 416 433
g roof
f 431 433 1361 434
g roof
f 431 434 438
g roof
f 431 438 443
g roof
f 454 455 456
g roof
f 454 456 463
g roof
f 463 457 294
g roof
f 463 294 296
g roof
f 463 296 297
g roof
f 463 297 309
g roof
f 309 311 320
g roof
f 464 459 356
g roof
f 376 461 462
g roof
f 402 410 421
g roof
f 402 421 423
g roof
f 422 421 428
g roof
f 422 428 430
g roof
f 454 463 309
g roof
f 194 464 356
g roof
f 372 376 462 401
g roof
f 372 401 405
g roof
f 403 402 423
g roof
f 403 423 465
g roof
f 403 465 424
g roof
f 425 422 430
g roof
f 450 454 309
g roof
f 333 194 356
g roof
f 333 356 357
g roof
f 368 372 405
g roof
f 408 403 424
g roof
f 444 450 309
g roof
f 444 309 320
g roof
f 444 320 327
g roof
f 327 333 357
g roof
f 357 368 405
g roof
f 357 405 406
g roof
f 431 1367 444 327
g roof
f 327 357 406
g roof
f 327 406 407 408
g roof
f 431 327 406 407 408
g roof
f 431 408 424 425
g roof
f 431 425 430
g roof
f 466 467 468
g roof
f 469 396 470
g roof
f 469 470 471
g roof
f 469 471 472
g roof
f 469 472 473
g roof
f 469 473 474
g roof
f 469 474 475
g roof
f 475 476 477
g roof
f 475 477 478
g roof
f 475 478 479
g roof
f 475 479 469
g roof
f 198 480 199
g roof
f 481 1244 482 483
g roof
f 481 483 484
g roof
f 481 484 196
g roof
f 481 196 195
g roof
f 485 486 487
g roof
f 485 487 488
g roof
f 485 488 489
g roof
f 485 489 490
g roof
f 491 492 493
g roof
f 491 493 494
g roof
f 491 494 495
g roof
f 491 495 278
g roof
f 278 277 491
g roof
f 496 497 498
g roof
f 499 500 501
g roof
f 499 501 419
g roof
f 499 419 502
g roof
f 499 502 503
g roof
f 504 220 219
g roof
f 504 219 218
g roof
f 504 218 505 508
g roof
f 506 507 508
g roof
f 508 504 505
g roof
f 508 505 506
g roof
f 509 510 511
g roof
f 509 511 512
g roof
f 513 514 515
g roof
f 513 515 516
g roof
f 517 515 514
g roof
f 517 514 518
g roof
f 517 518 519
g roof
f 520 521 522
g roof
f 523 524 525
g roof
f 523 524 525 526 527
g roof
f 527 526 528 529
g roof
f 531 532 533
g roof
f 531 533 534
g roof
f 531 534 535
g roof
f 531 535 536
g roof
f 531 536 537
g roof
f 537 538 539
g roof
f 537 539 540
g roof
f 537 540 1398 541
g roof
f 537 541 1398 542
g roof
f 543 544 545
g roof
f 545 546 547
g roof
f 545 547 548
g roof
f 549 550 551
g roof
f 552 553 554
g roof
f 554 555 556
g roof
f 554 556 557
g roof
f 558 559 560
g roof
f 558 559 560 561
g roof
f 558 561 562
g roof
f 558 562 299
g roof
f 558 299 563
g roof
f 558 563 564
g roof
f 564 511 510
g roof
f 564 510 565
g roof
f 566 565 509
g roof
f 512 514 513
g roof
f 512 513 567
g roof
f 568 513 516
g roof
f 519 1383 520 522
g roof
f 522 523 526 527
g roof
f 530 531 537
g roof
f 530 537 542 543
g roof
f 543 545 548
g roof
f 548 549 551
g roof
f 551 552 554
g roof
f 557 558 564
g roof
f 557 564 565
g roof
f 566 509 512
g roof
f 566 512 567
g roof
f 566 567 568
g roof
f 566 568 516
g roof
f 517 519 522
g roof
f 517 522 526 527
g roof
f 529 530 543
g roof
f 529 543 548
g roof
f 554 557 565
g roof
f 569 566 516
g roof
f 526 527 517
g roof
f 527 526 529 548 569 516
g roof
f 551 554 565
g roof
f 551 565 566
g roof
f 548 551 566
g roof
f 569 516 526 527 548
g roof
f 570 571 572
g roof
f 570 572 573
g roof
f 570 573 574
g roof
f 575 576 577
g roof
f 575 577 578
g roof
f 575 578 579
g roof
f 575 579 580
g roof
f 575 580 581
g roof
f 575 581 582
g roof
f 575 582 583
g roof
f 575 583 584
g roof
f 575 584 585
g roof
f 585 586 587
g roof
f 587 575 585
g roof
f 588 589 590
g roof
f 588 590 591
g roof
f 592 532 593
g roof
f 592 593 594
g roof
f 595 596 597
g roof
f 595 597 598
g roof
f 598 599 600
g roof
f 598 600 595
g roof
f 601 204 232
g roof
f 601 232 602
g roof
f 601 602 603
g roof
f 603 604 605
g roof
f 603 605 606
g roof
f 603 606 607
g roof
f 603 607 608
g roof
f 609 610 611
g roof
f 609 611 612
g roof
f 609 612 208
g roof
f 609 208 207
g roof
f 609 207 206
g roof
f 609 206 205
g roof
f 609 205 601
g roof
f 601 603 608
g roof
f 601 608 613
g roof
f 601 613 614
g roof
f 601 614 615
g roof
f 601 615 609
g roof
f 616 617 236 1245
g roof
f 616 236 618
g roof
f 616 618 619
g roof
f 616 619 620
g roof
f 621 622 623
g roof
f 625 626 627
g roof
f 625 627 628 629
g roof
f 625 629 630
g roof
f 625 630 631
g roof
f 625 631 632
g roof
f 625 632 633
g roof
f 625 633 634
g roof
f 625 634 635
g roof
f 635 636 637
g roof
f 638 639 640
g roof
f 638 639 640 641
g roof
f 641 642 643
g roof
f 643 624 625
g roof
f 643 625 635
g roof
f 643 635 637
g roof
f 637 638 639 640 641
g roof
f 637 641 642 643
g roof
f 644 645 646
g roof
f 644 646 647
g roof
f 644 647 648
g roof
f 644 648 649
g roof
f 644 649 650
g roof
f 644 650 651
g roof
f 644 651 652
g roof
f 644 652 653
g roof
f 654 655 656
g roof
f 654 656 657
g roof
f 285 263 1283 1282 658
g roof
f 285 658 659
g roof
f 285 659 660
g roof
f 285 660 661
g roof
f 662 661 664
g roof
f 662 664 665
g roof
f 662 665 666
g roof
f 662 666 667
g roof
f 662 667 668 669
g roof
f 662 669 670
g roof
f 662 670 671
g roof
f 662 671 672 676
g roof
f 672 673 674
g roof
f 672 674 675
g roof
f 675 285 661
g roof
f 675 661 662
g roof
f 675 662 663
g roof
f 675 663 676
g roof
f 676 662 672
g roof
f 676 672 675
g roof
f 255 254 677
g roof
f 255 677 505
g roof
f 678 217 255 679
g roof
f 678 679 255
g roof
f 679 255 505
g roof
f 679 505 678
g roof
f 680 677 681
g roof
f 680 681 682
g roof
f 680 682 683
g roof
f 680 683 684
g roof
f 680 684 685
g roof
f 680 685 686
g roof
f 680 686 687 688 689 690 691
g roof
f 680 691 690 689 688 687
g roof
f 680 691 690 689 688
g roof
f 680 691 690 689
g roof
f 680 691 690
g roof
f 154 692 693
g roof
f 154 693 155
g roof
f 694 155 1
g roof
f 1 695 2
g roof
f 696 697 698
g roof
f 696 698 493
g roof
f 696 493 699
g roof
f 696 699 700
g roof
f 701 702 703
g roof
f 701 702 703 704
g roof
f 701 702 703 704 705
g roof
f 701 702 703 704 705 706
g roof
f 701 702 703 704 705 706 707
g roof
f 701 707 708
g roof
f 701 708 709
g roof
f 701 709 710
g roof
f 701 710 711
g roof
f 701 711 712
g roof
f 701 712 696
g roof
f 701 696 699 700
g roof
f 713 714 715
g roof
f 716 717 718
g roof
f 716 718 719 720
g roof
f 716 720 721
g roof
f 722 723 724
g roof
f 492 725 726
g roof
f 492 726 493
g roof
f 727 728 729
g roof
f 727 729 730
g roof
f 731 732 733
g roof
f 731 733 734
g roof
f 731 734 735
g roof
f 731 735 736
g roof
f 737 738 739
g roof
f 739 740 741
g roof
f 743 744 745
g roof
f 746 747 748
g roof
f 746 748 749
g roof
f 746 749 750
g roof
f 751 737 738 739
g roof
f 751 739 741 742
g roof
f 751 742 741
g roof
f 751 742 743
g roof
f 751 743 744 745
g roof
f 745 746 750
g roof
f 745 750 751
g roof
f 752 753 754
g roof
f 752 754 755
g roof
f 755 756 757
g roof
f 757 758 759
g roof
f 757 759 760
g roof
f 757 760 761
g roof
f 761 762 763
g roof
f 761 763 764
g roof
f 761 764 765
g roof
f 761 765 752
g roof
f 761 752 755
g roof
f 761 755 757
g roof
f 766 767 768
g roof
f 768 769 770
g roof
f 768 770 771
g roof
f 772 773 774
g roof
f 772 774 775
g roof
f 772 775 776
g roof
f 772 776 777
g roof
f 772 777 766
g roof
f 766 768 771
g roof
f 766 771 772
g roof
f 778 779 1349 1346 780
g roof
f 781 782 783
g roof
f 781 783 784
g roof
f 781 784 785
g roof
f 781 785 786
g roof
f 781 786 778
g roof
f 786 787 788
g roof
f 778 786 788
g roof
f 780 789 781
g roof
f 780 781 778
g roof
f 790 791 792
g roof
f 792 786 793
g roof
f 792 793 794
g roof
f 792 794 795
g roof
f 792 795 796
g roof
f 792 796 790
g roof
f 797 798 799
g roof
f 799 800 801
g roof
f 801 793 802
g roof
f 801 802 803
g roof
f 801 803 804
g roof
f 801 804 805
g roof
f 801 805 806
g roof
f 801 806 807
g roof
f 807 808 809
g roof
f 810 811 812
g roof
f 810 812 813
g roof
f 810 813 814
g roof
f 810 814 815
g roof
f 815 816 817
g roof
f 817 818 819
g roof
f 817 819 820
g roof
f 817 820 821
g roof
f 823 824 797
g roof
f 799 800 801 807
g roof
f 809 810 815
g roof
f 809 815 817
g roof
f 809 817 821
g roof
f 809 821 822
g roof
f 809 822 823
g roof
f 809 823 797
g roof
f 797 798 799 807
g roof
f 797 807 808 809
g roof
f 825 826 827
g roof
f 828 829 830
g roof
f 828 829 830 831
g roof
f 828 831 832
g roof
f 832 833 834
g roof
f 832 834 835
g roof
f 832 835 836
g roof
f 832 836 837
g roof
f 837 838 839
g roof
f 840 841 842
g roof
f 840 842 843
g roof
f 844 845 846
g roof
f 844 846 847
g roof
f 848 849 850
g roof
f 854 855 856
g roof
f 854 856 857
g roof
f 854 857 858
g roof
f 854 858 859
g roof
f 854 859 860
g roof
f 854 860 861
g roof
f 864 865 866
g roof
f 864 866 867
g roof
f 864 867 868
g roof
f 864 868 869
g roof
f 864 869 870
g roof
f 871 828 832
g roof
f 871 832 837
g roof
f 871 837 839
g roof
f 871 839 840
g roof
f 871 840 843
g roof
f 871 843 844
g roof
f 871 844 847
g roof
f 871 847 848
g roof
f 851 852 853
g roof
f 851 853 854
g roof
f 854 861 862
g roof
f 854 862 863
g roof
f 854 863 864
g roof
f 854 863 864 870 872
g roof
f 872 1334 871 848
g roof
f 850 851 853 854
g roof
f 854 872 848
g roof
f 854 848 849 850
g roof
f 873 874 875
g roof
f 873 875 876
g roof
f 873 876 877
g roof
f 878 879 880
g roof
f 878 880 881
g roof
f 878 881 882
g roof
f 882 883 884
g roof
f 882 884 885
g roof
f 882 885 886
g roof
f 886 887 888 1166
g roof
f 886 1166 888 889
g roof
f 886 889 878
g roof
f 886 878 882
g roof
f 890 1186 891 892
g roof
f 890 892 893
g roof
f 896 1394 897 898
g roof
f 896 898 899
g roof
f 896 899 900
g roof
f 896 900 901
g roof
f 901 902 903
g roof
f 901 903 904
g roof
f 901 904 905
g roof
f 901 905 906
g roof
f 901 906 907
g roof
f 907 486 908 917
g roof
f 908 486 485
g roof
f 908 485 909
g roof
f 909 1523 1510 1509 1513 1515 1517 910 911
g roof
f 909 911 912
g roof
f 909 912 890
g roof
f 896 901 907
g roof
f 913 908 909
g roof
f 913 909 890
g roof
f 914 913 890
g roof
f 914 890 893
g roof
f 914 893 894 895
g roof
f 915 914 895
g roof
f 908 915 895
g roof
f 895 896 916
g roof
f 908 895 916
g roof
f 908 916 917
g roof
f 918 919 920
g roof
f 918 920 921
g roof
f 922 923 924
g roof
f 925 926 1397 927
g roof
f 925 927 928
g roof
f 929 1397 926 930
g roof
f 929 930 931
g roof
f 929 931 932
g roof
f 929 932 933
g roof
f 934 1248 935 936
g roof
f 936 937 938
g roof
f 936 937 938 939 940
g roof
f 940 941 934
g roof
f 940 934 936
g roof
f 942 943 944
g roof
f 942 944 945
g roof
f 946 947 948
g roof
f 946 948 949
g roof
f 950 951 952
g roof
f 953 954 955
g roof
f 956 957 958
g roof
f 959 960 961
g roof
f 959 961 962
g roof
f 959 962 1299 963
g roof
f 963 964 965
g roof
f 1299 963 965 959
g roof
f 966 967 968
g roof
f 966 968 969
g roof
f 966 969 970
g roof
f 966 970 971
g roof
f 966 971 972
g roof
f 966 972 973
g roof
f 973 974 975
g roof
f 973 975 976
g roof
f 973 976 977
g roof
f 973 977 966
g roof
f 978 488 487
g roof
f 978 487 979
g roof
f 978 979 980
g roof
f 978 980 981
g roof
f 982 514 512
g roof
f 982 512 983
g roof
f 982 983 984
g roof
f 982 984 985
g roof
f 982 985 986
g roof
f 982 986 987
g roof
f 989 545 544
g roof
f 989 544 541 1398
g roof
f 989 541 990
g roof
f 989 990 991
g roof
f 989 991 992
g roof
f 989 992 993 994
g roof
f 996 997 998
g roof
f 998 999 1000
g roof
f 998 1000 1001
g roof
f 998 1001 1002
g roof
f 998 1002 1003
g roof
f 998 1003 1004
g roof
f 1004 1005 1006
g roof
f 1004 1006 1007
g roof
f 1004 1007 1008
g roof
f 1008 1009 1010
g roof
f 1011 1012 1013
g roof
f 1013 1014 988
g roof
f 1013 988 989
g roof
f 1013 989 994
g roof
f 1013 994 995 996
g roof
f 1013 996 998
g roof
f 1013 998 1004
g roof
f 1013 1004 1008
g roof
f 1013 1008 1010
g roof
f 1013 1010 1011
g roof
f 1015 1016 1017
g roof
f 1018 1019 1020
g roof
f 1020 1021 1022
g roof
f 1022 1023 1024
g roof
f 1022 1024 1025
g roof
f 1022 1025 1026
g roof
f 1022 1026 1027
g roof
f 1022 1027 1028
g roof
f 1022 1028 1029
g roof
f 1022 1029 1030
g roof
f 1030 1031 1032
g roof
f 1030 1032 1033
g roof
f 1030 1033 1034
g roof
f 1030 1034 1035
g roof
f 1030 1035 1036
g roof
f 1036 1037 1038
g roof
f 1036 1038 1039
g roof
f 1036 1039 1040
g roof
f 1036 1040 1018
g roof
f 1018 1019 1020 1021 1022
g roof
f 1018 1022 1030
g roof
f 1018 1030 1036
g roof
f 1041 1391 1042 1043
g roof
f 1043 1044 1045
g roof
f 1045 1041 1043
g roof
f 1046 1047 1048
g roof
f 1049 1050 1051
g roof
f 1049 1051 1052
g roof
f 1053 1054 1055
g roof
f 1055 1056 1057
g roof
f 1055 1057 1058
g roof
f 1055 1058 1059
g roof
f 1059 1060 1061
g roof
f 1059 1061 1053
g roof
f 1059 1053 1055
g roof
f 1062 1063 1064
g roof
f 1064 1065 1066
g roof
f 1064 1066 1067
g roof
f 1067 1068 1069
g roof
f 1067 1069 1070
g roof
f 1067 1070 1071
g roof
f 1067 1071 1072
g roof
f 1067 1072 1073
g roof
f 1067 1073 1062
g roof
f 1067 1062 1064
g roof
f 1075 1076 1077
g roof
f 1075 1077 1078
g roof
f 1078 1079 1074
g roof
f 1074 1075 1078
g roof
f 1080 1081 1082
g roof
f 1080 1082 1083
g roof
f 1080 1083 1084
g roof
f 1085 1086 1087
g roof
f 1085 1087 1088
g roof
f 1085 1088 1089
g roof
f 1090 1091 1092
g roof
f 1090 1092 1093
g roof
f 1090 1093 1094
g roof
f 1095 1096 1097
g roof
f 1095 1097 1098
g roof
f 1070 1099 1100
g roof
f 1100 1101 1070
g roof
f 1102 1103 1104
g roof
f 1102 1104 1105
g roof
f 1102 1105 1106
g roof
f 1102 1106 1107
g roof
f 1102 1107 1108
g roof
f 1102 1108 1109
g roof
f 1102 1109 1110
g roof
f 1102 1110 1111
g roof
f 1102 1111 1112
g roof_step_or_fixture_side
f 116 115 1186 585 584
g roof_step_or_fixture_side
f 117 116 584 583
g roof_step_or_fixture_side
f 118 117 583 582
g roof_step_or_fixture_side
f 119 118 582 581
g roof_step_or_fixture_side
f 120 119 581 580
g roof_step_or_fixture_side
f 121 120 580 579
g facade_completed
f 1118 121 579 1119 1120
g facade_completed
f 122 1118 1120 1121 572
g roof_step_or_fixture_side
f 123 122 572 571
g roof_step_or_fixture_side
f 124 123 571 570
g roof_step_or_fixture_side
f 128 124 570 574
g roof_step_or_fixture_side
f 129 128 574 573
g facade_completed
f 130 129 573 1122 1123
g roof_step_or_fixture_side
f 717 716 131 130
g roof_step_or_fixture_side
f 716 721 132 131
g roof_step_or_fixture_side
f 721 720 133 132
g roof_step_or_fixture_side
f 720 719 134 133
g facade_completed
f 135 134 1125 1126
g roof_step_or_fixture_side
f 714 713 1127 136 135
g roof_step_or_fixture_side
f 1127 713 715 137 136
g facade_completed
f 1128 137 1129 1130
g facade_completed
f 1131 1128 1130 1132
g facade_completed
f 138 1131 1132 1133
g roof_step_or_fixture_side
f 706 705 139 138
g roof_step_or_fixture_side
f 705 704 140 139
g roof_step_or_fixture_side
f 704 703 141 140
g roof_step_or_fixture_side
f 703 702 142 141
g roof_step_or_fixture_side
f 702 701 143 142
g roof_step_or_fixture_side
f 701 700 144 143
g roof_step_or_fixture_side
f 700 699 145 144
g roof_step_or_fixture_side
f 699 493 146 145
g roof_step_or_fixture_side
f 493 726 147 146
g roof_step_or_fixture_side
f 726 725 164 147
g roof_step_or_fixture_side
f 725 492 167 164
g facade_completed
f 148 167 1135 1136
g facade_completed
f 149 148 1136 1137
g roof_step_or_fixture_side
f 491 277 150 149
g roof_step_or_fixture_side
f 277 280 727 151 150
g roof_step_or_fixture_side
f 727 730 693 152 151
g roof_step_or_fixture_side
f 693 692 153 152
g roof_step_or_fixture_side
f 692 154 153
g roof_step_or_fixture_side
f 156 155 694
g roof_step_or_fixture_side
f 1 156 694
g facade_completed
f 1141 2 1142 1143
g facade_completed
f 3 1141 1143 1144
g facade_completed
f 4 3 1144 1145 670
g roof_step_or_fixture_side
f 5 4 670 669
g roof_step_or_fixture_side
f 6 5 669 668
g roof_step_or_fixture_side
f 7 6 668 667
g roof_step_or_fixture_side
f 8 7 667 666
g roof_step_or_fixture_side
f 9 8 666 665
g roof_step_or_fixture_side
f 10 9 665 664
g roof_step_or_fixture_side
f 11 10 664 661
g roof_step_or_fixture_side
f 12 11 661 660 245
g roof_step_or_fixture_side
f 13 12 245
g roof_step_or_fixture_side
f 13 244 14
g roof_step_or_fixture_side
f 244 243 15 14
g roof_step_or_fixture_side
f 1150 15 652 651
g roof_step_or_fixture_side
f 16 1150 651 650
g roof_step_or_fixture_side
f 19 16 650 649
g roof_step_or_fixture_side
f 20 19 649 648
g roof_step_or_fixture_side
f 21 20 648 647
g roof_step_or_fixture_side
f 22 21 647 646
g roof_step_or_fixture_side
f 23 22 646 645
g roof_step_or_fixture_side
f 24 23 240
g roof_step_or_fixture_side
f 25 24 240 260
g roof_step_or_fixture_side
f 26 25 260 259
g roof_step_or_fixture_side
f 27 26 259 258
g roof_step_or_fixture_side
f 28 27 258 257
g roof_step_or_fixture_side
f 29 28 257 656 655 212
g roof_step_or_fixture_side
f 30 29 212 211
g roof_step_or_fixture_side
f 31 30 211 210
g roof_step_or_fixture_side
f 32 31 210 209
g roof_step_or_fixture_side
f 33 32 209 1158
g roof_step_or_fixture_side
f 34 33 1158 233
g roof_step_or_fixture_side
f 35 34 233 611 610 273
g roof_step_or_fixture_side
f 36 35 273 272 952
g roof_step_or_fixture_side
f 37 36 952 951
g roof_step_or_fixture_side
f 38 37 951 270 269 947
g roof_step_or_fixture_side
f 39 38 947 946
g roof_step_or_fixture_side
f 40 39 946 949
g roof_step_or_fixture_side
f 166 40 949 606 605 940
g roof_step_or_fixture_side
f 1161 166 940 939
g facade_completed
f 41 1161 939 1162 1163
g facade_completed
f 42 41 1163 1164 938
g roof_step_or_fixture_side
f 43 42 938 937
g roof_step_or_fixture_side
f 44 43 937 936
g roof_step_or_fixture_side
f 45 44 936 935
g roof_step_or_fixture_side
f 46 45 935 332 331
g roof_step_or_fixture_side
f 47 46 331 330 889
g roof_step_or_fixture_side
f 1165 47 889 1166 888 48
g roof_step_or_fixture_side
f 49 1165 48 888 1166 887
g roof_step_or_fixture_side
f 50 49 887 886
g roof_step_or_fixture_side
f 1167 50 886 885
g roof_step_or_fixture_side
f 51 1167 885 884
g roof_step_or_fixture_side
f 52 51 884 883
g roof_step_or_fixture_side
f 53 52 883 322 321 874
g roof_step_or_fixture_side
f 54 53 874 873
g facade_completed
f 55 54 873 1169 1170
g facade_completed
f 56 55 1170 1171 877
g roof_step_or_fixture_side
f 57 56 877 876
g roof_step_or_fixture_side
f 60 57 876 319 318
g roof_step_or_fixture_side
f 65 60 318 317
g roof_step_or_fixture_side
f 66 65 317 316
g roof_step_or_fixture_side
f 67 66 316 599 598
g facade_completed
f 68 67 598 1173 1174
g facade_completed
f 1175 68 1174 1176 597
g roof_step_or_fixture_side
f 69 1175 597 596 932
g roof_step_or_fixture_side
f 78 69 932 931
g roof_step_or_fixture_side
f 85 78 931 930
g roof_step_or_fixture_side
f 91 85 930 540 539
g roof_step_or_fixture_side
f 96 91 539 538 922
g roof_step_or_fixture_side
f 103 96 922 924
g roof_step_or_fixture_side
f 105 103 924 536 535
g facade_completed
f 106 105 535 1180 1181
g facade_completed
f 107 106 1181 1182 534
g roof_step_or_fixture_side
f 108 107 534 533 895
g roof_step_or_fixture_side
f 109 108 895 894
g roof_step_or_fixture_side
f 110 109 894 893
g facade_completed
f 111 110 893 1183 1184
g facade_completed
f 113 111 1184 1185 892
g roof_step_or_fixture_side
f 114 113 892 891
g roof_step_or_fixture_side
f 115 114 891 1186
g facade_completed
f 86 88 1187 1188
g facade_completed
f 87 86 1188 1189
g facade_completed
f 88 87 1189 1187
g facade_completed
f 112 163 1190 1191
g facade_completed
f 162 112 1191 1192
g facade_completed
f 163 162 1192 1190
g facade_completed
f 101 100 1193 1194
g facade_completed
f 102 101 1194 1195
g facade_completed
f 100 102 1195 1193
g facade_completed
f 160 104 1196 1197
g facade_completed
f 161 160 1197 1198
g facade_completed
f 104 161 1198 1196
g facade_completed
f 77 76 1199 1200
g facade_completed
f 159 77 1200 1201
g facade_completed
f 76 159 1201 1199
g facade_completed
f 168 58 1202 1203
g facade_completed
f 59 168 1203 1204
g facade_completed
f 58 59 1204 1202
g facade_completed
f 84 83 1205 1206
g facade_completed
f 82 84 1206 1207
g facade_completed
f 83 82 1207 1205
g facade_completed
f 94 95 1208 1209
g facade_completed
f 171 94 1209 1210
g facade_completed
f 95 171 1210 1208
g facade_completed
f 90 169 1211 1212
g facade_completed
f 89 90 1212 1213
g facade_completed
f 169 89 1213 1211
g facade_completed
f 157 61 1214 1215
g facade_completed
f 158 157 1215 1216
g facade_completed
f 61 158 1216 1214
g facade_completed
f 62 64 1217 1218
g facade_completed
f 63 62 1218 1219
g facade_completed
f 64 63 1219 1217
g facade_completed
f 73 75 1220 1221
g facade_completed
f 74 73 1221 1222
g facade_completed
f 75 74 1222 1220
g facade_completed
f 70 72 1223 1224
g facade_completed
f 71 70 1224 1225
g facade_completed
f 72 71 1225 1223
g facade_completed
f 79 81 1226 1227
g facade_completed
f 80 79 1227 1228
g facade_completed
f 81 80 1228 1226
g facade_completed
f 97 99 1229 1230
g facade_completed
f 98 97 1230 1231
g facade_completed
f 99 98 1231 1229
g facade_completed
f 93 170 1232 1233
g facade_completed
f 92 93 1233 1234
g facade_completed
f 170 92 1234 1232
g roof_step_or_fixture_side
f 722 724 127 126
g roof_step_or_fixture_side
f 724 723 125 127
g roof_step_or_fixture_side
f 723 722 126 125
g facade_completed
f 165 18 1235 1236
g facade_completed
f 17 165 1236 1237
g facade_completed
f 18 17 1237 1235
g roof_step_or_fixture_side
f 728 727 151 173
g roof_step_or_fixture_side
f 280 279 172 151 727
g facade_completed
f 173 172 1238 1239
g roof_step_or_fixture_side
f 695 1 175
g roof_step_or_fixture_side
f 155 693 152
g roof_step_or_fixture_side
f 730 729 174 152 693
g facade_completed
f 175 174 1241 1242
g roof_step_or_fixture_side
f 176 178 662 676
g roof_step_or_fixture_side
f 177 176 676 663
g roof_step_or_fixture_side
f 178 177 663 662
g roof_step_or_fixture_side
f 484 483 235 1243
g roof_step_or_fixture_side
f 483 1244 482 236 1245 235
g roof_step_or_fixture_side
f 197 236 1245 617
g roof_step_or_fixture_side
f 480 198 197
g roof_step_or_fixture_side
f 200 199 616 620 1247
g roof_step_or_fixture_side
f 201 200 1247 333
g roof_step_or_fixture_side
f 1248 934 202 201
g roof_step_or_fixture_side
f 934 941 203 202
g roof_step_or_fixture_side
f 231 203 604 603
g roof_step_or_fixture_side
f 1250 231 603 602
g roof_step_or_fixture_side
f 232 1250 602
g roof_step_or_fixture_side
f 953 955 205 204
g roof_step_or_fixture_side
f 1252 208 612
g roof_step_or_fixture_side
f 233 1252 612 611
g roof_step_or_fixture_side
f 213 212 655 654
g roof_step_or_fixture_side
f 966 977 1254 213
g roof_step_or_fixture_side
f 977 976 1255 1254
g roof_step_or_fixture_side
f 976 975 1257 1255
g roof_step_or_fixture_side
f 975 974 214 1257
g roof_step_or_fixture_side
f 974 973 234 214
g roof_step_or_fixture_side
f 973 972 215 234
g roof_step_or_fixture_side
f 972 971 216 215
g roof_step_or_fixture_side
f 971 970 1259 216
g roof_step_or_fixture_side
f 970 969 1260 1259
g roof_step_or_fixture_side
f 969 968 217 1260
g roof_step_or_fixture_side
f 217 678 218
g roof_step_or_fixture_side
f 220 504 221
g roof_step_or_fixture_side
f 504 508 222 221
g roof_step_or_fixture_side
f 508 507 680 223 222
g roof_step_or_fixture_side
f 680 691 224 223
g roof_step_or_fixture_side
f 691 690 225 224
g roof_step_or_fixture_side
f 690 689 226 225
g roof_step_or_fixture_side
f 689 688 227 226
g roof_step_or_fixture_side
f 688 687 228 227
g facade_completed
f 1264 228 1265 1266
g facade_completed
f 1267 1264 1266 1268
g facade_completed
f 1269 1267 1268 1270
g facade_completed
f 1271 1269 1270 1272
g facade_completed
f 229 1271 1272 1273
g roof_step_or_fixture_side
f 622 621 179 229
g roof_step_or_fixture_side
f 621 623 180 179
g facade_completed
f 1274 180 1275 1276
g facade_completed
f 181 1274 1276 1277
g roof_step_or_fixture_side
f 628 627 182 181
g roof_step_or_fixture_side
f 627 626 183 182
g roof_step_or_fixture_side
f 626 625 230 183
g roof_step_or_fixture_side
f 625 624 184 230
g roof_step_or_fixture_side
f 624 643 185 184
g roof_step_or_fixture_side
f 643 642 186 185
g roof_step_or_fixture_side
f 642 641 187 186
g roof_step_or_fixture_side
f 641 640 188 187
g roof_step_or_fixture_side
f 640 639 189 188
g roof_step_or_fixture_side
f 639 638 190 189
g roof_step_or_fixture_side
f 191 190 1111 1110 335
g roof_step_or_fixture_side
f 192 191 335 459
g roof_step_or_fixture_side
f 193 192 459 464
g roof_step_or_fixture_side
f 194 193 464
g roof_step_or_fixture_side
f 196 484 1243
g roof_step_or_fixture_side
f 237 239 358 357
g roof_step_or_fixture_side
f 238 237 357 356
g roof_step_or_fixture_side
f 239 238 356 358
g roof_step_or_fixture_side
f 242 241 644 653
g roof_step_or_fixture_side
f 243 242 653 652 15
g roof_step_or_fixture_side
f 1281 245 660 659
g roof_step_or_fixture_side
f 262 1281 659 658
g roof_step_or_fixture_side
f 264 262 658 1282
g roof_step_or_fixture_side
f 265 264 1282 1283
g roof_step_or_fixture_side
f 263 265 1283
g roof_step_or_fixture_side
f 960 959 261 263
g roof_step_or_fixture_side
f 959 965 246 261
g roof_step_or_fixture_side
f 965 964 247 246
g facade_completed
f 248 247 1285 1286
g facade_completed
f 249 248 1286 1287
g facade_completed
f 250 249 1287 1288
g facade_completed
f 251 250 1288 1289
g facade_completed
f 252 251 1289 1290
g roof_step_or_fixture_side
f 681 677 253 252
g roof_step_or_fixture_side
f 677 254 253
g roof_step_or_fixture_side
f 968 967 256 217
g roof_step_or_fixture_side
f 257 256 657 656
g roof_step_or_fixture_side
f 241 23 645 644
g roof_step_or_fixture_side
f 268 267 608 607
g roof_step_or_fixture_side
f 948 947 269 268
g roof_step_or_fixture_side
f 951 950 271 270
g roof_step_or_fixture_side
f 950 952 272 271
g roof_step_or_fixture_side
f 274 273 610 609
g roof_step_or_fixture_side
f 275 274 609 615
g roof_step_or_fixture_side
f 276 275 615 614
g roof_step_or_fixture_side
f 266 276 614 613
g roof_step_or_fixture_side
f 267 266 613 608
g facade_completed
f 279 278 1297 1238 172
g roof_step_or_fixture_side
f 1299 963 962 284 283 1300
g roof_step_or_fixture_side
f 962 961 285 284
g roof_step_or_fixture_side
f 286 285 675
g roof_step_or_fixture_side
f 281 286 675 674
g roof_step_or_fixture_side
f 282 281 674 673
g facade_completed
f 283 1300 282 673 1302 1303
g roof_step_or_fixture_side
f 289 288 548 566
g roof_step_or_fixture_side
f 287 289 566 569
g roof_step_or_fixture_side
f 288 287 569 548
g roof_step_or_fixture_side
f 288 291 549 548
g roof_step_or_fixture_side
f 290 288 548 547
g roof_step_or_fixture_side
f 291 290 547 988 1014 549
g roof_step_or_fixture_side
f 751 750 452 451
g roof_step_or_fixture_side
f 750 749 453 452
g roof_step_or_fixture_side
f 749 748 454 453
g roof_step_or_fixture_side
f 748 747 455 454
g roof_step_or_fixture_side
f 456 455 1039 1038
g roof_step_or_fixture_side
f 463 456 1038 1037
g roof_step_or_fixture_side
f 457 463 1037 1036
g roof_step_or_fixture_side
f 1304 457 1036 1035
g roof_step_or_fixture_side
f 458 1304 1035 1034
g roof_step_or_fixture_side
f 769 768 292 458
g roof_step_or_fixture_side
f 768 767 293 292
g facade_completed
f 1306 293 1307 1308
g facade_completed
f 294 1306 1308 1309
g facade_completed
f 298 294 1309 1310 987
g roof_step_or_fixture_side
f 299 298 987 986
g roof_step_or_fixture_side
f 299 562 300
g roof_step_or_fixture_side
f 562 561 301 300
g roof_step_or_fixture_side
f 561 560 302 301
g roof_step_or_fixture_side
f 560 559 303 302
g roof_step_or_fixture_side
f 304 303 1005 1004
g roof_step_or_fixture_side
f 305 304 1004 1003
g roof_step_or_fixture_side
f 306 305 1003 1002
g roof_step_or_fixture_side
f 307 306 1002 1001
g roof_step_or_fixture_side
f 308 307 1001 1000
g roof_step_or_fixture_side
f 309 308 1000 999
g roof_step_or_fixture_side
f 310 309 999 998
g roof_step_or_fixture_side
f 311 310 998 997
g roof_step_or_fixture_side
f 312 311 997 996
g roof_step_or_fixture_side
f 313 312 996 995
g roof_step_or_fixture_side
f 314 313 995 994
g roof_step_or_fixture_side
f 315 314 994 993 600
g roof_step_or_fixture_side
f 316 315 600 599
g roof_step_or_fixture_side
f 876 875 320 319
g roof_step_or_fixture_side
f 875 874 321 320
g roof_step_or_fixture_side
f 883 882 323 322
g roof_step_or_fixture_side
f 882 881 324 323
g roof_step_or_fixture_side
f 881 880 325 324
g roof_step_or_fixture_side
f 880 879 326 325
g roof_step_or_fixture_side
f 942 945 327 326 879
g roof_step_or_fixture_side
f 945 944 328 327
g roof_step_or_fixture_side
f 944 943 878 329 328
g roof_step_or_fixture_side
f 878 889 330 329
g roof_step_or_fixture_side
f 935 1248 201 333 332
g roof_step_or_fixture_side
f 334 1247 620 619
g roof_step_or_fixture_side
f 958 957 195 334
g roof_step_or_fixture_side
f 336 335 1110 1109
g roof_step_or_fixture_side
f 819 818 337 336
g roof_step_or_fixture_side
f 818 817 338 337
g roof_step_or_fixture_side
f 817 816 339 338
g roof_step_or_fixture_side
f 816 815 340 339
g roof_step_or_fixture_side
f 815 814 341 340
g roof_step_or_fixture_side
f 814 813 342 341
g roof_step_or_fixture_side
f 813 812 343 342
g roof_step_or_fixture_side
f 344 343 1101 1100
g roof_step_or_fixture_side
f 854 853 345 344
g roof_step_or_fixture_side
f 853 852 346 345
g roof_step_or_fixture_side
f 852 851 347 346
g roof_step_or_fixture_side
f 851 850 348 347
g roof_step_or_fixture_side
f 850 849 349 348
g roof_step_or_fixture_side
f 849 848 350 349
g roof_step_or_fixture_side
f 848 847 351 350
g roof_step_or_fixture_side
f 847 846 352 351
g roof_step_or_fixture_side
f 846 845 353 352
g roof_step_or_fixture_side
f 354 353 1094 1093
g roof_step_or_fixture_side
f 355 354 1093 1092
g roof_step_or_fixture_side
f 842 841 359 355
g roof_step_or_fixture_side
f 841 840 360 359
g roof_step_or_fixture_side
f 840 839 361 360
g roof_step_or_fixture_side
f 839 838 362 361
g roof_step_or_fixture_side
f 838 837 363 362
g roof_step_or_fixture_side
f 837 836 364 363
g roof_step_or_fixture_side
f 836 835 365 364
g roof_step_or_fixture_side
f 835 834 366 365
g roof_step_or_fixture_side
f 834 833 367 366
g roof_step_or_fixture_side
f 368 367 1089 1088
g roof_step_or_fixture_side
f 1331 368 1088 1087
g roof_step_or_fixture_side
f 830 829 1332 1331
g roof_step_or_fixture_side
f 829 828 369 1332
g roof_step_or_fixture_side
f 828 871 370 369
g roof_step_or_fixture_side
f 871 1334 371 370
g roof_step_or_fixture_side
f 1335 371 1097 1096
g roof_step_or_fixture_side
f 869 868 1336 1335
g roof_step_or_fixture_side
f 868 867 1338 1336
g roof_step_or_fixture_side
f 867 866 1339 1338
g roof_step_or_fixture_side
f 866 865 372 1339
g roof_step_or_fixture_side
f 865 864 373 372
g roof_step_or_fixture_side
f 864 863 374 373
g roof_step_or_fixture_side
f 863 862 375 374
g roof_step_or_fixture_side
f 862 861 376 375
g roof_step_or_fixture_side
f 861 860 377 376
g roof_step_or_fixture_side
f 860 859 378 377
g roof_step_or_fixture_side
f 859 858 379 378
g roof_step_or_fixture_side
f 858 857 380 379
g roof_step_or_fixture_side
f 857 856 381 380
g roof_step_or_fixture_side
f 856 855 382 381
g roof_step_or_fixture_side
f 383 382 1099 1070
g roof_step_or_fixture_side
f 384 383 1070 1069
g roof_step_or_fixture_side
f 1345 384 1069 1068
g roof_step_or_fixture_side
f 780 1346 1347 1345
g roof_step_or_fixture_side
f 1346 1349 1350 1347
g roof_step_or_fixture_side
f 1349 779 385 1350
g roof_step_or_fixture_side
f 779 778 386 385
g roof_step_or_fixture_side
f 778 788 387 386
g roof_step_or_fixture_side
f 788 787 388 387
g roof_step_or_fixture_side
f 389 388 1054 1053
g roof_step_or_fixture_side
f 390 389 1053 1061
g roof_step_or_fixture_side
f 460 390 1061 1060
g roof_step_or_fixture_side
f 391 460 1060 1059
g roof_step_or_fixture_side
f 392 391 1059 1058
g roof_step_or_fixture_side
f 1352 392 1058 1057
g roof_step_or_fixture_side
f 791 790 393 1352
g roof_step_or_fixture_side
f 790 796 394 393
g roof_step_or_fixture_side
f 796 795 461 394
g roof_step_or_fixture_side
f 795 794 395 461
g roof_step_or_fixture_side
f 794 793 396 395
g roof_step_or_fixture_side
f 793 801 397 396
g facade_completed
f 398 397 1353 1354
g facade_completed
f 399 398 1354 1355
g facade_completed
f 1356 399 1355 1357
g facade_completed
f 400 1356 1357 1358
g roof_step_or_fixture_side
f 776 775 1359 400
g roof_step_or_fixture_side
f 775 774 462 1359
g roof_step_or_fixture_side
f 774 773 401 462
g roof_step_or_fixture_side
f 773 772 1360 401
g roof_step_or_fixture_side
f 772 771 402 1360
g roof_step_or_fixture_side
f 771 770 409 402
g roof_step_or_fixture_side
f 410 409 1033 1032
g roof_step_or_fixture_side
f 411 410 1032 1031
g roof_step_or_fixture_side
f 412 411 1031 1030
g roof_step_or_fixture_side
f 413 412 1030 1029
g roof_step_or_fixture_side
f 414 413 1029 1028
g roof_step_or_fixture_side
f 415 414 1028 1027
g roof_step_or_fixture_side
f 416 415 1027 1026
g roof_step_or_fixture_side
f 433 416 1026 1025
g roof_step_or_fixture_side
f 1361 433 1025 1024
g roof_step_or_fixture_side
f 434 1361 1024 1023
g roof_step_or_fixture_side
f 435 434 1023 1022
g roof_step_or_fixture_side
f 436 435 1022 1021
g roof_step_or_fixture_side
f 437 436 1021 1020
g roof_step_or_fixture_side
f 744 743 438 437
g roof_step_or_fixture_side
f 743 742 439 438
g roof_step_or_fixture_side
f 742 741 440 439
g roof_step_or_fixture_side
f 741 740 447 440
g roof_step_or_fixture_side
f 740 739 448 447
g roof_step_or_fixture_side
f 739 738 449 448
g roof_step_or_fixture_side
f 738 737 450 449
g roof_step_or_fixture_side
f 737 751 451 450
g roof_step_or_fixture_side
f 759 758 416 432
g roof_step_or_fixture_side
f 758 757 417 416
g roof_step_or_fixture_side
f 757 756 418 417
g roof_step_or_fixture_side
f 756 755 419 418
g roof_step_or_fixture_side
f 419 501 420
g roof_step_or_fixture_side
f 501 500 421 420
g roof_step_or_fixture_side
f 500 499 421
g roof_step_or_fixture_side
f 426 499 503
g roof_step_or_fixture_side
f 753 752 1364 426
g roof_step_or_fixture_side
f 752 765 427 1364
g roof_step_or_fixture_side
f 765 764 428 427
g roof_step_or_fixture_side
f 764 763 429 428
g roof_step_or_fixture_side
f 763 762 430 429
g roof_step_or_fixture_side
f 762 761 431 430
g roof_step_or_fixture_side
f 761 760 1366 431
g roof_step_or_fixture_side
f 760 759 432 1366
g roof_step_or_fixture_side
f 431 443 1050 1049
g roof_step_or_fixture_side
f 1367 431 1049 1052
g roof_step_or_fixture_side
f 733 732 444 1367
g roof_step_or_fixture_side
f 732 731 445 444
g roof_step_or_fixture_side
f 731 736 442 445
g roof_step_or_fixture_side
f 736 735 443 442
g roof_step_or_fixture_side
f 442 441 1047 1046
g roof_step_or_fixture_side
f 446 442 1046 1048
g roof_step_or_fixture_side
f 441 446 1048 1047
g roof_step_or_fixture_side
f 295 297 1016 1015
g roof_step_or_fixture_side
f 296 295 1015 1017
g roof_step_or_fixture_side
f 297 296 1017 1016
g roof_step_or_fixture_side
f 404 403 1078 1077
g roof_step_or_fixture_side
f 405 404 1077 1076
g roof_step_or_fixture_side
f 406 405 1076 1075
g roof_step_or_fixture_side
f 407 406 1075 1074
g roof_step_or_fixture_side
f 408 407 1074 1079
g roof_step_or_fixture_side
f 403 408 1079 1078
g roof_step_or_fixture_side
f 422 425 1082 1081
g roof_step_or_fixture_side
f 423 422 1081 1080
g roof_step_or_fixture_side
f 465 423 1080 1084
g roof_step_or_fixture_side
f 424 465 1084 1083
g roof_step_or_fixture_side
f 425 424 1083 1082
g roof_step_or_fixture_side
f 466 468 1019 1018
g roof_step_or_fixture_side
f 467 466 1018 1040
g roof_step_or_fixture_side
f 746 745 468 467
g roof_step_or_fixture_side
f 803 802 469 479
g roof_step_or_fixture_side
f 802 793 396 469
g roof_step_or_fixture_side
f 793 786 470 396
g roof_step_or_fixture_side
f 786 785 471 470
g roof_step_or_fixture_side
f 785 784 472 471
g roof_step_or_fixture_side
f 784 783 473 472
g roof_step_or_fixture_side
f 783 782 474 473
g roof_step_or_fixture_side
f 475 474 1065 1064
g roof_step_or_fixture_side
f 476 475 1064 1063
g roof_step_or_fixture_side
f 806 805 477 476
g roof_step_or_fixture_side
f 805 804 478 477
g roof_step_or_fixture_side
f 804 803 479 478
g roof_step_or_fixture_side
f 199 480 197 617 616
g roof_step_or_fixture_side
f 1244 482 481 618 236 1245
g roof_step_or_fixture_side
f 957 956 481 195
g facade_completed
f 489 488 1378 1379
g facade_completed
f 490 489 1379 1380 909
g roof_step_or_fixture_side
f 485 490 909
g roof_step_or_fixture_side
f 487 486 906
g roof_step_or_fixture_side
f 494 493 698
g facade_completed
f 495 494 698 1381 1382
g facade_completed
f 278 495 1382 1297
g facade_completed
f 492 491 149 1137 1135 167
g roof_step_or_fixture_side
f 496 498 981 980
g roof_step_or_fixture_side
f 497 496 980 1383 519
g facade_completed
f 498 497 519 1384 1385 981
g roof_step_or_fixture_side
f 755 754 502 419
g roof_step_or_fixture_side
f 754 753 426 503 502
g roof_step_or_fixture_side
f 678 505 218
g roof_step_or_fixture_side
f 506 505 677
g roof_step_or_fixture_side
f 507 506 677 680
g roof_step_or_fixture_side
f 980 979 520 1383
g roof_step_or_fixture_side
f 979 487 906 521 520
g roof_step_or_fixture_side
f 906 905 522 521
g roof_step_or_fixture_side
f 905 904 523 522
g roof_step_or_fixture_side
f 904 903 524 523
g roof_step_or_fixture_side
f 903 902 525 524
g roof_step_or_fixture_side
f 1043 1391 1042 1409 919 526 525 902
g roof_step_or_fixture_side
f 1391 1041 899 528 526 919 1409 1042
g roof_step_or_fixture_side
f 899 898 529 528
g roof_step_or_fixture_side
f 898 897 530 529
g roof_step_or_fixture_side
f 897 1394 531 530
g roof_step_or_fixture_side
f 1394 896 532 531
g roof_step_or_fixture_side
f 896 895 533 532
g facade_completed
f 535 534 1182 1180
g roof_step_or_fixture_side
f 924 923 537 536
g roof_step_or_fixture_side
f 923 922 538 537
g roof_step_or_fixture_side
f 930 1397 541 1398 540
g roof_step_or_fixture_side
f 926 1397 925 542 1398 541
g roof_step_or_fixture_side
f 925 928 543 542
g roof_step_or_fixture_side
f 928 927 544 543
g roof_step_or_fixture_side
f 546 545 989
g roof_step_or_fixture_side
f 547 546 989 988
g roof_step_or_fixture_side
f 550 549 1014 1013
g roof_step_or_fixture_side
f 551 550 1013 1012
g roof_step_or_fixture_side
f 552 551 1012 1011
g roof_step_or_fixture_side
f 553 552 1011 1010
g roof_step_or_fixture_side
f 554 553 1010 1009
g roof_step_or_fixture_side
f 555 554 1009 1008
g roof_step_or_fixture_side
f 556 555 1008 1007
g facade_completed
f 557 556 1007 1401 1402
g facade_completed
f 558 557 1402 1403 1006
g roof_step_or_fixture_side
f 559 558 1006 1005 303
g roof_step_or_fixture_side
f 563 299 986 985
g facade_completed
f 564 563 985 1404 1405 984
g roof_step_or_fixture_side
f 511 564 984 983
g roof_step_or_fixture_side
f 512 511 983
g facade_completed
f 518 514 1407 1408
g facade_completed
f 519 518 1408 1384
g roof_step_or_fixture_side
f 920 919 1409 526 527 516
g roof_step_or_fixture_side
f 1409 919 918 517 526
g roof_step_or_fixture_side
f 918 921 515 517
g roof_step_or_fixture_side
f 921 920 516 515
g facade_completed
f 565 510 1410 1411
g facade_completed
f 509 565 1411 1412
g facade_completed
f 510 509 1412 1410
g facade_completed
f 513 568 1413 1414
g facade_completed
f 567 513 1414 1415
g facade_completed
f 568 567 1415 1413
g facade_completed
f 573 572 1121 1122
g facade_completed
f 577 576 1416 1417
g facade_completed
f 578 577 1417 1418
g facade_completed
f 579 578 1418 1119
g roof_step_or_fixture_side
f 1186 890 586 585
g roof_step_or_fixture_side
f 890 912 587 586
g roof_step_or_fixture_side
f 912 911 575 587
g roof_step_or_fixture_side
f 911 910 576 575
g roof_step_or_fixture_side
f 914 915 589 588
g roof_step_or_fixture_side
f 915 908 590 589
g roof_step_or_fixture_side
f 908 913 591 590
g roof_step_or_fixture_side
f 913 914 588 591
g roof_step_or_fixture_side
f 907 917 594 593
g roof_step_or_fixture_side
f 917 916 592 594
g roof_step_or_fixture_side
f 916 896 532 592
g roof_step_or_fixture_side
f 896 907 593 532
g roof_step_or_fixture_side
f 933 932 596 595
g facade_completed
f 598 597 1176 1173
g roof_step_or_fixture_side
f 826 825 933 595 600 315
g roof_step_or_fixture_side
f 954 953 204 601
g roof_step_or_fixture_side
f 941 940 605 604 203
g roof_step_or_fixture_side
f 949 948 268 607 606
g roof_step_or_fixture_side
f 955 954 601 205
g roof_step_or_fixture_side
f 956 958 334 619 618 481
g facade_completed
f 623 622 229 1273 1275 180
g facade_completed
f 629 628 181 1277 1427
g facade_completed
f 630 629 1427 1428
g facade_completed
f 631 630 1428 1429
g facade_completed
f 632 631 1429 1430
g facade_completed
f 633 632 1430 1431
g facade_completed
f 634 633 1431 1432
g facade_completed
f 635 634 1432 1433 1103
g roof_step_or_fixture_side
f 636 635 1103 1102
g roof_step_or_fixture_side
f 637 636 1102 1112
g roof_step_or_fixture_side
f 638 637 1112 1111 190
g roof_step_or_fixture_side
f 967 966 213 654 657 256
g facade_completed
f 671 670 1145 1439
g facade_completed
f 672 671 1439 1440
g facade_completed
f 673 672 1440 1302
g roof_step_or_fixture_side
f 961 960 263 285
g facade_completed
f 679 255 1291 1444
g facade_completed
f 255 679 1444 1291
g facade_completed
f 682 681 252 1290 1445
g facade_completed
f 683 682 1445 1446
g facade_completed
f 684 683 1446 1447
g facade_completed
f 685 684 1447 1448
g facade_completed
f 686 685 1448 1449
g facade_completed
f 687 686 1449 1265 228
g facade_completed
f 2 695 175 1242 1142
g facade_completed
f 709 708 1452 1453
g facade_completed
f 710 709 1453 1454
g facade_completed
f 711 710 1454 1455
g facade_completed
f 712 711 1455 1456
g facade_completed
f 696 712 1456 1457
g facade_completed
f 697 696 1457 1458
g facade_completed
f 698 697 1458 1381
g facade_completed
f 707 706 138 1133 1461
g facade_completed
f 708 707 1461 1452
g facade_completed
f 715 714 135 1126 1129 137
g facade_completed
f 719 718 1462 1125 134
g facade_completed
f 718 717 130 1123 1462
g facade_completed
f 729 728 173 1239 1241 174
g roof_step_or_fixture_side
f 734 733 1367 1052 1051
g roof_step_or_fixture_side
f 735 734 1051 1050 443
g roof_step_or_fixture_side
f 745 744 437 1020 1019 468
g roof_step_or_fixture_side
f 747 746 467 1040 1039 455
g roof_step_or_fixture_side
f 770 769 458 1034 1033 409
g facade_completed
f 777 776 400 1358 1475
g facade_completed
f 766 777 1475 1476
g facade_completed
f 767 766 1476 1307 293
g roof_step_or_fixture_side
f 789 780 1345 1068 1067
g roof_step_or_fixture_side
f 781 789 1067 1066
g roof_step_or_fixture_side
f 782 781 1066 1065 474
g roof_step_or_fixture_side
f 787 786 470 1055 1054 388
g roof_step_or_fixture_side
f 786 792 1056 1055 470
g roof_step_or_fixture_side
f 792 791 1352 1057 1056
g facade_completed
f 799 798 1481 1482
g facade_completed
f 800 799 1482 1483
g facade_completed
f 801 800 1483 1353 397
g roof_step_or_fixture_side
f 807 806 476 1063 1062
g roof_step_or_fixture_side
f 808 807 1062 1073
g roof_step_or_fixture_side
f 809 808 1073 1072
g roof_step_or_fixture_side
f 810 809 1072 1071
g roof_step_or_fixture_side
f 811 810 1071 1070 383
g roof_step_or_fixture_side
f 812 811 383 1070 1101 343
g roof_step_or_fixture_side
f 820 819 336 1109 1108
g roof_step_or_fixture_side
f 821 820 1108 1107
g roof_step_or_fixture_side
f 822 821 1107 1106
g roof_step_or_fixture_side
f 823 822 1106 1105
g roof_step_or_fixture_side
f 824 823 1105 1104
g facade_completed
f 797 824 1104 1490 1491
g facade_completed
f 798 797 1491 1481
g roof_step_or_fixture_side
f 825 827 992 991 595 933
g roof_step_or_fixture_side
f 827 826 315 600 993 992
g roof_step_or_fixture_side
f 870 869 1335 1096 1095
g roof_step_or_fixture_side
f 872 870 1095 1098
g roof_step_or_fixture_side
f 1334 872 1098 1097 371
g roof_step_or_fixture_side
f 831 830 1331 1087 1086
g roof_step_or_fixture_side
f 832 831 1086 1085
g roof_step_or_fixture_side
f 833 832 1085 1089 367
g roof_step_or_fixture_side
f 843 842 355 1092 1091
g roof_step_or_fixture_side
f 844 843 1091 1090
g roof_step_or_fixture_side
f 845 844 1090 1094 353
g roof_step_or_fixture_side
f 855 854 344 1100 1099 382
g facade_completed
f 873 877 1171 1169
g roof_step_or_fixture_side
f 943 942 879 878
g facade_completed
f 1509 1510 1511 1512
g facade_completed
f 1513 1509 1512 1514
g facade_completed
f 1515 1513 1514 1516
g facade_completed
f 1517 1515 1516 1518
g facade_completed
f 910 1517 1518 1416 576
g facade_completed
f 893 892 1185 1183
g roof_step_or_fixture_side
f 1041 1045 900 899
g roof_step_or_fixture_side
f 1045 1044 901 900
g roof_step_or_fixture_side
f 1044 1043 902 901
g facade_completed
f 1523 909 1380 1524
g facade_completed
f 1510 1523 1524 1511
g roof_step_or_fixture_side
f 927 1397 541 1398 544
g roof_step_or_fixture_side
f 929 933 595 991 990
g roof_step_or_fixture_side
f 1397 926 929 990 541 1398
g facade_completed
f 939 938 1164 1162
g facade_completed
f 964 963 1299 1300 283 1303 1285 247
g facade_completed
f 978 981 1385 1541
g facade_completed
f 488 978 1541 1378
g facade_completed
f 985 984 1405 1404
g facade_completed
f 982 987 1310 1543
g facade_completed
f 514 982 1543 1407
g facade_completed
f 1007 1006 1403 1401
g facade_completed
f 1104 1103 1433 1490
g ground_assumed
f 1354 1357 1355
g ground_assumed
f 1354 1358 1357
g ground_assumed
f 1354 1475 1358
g ground_assumed
f 1354 1476 1475
g ground_assumed
f 1354 1307 1476
g ground_assumed
f 1354 1308 1307
g ground_assumed
f 1354 1309 1308
g ground_assumed
f 1354 1310 1309
g ground_assumed
f 1354 1543 1310
g ground_assumed
f 1354 1407 1543
g ground_assumed
f 1354 1408 1407
g ground_assumed
f 1354 1384 1408
g ground_assumed
f 1354 1385 1384
g ground_assumed
f 1354 1541 1385
g ground_assumed
f 1354 1378 1541
g ground_assumed
f 1354 1379 1378
g ground_assumed
f 1354 1380 1379
g ground_assumed
f 1354 1524 1380
g ground_assumed
f 1354 1511 1524
g ground_assumed
f 1354 1512 1511
g ground_assumed
f 1354 1514 1512
g ground_assumed
f 1354 1516 1514
g ground_assumed
f 1354 1518 1516
g ground_assumed
f 1354 1416 1518
g ground_assumed
f 1354 1417 1416
g ground_assumed
f 1354 1418 1417
g ground_assumed
f 1354 1119 1418
g ground_assumed
f 1354 1120 1119
g ground_assumed
f 1354 1121 1120
g ground_assumed
f 1354 1122 1121
g ground_assumed
f 1354 1123 1122
g ground_assumed
f 1354 1462 1123
g ground_assumed
f 1354 1125 1462
g ground_assumed
f 1354 1126 1125
g ground_assumed
f 1354 1129 1126
g ground_assumed
f 1354 1130 1129
g ground_assumed
f 1354 1132 1130
g ground_assumed
f 1354 1133 1132
g ground_assumed
f 1354 1461 1133
g ground_assumed
f 1354 1452 1461
g ground_assumed
f 1354 1453 1452
g ground_assumed
f 1354 1454 1453
g ground_assumed
f 1354 1455 1454
g ground_assumed
f 1354 1456 1455
g ground_assumed
f 1354 1457 1456
g ground_assumed
f 1354 1458 1457
g ground_assumed
f 1354 1381 1458
g ground_assumed
f 1354 1382 1381
g ground_assumed
f 1354 1297 1382
g ground_assumed
f 1354 1238 1297
g ground_assumed
f 1354 1239 1238
g ground_assumed
f 1354 1241 1239
g ground_assumed
f 1354 1242 1241
g ground_assumed
f 1354 1142 1242
g ground_assumed
f 1354 1143 1142
g ground_assumed
f 1354 1144 1143
g ground_assumed
f 1354 1145 1144
g ground_assumed
f 1354 1439 1145
g ground_assumed
f 1354 1440 1439
g ground_assumed
f 1354 1302 1440
g ground_assumed
f 1354 1303 1302
g ground_assumed
f 1354 1285 1303
g ground_assumed
f 1354 1286 1285
g ground_assumed
f 1354 1287 1286
g ground_assumed
f 1354 1288 1287
g ground_assumed
f 1288 1290 1289
g ground_assumed
f 1288 1445 1290
g ground_assumed
f 1288 1446 1445
g ground_assumed
f 1288 1447 1446
g ground_assumed
f 1288 1448 1447
g ground_assumed
f 1288 1449 1448
g ground_assumed
f 1288 1265 1449
g ground_assumed
f 1288 1266 1265
g ground_assumed
f 1288 1268 1266
g ground_assumed
f 1288 1270 1268
g ground_assumed
f 1288 1272 1270
g ground_assumed
f 1288 1273 1272
g ground_assumed
f 1288 1275 1273
g ground_assumed
f 1288 1276 1275
g ground_assumed
f 1288 1277 1276
g ground_assumed
f 1288 1427 1277
g ground_assumed
f 1288 1428 1427
g ground_assumed
f 1288 1429 1428
g ground_assumed
f 1288 1430 1429
g ground_assumed
f 1288 1431 1430
g ground_assumed
f 1288 1432 1431
g ground_assumed
f 1288 1433 1432
g ground_assumed
f 1288 1490 1433
g ground_assumed
f 1288 1491 1490
g ground_assumed
f 1288 1481 1491
g ground_assumed
f 1288 1482 1481
g ground_assumed
f 1288 1483 1482
g ground_assumed
f 1288 1353 1483
g ground_assumed
f 1288 1354 1353
