v 2685635.1745422934 1246514.9713178936 523.24814969560271
v 2685635.5453413031 1246514.5293468875 522.6824729907803
v 2685635.5818894072 1246514.5555865522 522.69316950430937
v 2685635.6697362559 1246514.6166283141 522.71694913846261
v 2685634.9038896575 1246515.6599703135 524.00952947886208
v 2685634.8868161663 1246515.683230147 524.03834573791278
v 2685634.9138981299 1246515.6969563966 524.0408289706279
v 2685634.8615791588 1246515.7681225203 524.12902714360746
v 2685634.8721550573 1246515.7837741929 524.13979434984287
v 2685634.9149053372 1246515.8470420425 524.18331802663556
v 2685634.9540795051 1246515.9050174449 524.22320088064146
v 2685634.8501407877 1246516.0479982628 524.39994139594251
v 2685634.8044612776 1246515.9846862366 524.35752047412745
v 2685634.7556774239 1246515.9170715204 524.31221660799474
v 2685634.7329858295 1246515.9430397642 524.34580698107629
v 2685633.1989566032 1246517.6985852625 526.61663422260187
v 2685634.761137126 1246515.6195310475 524.02682199984508
v 2685634.7611953635 1246515.6195605653 524.02682733952577
v 2685632.9931408609 1246517.9341211298 526.92130377510114
v 2685632.3903607908 1246518.7528236005 527.9362953498038
v 2685632.3905530549 1246518.7529645683 527.93635441123376
v 2685632.4103503306 1246518.7609880047 527.93625554850939
v 2685632.5358719924 1246518.8118590331 527.93562837088416
v 2685632.5778223132 1246518.8288604785 527.93541871629486
v 2685632.6011219281 1246518.8383032961 527.93530231917134
v 2685632.62415411 1246518.8115476132 527.90082918866381
v 2685634.0196488593 1246517.1904454667 525.81213555762838
v 2685632.7715444607 1246518.9073715708 527.93445075518719
v 2685632.7384150717 1246518.9529453008 527.99078503517376
v 2685632.7265626313 1246518.9692497891 528.01093924381701
v 2685632.7122825454 1246518.988893861 528.035221542199
v 2685632.7124675461 1246518.9890295297 528.03527839776905
v 2685632.8156151813 1246519.0646692996 528.06697554525113
v 2685632.9602255509 1246519.1707143476 528.11141414878057
v 2685632.8760693027 1246519.1363666055 528.11160505460225
v 2685632.8021799857 1246519.1062092732 528.11177270828603
v 2685632.7654778501 1246519.0912295806 528.11185597481028
v 2685632.6673362274 1246519.0511738374 528.11207862918388
v 2685632.6670836117 1246519.0510707349 528.11207920199922
v 2685632.6653684089 1246519.0534302446 528.11499581536259
v 2685632.6385104409 1246519.0903767596 528.16066590318735
v 2685632.6385442941 1246519.0904016572 528.16067637425215
v 2685632.6452883109 1246519.0986578139 528.16590058160068
v 2685632.6842862745 1246519.1463998873 528.19611009112998
v 2685632.7264996404 1246519.1779301101 528.2096291409099
v 2685632.6868371745 1246519.1495227495 528.19808612916745
v 2685632.8259723433 1246519.3198547575 528.30586625366072
v 2685632.7698683571 1246519.2796750634 528.28954161775721
v 2685632.6680715191 1246519.2067717595 528.25992168521122
v 2685632.7766047139 1246519.3396293335 528.34398582158713
v 2685632.7166030533 1246519.2965512185 528.32642516989813
v 2685632.7166442447 1246519.2980344405 528.32782110948438
v 2685632.7187075382 1246519.372367376 528.39778025595388
v 2685632.5661506513 1246519.189953337 528.28374346607745
v 2685632.566136458 1246519.1899363659 528.28373285649536
v 2685632.5661332398 1246519.1899407683 528.28373830553176
v 2685632.5353172459 1246519.2323321307 528.33613881870519
v 2685632.449011514 1246519.0498887135 528.1961815659896
v 2685632.4489604724 1246519.0498521586 528.19616671340793
v 2685632.4179589404 1246519.0920215447 528.24842841467205
v 2685632.4827346066 1246518.9758301151 528.11249743636779
v 2685632.4744239375 1246518.9697240251 528.10993239416234
v 2685632.4744350794 1246518.9697088466 528.10991359123761
v 2685632.4743761118 1246518.9696654791 528.10989535071349
v 2685632.4005896724 1246519.0712552848 528.23544709062855
v 2685632.3958853451 1246519.0767202049 528.24248829747387
v 2685632.4002206107 1246519.0708140442 528.23517126336696
v 2685632.4002340636 1246519.0707957172 528.23514855904887
v 2685632.3544689016 1246519.0379281642 528.22174448581029
v 2685632.3596748747 1246518.8292574864 528.02105377068722
v 2685632.3596805511 1246518.8292499264 528.0210443556856
v 2685632.359650929 1246518.8292281739 528.02103522396715
v 2685632.350734557 1246518.841301796 528.03601413223771
v 2685632.3507421454 1246518.8412915729 528.03600143240033
v 2685632.3507022616 1246518.8412618656 528.03598873985334
v 2685632.2836864549 1246518.9314887403 528.1480767597867
v 2685632.2837413601 1246518.9315543827 528.14811779419642
v 2685632.2568314793 1246518.9678071942 528.19314775876865
v 2685632.3772928957 1246518.7705725585 527.95829973332695
v 2685632.3773016743 1246518.7705605628 527.95828488178677
v 2685632.3772553187 1246518.7705265563 527.95827062493311
v 2685632.3015543534 1246518.8735724764 528.08595683840792
v 2685632.3015030604 1246518.8735112059 528.08591855455347
v 2685632.3014912023 1246518.8735272458 528.08593845936662
v 2685632.2406386598 1246518.9561778323 528.18840504751745
v 2685632.2690431532 1246518.7627797159 527.99318740718911
v 2685632.2690557684 1246518.7627652821 527.99316873653265
v 2685632.2689835262 1246518.7627359873 527.99316908126332
v 2685632.2393635851 1246518.7968273966 528.03720052971494
v 2685632.2393104872 1246518.7968058256 528.03720074530179
v 2685632.1542574572 1246518.894140715 528.16310501870453
v 2685632.2532416256 1246518.6973154568 527.93704053260149
v 2685632.2531710141 1246518.6972868401 527.93704088462266
v 2685632.1887866715 1246518.7762987865 528.03742376940158
v 2685632.1887320634 1246518.7762579978 528.03740628082778
v 2685632.1154638012 1246518.8662800214 528.15174288643186
v 2685632.2056040117 1246518.6618601333 527.9219046791701
v 2685632.2056179447 1246518.6618414763 527.92188147285742
v 2685632.2055449951 1246518.6617871379 527.92185825196407
v 2685632.1362254252 1246518.7551880439 528.03786833869617
v 2685632.1362393624 1246518.7551693337 528.03784507926798
v 2685632.1361655691 1246518.7551164816 528.03782360389914
v 2685632.0751591809 1246518.8373341351 528.13993816368134
v 2685632.0140145672 1246518.7383592504 528.0696100470476
v 2685631.9853218375 1246518.7728149444 528.11362592221167
v 2685631.9852535925 1246518.7727658874 528.11360589137905
v 2685631.985240357 1246518.7727816429 528.1136260638533
v 2685631.6815585382 1246518.6488363054 528.11431507221039
v 2685631.7105513965 1246518.6148275542 528.07060739462497
v 2685631.7313422412 1246518.5904398025 528.0392645199064
v 2685631.7314299871 1246518.5904754766 528.03926418871504
v 2685631.797640983 1246518.5126710862 527.93931700813164
v 2685631.7313567209 1246518.5904228755 528.03924274563224
v 2685631.6465375037 1246518.5295075369 528.01440019841357
v 2685630.8561858973 1246518.2077085469 528.01693289113166
v 2685630.851904172 1246518.1885484615 528.00036573978366
v 2685630.8373662806 1246518.1234940654 527.94411519915457
v 2685630.7907516486 1246517.9149011478 527.76375121216472
v 2685630.7767574773 1246517.8522793765 527.70960405059441
v 2685630.757918376 1246517.7679774384 527.63671071262024
v 2685624.1866598651 1246513.061459346 525.72427000499158
v 2685624.2760690935 1246512.9369250636 525.57076919641315
v 2685628.5013899137 1246516.0477645583 526.88095864034972
v 2685630.7372842249 1246517.6921351459 527.57257257108051
v 2685630.4564987621 1246516.4191744807 526.47044167572358
v 2685630.4564754264 1246516.4190700552 526.47035138335843
v 2685630.4503258737 1246516.4115416524 526.46558767373745
v 2685626.8518450796 1246514.7900030415 526.32824050005422
v 2685624.292954803 1246512.9134056813 525.54177923474856
v 2685624.3074109154 1246512.8932703829 525.51696048957058
v 2685624.5739998221 1246513.0886231961 525.59874872219018
v 2685624.6647964739 1246513.1551577784 525.62660471252286
v 2685624.5384090901 1246513.0620395746 525.58735059732453
v 2685624.3091723737 1246512.890816923 525.51393635668035
v 2685624.3268477037 1246512.8661977134 525.48359074830353
v 2685624.4406995419 1246512.9496989753 525.5185886453811
v 2685624.3274551039 1246512.8653516921 525.48254794418187
v 2685625.6051810002 1246511.0856620492 523.28890460059461
v 2685625.8081040052 1246511.1894453086 523.30840002886828
v 2685625.9252604847 1246511.2493640017 523.3196556070684
v 2685626.3414333574 1246511.4622121083 523.35963859544881
v 2685626.4116494679 1246511.4981234961 523.36638442328194
v 2685626.4548732103 1246511.5202299636 523.3705371065879
v 2685626.5225890004 1246511.5548626252 523.37704276022919
v 2685626.3705265396 1246511.3668361288 523.25746963278777
v 2685629.705135698 1246513.0569485801 523.5632268148147
v 2685629.7368258936 1246513.1987569835 523.68584424449602
v 2685634.414095086 1246515.4436363254 523.99500097739542
v 2685634.4140648339 1246515.4435943954 523.99497288236398
v 2685634.5413822774 1246515.2942504736 523.80303769174236
v 2685634.6029199786 1246515.222066531 523.7102676533392
v 2685634.6796770012 1246515.3337461678 523.78658909859405
v 2685634.6212118417 1246515.4123933122 523.88431133515894
v 2685634.7029753495 1246515.5333984604 523.96755408762999
v 2685634.7655967437 1246515.4587573742 523.87202129719469
v 2685634.7897667224 1246515.4939242071 523.89605420322346
v 2685632.4827879127 1246518.9758518715 528.11249731555586
v 2685632.4827438029 1246518.9758194315 528.11248367213534
v 2685632.2837541169 1246518.9315371972 528.14809644693003
v 2685632.0140801715 1246518.7384062326 528.06962913637994
v 2685632.0140928524 1246518.7383911177 528.06960978980146
v 2685631.7976904339 1246518.5126911514 527.93931678317142
v 2685631.7976491242 1246518.5126615369 527.93930473530213
v 2685634.3266194663 1246515.5461681958 524.12679962087839
v 2685634.7611580598 1246515.6195053584 524.02678936082566
v 2685632.6548976791 1246519.0678340327 528.13280053847097
v 2685634.4140489856 1246515.4436129848 523.99499677293056
v 2685632.4489700487 1246519.0498391327 528.19615056938801
v 2685632.2393197855 1246518.7967951847 528.03718698106934
v 2685632.2531831735 1246518.6972719177 527.93702192651699
v 2685632.188798089 1246518.7762847734 528.03740596734156
v 2685632.7450120021 1246512.5188540558 521.86290219652244
v 2685635.3270679014 1246514.3726377785 522.61859103726715
v 2685635.3708071839 1246514.4040403406 522.63139218900744
v 2685635.5156459683 1246514.5080271598 522.67378207360309
v 2685635.7793321125 1246514.7697776807 522.81991590586506
v 2685635.0537867281 1246515.7678574973 524.05365564493786
v 2685635.0002308339 1246515.7407132415 524.04874499463676
v 2685639.6872964012 1246524.1634463503 525.67507209731207
v 2685640.4222506867 1246524.7020110979 525.43553250574075
v 2685640.394735483 1246524.7403358461 525.48148167545992
v 2685640.2381365621 1246524.6281852247 525.53416695077317
v 2685640.2499726242 1246524.6249928228 525.52280667442233
v 2685640.1938343155 1246524.5964575806 525.54907179297572
v 2685640.2306966446 1246524.6236165692 525.53715025442568
v 2685640.2070071986 1246524.6219252069 525.55477796925459
v 2685640.1548390882 1246524.6182005438 525.59359713741503
v 2685640.1408960484 1246524.6172050354 525.60397237859456
v 2685640.1211633757 1246524.6157961877 525.6186558005802
v 2685640.1017186218 1246524.6144078989 525.63312497816332
v 2685639.9947525482 1246524.6067707941 525.71272022257153
v 2685637.1520570801 1246522.4834901383 526.6138116530235
v 2685637.1520700133 1246522.4834591353 526.61378184267051
v 2685637.1730782399 1246522.4330986084 526.56535822930698
v 2685637.1730825496 1246522.4330883289 526.56534832897455
v 2685637.1735490835 1246522.43343581 526.56519982190468
v 2685636.5033904989 1246521.9327718848 526.77756315085014
v 2685636.3420819631 1246521.8141388192 526.82986673220762
v 2685636.5026825056 1246521.9337580199 526.77874546884038
v 2685636.5004008203 1246521.9369360798 526.78255578040319
v 2685633.7001033854 1246519.8752521917 527.68913134931825
v 2685633.9153293134 1246520.0294030209 527.61673053569939
v 2685634.7115340815 1246520.5996669873 527.34889154887844
v 2685637.1957034376 1246522.3788619104 526.51320752612128
v 2685637.1966771185 1246522.3765278212 526.51096320844567
v 2685637.2088734866 1246522.3472909376 526.48285079575305
v 2685637.2194655831 1246522.3218997405 526.45843617598041
v 2685637.2283517197 1246522.3005980609 526.43795377954382
v 2685632.712467575 1246518.9890295463 527.90828069898873
v 2685632.7122825454 1246518.988893861 527.90834094250124
v 2685632.7265626127 1246518.9692497882 527.88464942089036
v 2685632.738415027 1246518.9529453143 527.86498555990408
v 2685637.3122082688 1246520.8062042778 525.4268733756503
v 2685637.2340638097 1246520.9150483455 525.55737115335819
v 2685637.7417225572 1246521.069955122 525.25464253677092
v 2685637.7551887995 1246521.0376740184 525.22360302194488
v 2685637.7946352786 1246520.9431137403 525.13267959446841
v 2685638.5709209209 1246521.2577243005 524.71891396895148
v 2685638.6253510644 1246521.3382776368 524.72688774941275
v 2685638.655849956 1246521.3834141439 524.73135569467297
v 2685638.7178412564 1246521.408654473 524.69838768652608
v 2685638.6842970951 1246521.3621620536 524.69546591886592
v 2685638.8765151356 1246521.4400470357 524.5930019198405
v 2685638.9082124424 1246521.4861658723 524.59714512357289
v 2685638.9272193396 1246521.513820387 524.59962949671137
v 2685638.9641678268 1246521.5675797525 524.60445920716006
v 2685639.015367208 1246521.6420735377 524.61115148717147
v 2685640.7779439199 1246524.2065812375 524.84154059388163
v 2685640.4280209839 1246524.6939738984 525.42589636614287
v 2685640.2318746871 1246524.6237006709 525.53627364799524
v 2685636.5269682575 1246521.8999314364 526.7381893411947
v 2685637.1956917904 1246522.3788898306 526.51323437241513
v 2685632.9602255509 1246519.1707143476 527.82761316817277
v 2685637.7230829201 1246521.1146377106 525.29760658961652
v 2685637.5782302166 1246522.7232541579 526.42905113835161
v 2685637.1755714323 1246522.4271219757 526.55961146333129
v 2685635.0244473494 1246520.8943249823 527.28823172969715
v 2685636.4935660427 1246521.9464559502 526.79396955770903
v 2685636.4724467495 1246521.9758721085 526.8292378403022
v 2685632.5778223132 1246518.8288604785 527.91327705080016
v 2685633.1744906539 1246518.0159964659 526.92838131302142
v 2685633.5864158412 1246517.5026449615 526.27867597804379
v 2685634.7329858025 1246515.9430397705 524.38760469435579
v 2685634.7556774239 1246515.9170715204 524.35327552588865
v 2685634.8501407877 1246516.0479982628 524.3615034374485
v 2685639.3618452465 1246517.951352773 522.00407059754639
v 2685639.7302871388 1246517.4381658512 521.38878899139627
v 2685642.5914310152 1246519.4262765972 520.38766987688962
v 2685642.5976206153 1246519.5913723323 520.48717365255584
v 2685642.604689389 1246519.7799171894 520.60081026320404
v 2685642.6717552794 1246521.5687725581 521.67895968197877
v 2685641.9204626563 1246522.615215855 522.93358501597413
v 2685638.8208111194 1246521.3589990004 524.58572076168059
v 2685638.0742646577 1246520.2727914411 524.48813852848104
v 2685638.0098066237 1246520.4273090302 524.63671322386801
v 2685637.3448015088 1246520.7608065503 525.37244411084498
v 2685632.7715444607 1246518.9073715708 527.81002180420683
v 2685634.0196488593 1246517.1904454667 525.73934034605065
v 2685632.6241540904 1246518.8115475758 527.86576235273651
v 2685632.6011219518 1246518.8383032826 527.90085818249463
v 2685639.2725529629 1246518.0757241687 522.15318474857213
v 2685637.7964946572 1246520.1316625215 524.61813660185339
v 2685638.6000141171 1246519.0124747031 523.27629476918594
v 2685637.8034712453 1246520.1219451318 524.60648601017806
v 2685637.888852532 1246520.0030211969 524.46390305098555
v 2685636.5338084758 1246521.8904039902 526.72676648112008
v 2685636.5293648378 1246521.8965933435 526.73418715939761
v 2685633.7540542306 1246519.8518330033 527.63174225275111
v 2685632.6673362274 1246519.0511738374 527.98319454734371
v 2685632.7654778189 1246519.0912296076 527.93106223778011
v 2685633.7873599613 1246519.8400512296 527.59800580237834
v 2685632.8021799857 1246519.1062092732 527.91156620128072
v 2685632.8760692608 1246519.1363666095 527.87231657799623
v 2685636.5673783212 1246521.8436459906 526.6707063286957
v 2685636.5515874377 1246521.8656404342 526.69707640160459
v 2685636.5359486588 1246521.8874230206 526.72319246943437
v 2685634.5413823011 1246515.2942504329 524.12860446002571
v 2685632.5916284057 1246512.4087324995 523.84297424562635
v 2685632.7450120021 1246512.5188540558 523.79154373590768
v 2685634.6029199692 1246515.2220664902 524.03439373682454
v 2685635.1863978519 1246515.8350700857 523.96147575529187
v 2685636.0236014831 1246514.8625171236 522.68576461386488
v 2685639.3631645017 1246517.1830649229 521.51724582691998
v 2685639.0983742313 1246517.8178151913 522.12758299707718
v 2685639.0403306992 1246517.9569560031 522.26137233850511
v 2685635.0962516442 1246515.9397900826 524.09883841998555
v 2685630.3490411984 1246521.5253661524 524.84366545351668
v 2685630.3503392325 1246521.5355248391 524.834679409366
v 2685630.2438821727 1246521.6681942891 524.67087760793572
v 2685630.3571751304 1246521.5270057674 524.84519757422777
v 2685630.3504144368 1246521.536113709 524.83415849940559
v 2685633.646830915 1246525.9115513063 521.99402530322413
v 2685633.5086999168 1246526.1039480537 521.76259744167612
v 2685629.9386607669 1246523.5408430235 522.80946286698588
v 2685630.4604680287 1246523.0989343228 523.4180019384703
v 2685630.5000412138 1246523.1250063786 523.40857955690262
v 2685630.5000412138 1246523.0000013618 523.52516645620869
v 2685629.4216680992 1246523.1676827804 522.96291621312457
v 2685630.0955141 1246522.2510935136 524.07139171352105
v 2685630.1378011042 1246522.2946801044 524.04665564955428
v 2685629.8494185745 1246522.6963557701 523.56349290525657
v 2685629.9628497506 1246522.7710877568 523.53648495557286
v 2685630.2357664849 1246522.3956562101 523.98935014757842
v 2685630.5000411659 1246522.6680527492 523.83476088878422
v 2685630.5000412138 1246522.5075394383 523.98446489278615
v 2685630.5000412138 1246522.374976279 524.10810095169779
v 2685630.5143570071 1246522.3702056038 524.11793830883539
v 2685630.6708921455 1246522.3180406375 524.22550456698434
v 2685630.8485652613 1246522.2588315327 524.34759617090799
v 2685630.4301009085 1246522.1283245306 524.31181960320509
v 2685631.4261377836 1246520.7581493158 525.96459661987774
v 2685631.4028460393 1246520.653922739 526.05303817064919
v 2685631.3718081238 1246520.5150330444 526.17089316756721
v 2685631.364411809 1246520.481935831 526.198977834125
v 2685631.3276894982 1246520.3176094629 526.33841713885647
v 2685632.3958852896 1246519.0767202175 527.89777261463587
v 2685632.4005896724 1246519.0712552848 527.90464008658125
v 2685632.4179589525 1246519.0920214916 527.89180949525564
v 2685632.5353172156 1246519.2323321465 527.80511710597818
v 2685632.7209820352 1246519.4543083326 527.66796685476072
v 2685632.7187075363 1246519.3723674186 527.74353364389322
v 2685632.7166442252 1246519.2980344894 527.81208427175102
v 2685632.7249728749 1246519.304015941 527.80964022898013
v 2685632.7795051131 1246519.3431798075 527.79363771840042
v 2685632.8790339022 1246519.4146591602 527.76443100340191
v 2685632.9380120272 1246519.4570159267 527.74712388187595
v 2685633.2833809904 1246519.7050522855 527.64577530642111
v 2685633.2834370802 1246519.7035089813 527.64723579084273
v 2685632.9350404288 1246519.4533780522 527.7493983702575
v 2685632.8259723508 1246519.3198547806 527.83288058350502
v 2685632.6868371745 1246519.1495227495 527.93937659655182
v 2685632.7264996404 1246519.1779301101 527.92780977651978
v 2685633.7001033854 1246519.8752521917 527.64387636933168
v 2685637.068417273 1246522.3551310729 526.59871032161186
v 2685639.9947525482 1246524.6067707941 525.60006843983967
v 2685639.2546894662 1246524.5539322763 525.37081555822965
v 2685639.2500170921 1246524.5000485461 525.41931212431655
v 2685639.0886602472 1246524.5420782361 525.31938389246545
v 2685638.4999869927 1246524.5000485461 525.13702776195294
v 2685638.8954277621 1246524.5924107858 525.19971508923595
v 2685638.587914031 1246524.6725109357 525.00927195141139
v 2685638.5718987728 1246524.6766825323 524.99935371170284
v 2685638.5109183518 1246524.7616195467 524.89718570824721
v 2685636.8475848627 1246524.2431918567 524.75468239746874
v 2685636.8356233812 1246524.2285483964 524.76383786269901
v 2685637.0181188639 1246524.1829371669 524.87506226765436
v 2685636.7232471467 1246524.0909751805 524.84985221563738
v 2685636.644424533 1246524.066392682 524.84311327616933
v 2685636.6398789161 1246524.0649750358 524.84272464802325
v 2685636.6357543007 1246524.0636886873 524.84237201455312
v 2685636.5411675037 1246523.947903167 524.91476120939342
v 2685636.5425395807 1246523.944614128 524.91834515786354
v 2685636.5425524772 1246523.9445831282 524.91837892272554
v 2685636.5632124185 1246523.8950575555 524.97234499236356
v 2685635.781573521 1246522.9381598183 525.57062231718044
v 2685636.4935660427 1246521.9464559502 526.76351101305511
v 2685635.0244473494 1246520.8943249823 527.1918656730835
v 2685636.4724467495 1246521.9758721085 526.72812726129928
v 2685636.0138607076 1246522.6146169517 525.95980162828903
v 2685635.9999712622 1246522.6250340363 525.94485856576239
v 2685635.3482790287 1246522.4077121823 525.90227195345813
v 2685635.2499933927 1246522.287388975 525.97750114708606
v 2685635.2499958952 1246522.313457621 525.95318896440574
v 2685635.2081030146 1246522.2945722837 525.95503554617096
v 2685635.1802995377 1246522.2820384733 525.9562610731864
v 2685635.135082073 1246522.2616544417 525.95825417070705
v 2685635.1067495849 1246522.248882062 525.9595030998338
v 2685635.0291557643 1246522.2139027626 525.96292329080609
v 2685635.5063270945 1246522.7843967967 525.61043773311269
v 2685635.5066357763 1246522.7433077758 525.6488759040692
v 2685635.7263927683 1246523.0150187248 525.47817120987429
v 2685635.2108744807 1246523.7330620545 524.61445997706471
v 2685636.4674152769 1246524.1247006212 524.7221120044203
v 2685636.6766318008 1246524.1899092151 524.74003628034404
v 2685636.7376541058 1246524.2653581533 524.69263484454166
v 2685636.7024079766 1246524.3094158305 524.63827873346577
v 2685636.7973517934 1246524.3391693372 524.64626233406545
v 2685636.8101107483 1246524.3431677385 524.64733520578636
v 2685636.8826298169 1246524.365893763 524.65343317319366
v 2685636.8834478888 1246524.3661501354 524.65350195790404
v 2685636.8992633149 1246524.3711063382 524.65483187375003
v 2685636.9702403732 1246524.393349143 524.66080016200772
v 2685638.4437840758 1246524.8551280035 524.7847073927544
v 2685637.961522867 1246525.5268489721 523.97671583820704
v 2685637.6291604294 1246525.2882297866 524.07417660226326
v 2685638.1399011863 1246525.9197649441 523.67739489293115
v 2685638.1256404165 1246525.9159818185 523.67555601292884
v 2685638.0581890796 1246525.8980883735 523.66685821571832
v 2685637.5000075991 1246525.7500141105 523.59488138649283
v 2685637.5000075991 1246525.3749990601 523.94464208336967
v 2685637.0685369214 1246525.6902503234 523.4882304966693
v 2685637.9018675447 1246526.2885389754 523.24386762476229
v 2685637.5465387516 1246526.7834612245 522.64854156655531
v 2685636.9999875333 1246526.6250492272 522.59058351748251
v 2685638.3662809758 1246527.4585360384 522.32744930070589
v 2685638.8148909351 1246526.8336864535 523.0790607750331
v 2685638.8603090495 1246526.8898420851 523.04378053413814
v 2685638.3067394309 1246527.6664622563 522.11111600301638
v 2685637.4192624935 1246528.9115314428 520.61587815157179
v 2685635.1501497384 1246527.2824248495 521.28126460605063
v 2685635.1470279437 1246523.8219911596 524.50749001554414
v 2685633.712266448 1246525.8204089571 522.10365750434414
v 2685634.806099317 1246521.823972774 526.2426440940352
v 2685634.8249717453 1246521.820827374 526.2526805794987
v 2685634.8636220796 1246521.8143856195 526.27323512880002
v 2685633.277299617 1246519.8723784781 527.4874284236214
v 2685633.2760913293 1246519.9056239435 527.45596702715511
v 2685633.2745102905 1246519.9491251179 527.41480027208229
v 2685632.5521116299 1246524.6239045861 522.78294603253175
v 2685633.3128070226 1246523.5643645742 524.05743264364207
v 2685632.9263090366 1246523.2868788412 524.17076792112266
v 2685632.4999761377 1246523.5000452907 523.81150020347991
v 2685632.7340895794 1246523.1488751285 524.22713366325354
v 2685632.7798881256 1246523.0801773088 524.30844214321746
v 2685632.8377377191 1246522.9934029183 524.41114545929474
v 2685632.9007697781 1246522.898854831 524.52304946802042
v 2685633.3944363501 1246523.0528151842 524.5652554976308
v 2685633.2538642758 1246523.1231012209 524.44679640546372
v 2685633.4759742757 1246523.1923284833 524.46582527978921
v 2685633.4632231495 1246523.2943207168 524.3659023667891
v 2685633.6952495347 1246523.3670331035 524.38541298300186
v 2685634.7156239729 1246521.8390520415 526.1945286313836
v 2685634.7681966056 1246521.830289911 526.22248714941747
v 2685633.271451395 1246520.0332896106 527.33515234636582
v 2685633.2686946867 1246520.1091397349 527.26337261249228
v 2685633.6623056545 1246523.1363558872 524.58815698708395
v 2685633.5000162711 1246521.9999850909 525.5869221428884
v 2685634.3398297313 1246521.9031541394 525.99330787145732
v 2685634.0000363374 1246521.7499750573 526.00828551536813
v 2685634.0000261767 1246521.624971336 526.12486738223095
v 2685632.9999962049 1246521.7499750573 525.63190636555009
v 2685632.9999962049 1246522.7500151908 524.69921117318415
v 2685632.5069403248 1246522.7760307931 524.48937901430941
v 2685632.40756462 1246522.9144469528 524.32288266649311
v 2685632.5288089477 1246523.0014941616 524.28732941658814
v 2685631.9840055611 1246522.830763774 524.24151803083532
v 2685631.882177759 1246522.7988530381 524.23295550345222
v 2685631.8573698546 1246522.6878419558 524.32715404755743
v 2685631.8454004889 1246522.6841113251 524.32612861119753
v 2685631.8530964549 1246522.6687192554 524.34338062892687
v 2685631.9632774829 1246522.4483573171 524.5903710788549
v 2685632.1470207963 1246522.0808706894 525.00226471043413
v 2685632.300939024 1246521.866484588 525.26014285987162
v 2685631.7500306405 1246521.1250107146 525.74434211565392
v 2685632.249966105 1246521.8749800741 525.23303510388041
v 2685631.9576550242 1246522.344630158 524.68499692655803
v 2685631.8298910535 1246522.5648786696 524.43149467824207
v 2685631.3901678612 1246522.4277416994 524.39390053926854
v 2685631.2702375213 1246522.5048445431 524.27685250484751
v 2685631.163324188 1246522.5735787936 524.17250863827678
v 2685631.8007833296 1246522.7733456241 524.22611125448327
v 2685631.7499460378 1246522.8750202076 524.1121503366054
v 2685631.1481390777 1246523.1759432706 523.60499360335484
v 2685631.0435344856 1246523.2282489713 523.5168408785878
v 2685631.2884763945 1246523.4807185803 523.37356046565662
v 2685631.2499867119 1246523.4999606889 523.34112803154346
v 2685632.3250537165 1246524.9401638221 522.40252796574646
v 2685632.486389311 1246524.7154463874 522.67283334346939
v 2685637.1520570801 1246522.4834901383 526.51047425949969
v 2685637.2016139221 1246525.5048930738 523.71119077237722
v 2685637.0000482732 1246526.9999796748 522.2409245859418
v 2685636.4264373095 1246524.2229322365 524.61507289158749
v 2685631.2294566031 1246524.1535812793 522.72379691909873
v 2685637.152070032 1246522.4834590917 526.51050808997502
v 2685634.588246712 1246521.6077970318 526.36227019127568
v 2685632.2115305546 1246524.2726525466 522.98236150234868
v 2685631.3929923577 1246523.4284682062 523.46162823357338
v 2685631.9595800047 1246523.1452153537 523.93904942347376
v 2685638.8450469258 1246526.7916834662 523.12958481797716
v 2685638.4493588866 1246526.3817368778 523.36300193501688
v 2685638.4794948334 1246526.3396752882 523.41357308942099
v 2685638.4797394816 1246526.339333832 523.41398362827545
v 2685638.4867579653 1246526.3295379311 523.42576135580009
v 2685638.5100059737 1246526.297090031 523.4647738564363
v 2685638.5171548072 1246526.2871122018 523.47677032027741
v 2685638.8844646788 1246526.7367801664 523.19562623229797
v 2685638.8813531436 1246526.7411140907 523.19041309382521
v 2685638.854048586 1246526.7791454387 523.144666407047
v 2685638.8510726914 1246526.7832904339 523.13968052630037
v 2685636.5033904989 1246521.9327718848 526.779971134373
v 2685637.173369383 1246522.432400763 526.56614434549056
v 2685637.1755714323 1246522.4271219757 526.57189642094397
v 2685637.5782302166 1246522.7232541579 526.44725273085692
v 2685637.2185234288 1246522.4656448495 526.55213335041947
v 2685623.2698550611 1246515.2156646526 523.34175269711295
v 2685629.3051202595 1246521.4364088646 524.08474353454221
v 2685629.0754264779 1246521.7058406803 524.08281907488299
v 2685626.1189202457 1246520.7837917299 523.82949608028264
v 2685621.1943662437 1246517.2292968896 523.30244947705717
v 2685622.7827770603 1246515.0168675371 523.29757703770679
v 2685634.4140648339 1246515.4435943954 524.12754817183043
v 2685634.4140489856 1246515.4436129848 524.12754803852067
v 2685629.705135698 1246513.0569485801 523.67627599185062
v 2685628.9809802515 1246509.8164722857 523.45728167830362
v 2685631.8297865521 1246511.8617691174 523.76160323817874
v 2685628.9318343294 1246521.874274903 524.08161600639573
v 2685628.4358171583 1246522.4561052271 524.07746019031049
v 2685626.6305934801 1246521.1531124595 523.8842575144688
v 2685633.6793520981 1246523.2557172417 524.48323563618294
v 2685633.6952495459 1246523.3670330888 524.49013493270854
v 2685633.4632231495 1246523.2943207168 524.47023593830556
v 2685633.4897019682 1246523.08252578 524.46104844332308
v 2685633.662305641 1246523.1363558227 524.47583767992876
v 2685638.7178412564 1246521.408654473 524.73698144663331
v 2685638.6246588007 1246521.2795030165 524.72378640934335
v 2685638.8208110868 1246521.3589990067 524.7415472277163
v 2685638.8765151356 1246521.4400470357 524.74963517548701
v 2685638.6842970951 1246521.3621620536 524.73223144812926
v 2685629.9392157947 1246522.0899917639 524.05207253428614
v 2685629.9392514457 1246522.0900285116 524.05207693767409
v 2685629.8790609697 1246522.1711165835 523.95356322753969
v 2685629.8746231678 1246522.1697258994 523.95098925670493
v 2685629.779515502 1246521.9254257225 524.03231904227607
v 2685629.2376545626 1246523.0348636112 522.90399649766425
v 2685629.7655676585 1246521.7500536216 524.13304469872753
v 2685630.294770489 1246521.1006201738 524.95878031315317
v 2685629.7093601665 1246521.6920850566 524.12612322591553
v 2685628.7218466271 1246522.662558496 522.73887802804506
v 2685628.4358171583 1246522.4561052271 522.64731536570071
v 2685628.998019265 1246521.7966396818 523.50515523061222
v 2685629.0754264779 1246521.7058406803 523.6232675466066
v 2685629.4313689503 1246521.816848862 523.83005787467926
v 2685629.5439861212 1246521.6826157167 524.00325267849803
v 2685629.6164405891 1246521.5962541564 524.11468097447857
v 2685630.2600750881 1246520.8290790012 525.10453143184816
v 2685630.2860222016 1246521.0321520856 524.99553093255327
v 2685630.2860221788 1246521.0321521189 524.99553089297694
v 2685630.5547709214 1246520.7245956238 525.40071141906105
v 2685630.6045621415 1246520.7204463556 525.44216019300882
v 2685631.2427029605 1246519.9373250892 526.43787595684842
v 2685631.193386503 1246519.7166256919 526.53987824794365
v 2685631.105713787 1246519.324304732 526.72119508829633
v 2685631.6815585382 1246518.6488363054 527.59985167385241
v 2685631.9852403174 1246518.7727816722 527.75767633129954
v 2685631.9853218375 1246518.7728149444 527.75771869776531
v 2685632.0751591716 1246518.8373341248 527.78668359302969
v 2685631.410714834 1246519.7311422713 526.70003137172625
v 2685632.1154638012 1246518.8662800214 527.79967840322979
v 2685632.1542573958 1246518.8941407213 527.81218603500417
v 2685632.2406386244 1246518.9561778363 527.84003660962787
v 2685631.3068677681 1246520.22443565 526.30518648445036
v 2685631.2461123103 1246519.9525649908 526.43083546654304
v 2685630.6799503593 1246520.7141640042 525.5049172235897
v 2685630.9637091444 1246520.690517439 525.74113263429263
v 2685630.7097362666 1246521.0354661338 525.32367446596879
v 2685630.7990660323 1246520.931694611 525.45933447240282
v 2685630.3571751816 1246521.5270056978 524.73609222889149
v 2685630.3503392325 1246521.5355248391 524.72534303197119
v 2685630.3504144368 1246521.536113709 524.72502692433318
v 2685630.3860263191 1246521.8148276682 524.57542577714105
v 2685630.2069858126 1246522.0587413718 524.28066458276453
v 2685630.2313408707 1246522.0663370294 524.29481402210172
v 2685630.2888606172 1246522.0842757809 524.32823101334589
v 2685630.2215735731 1246522.177997021 524.21614703957209
v 2685630.3621427459 1246522.2218096133 524.29782999393524
v 2685630.3025248195 1246522.3038216417 524.19917458698501
v 2685630.3025068664 1246522.3038160156 524.19916417424315
v 2685630.3025194234 1246522.3038289831 524.19916571042984
v 2685630.2357664849 1246522.3956562101 524.08870327280385
v 2685629.9628497744 1246522.7710878046 523.63708224930861
v 2685629.8494185745 1246522.6963557701 523.5962266402513
v 2685630.1378011042 1246522.2946801044 524.07660232535727
v 2685630.0785944238 1246522.2336538529 524.06928895726867
v 2685630.0785840391 1246522.2336431122 524.06928769811634
v 2685629.9392668991 1246522.0900076923 524.05210223007612
v 2685630.2438821727 1246521.6681942891 524.55794460827042
v 2685629.779574269 1246521.9254440495 524.03235318311329
v 2685629.7795332833 1246521.9254018038 524.03234812046685
v 2685630.3490411984 1246521.5253661524 524.73079573016105
v 2685630.7372842249 1246517.6921351459 527.47265345636708
v 2685628.5013899137 1246516.0477645583 526.77633123433964
v 2685624.2760690935 1246512.9369250636 525.46258281043401
v 2685624.292954803 1246512.9134056813 525.49071032774702
v 2685626.8518450796 1246514.7900030415 526.29100693689611
v 2685623.2790197646 1246515.0602715444 523.33428174751759
v 2685622.9759908882 1246514.7477482767 523.29696633008541
v 2685624.1343020159 1246513.1343863499 525.2264330787408
v 2685624.1528884447 1246513.1084981095 525.25739358253986
v 2685624.1866598651 1246513.061459346 525.313648617166
v 2685630.7579183434 1246517.7679774333 527.44047439931921
v 2685630.7767574578 1246517.8522793662 527.4015130354727
v 2685630.7907516537 1246517.9149010894 527.37257149441155
v 2685630.8373663211 1246518.1234940456 527.27616722372261
v 2685630.8519041557 1246518.1885484573 527.24610138045273
v 2685630.8561858712 1246518.2077085325 527.23724625481566
v 2685623.3788695871 1246515.1632498254 523.3465774001138
v 2685623.3745475193 1246515.1587922804 523.34604521193967
v 2685630.8628693717 1246518.2376159923 527.22342410551391
v 2685630.8707712614 1246518.2729756483 527.20708212580257
v 2685623.4749422017 1246515.2623325537 523.35840792142687
v 2685623.4331567585 1246515.2192378656 523.35326242515828
v 2685630.8818230196 1246518.3224304449 527.18422587105806
v 2685629.3782621077 1246521.3506131533 524.08535132913698
v 2685623.5343732978 1246515.3236257222 523.36572635320329
v 2685631.3276750068 1246520.3175445108 526.26215488834146
v 2685632.3544688798 1246519.0379281756 527.87673719725103
v 2685632.4001619834 1246519.0707439515 527.89146933353834
v 2685632.4002206107 1246519.0708140442 527.89147042605339
v 2685632.3958853451 1246519.0767202049 527.88433307266996
v 2685631.3276894982 1246520.3176094629 526.26212485198664
v 2685636.9310464347 1246522.1817239076 526.58546219266952
v 2685636.7754465556 1246522.0778985047 526.63575343407615
v 2685636.5269682575 1246521.8999314364 526.70819492800069
v 2685634.7115340815 1246520.5996669873 527.23746756151093
v 2685632.6548976791 1246519.0678340327 527.79902618524125
v 2685632.6653683735 1246519.0534302634 527.78180876555996
v 2685633.7540542306 1246519.8518330033 527.47647733323925
v 2685636.5293648378 1246521.8965933435 526.70422742132121
v 2685636.5673783212 1246521.8436459906 526.6412966131395
v 2685632.8760692608 1246519.1363666095 527.67642243751527
v 2685632.9602255216 1246519.170714383 527.63512029596893
v 2685636.5804299726 1246521.8254669046 526.61968978014295
v 2685636.5338084758 1246521.8904039902 526.69687103896467
v 2685636.5359486504 1246521.8874230308 526.69332800721679
v 2685636.5515874359 1246521.8656404372 526.66743820978786
v 2685636.5026825056 1246521.9337580199 526.74839966258196
v 2685636.5033904989 1246521.9327718848 526.74722758757184
v 2685637.1733693634 1246522.4324007337 526.56468773850838
v 2685637.068417273 1246522.3551310729 526.59392741955185
v 2685636.5004008203 1246521.9369360798 526.75217696019149
v 2685639.6872964012 1246524.1634463503 525.78683119937284
v 2685640.4280209839 1246524.6939738984 525.57087996536541
v 2685640.4222506867 1246524.7020110979 525.58043261347882
v 2685640.1938312817 1246524.596455408 525.68456361665278
v 2685640.2318746685 1246524.6237006772 525.6734708357036
v 2685640.2499726242 1246524.6249928228 525.66064748163978
v 2685640.2381365621 1246524.6281852247 525.67164498360569
v 2685640.394735483 1246524.7403358461 525.62598366193902
v 2685640.3927918039 1246524.7430431133 525.62920139600749
v 2685640.384713389 1246524.754295192 525.64257510378286
v 2685640.3692246978 1246524.7758687257 525.66821642223874
v 2685640.3647906808 1246524.7820446782 525.67555687824517
v 2685640.3606603625 1246524.7877976212 525.6823945637916
v 2685640.3515493684 1246524.8004879353 525.69747769217258
v 2685640.3175349883 1246524.8478651077 525.75378803889168
v 2685640.0803868454 1246524.6707332022 525.81821847769686
v 2685640.1515654274 1246524.6515350183 525.7520827290175
v 2685640.1017186218 1246524.6144078989 525.76569325324522
v 2685640.1211633654 1246524.6157961846 525.75191561794611
v 2685640.1408960279 1246524.6172050468 525.73793399059798
v 2685640.1548390766 1246524.6182005655 525.72805462005715
v 2685640.2070071986 1246524.6219252069 525.69109074670428
v 2685640.2306966446 1246524.6236165692 525.67430552663018
v 2685633.1744906539 1246518.0159964659 526.72665250231887
v 2685632.5358720394 1246518.8118590061 527.72331870953087
v 2685632.4103503493 1246518.7609879775 527.78515479256487
v 2685632.3905530628 1246518.7529645965 527.79490758236648
v 2685632.3903607908 1246518.7528236005 527.79496151241233
v 2685632.9931408609 1246517.9341211298 526.81057297035261
v 2685633.1989566032 1246517.6985852625 526.50291749591383
v 2685634.5024570557 1246516.2068572405 524.55443169515445
v 2685634.7329858025 1246515.9430397705 524.20983496836232
v 2685633.5864158412 1246517.5026449615 526.08377754480523
v 2685637.3122082688 1246520.8062042778 525.40824069063376
v 2685632.738415027 1246518.9529453143 527.66169495665474
v 2685632.7715444607 1246518.9073715708 527.60721877931257
v 2685637.3448015088 1246520.7608065503 525.35428302159335
v 2685637.7964946572 1246520.1316625215 524.60651111303025
v 2685634.9198871343 1246516.1446671532 524.19916830267971
v 2685634.8501408077 1246516.0479983231 524.18929185453862
v 2685634.9540795051 1246515.9050174449 524.01838090619481
v 2685635.0002308339 1246515.7407132415 523.8772937449703
v 2685635.0537867197 1246515.7678574629 523.85442794087282
v 2685634.9149075286 1246515.8470452856 524.0104543725862
v 2685634.8721550726 1246515.7837742334 524.00180332127536
v 2685634.8615791588 1246515.7681225203 523.99966326224501
v 2685634.913898123 1246515.6969564508 523.91415369399374
v 2685634.8868161663 1246515.6832301803 523.92571634913725
v 2685634.9038896458 1246515.6599703219 523.89778840382155
v 2685635.6697362559 1246514.6166283141 522.64505495191338
v 2685635.8080482483 1246514.7127365738 522.60282063668035
v 2685635.8189979014 1246514.720345123 522.59947710715051
v 2685636.0236014831 1246514.8625171236 522.53700028951391
v 2685635.1863978519 1246515.8350700857 523.79780939032628
v 2685635.0962516442 1246515.9397900826 523.93356747212397
v 2685635.7793321125 1246514.7697776807 522.66138193427696
v 2685638.8208111194 1246521.3589990004 524.62715248968459
v 2685638.5709209209 1246521.2577243005 524.75025656142827
v 2685638.0098615941 1246520.4273903826 524.6367249978274
v 2685638.8765151515 1246521.4400470338 524.63752503863179
v 2685641.9204626563 1246522.615215855 523.10016292644934
v 2685641.8880882557 1246522.6603087711 523.15375831060146
v 2685641.8663433478 1246522.6905963197 523.18975671094825
v 2685641.8567464338 1246522.7039634506 523.2056442731066
v 2685641.8339082068 1246522.7357738386 523.24345264919236
v 2685641.8024449055 1246522.7795977227 523.29553971988162
v 2685640.7779439199 1246524.2065812375 524.99158726749079
v 2685639.015367208 1246521.6420735377 524.66338048796854
v 2685638.9641678948 1246521.5675797411 524.65384674067923
v 2685638.9272193247 1246521.5138204389 524.64696660326535
v 2685638.9082124424 1246521.4861658723 524.64342735938931
v 2685634.6212117998 1246515.4123933446 523.95102440882158
v 2685634.6796770012 1246515.3337461678 523.85603808528538
v 2685634.7897667754 1246515.4939242029 523.87653773804516
v 2685635.5156459683 1246514.5080271598 522.69111838579988
v 2685625.858162954 1246510.7332943289 522.94947125649128
v 2685627.3546742043 1246508.6488679443 520.36962850500765
v 2685628.9809802515 1246509.8164722857 520.85436533447
v 2685626.3705265396 1246511.3668361288 523.35669478377042
v 2685626.5225890004 1246511.5548626252 523.47755313183711
v 2685626.454873234 1246511.5202299447 523.47076497607304
v 2685626.4116494711 1246511.4981235471 523.46643206109934
v 2685626.3414333803 1246511.4622121437 523.45939330694523
v 2685625.9252604847 1246511.2493640017 523.41767423913234
v 2685625.8081040052 1246511.1894453086 523.40592994527833
v 2685625.6051810002 1246511.0856620492 523.3855880302475
v 2685625.6588143893 1246511.0109584013 523.29312917951916
v 2685625.6613654681 1246511.007405113 523.2887313635232
v 2685625.6897917711 1246510.9678113328 523.23972712575983
v 2685625.8056836249 1246510.8063905383 523.03994061843593
v 2685625.8275500117 1246510.775933784 523.00224505052495
v 2685625.8366002664 1246510.7633280726 522.98664327428367
v 2685624.4406940402 1246512.949694877 525.62493303003498
v 2685624.3268477037 1246512.8661977134 525.58931278676948
v 2685624.3274551039 1246512.8653516921 525.58826568757399
v 2685624.5739998221 1246513.0886231961 525.70606861557542
v 2685624.3074109154 1246512.8932703829 525.62281995789863
v 2685624.3080790546 1246512.89233976 525.6216681480546
v 2685624.3091723737 1246512.890816923 525.61978336991945
v 2685624.5384090706 1246513.0620395695 525.69447254863235
v 2685624.6647964739 1246513.1551577784 525.73442200648435
v 2685630.4564754264 1246516.4190700552 526.60411023746963
v 2685630.4564987831 1246516.4191744651 526.60420115055831
v 2685630.4503258737 1246516.4115416524 526.59929499842008
v 2685634.3266194873 1246515.5461681718 524.25986426234454
v 2685629.7368258936 1246513.1987569835 523.79976271883834
v 2685634.6029199786 1246515.222066531 523.84173732479258
v 2685635.3270679014 1246514.3726377785 522.74588041050652
v 2685635.3708071839 1246514.4040403406 522.75891734242407
v 2685634.6796770012 1246515.3337461678 523.91880651072609
v 2685632.249966105 1246521.8749800741 525.33149079823318
v 2685631.7500306405 1246521.1250107146 525.83976986841503
v 2685632.5318912379 1246521.5159294796 525.77128981036867
v 2685632.5422771848 1246521.530335007 525.76182184832021
v 2685632.300939024 1246521.866484588 525.3585936811279
v 2685632.1470207963 1246522.0808706894 525.10142687255643
v 2685631.163324188 1246522.5735787936 524.27297830874932
v 2685631.2702374784 1246522.5048445659 524.37712398432859
v 2685631.3901678594 1246522.4277417515 524.4939497288949
v 2685631.8298910535 1246522.5648786696 524.53227857022796
v 2685631.8530964549 1246522.6687192554 524.44455985933041
v 2685631.8454004889 1246522.6841113053 524.42736067496594
v 2685631.8573698546 1246522.6878419558 524.4284060827938
v 2685631.8821777441 1246522.7988529913 524.33463021497994
v 2685631.9595799972 1246523.1452152892 524.04204281637578
v 2685631.3929923577 1246523.4284682062 523.56537268531724
v 2685631.2884764359 1246523.4807186096 523.47744346164905
v 2685631.0435344856 1246523.2282489713 523.61966473688869
v 2685631.1481390777 1246523.1759432706 523.70767874868727
v 2685631.7499460378 1246522.8750202076 524.21403744286272
v 2685631.800783297 1246522.773345643 524.32764945786073
v 2685633.5410856153 1246522.2875580546 525.43482139712546
v 2685633.6623056545 1246523.1363558872 524.69200232411129
v 2685633.4897019682 1246523.08252578 524.67695719838457
v 2685633.4759743237 1246523.1923284687 524.56978043281231
v 2685633.2538642758 1246523.1231012209 524.5503806001326
v 2685633.3944363501 1246523.0528151842 524.66865330130452
v 2685632.9007697781 1246522.898854831 524.62562249463929
v 2685632.9999962049 1246522.7500151908 524.80128637950929
v 2685632.9999962049 1246522.0892743887 525.41509257991822
v 2685632.9999962049 1246521.7499750573 525.73029035904153
v 2685634.000026213 1246521.624971306 526.22330961646412
v 2685634.0000363374 1246521.7499750573 526.10718911071797
v 2685634.3398297313 1246521.9031541394 526.0929534105943
v 2685633.5000162711 1246521.9999850909 525.68648873973632
v 2685634.5790010043 1246526.8723693469 521.5668577030558
v 2685633.5086999168 1246526.1039480537 521.8773165410945
v 2685633.646830915 1246525.9115513063 522.10810602387312
v 2685632.486389311 1246524.7154463874 522.78189622235743
v 2685632.5521116103 1246524.623904614 522.89170513910028
v 2685633.712266448 1246525.8204089571 522.21743581180829
v 2685633.9177616178 1246525.5341835415 522.56077745535356
v 2685635.1470279437 1246523.8219911596 524.61463750816836
v 2685636.4264373095 1246524.2229322365 524.72436504034579
v 2685635.9551783367 1246525.3526254012 523.49730792153434
v 2685635.1501497384 1246527.2824248495 521.40118640307981
v 2685635.0833986863 1246527.2345010163 521.42054866948649
v 2685638.1399011696 1246525.9197649234 523.79384045369136
v 2685637.6291604294 1246525.2882297866 524.1880257430339
v 2685637.8034105208 1246525.4133324162 524.13748157239945
v 2685638.2099907147 1246525.9383583092 523.80298341904881
v 2685638.5100059737 1246526.297090031 523.58280443480271
v 2685638.4867579611 1246526.3295379144 523.5438996359527
v 2685638.4797394807 1246526.3393338267 523.53215440997189
v 2685638.4794948562 1246526.3396752758 523.53174501987257
v 2685638.4493588866 1246526.3817368778 523.48131343870159
v 2685638.0581890796 1246525.8980883735 523.78318129813886
v 2685638.1256403676 1246525.9159818373 523.79198015247744
v 2685638.2384412969 1246525.945905643 523.80669475540708
v 2685637.5465387516 1246526.7834612245 522.76786677325822
v 2685637.6171793295 1246526.6850689887 522.88589316069908
v 2685638.0231847772 1246526.9765600802 522.76812444956317
v 2685638.8148909351 1246526.8336864535 523.19923037719627
v 2685638.3662809758 1246527.4585360384 522.4496921737109
v 2685637.0000482732 1246526.9999796748 522.36076503069148
v 2685636.9999875333 1246526.6250492272 522.70904003927069
v 2685640.0782195269 1246525.1811973569 525.21046557759462
v 2685638.9298268408 1246526.7923134163 523.28098201212163
v 2685638.9272249904 1246526.795963604 523.27661051438804
v 2685638.8970643515 1246526.8382769397 523.22593578350984
v 2685638.8603090495 1246526.8898420851 523.16418100901319
v 2685638.8450469258 1246526.7916834662 523.24961505312081
v 2685638.8510726779 1246526.7832904526 523.25968289033131
v 2685638.8540485799 1246526.7791454482 523.26465503079953
v 2685638.8813531217 1246526.7411141209 523.31027550239889
v 2685638.8844646695 1246526.736780179 523.3154742798697
v 2685639.3836753848 1246526.0414509689 524.14955630573183
v 2685639.3091274635 1246525.1817336683 524.92010915631693
v 2685639.304187275 1246525.1247610333 524.9711729610957
v 2685639.2024807073 1246525.092888217 524.9624502047576
v 2685638.4437840758 1246524.8551280035 524.89738118930131
v 2685638.5109183383 1246524.7616195655 525.00954921800178
v 2685638.5718987728 1246524.6766825323 525.11143542025229
v 2685638.5879139905 1246524.672510942 525.12134656225771
v 2685638.8954277621 1246524.5924107858 525.31165384494159
v 2685638.4999869927 1246524.5000485461 525.24842013928571
v 2685639.0886602472 1246524.5420782361 525.43123726743738
v 2685639.2500170921 1246524.5000485461 525.53109420252224
v 2685639.2546894662 1246524.5539322763 525.48279895187443
v 2685639.2655216325 1246524.6788527654 525.37083444447296
v 2685639.2837902652 1246524.8895346646 525.18200312472322
v 2685639.3366438057 1246524.9060181868 525.18661011518498
v 2685639.4756167554 1246524.9493598354 525.19872379683773
v 2685640.1039732723 1246525.1453260684 525.2534949740924
v 2685631.3276749798 1246520.3175444973 526.43070016130514
v 2685631.327689548 1246520.3176094401 526.43064532204517
v 2685631.3267073855 1246520.3187503382 526.42921530515207
v 2685635.5063270945 1246522.7843967967 525.71394208356867
v 2685635.1854187469 1246522.4007268529 525.94941358416543
v 2685635.1484327568 1246522.3565073295 525.97655263462218
v 2685635.1975552705 1246522.3917747748 525.96230382327565
v 2685635.2130662263 1246522.3803337107 525.9787780160633
v 2685635.1067495397 1246522.2488820869 526.06082317928656
v 2685635.135082074 1246522.2616544117 526.05963618295687
v 2685635.1802995377 1246522.2820384733 526.05774178985553
v 2685635.2081029811 1246522.2945722837 526.05657695939749
v 2685635.2499958952 1246522.313457621 526.05482186353629
v 2685635.2499933834 1246522.287389002 526.07903779553021
v 2685635.3482790287 1246522.4077121823 526.00430381848992
v 2685635.9999712622 1246522.6250340363 526.04803118530162
v 2685636.0138607076 1246522.6146169517 526.06294301481012
v 2685635.781573521 1246522.9381598183 525.6748372294735
v 2685635.7566574267 1246522.9728643799 525.63320737921572
v 2685636.5414002426 1246523.9432053438 525.02754965545626
v 2685636.5425524907 1246523.9445831012 525.02670402792228
v 2685636.5425395546 1246523.9446141124 525.02667034429589
v 2685636.5411675037 1246523.947903167 525.02309781880558
v 2685636.6357542542 1246524.063688678 524.95118513136163
v 2685636.639878884 1246524.0649750119 524.95154467610951
v 2685636.6444244958 1246524.0663926851 524.95194087166726
v 2685636.7232470862 1246524.0909751835 524.95881149305569
v 2685637.0181188639 1246524.1829371669 524.98451421731852
v 2685636.8356233872 1246524.2285483838 524.87336335873158
v 2685636.8475848627 1246524.2431918567 524.86426814430422
v 2685636.9702403732 1246524.393349143 524.77100387976338
v 2685636.899263313 1246524.3711063652 524.764916588593
v 2685636.8834479433 1246524.366150147 524.76356019513787
v 2685636.882629869 1246524.3658937495 524.76349006066619
v 2685636.8101107753 1246524.3431677583 524.75727049080592
v 2685636.7973518339 1246524.3391693633 524.75617623120081
v 2685636.7024079766 1246524.3094158305 524.74803348687078
v 2685636.737654103 1246524.2653582136 524.80224523285267
v 2685636.6766318008 1246524.1899092663 524.84933648705237
v 2685636.4674153207 1246524.1247005891 524.83106291144395
v 2685635.2108744807 1246523.7330620545 524.72131239999715
v 2685635.2776019685 1246523.6401201964 524.8328007884752
v 2685635.3170342324 1246523.5851966857 524.89868427447561
v 2685635.5022490104 1246523.32721896 525.20814140841571
v 2685635.7138434513 1246523.0324981315 525.56167372369828
v 2685636.5206476627 1246523.997092945 524.96966856048243
v 2685635.5066357856 1246522.7433077332 525.75222879693536
v 2685636.5206600395 1246523.9970632752 524.96970078707488
v 2685632.5661506075 1246519.1899533651 527.94495595671651
v 2685632.7187075382 1246519.372367376 527.83299562461832
v 2685632.7209820352 1246519.4543083326 527.7577324255459
v 2685632.5353172156 1246519.2323321465 527.89396688038858
v 2685632.5661332197 1246519.1899408184 527.94496105893916
v 2685632.9350404129 1246519.4533780408 527.83927173239647
v 2685632.9380120272 1246519.4570159267 527.83701221011813
v 2685632.8790339096 1246519.4146592007 527.8541323115935
v 2685632.7795051509 1246519.3431798138 527.8830235219724
v 2685632.7249729177 1246519.3040159233 527.89885316624861
v 2685632.7166442252 1246519.2980344894 527.90127077202817
v 2685632.7166030533 1246519.2965512185 527.90263316442224
v 2685632.7221653019 1246519.3005446277 527.90101974038146
v 2685632.7766047139 1246519.3396293335 527.88522867261634
v 2685632.6680715191 1246519.2067717595 527.96774455155173
v 2685632.7698683571 1246519.2796750634 527.9383853718499
v 2685632.8259723433 1246519.3198547575 527.92220444594795
v 2685623.3788695871 1246515.1632498254 523.45977564974453
v 2685631.6465375037 1246518.5295075369 527.7507816902006
v 2685631.731356719 1246518.5904228191 527.77805507835819
v 2685631.7313422612 1246518.5904398025 527.77803305516966
v 2685631.7105513965 1246518.6148275542 527.74638431058588
v 2685631.6815585583 1246518.6488363065 527.70225013550987
v 2685631.105713787 1246519.324304732 526.82567418511826
v 2685631.2427058327 1246519.9373215637 526.54298782405658
v 2685630.6045621415 1246520.7204463556 525.54962353081748
v 2685630.5547709628 1246520.7245955968 525.50827594418308
v 2685630.3321702965 1246520.7431456766 525.32342383529294
v 2685630.2499704408 1246520.7499956642 525.25516341236232
v 2685630.2600750881 1246520.8290790012 525.21281053684663
v 2685629.6164405891 1246521.5962541564 524.22530336506691
v 2685629.5439861286 1246521.6826156885 524.11413887868162
v 2685629.4313689917 1246521.8168488452 523.94135410026649
v 2685629.0754264779 1246521.7058406803 523.73508250545569
v 2685629.3782621077 1246521.3506131533 524.19607207837225
v 2685623.4749422017 1246515.2623325537 523.47156649786552
v 2685622.7827770603 1246515.0168675371 523.08924314615501
v 2685622.9759908882 1246514.7477482767 523.410330953418
v 2685623.2790197311 1246515.0602715132 523.44752122527382
v 2685623.3745474652 1246515.1587922846 523.4592452029292
v 2685623.433156698 1246515.2192378417 523.46643822563419
v 2685630.8628693717 1246518.2376159923 527.32678943888834
v 2685630.8707712614 1246518.2729756483 527.31048370068436
v 2685630.8818230196 1246518.3224304449 527.28767813280911
v 2685623.5343732978 1246515.3236257222 523.47886038710726
v 2685629.7093601665 1246521.6920850566 524.23670724516478
v 2685630.2860221788 1246521.0321521189 525.10405525564329
v 2685630.294770489 1246521.1006201738 525.06738736640398
v 2685629.7655676585 1246521.7500536216 524.24360550645679
v 2685632.1154638012 1246518.8662800214 527.90156366814608
v 2685631.410714834 1246519.7311422713 526.80451848796326
v 2685632.0751591809 1246518.8373341351 527.88860382676171
v 2685631.2461123103 1246519.9525649908 526.53595847553072
v 2685631.3068677681 1246520.22443565 526.41058813790971
v 2685630.9637091444 1246520.690517439 525.84786646257339
v 2685630.6799504207 1246520.714164003 525.61222747909596
v 2685631.3108446281 1246520.2422314468 526.40238179128607
v 2685632.2406386598 1246518.9561778323 527.94181330416154
v 2685632.2568314588 1246518.9678071423 527.94702005418071
v 2685632.3544688798 1246519.0379281756 527.97841510196406
v 2685631.3276749798 1246520.3175444973 526.3676519572183
v 2685633.9153293665 1246520.029403026 527.67365315747099
v 2685632.7264996404 1246519.1779301101 528.0521362706196
v 2685632.6842863327 1246519.1463998882 528.06476239914616
v 2685632.6452883277 1246519.0986578357 528.06474695083648
v 2685632.6385442941 1246519.0904016572 528.0647442700606
v 2685632.6385168056 1246519.0903680038 528.06474425964575
v 2685632.6548977024 1246519.0678340786 528.03802708249736
v 2685634.7115340815 1246520.5996669873 527.42016854874373
v 2685632.9380120314 1246519.4570159453 528.0648632448532
v 2685632.9350404288 1246519.4533780522 528.06486206381214
v 2685633.2834370802 1246519.7035089813 527.95432059328812
v 2685633.2833810411 1246519.705052274 527.95533203108198
v 2685632.6670836117 1246519.0510707349 528.01815182764608
v 2685632.6673362274 1246519.0511738374 528.01802256717247
v 2685633.7540542306 1246519.8518330033 527.68605504857055
v 2685632.6653683735 1246519.0534302634 528.02094938081518
v 2685633.7873599613 1246519.8400512296 527.65308998052876
v 2685632.7654778501 1246519.0912295806 527.96780458676778
v 2685632.8021799596 1246519.1062092783 527.94902453302177
v 2685637.195703431 1246522.3788619032 526.62927042434694
v 2685636.9310464347 1246522.1817239076 526.70876975238457
v 2685637.1966771185 1246522.3765278212 526.62705820099552
v 2685637.1733693634 1246522.4324007337 526.68001391598148
v 2685637.1730825347 1246522.4330883133 526.68066559656506
v 2685637.068417273 1246522.3551310729 526.71210932844701
v 2685639.2725529629 1246518.0757241687 522.33446510162764
v 2685638.6000141171 1246519.0124747031 523.4386466614078
v 2685639.0403307015 1246517.9569560508 522.4382380077144
v 2685639.0983742313 1246517.8178151913 522.30636187272751
v 2685639.3631645017 1246517.1830649229 521.70475273922455
v 2685639.7302871388 1246517.4381658512 521.58295217341413
v 2685639.3618452465 1246517.951352773 522.18786406240781
v 2685637.3122082688 1246520.8062042778 525.55298025072295
v 2685637.3448015088 1246520.7608065503 525.49946831535453
v 2685637.7946352786 1246520.9431137403 525.26848452943841
v 2685637.7737367237 1246520.9932113639 525.31596649058326
v 2685637.762667397 1246521.0197465639 525.34111624805496
v 2685637.7551888404 1246521.0376740037 525.35810767853582
v 2685637.7417225447 1246521.0699550575 525.38870332706801
v 2685637.7230829815 1246521.1146377011 525.43105295732425
v 2685637.2340638097 1246520.9150483455 525.681278669471
v 2685637.2628134908 1246520.8750041469 525.63407713269146
v 2685637.2835800536 1246520.8460792915 525.59998236443721
v 2685637.2954674773 1246520.8295218083 525.58046546287767
v 2685626.4005287252 1246520.9870539727 523.74587456979498
v 2685628.998019265 1246521.7966396818 523.96890722228636
v 2685628.9318343354 1246521.8742748916 523.87155378716557
v 2685626.6305934801 1246521.1531124595 523.67760785214432
v 2685629.4029201334 1246523.1541506818 522.85498014121072
v 2685629.8790609227 1246522.1711166024 523.95138493881188
v 2685630.0785839995 1246522.233643108 523.96820051393445
v 2685630.0785943894 1246522.233653876 523.96819438168563
v 2685630.0955140656 1246522.2510934719 523.95829742363003
v 2685629.4216680992 1246523.1676827804 522.84941708962015
v 2685630.3571751565 1246521.5270057342 524.73235064267465
v 2685630.7990660635 1246520.9316945774 525.45414811252761
v 2685631.3108446281 1246520.2422314468 526.29010211566379
v 2685631.3276749798 1246520.3175444973 526.22618121591324
v 2685631.326707222 1246520.3187505424 526.22469160539265
v 2685631.3276894982 1246520.3176094629 526.22612607774772
v 2685631.3644118235 1246520.4819358184 526.08665637943307
v 2685631.3718081447 1246520.515033033 526.0585655910412
v 2685631.4028460612 1246520.6539226964 525.9406849215801
v 2685631.4261377836 1246520.7581493158 525.85222403464479
v 2685630.4301009085 1246522.1283245306 524.19884490466427
v 2685630.8485652939 1246522.2588314922 524.23470157174324
v 2685630.6708921758 1246522.3180406189 524.11254789233931
v 2685630.514357009 1246522.3702055758 524.00492695948469
v 2685630.5000412138 1246522.374976279 523.99508457615264
v 2685630.5000412138 1246522.5075394383 523.87141605631496
v 2685630.5000411659 1246522.6680527222 523.72167277175981
v 2685630.2357664849 1246522.3956562101 523.87625797189685
v 2685630.3025194653 1246522.3038290082 523.98706509856447
v 2685630.3025247925 1246522.3038216834 523.98707393866778
v 2685630.3621427459 1246522.2218096133 524.08603722658597
v 2685630.2215735731 1246522.177997021 524.07396730177811
v 2685630.2888606172 1246522.0842757809 524.18674252622088
v 2685630.2313409322 1246522.0663370315 524.18181389680774
v 2685630.2069858126 1246522.0587413718 524.17972699712607
v 2685630.3860263191 1246521.8148276682 524.47470706529475
v 2685630.3504144368 1246521.536113709 524.72130748732422
v 2685630.4604680426 1246523.098934324 523.30479769927388
v 2685630.5000412138 1246523.0000013618 523.41199703064706
v 2685630.5000412138 1246523.1250063786 523.29537952217083
v 2685632.2115305546 1246524.2726525466 522.86933853942685
v 2685631.9595800047 1246523.1452153537 523.82623509865414
v 2685631.882177759 1246522.7988530381 524.1202052756305
v 2685631.9840055611 1246522.830763774 524.128787244367
v 2685632.5288089477 1246523.0014941616 524.17470264505812
v 2685632.40756462 1246522.9144469528 524.21024475734953
v 2685632.4399020304 1246522.8694055588 524.26444328587718
v 2685632.5069403048 1246522.7760308201 524.37680156530666
v 2685632.9007697781 1246522.898854831 524.41054738798039
v 2685632.8377377125 1246522.9934028955 524.29860337591253
v 2685632.7798881256 1246523.0801773088 524.19586330800155
v 2685632.7340895794 1246523.1488751285 524.11452574776376
v 2685632.4999761377 1246523.5000452907 523.69874363407132
v 2685632.9263090366 1246523.2868788412 524.05817766292694
v 2685633.3128070226 1246523.5643645742 523.94487788645961
v 2685632.5521116299 1246524.6239045861 522.66992821869928
v 2685632.4863893278 1246524.7154463634 522.55977555129039
v 2685632.3522388223 1246524.902298854 522.33493503622799
v 2685632.3250537165 1246524.9401638221 522.28937193573256
v 2685631.2294566031 1246524.1535812793 522.61054025167414
v 2685631.2499867119 1246523.4999606889 523.22803691088359
v 2685631.2884763945 1246523.4807185803 523.26048435900816
v 2685631.3929922921 1246523.4284682188 523.34859286034623
v 2685630.5547709214 1246520.7245956238 525.55534197471854
v 2685630.2860221788 1246521.0321521189 525.16720241410508
v 2685630.2600750579 1246520.8290790417 525.34687731462657
v 2685630.2499704408 1246520.7499956642 525.41684868601749
v 2685630.3321702881 1246520.7431457317 525.45419807452515
v 2685632.1470207963 1246522.0808706894 524.88976118273342
v 2685631.9632774829 1246522.4483573171 524.47772838409924
v 2685631.9576550242 1246522.344630158 524.572378126535
v 2685632.9999962049 1246521.7499750573 525.51971217064386
v 2685632.300939024 1246521.866484588 525.14773302601782
v 2685632.5422771848 1246521.530335007 525.55222345747859
v 2685632.5318912379 1246521.5159294796 525.56175073507882
v 2685637.5000075991 1246525.7500141105 523.48291217471501
v 2685638.0581890796 1246525.8980883735 523.55500214747269
v 2685638.4493588866 1246526.3817368778 523.2511321369077
v 2685638.0231847772 1246526.9765600802 522.53570932511275
v 2685637.6171793295 1246526.6850689887 522.65472760692865
v 2685637.9018675447 1246526.2885389754 523.13187410686635
v 2685637.0685369214 1246525.6902503234 523.37616043189405
v 2685637.2016139221 1246525.5048930738 523.59920171619217
v 2685637.5000075991 1246525.3749990601 523.83276470222665
v 2685639.3836753848 1246526.0414509689 523.92047897224279
v 2685638.8844646788 1246526.7367801664 523.08378595500972
v 2685638.5171548072 1246526.2871122018 523.36494183986122
v 2685638.5100059477 1246526.2970900007 523.35294103720412
v 2685638.2099906825 1246525.9383582706 523.57460755108889
v 2685638.2384412689 1246525.9459056379 523.57828198563982
v 2685637.8034105208 1246525.4133324162 523.91127457399966
v 2685637.961522867 1246525.5268489721 523.86492480221045
v 2685638.4437840758 1246524.8551280035 524.67320992254895
v 2685639.2024807073 1246525.092888217 524.73715199980427
v 2685639.3041872415 1246525.1247609928 524.74572370889689
v 2685639.3091274635 1246525.1817336683 524.69443439504107
v 2685633.2760913293 1246519.9056239435 527.34429835701815
v 2685633.2772996002 1246519.8723785134 527.37576817907757
v 2685634.8636220796 1246521.8143856195 526.16152397867563
v 2685634.8249717527 1246521.8208273593 526.14095752418802
v 2685634.8060993892 1246521.8239727626 526.13091523870867
v 2685633.274510304 1246519.9491251574 527.3031204945346
v 2685634.7681966056 1246521.830289911 526.1107465638737
v 2685634.7156239729 1246521.8390520415 526.08277182891607
v 2685633.2686946657 1246520.1091397705 527.15165208798408
v 2685633.2714514001 1246520.0332896365 527.22345115073097
v 2685634.588246712 1246521.6077970318 526.25053592232314
v 2685635.2130662338 1246522.3803336627 525.76516130669506
v 2685635.197555284 1246522.3917747852 525.74864593889743
v 2685635.1484327568 1246522.3565073295 525.76304594017279
v 2685635.0291557643 1246522.2139027626 525.85115861889699
v 2685635.1067495397 1246522.2488820869 525.84775059139861
v 2685636.5414002696 1246523.9432053678 524.8074468931469
v 2685635.7566574267 1246522.9728643799 525.41712152005834
v 2685635.781573521 1246522.9381598183 525.4588816878944
v 2685636.5632124166 1246523.8950575171 524.86057929563572
v 2685636.5425524907 1246523.9445831012 524.8065955655793
v 2685636.5206476324 1246523.9970929013 524.74935897016735
v 2685635.7138434513 1246523.0324981315 525.34536393539281
v 2685635.7263927422 1246523.0150187602 525.36639694799453
v 2685636.5206600395 1246523.9970632752 524.74939128111976
v 2685636.9702403732 1246524.393349143 524.54902136030591
v 2685636.8475848627 1246524.2431918567 524.64290753361217
v 2685638.5109183518 1246524.7616195467 524.78572910477283
v 2685640.0803868454 1246524.6707332022 525.46162880935753
v 2685640.3175349883 1246524.8478651077 525.3856994989203
v 2685640.1039732723 1246525.1453260684 525.02776327184495
v 2685639.4756167941 1246524.9493598219 524.97392172705963
v 2685639.3366438225 1246524.906018164 524.9620136475877
v 2685639.2837902652 1246524.8895346646 524.95748482142767
v 2685639.2655215911 1246524.6788527966 525.14714992809706
v 2685639.2546894662 1246524.5539322763 525.25960888867951
v 2685639.9947525482 1246524.6067707941 525.48904691671305
v 2685640.1017185971 1246524.6144078833 525.52220906240166
v 2685640.1515654274 1246524.6515350183 525.50634695719953
v 2685630.851904172 1246518.1885484615 513.83911254913778
v 2685630.8373662806 1246518.1234940654 513.83911254913778
v 2685630.7907516486 1246517.9149011478 513.83911254913778
v 2685630.7767574773 1246517.8522793765 513.83911254913778
v 2685630.757918376 1246517.7679774384 513.83911254913778
v 2685624.274489854 1246512.9391247183 525.57348048775441
v 2685624.1866598651 1246513.061459346 513.83911254913778
v 2685624.274489854 1246512.9391247183 513.83911254913778
v 2685624.2760690935 1246512.9369250636 513.83911254913778
v 2685624.292954803 1246512.9134056813 513.83911254913778
v 2685624.3074109154 1246512.8932703829 513.83911254913778
v 2685624.5384090901 1246513.0620395746 513.83911254913778
v 2685624.3091723737 1246512.890816923 513.83911254913778
v 2685624.3268477037 1246512.8661977134 513.83911254913778
v 2685624.4406995419 1246512.9496989753 525.6249348109701
v 2685624.3392993966 1246512.8488542838 525.46221325808096
v 2685624.3274551039 1246512.8653516921 513.83911254913778
v 2685624.3392993966 1246512.8488542838 513.83911254913778
v 2685624.361044304 1246512.8185667349 525.42488086031847
v 2685624.361044304 1246512.8185667349 513.83911254913778
v 2685625.6051810002 1246511.0856620492 513.83911254913778
v 2685626.4116494679 1246511.4981234961 513.83911254913778
v 2685634.4140490158 1246515.4436129932 513.83911254913778
v 2685634.414095087 1246515.4436363254 513.83911254913778
v 2685634.4140648362 1246515.4435943495 513.83911254913778
v 2685634.6212118417 1246515.4123933122 513.83911254913778
v 2685634.702975315 1246515.5333984355 513.83911254913778
v 2685634.7897667224 1246515.4939242071 513.83911254913778
v 2685635.5493176021 1246514.5322016659 522.68363673184763
v 2685635.5453413031 1246514.5293468875 513.83911254913778
v 2685635.5493176021 1246514.5322016659 513.83911254913778
v 2685635.5818894072 1246514.5555865522 513.83911254913778
v 2685635.6697362517 1246514.6166283078 513.83911254913778
v 2685634.8868161663 1246515.683230147 513.83911254913778
v 2685634.8721550573 1246515.7837741929 513.83911254913778
v 2685634.8044612776 1246515.9846862366 513.83911254913778
v 2685634.7329858295 1246515.9430397642 513.83911254913778
v 2685634.5024570338 1246516.2068572175 524.6870592587095
v 2685632.3905530549 1246518.7529645683 513.83911254913778
v 2685632.4103503306 1246518.7609880047 513.83911254913778
v 2685632.5358719924 1246518.8118590331 513.83911254913778
v 2685632.6011219281 1246518.8383032961 513.83911254913778
v 2685632.62415411 1246518.8115476132 513.83911254913778
v 2685632.7384150717 1246518.9529453008 513.83911254913778
v 2685632.7124675461 1246518.9890295297 513.83911254913778
v 2685632.8156151804 1246519.0646693048 527.8746968685
v 2685632.8760693027 1246519.1363666055 513.83911254913778
v 2685632.6653684089 1246519.0534302446 513.83911254913778
v 2685632.6385167949 1246519.0903680089 528.16065508843326
v 2685632.6385167949 1246519.0903680089 513.83911254913778
v 2685632.6385103939 1246519.0903767471 513.83911254913778
v 2685632.6385443294 1246519.0904016239 513.83911254913778
v 2685632.7698683268 1246519.2796751009 528.28954166566541
v 2685632.7698683268 1246519.2796751009 527.93838532498319
v 2685632.7221653019 1246519.3005446277 528.32805307054548
v 2685632.7166442447 1246519.2980344405 513.83911254913778
v 2685632.5661506075 1246519.1899533651 513.83911254913778
v 2685632.5661363984 1246519.1899363692 513.83911254913778
v 2685632.5661332398 1246519.1899407683 513.83911254913778
v 2685632.5353172459 1246519.2323321307 513.83911254913778
v 2685632.4002206656 1246519.0708140484 513.83911254913778
v 2685632.4002340771 1246519.0707957267 513.83911254913778
v 2685632.400161996 1246519.0707439764 528.23512746590416
v 2685632.400161996 1246519.0707439764 513.83911254913778
v 2685632.3544689016 1246519.0379281642 513.83911254913778
v 2685632.2568314793 1246518.9678071942 513.83911254913778
v 2685632.1542574572 1246518.894140715 513.83911254913778
v 2685631.9853218659 1246518.7728149048 513.83911254913778
v 2685631.9852535925 1246518.7727658874 513.83911254913778
v 2685631.985240357 1246518.7727816429 513.83911254913778
v 2685631.7313422612 1246518.5904398025 513.83911254913778
v 2685631.7314299871 1246518.5904754766 513.83911254913778
v 2685631.7313567209 1246518.5904228755 513.83911254913778
v 2685630.8561858712 1246518.2077085325 527.34058093631927
v 2685632.2689834884 1246518.7627359538 513.83911254913778
v 2685632.2690431303 1246518.7627796712 513.83911254913778
v 2685632.2690557684 1246518.7627652821 513.83911254913778
v 2685631.7976491475 1246518.5126615097 513.83911254913778
v 2685631.7976410133 1246518.512671055 513.83911254913778
v 2685631.7976904339 1246518.5126911514 513.83911254913778
v 2685632.1362254191 1246518.7551880409 513.83911254913778
v 2685632.1362393624 1246518.7551693337 513.83911254913778
v 2685632.1361654443 1246518.7551163919 513.83911254913778
v 2685632.0140145528 1246518.7383592399 513.83911254913778
v 2685632.0140801808 1246518.7384062286 513.83911254913778
v 2685632.014092844 1246518.7383910895 513.83911254913778
v 2685632.2836864125 1246518.931488761 513.83911254913778
v 2685632.2837413643 1246518.9315543682 513.83911254913778
v 2685632.2837540703 1246518.9315372077 513.83911254913778
v 2685632.4490115088 1246519.0498886898 513.83911254913778
v 2685632.4489700175 1246519.0498391567 513.83911254913778
v 2685632.4489604337 1246519.0498521482 513.83911254913778
v 2685632.3015030604 1246518.8735112059 513.83911254913778
v 2685632.3014911436 1246518.8735272677 513.83911254913778
v 2685632.3015543181 1246518.8735724951 513.83911254913778
v 2685632.1887319228 1246518.7762579406 513.83911254913778
v 2685632.1887866925 1246518.7762988012 513.83911254913778
v 2685632.1887980467 1246518.7762847724 513.83911254913778
v 2685632.2393197734 1246518.7967951233 513.83911254913778
v 2685632.239310558 1246518.7968058151 513.83911254913778
v 2685632.2393635707 1246518.7968273372 513.83911254913778
v 2685632.4827345586 1246518.975830141 513.83911254913778
v 2685632.4827879108 1246518.9758519048 513.83911254913778
v 2685632.4827437736 1246518.9758194482 513.83911254913778
v 2685632.4743761108 1246518.9696654791 513.83911254913778
v 2685632.4744239366 1246518.9697240479 513.83911254913778
v 2685632.4744351003 1246518.969708856 513.83911254913778
v 2685632.350702221 1246518.8412618665 513.83911254913778
v 2685632.3507345957 1246518.8413017772 513.83911254913778
v 2685632.3507421752 1246518.8412915769 513.83911254913778
v 2685632.359650929 1246518.8292281469 513.83911254913778
v 2685632.3596748542 1246518.8292575041 513.83911254913778
v 2685632.3596805511 1246518.8292499264 513.83911254913778
v 2685632.3772553387 1246518.770526526 513.83911254913778
v 2685632.3772929041 1246518.7705726002 513.83911254913778
v 2685632.3773016743 1246518.7705605628 513.83911254913778
v 2685632.2055450096 1246518.6617871306 513.83911254913778
v 2685632.2056040117 1246518.6618601333 513.83911254913778
v 2685632.2056179564 1246518.6618414251 513.83911254913778
v 2685632.2531832205 1246518.6972719228 513.83911254913778
v 2685632.2531709685 1246518.6972868452 513.83911254913778
v 2685632.2532416289 1246518.6973153953 513.83911254913778
v 2685634.7611954156 1246515.6195605446 513.83911254913778
v 2685634.7611580775 1246515.6195054031 513.83911254913778
v 2685634.7611371311 1246515.619531007 513.83911254913778
v 2685632.7450120021 1246512.5188540558 513.83911254913778
v 2685635.3270679014 1246514.3726377785 513.83911254913778
v 2685634.6796770417 1246515.3337461804 513.83911254913778
v 2685635.3708071839 1246514.4040403406 513.83911254913778
v 2685635.5156459683 1246514.5080271598 513.83911254913778
v 2685637.2185234404 1246522.465644863 526.55006890197569
v 2685637.1755714165 1246522.4271219487 526.57189643969059
v 2685637.1755714165 1246522.4271219487 526.55961145812387
v 2685636.500400837 1246521.9369360567 513.83911254913778
v 2685636.500400837 1246521.9369360567 526.77496218583099
v 2685633.7001033514 1246519.8752522168 527.74217386145415
v 2685633.9153293134 1246520.0294030209 513.83911254913778
v 2685636.7754465807 1246522.0778985536 526.65460260059967
v 2685637.2088734866 1246522.3472909376 513.83911254913778
v 2685636.5804299922 1246521.8254668764 526.64891061660239
v 2685632.7265626127 1246518.9692497882 513.83911254913778
v 2685637.2954674773 1246520.8295218083 525.45482975343771
v 2685637.2835800587 1246520.8460792843 525.4746812145803
v 2685637.2835800587 1246520.8460792843 513.83911254913778
v 2685637.2628134908 1246520.8750041469 525.50936046280253
v 2685637.7551887995 1246521.0376740184 513.83911254913778
v 2685637.762667397 1246521.0197465639 525.20636504131642
v 2685637.773736713 1246520.9932113555 525.18085042024575
v 2685638.6253510644 1246521.3382776368 513.83911254913778
v 2685638.9272193396 1246521.513820387 513.83911254913778
v 2685638.9641678268 1246521.5675797525 513.83911254913778
v 2685640.7572923326 1246524.2353459485 524.87602782918646
v 2685640.7779439199 1246524.2065812375 513.83911254913778
v 2685640.7572923326 1246524.2353459485 513.83911254913778
v 2685640.6674579252 1246524.3604724458 525.0260473023975
v 2685640.6674579252 1246524.3604724458 513.83911254913778
v 2685640.4501303313 1246524.6631787373 525.38897473740246
v 2685640.4501303313 1246524.6631787373 513.83911254913778
v 2685640.4368890189 1246524.6816219932 525.41108714140535
v 2685640.4368890189 1246524.6816219932 513.83911254913778
v 2685640.4280209839 1246524.6939738984 513.83911254913778
v 2685640.4034212981 1246524.7282377472 525.46697675003213
v 2685640.4222506867 1246524.7020110979 513.83911254913778
v 2685640.4034212981 1246524.7282377472 513.83911254913778
v 2685640.394735483 1246524.7403358461 513.83911254913778
v 2685640.2318746871 1246524.6237006709 513.83911254913778
v 2685640.1408960484 1246524.6172050354 513.83911254913778
v 2685637.1520700133 1246522.4834591353 513.83911254913778
v 2685634.9198871697 1246516.1446671512 524.36757847141155
v 2685637.8034712747 1246520.1219450913 524.59496141705324
v 2685637.888852532 1246520.0030211969 524.4536138987479
v 2685637.888852532 1246520.0030211969 513.83911254913778
v 2685639.7302871523 1246517.4381658335 513.83911254913778
v 2685642.5914310152 1246519.4262765972 513.83911254913778
v 2685642.5976205994 1246519.5913723626 513.83911254913778
v 2685642.604689389 1246519.7799171894 513.83911254913778
v 2685642.6717552794 1246521.5687725581 513.83911254913778
v 2685641.9204626563 1246522.615215855 513.83911254913778
v 2685638.009806633 1246520.4273090938 513.83911254913778
v 2685632.5778223183 1246518.8288605358 513.83911254913778
v 2685632.7654778189 1246519.0912296076 513.83911254913778
v 2685636.5515874377 1246521.8656404342 513.83911254913778
v 2685636.5359486588 1246521.8874230206 513.83911254913778
v 2685636.5338084861 1246521.8904039755 513.83911254913778
v 2685632.5916284057 1246512.4087324995 513.83911254913778
v 2685634.5413823011 1246515.2942504329 513.83911254913778
v 2685639.3631644663 1246517.1830648866 521.70475274443197
v 2685639.3631644663 1246517.1830648866 521.5172458321274
v 2685639.0403306992 1246517.9569560031 513.83911254913778
v 2685636.0236014728 1246514.8625171131 513.83911254913778
v 2685639.3631644663 1246517.1830648866 513.83911254913778
v 2685632.3522387994 1246524.9022988863 522.44807448063341
v 2685632.3522387994 1246524.9022988863 513.83911254913778
v 2685632.4510891438 1246525.3446377555 522.07272741599934
v 2685633.5086999168 1246526.1039480537 513.83911254913778
v 2685632.4510891438 1246525.3446377555 513.83911254913778
v 2685629.9386607669 1246523.5408430235 513.83911254913778
v 2685629.4216681188 1246523.1676828377 513.83911254913778
v 2685629.9628497506 1246522.7710877568 513.83911254913778
v 2685630.5143570071 1246522.3702056038 513.83911254913778
v 2685630.6708921455 1246522.3180406375 513.83911254913778
v 2685630.8485652613 1246522.2588315327 513.83911254913778
v 2685631.4028460393 1246520.653922739 513.83911254913778
v 2685631.364411809 1246520.481935831 513.83911254913778
v 2685632.4179589525 1246519.0920214916 513.83911254913778
v 2685632.7187075363 1246519.3723674186 513.83911254913778
v 2685632.7795051131 1246519.3431798075 513.83911254913778
v 2685632.8259723508 1246519.3198547806 513.83911254913778
v 2685637.1730782627 1246522.4330985853 513.83911254913778
v 2685637.1520571178 1246522.4834901341 513.83911254913778
v 2685638.587914031 1246524.6725109357 513.83911254913778
v 2685636.8356233812 1246524.2285483964 513.83911254913778
v 2685636.5425395807 1246523.944614128 513.83911254913778
v 2685636.5425524772 1246523.9445831282 513.83911254913778
v 2685636.5632124185 1246523.8950575555 513.83911254913778
v 2685635.2081030146 1246522.2945722837 513.83911254913778
v 2685635.135082073 1246522.2616544417 513.83911254913778
v 2685635.1067495849 1246522.248882062 513.83911254913778
v 2685635.1484327568 1246522.3565073295 525.87481360634399
v 2685635.1854187981 1246522.4007268634 525.8474921308574
v 2685635.5066357763 1246522.7433077758 513.83911254913778
v 2685635.7263927422 1246523.0150187602 525.58264109894969
v 2685635.7138434411 1246523.032498145 525.45714577718206
v 2685635.5022490313 1246523.32721893 525.10263562233058
v 2685635.5022490313 1246523.32721893 513.83911254913778
v 2685635.3170342324 1246523.5851966857 524.79232247311018
v 2685635.2776019685 1246523.6401201964 524.72625674954679
v 2685635.2108745016 1246523.7330620254 513.83911254913778
v 2685636.7973517934 1246524.3391693372 513.83911254913778
v 2685636.8101107483 1246524.3431677385 513.83911254913778
v 2685636.8834478888 1246524.3661501354 513.83911254913778
v 2685636.8992633149 1246524.3711063382 513.83911254913778
v 2685637.8034105217 1246525.4133324162 524.02308013242794
v 2685637.722045389 1246525.3549164231 524.1610828974616
v 2685637.722045389 1246525.3549164231 524.04693935146486
v 2685637.722045389 1246525.3549164231 513.83911254913778
v 2685637.6459403909 1246525.3002769381 524.18315843298467
v 2685637.6459403909 1246525.3002769381 524.06925610682833
v 2685638.1256404165 1246525.9159818185 513.83911254913778
v 2685637.6171793295 1246526.6850689887 522.7668944223019
v 2685638.8603090495 1246526.8898420851 513.83911254913778
v 2685638.3067394393 1246527.6664623022 513.83911254913778
v 2685637.4192624935 1246528.9115314428 513.83911254913778
v 2685636.9609729517 1246528.5825030534 520.75026532685615
v 2685636.9609729517 1246528.5825030534 513.83911254913778
v 2685635.1501497384 1246527.2824248495 513.83911254913778
v 2685635.9551783577 1246525.352625397 523.38409087210334
v 2685633.9177615908 1246525.534183579 522.44794880806694
v 2685632.4399020304 1246522.8694055588 524.37706150996041
v 2685631.8454004889 1246522.6841113251 513.83911254913778
v 2685632.9007697562 1246522.8988547779 513.83911254913778
v 2685633.5410856153 1246522.2875580546 525.33417201051896
v 2685634.0000261767 1246521.624971336 513.83911254913778
v 2685632.9999961788 1246522.0892744251 525.31545616729227
v 2685632.5318912477 1246521.5159294389 525.67401295233026
v 2685634.8249717453 1246521.820827374 513.83911254913778
v 2685633.2745102905 1246519.9491251179 513.83911254913778
v 2685633.2686946867 1246520.1091397349 513.83911254913778
v 2685638.4797394816 1246526.339333832 513.83911254913778
v 2685638.8813531436 1246526.7411140907 513.83911254913778
v 2685638.854048586 1246526.7791454387 513.83911254913778
v 2685638.8510726914 1246526.7832904339 513.83911254913778
v 2685636.5026825336 1246521.9337579792 513.83911254913778
v 2685637.1735490994 1246522.4334358529 513.83911254913778
v 2685637.173369383 1246522.432400763 513.83911254913778
v 2685626.1189202727 1246520.7837916957 513.83911254913778
v 2685621.1943662437 1246517.2292968896 513.83911254913778
v 2685622.7827770603 1246515.0168675371 513.83911254913778
v 2685628.9809802515 1246509.8164722857 513.83911254913778
v 2685631.8297865521 1246511.8617691174 513.83911254913778
v 2685628.9318343354 1246521.8742748916 523.40416651234989
v 2685628.4358171364 1246522.4561051854 513.83911254913778
v 2685626.6305934926 1246521.1531124187 513.83911254913778
v 2685633.662305641 1246523.1363558227 513.83911254913778
v 2685633.6793521075 1246523.2557172012 513.83911254913778
v 2685633.6952495459 1246523.3670330888 513.83911254913778
v 2685638.8208110868 1246521.3589990067 513.83911254913778
v 2685629.5439861212 1246521.6826157167 513.83911254913778
v 2685630.2860222016 1246521.0321520856 525.16720245472288
v 2685630.2860222016 1246521.0321520856 513.83911254913778
v 2685631.242702927 1246519.9373250788 513.83911254913778
v 2685631.1933864569 1246519.7166256907 526.64475940491127
v 2685632.0751591716 1246518.8373341248 513.83911254913778
v 2685632.2406386244 1246518.9561778363 513.83911254913778
v 2685631.3068677317 1246520.2244356377 526.4105881181215
v 2685631.3068677317 1246520.2244356377 526.30518646466214
v 2685630.7990660323 1246520.931694611 513.83911254913778
v 2685630.2313408707 1246522.0663370294 513.83911254913778
v 2685630.3025247925 1246522.3038216834 513.83911254913778
v 2685630.3025068394 1246522.3038159739 513.83911254913778
v 2685630.3025194234 1246522.3038289831 513.83911254913778
v 2685630.0785943894 1246522.233653876 513.83911254913778
v 2685630.0785840391 1246522.2336431122 513.83911254913778
v 2685629.8790609697 1246522.1711165835 513.83911254913778
v 2685629.2376545691 1246523.0348635935 513.83911254913778
v 2685628.7218466783 1246522.6625584897 513.83911254913778
v 2685630.2860222016 1246521.0321520856 525.10405529521961
v 2685629.9392514718 1246522.0900284939 513.83911254913778
v 2685629.9392669345 1246522.0900076714 513.83911254913778
v 2685629.9392158091 1246522.0899917358 513.83911254913778
v 2685629.7795333313 1246521.9254017987 513.83911254913778
v 2685629.7795155365 1246521.9254256904 513.83911254913778
v 2685629.779574296 1246521.9254440297 513.83911254913778
v 2685622.9759908882 1246514.7477482767 513.83911254913778
v 2685624.1343020159 1246513.1343863499 513.83911254913778
v 2685624.1528884447 1246513.1084981095 513.83911254913778
v 2685630.8561858712 1246518.2077085325 513.83911254913778
v 2685623.3745475193 1246515.1587922804 513.83911254913778
v 2685623.4331567283 1246515.2192378342 513.83911254913778
v 2685631.3276750068 1246520.3175445108 513.83911254913778
v 2685636.567378311 1246521.843646005 513.83911254913778
v 2685632.9602255216 1246519.170714383 513.83911254913778
v 2685637.2194655943 1246522.3218997165 513.83911254913778
v 2685637.1966771362 1246522.3765277744 513.83911254913778
v 2685640.3927918039 1246524.7430431133 513.83911254913778
v 2685640.384713389 1246524.754295192 513.83911254913778
v 2685640.3692246978 1246524.7758687257 513.83911254913778
v 2685640.3647906808 1246524.7820446782 513.83911254913778
v 2685640.3606603625 1246524.7877976212 513.83911254913778
v 2685640.3515493684 1246524.8004879353 513.83911254913778
v 2685640.3175349883 1246524.8478651077 513.83911254913778
v 2685640.1211633654 1246524.6157961846 513.83911254913778
v 2685640.1548390766 1246524.6182005655 513.83911254913778
v 2685634.9149054042 1246515.8470420311 513.83911254913778
v 2685634.913898123 1246515.6969564508 513.83911254913778
v 2685634.9038896458 1246515.6599703219 513.83911254913778
v 2685635.8080482692 1246514.7127365507 513.83911254913778
v 2685635.8189979014 1246514.720345123 513.83911254913778
v 2685637.8034712747 1246520.1219450913 513.83911254913778
v 2685637.7964946823 1246520.1316624873 513.83911254913778
v 2685635.0537867197 1246515.7678574629 513.83911254913778
v 2685638.0098616201 1246520.427390368 513.83911254913778
v 2685641.8880882557 1246522.6603087711 513.83911254913778
v 2685641.8663433478 1246522.6905963197 513.83911254913778
v 2685641.8567464338 1246522.7039634506 513.83911254913778
v 2685641.8339082068 1246522.7357738386 513.83911254913778
v 2685641.8024449055 1246522.7795977227 513.83911254913778
v 2685638.8765151515 1246521.4400470338 513.83911254913778
v 2685634.7655967227 1246515.4587573379 513.83911254913778
v 2685625.6613654681 1246511.007405113 513.83911254913778
v 2685625.6897917711 1246510.9678113328 513.83911254913778
v 2685625.8056836249 1246510.8063905383 513.83911254913778
v 2685625.8275500117 1246510.775933784 513.83911254913778
v 2685625.8366002664 1246510.7633280726 513.83911254913778
v 2685625.858162954 1246510.7332943289 513.83911254913778
v 2685627.3546742043 1246508.6488679443 513.83911254913778
v 2685626.454873234 1246511.5202299447 513.83911254913778
v 2685626.3414333803 1246511.4622121437 513.83911254913778
v 2685625.6588143893 1246511.0109584013 513.83911254913778
v 2685624.3080790546 1246512.89233976 513.83911254913778
v 2685624.5739998221 1246513.0886232192 513.83911254913778
v 2685630.456475439 1246516.4190700096 513.83911254913778
v 2685630.4564987831 1246516.4191744651 513.83911254913778
v 2685629.7051357138 1246513.0569485936 513.83911254913778
v 2685634.3266194873 1246515.5461681718 513.83911254913778
v 2685631.3901678594 1246522.4277417515 513.83911254913778
v 2685631.9595799972 1246523.1452152892 513.83911254913778
v 2685631.800783297 1246522.773345643 513.83911254913778
v 2685631.2702374784 1246522.5048445659 513.83911254913778
v 2685633.5410856153 1246522.2875580546 513.83911254913778
v 2685632.5521116103 1246524.623904614 513.83911254913778
v 2685633.9177615908 1246525.534183579 513.83911254913778
v 2685635.0833986863 1246527.2345010163 513.83911254913778
v 2685634.5790010043 1246526.8723693469 513.83911254913778
v 2685638.2099906886 1246525.9383583018 513.83911254913778
v 2685638.4867579611 1246526.3295379144 513.83911254913778
v 2685638.4794948562 1246526.3396752758 513.83911254913778
v 2685638.1399011756 1246525.9197649243 513.83911254913778
v 2685638.9298268021 1246526.7923134016 513.83911254913778
v 2685638.9272249904 1246526.795963604 513.83911254913778
v 2685638.897064358 1246526.8382769991 513.83911254913778
v 2685638.8844646695 1246526.736780179 513.83911254913778
v 2685639.304187275 1246525.1247610333 513.83911254913778
v 2685638.5109183383 1246524.7616195655 513.83911254913778
v 2685639.2655216325 1246524.6788527654 513.83911254913778
v 2685639.3366438057 1246524.9060181868 513.83911254913778
v 2685639.4756167554 1246524.9493598354 513.83911254913778
v 2685640.1039732723 1246525.1453260684 513.83911254913778
v 2685640.0782195269 1246525.1811973569 513.83911254913778
v 2685631.327689548 1246520.3176094401 513.83911254913778
v 2685636.6766318008 1246524.1899092663 513.83911254913778
v 2685636.4674153207 1246524.1247005891 513.83911254913778
v 2685635.2776019685 1246523.6401201964 513.83911254913778
v 2685635.3170342324 1246523.5851966857 513.83911254913778
v 2685635.1975552705 1246522.3917747748 513.83911254913778
v 2685635.2499933834 1246522.287389002 513.83911254913778
v 2685636.6357542542 1246524.063688678 513.83911254913778
v 2685636.639878884 1246524.0649750119 513.83911254913778
v 2685636.6444244958 1246524.0663926851 513.83911254913778
v 2685636.7232470862 1246524.0909751835 513.83911254913778
v 2685636.882629869 1246524.3658937495 513.83911254913778
v 2685636.737654103 1246524.2653582136 513.83911254913778
v 2685632.8790339096 1246519.4146592007 513.83911254913778
v 2685632.7249729177 1246519.3040159233 513.83911254913778
v 2685632.7221653019 1246519.3005446277 513.83911254913778
v 2685632.9350404129 1246519.4533780408 513.83911254913778
v 2685622.8362889695 1246514.9423330924 523.17817064015412
v 2685622.8171558804 1246514.9689827524 523.14637477158931
v 2685622.8171558804 1246514.9689827524 513.83911254913778
v 2685622.8362889695 1246514.9423330924 513.83911254913778
v 2685622.8372000689 1246514.9410640616 523.17968472967891
v 2685622.8372000689 1246514.9410640616 513.83911254913778
v 2685622.8704855698 1246514.8947021139 523.23499944726677
v 2685622.8704855698 1246514.8947021139 513.83911254913778
v 2685622.9079013886 1246514.8425872242 523.29717803535368
v 2685622.9079013886 1246514.8425872242 513.83911254913778
v 2685623.2790197311 1246515.0602715132 513.83911254913778
v 2685631.6815585583 1246518.6488363065 513.83911254913778
v 2685630.5547709628 1246520.7245955968 513.83911254913778
v 2685629.4313689917 1246521.8168488452 513.83911254913778
v 2685622.8029427296 1246514.9887796419 523.12275498312567
v 2685622.8029427296 1246514.9887796419 513.83911254913778
v 2685623.4749421747 1246515.2623325265 513.83911254913778
v 2685630.6799504207 1246520.714164003 513.83911254913778
v 2685632.6842863327 1246519.1463998882 513.83911254913778
v 2685632.6452883277 1246519.0986578357 513.83911254913778
v 2685632.6548977024 1246519.0678340786 513.83911254913778
v 2685633.2833810411 1246519.705052274 513.83911254913778
v 2685632.6670835731 1246519.0510707307 513.83911254913778
v 2685632.8021799596 1246519.1062092783 513.83911254913778
v 2685637.195703431 1246522.3788619032 513.83911254913778
v 2685637.762667397 1246521.0197465639 513.83911254913778
v 2685637.7417225447 1246521.0699550575 513.83911254913778
v 2685637.7230829815 1246521.1146377011 513.83911254913778
v 2685637.2628134908 1246520.8750041469 513.83911254913778
v 2685637.2954674773 1246520.8295218083 513.83911254913778
v 2685637.3122082627 1246520.8062042862 513.83911254913778
v 2685628.9318343354 1246521.8742748916 513.83911254913778
v 2685626.4005287439 1246520.9870539736 513.83911254913778
v 2685630.0955140656 1246522.2510934719 513.83911254913778
v 2685629.4029201665 1246523.1541507151 513.83911254913778
v 2685631.3108446221 1246520.2422314405 513.83911254913778
v 2685631.3718081447 1246520.515033033 513.83911254913778
v 2685630.4604680426 1246523.098934324 513.83911254913778
v 2685632.4399020304 1246522.8694055588 513.83911254913778
v 2685632.5069403048 1246522.7760308201 513.83911254913778
v 2685632.8377377125 1246522.9934028955 513.83911254913778
v 2685632.4863893278 1246524.7154463634 513.83911254913778
v 2685631.3929922921 1246523.4284682188 513.83911254913778
v 2685630.2600750579 1246520.8290790417 513.83911254913778
v 2685630.3321702881 1246520.7431457317 513.83911254913778
v 2685638.2384412689 1246525.9459056379 513.83911254913778
v 2685638.5100059435 1246526.297090007 513.83911254913778
v 2685634.8060993892 1246521.8239727626 513.83911254913778
v 2685633.2760913451 1246519.9056239559 513.83911254913778
v 2685633.2772996002 1246519.8723785134 513.83911254913778
v 2685633.2714514001 1246520.0332896365 513.83911254913778
v 2685635.2130662338 1246522.3803336627 513.83911254913778
v 2685636.5414002696 1246523.9432053678 513.83911254913778
v 2685635.7263927422 1246523.0150187602 513.83911254913778
v 2685636.5206476324 1246523.9970929013 513.83911254913778
v 2685638.4437840953 1246524.8551279753 513.83911254913778
l 1 2
l 2 1141
l 3 1141
l 3 4
l 4 5
l 5 6
l 6 7
l 7 8
l 10 11
l 11 12
l 12 13
l 13 14
l 12 14
l 14 15
l 15 1150
l 16 1150
l 17 18
l 16 19
l 23 24
l 24 25
l 23 25
l 26 27
l 27 28
l 28 29
l 29 30
l 30 31
l 32 33
l 33 34
l 32 34
l 34 35
l 35 36
l 36 37
l 37 38
l 38 39
l 41 42
l 42 43
l 43 44
l 41 44
l 44 45
l 45 46
l 44 46
l 46 47
l 47 1165
l 48 1165
l 46 48
l 46 1165
l 48 49
l 49 50
l 50 1167
l 51 1167
l 51 52
l 52 53
l 53 54
l 54 55
l 56 57
l 57 60
l 62 63
l 62 64
l 60 65
l 65 66
l 66 67
l 67 68
l 70 71
l 70 72
l 73 74
l 73 75
l 76 77
l 69 78
l 76 79
l 79 80
l 76 80
l 79 81
l 78 85
l 86 87
l 86 88
l 85 91
l 94 171
l 94 95
l 91 96
l 97 98
l 97 99
l 100 101
l 100 102
l 96 103
l 103 105
l 105 106
l 104 106
l 106 107
l 104 107
l 107 108
l 108 109
l 109 110
l 110 111
l 111 113
l 113 114
l 114 115
l 115 116
l 116 117
l 117 118
l 116 118
l 118 119
l 116 119
l 120 121
l 121 1118
l 122 1118
l 122 123
l 123 124
l 120 125
l 125 126
l 120 126
l 125 127
l 124 128
l 128 129
l 129 130
l 130 131
l 131 132
l 133 134
l 134 135
l 135 136
l 136 137
l 137 1128
l 1128 1131
l 138 1131
l 138 139
l 139 140
l 140 141
l 141 142
l 142 143
l 143 144
l 144 145
l 145 146
l 146 147
l 148 149
l 149 150
l 150 151
l 151 152
l 152 153
l 154 155
l 155 156
l 1 156
l 9 10
l 8 9
l 25 26
l 31 32
l 41 46
l 41 55
l 55 56
l 41 56
l 58 59
l 61 157
l 61 158
l 68 1175
l 69 1175
l 74 75
l 77 159
l 76 159
l 80 159
l 82 84
l 83 84
l 89 90
l 92 93
l 104 160
l 160 161
l 104 161
l 112 162
l 112 163
l 119 120
l 132 133
l 147 164
l 153 154
l 18 165
l 17 165
l 19 20
l 39 40
l 40 166
l 166 1161
l 41 1161
l 63 64
l 79 159
l 82 83
l 87 88
l 162 163
l 126 127
l 157 158
l 71 72
l 164 167
l 148 167
l 58 168
l 25 168
l 59 168
l 25 59
l 80 81
l 89 169
l 88 169
l 90 169
l 88 90
l 93 170
l 95 171
l 95 170
l 101 102
l 93 95
l 98 170
l 98 99
l 99 170
l 22 23
l 21 92
l 21 22
l 22 92
l 20 21
l 92 170
l 151 172
l 172 173
l 151 173
l 152 174
l 174 175
l 1 175
l 1 155
l 152 155
l 176 177
l 177 178
l 176 178
l 179 180
l 180 1274
l 181 1274
l 181 182
l 182 183
l 184 185
l 185 186
l 186 187
l 187 188
l 189 190
l 190 191
l 191 192
l 192 193
l 193 194
l 198 199
l 199 200
l 200 201
l 201 202
l 202 203
l 204 205
l 205 206
l 204 206
l 206 207
l 207 208
l 206 208
l 209 210
l 210 211
l 211 212
l 212 213
l 213 1254
l 1254 1255
l 1255 1257
l 214 1257
l 216 1259
l 1259 1260
l 217 1260
l 217 218
l 218 219
l 219 220
l 220 221
l 221 222
l 222 223
l 223 224
l 224 225
l 225 226
l 226 227
l 227 228
l 226 228
l 228 1264
l 1264 1267
l 1267 1269
l 1269 1271
l 229 1271
l 179 229
l 183 230
l 188 189
l 194 196
l 196 1243
l 235 1243
l 184 235
l 195 196
l 203 231
l 231 1250
l 232 1250
l 233 1158
l 209 1158
l 215 234
l 215 216
l 184 194
l 184 196
l 235 1245
l 236 1245
l 197 1245
l 197 198
l 208 1252
l 233 1252
l 214 234
l 184 230
l 237 238
l 238 239
l 237 239
l 23 240
l 23 241
l 241 242
l 242 243
l 243 244
l 246 247
l 247 248
l 248 249
l 249 250
l 250 251
l 251 252
l 252 253
l 253 254
l 217 256
l 256 257
l 257 258
l 259 260
l 240 260
l 13 244
l 246 261
l 258 259
l 13 262
l 261 263
l 262 264
l 264 265
l 263 265
l 266 267
l 267 268
l 268 269
l 269 270
l 270 271
l 271 272
l 272 273
l 273 274
l 274 275
l 275 276
l 266 276
l 277 278
l 278 279
l 279 280
l 277 280
l 281 282
l 282 283
l 283 1300
l 283 284
l 284 285
l 285 286
l 281 286
l 287 288
l 288 289
l 287 289
l 290 291
l 288 291
l 288 290
l 292 293
l 293 1306
l 294 1306
l 295 296
l 295 297
l 294 298
l 298 299
l 299 300
l 300 301
l 301 302
l 302 303
l 303 304
l 305 306
l 306 307
l 309 310
l 310 311
l 313 314
l 314 315
l 315 316
l 316 317
l 317 318
l 318 319
l 319 320
l 321 322
l 322 323
l 323 324
l 324 325
l 325 326
l 326 327
l 328 329
l 329 330
l 330 331
l 331 332
l 332 333
l 333 1247
l 334 1247
l 195 334
l 195 333
l 194 333
l 335 336
l 336 337
l 337 338
l 338 339
l 339 340
l 340 341
l 341 342
l 342 343
l 343 344
l 344 345
l 345 346
l 346 347
l 347 348
l 348 349
l 349 350
l 350 351
l 351 352
l 352 353
l 353 354
l 354 355
l 355 359
l 356 358
l 357 358
l 359 360
l 360 361
l 361 362
l 362 363
l 365 366
l 366 367
l 365 367
l 369 370
l 370 371
l 371 1335
l 1335 1336
l 1336 1338
l 1338 1339
l 372 1339
l 373 374
l 374 375
l 375 376
l 377 378
l 378 379
l 379 380
l 377 380
l 380 381
l 381 382
l 380 382
l 382 383
l 380 383
l 383 384
l 384 1345
l 1345 1347
l 1347 1350
l 385 1350
l 380 385
l 385 386
l 380 386
l 386 387
l 387 388
l 388 389
l 389 390
l 391 392
l 392 1352
l 393 1352
l 393 394
l 395 396
l 396 397
l 397 398
l 398 399
l 399 1356
l 400 1356
l 401 1360
l 402 1360
l 403 404
l 404 405
l 406 407
l 407 408
l 406 408
l 402 409
l 409 410
l 411 412
l 412 413
l 413 414
l 414 415
l 415 416
l 416 417
l 417 418
l 422 423
l 426 1364
l 427 1364
l 427 428
l 428 429
l 429 430
l 431 1366
l 432 1366
l 416 432
l 434 435
l 435 436
l 436 437
l 437 438
l 438 439
l 439 440
l 441 442
l 442 443
l 444 445
l 442 445
l 442 446
l 441 446
l 440 447
l 447 448
l 448 449
l 449 450
l 450 451
l 451 452
l 452 453
l 453 454
l 457 1304
l 458 1304
l 292 458
l 304 305
l 307 308
l 308 309
l 311 312
l 312 313
l 320 321
l 327 328
l 335 459
l 363 364
l 364 365
l 367 368
l 368 1331
l 1331 1332
l 369 1332
l 372 373
l 376 377
l 376 380
l 390 460
l 391 460
l 394 461
l 395 461
l 400 1359
l 462 1359
l 410 411
l 418 419
l 419 420
l 420 421
l 421 426
l 416 433
l 433 1361
l 434 1361
l 431 443
l 454 455
l 455 456
l 456 463
l 457 463
l 296 297
l 459 464
l 194 464
l 401 462
l 423 465
l 424 465
l 422 425
l 356 357
l 403 408
l 405 406
l 431 1367
l 444 1367
l 327 406
l 327 408
l 424 425
l 430 431
l 466 467
l 467 468
l 466 468
l 396 469
l 396 470
l 470 471
l 471 472
l 472 473
l 473 474
l 474 475
l 475 476
l 476 477
l 477 478
l 478 479
l 469 479
l 198 480
l 199 480
l 481 1244
l 482 1244
l 482 483
l 483 484
l 196 484
l 195 481
l 485 486
l 486 487
l 487 488
l 488 489
l 489 490
l 485 490
l 491 492
l 492 493
l 493 494
l 494 495
l 278 495
l 277 491
l 496 497
l 497 498
l 496 498
l 499 500
l 500 501
l 419 501
l 419 502
l 502 503
l 499 503
l 220 504
l 218 505
l 505 508
l 504 508
l 506 507
l 507 508
l 504 505
l 505 506
l 509 510
l 511 512
l 515 516
l 515 517
l 514 518
l 518 519
l 520 521
l 521 522
l 523 524
l 524 525
l 523 525
l 525 526
l 526 527
l 523 527
l 526 528
l 528 529
l 527 529
l 531 532
l 532 533
l 533 534
l 534 535
l 535 536
l 536 537
l 537 538
l 538 539
l 539 540
l 540 1398
l 541 1398
l 542 1398
l 543 544
l 544 545
l 545 546
l 546 547
l 547 548
l 549 550
l 550 551
l 552 553
l 553 554
l 554 555
l 555 556
l 556 557
l 558 559
l 559 560
l 558 560
l 560 561
l 561 562
l 299 562
l 299 563
l 563 564
l 511 564
l 510 565
l 509 565
l 512 514
l 513 567
l 513 568
l 519 1383
l 520 1383
l 522 523
l 523 526
l 522 527
l 530 531
l 542 543
l 548 549
l 551 552
l 557 558
l 567 568
l 522 526
l 529 530
l 566 569
l 516 569
l 517 526
l 526 529
l 548 569
l 516 527
l 548 566
l 516 526
l 527 548
l 570 571
l 571 572
l 572 573
l 573 574
l 570 574
l 575 576
l 576 577
l 577 578
l 578 579
l 579 580
l 580 581
l 581 582
l 582 583
l 583 584
l 584 585
l 585 586
l 586 587
l 575 587
l 588 589
l 589 590
l 590 591
l 588 591
l 532 592
l 532 593
l 593 594
l 592 594
l 595 596
l 596 597
l 597 598
l 598 599
l 599 600
l 595 600
l 204 601
l 232 602
l 602 603
l 603 604
l 604 605
l 605 606
l 606 607
l 607 608
l 609 610
l 610 611
l 611 612
l 208 612
l 205 601
l 608 613
l 613 614
l 614 615
l 609 615
l 616 617
l 236 617
l 616 1245
l 236 616
l 236 618
l 618 619
l 619 620
l 616 620
l 621 622
l 622 623
l 621 623
l 625 626
l 626 627
l 627 628
l 628 629
l 629 630
l 630 631
l 631 632
l 632 633
l 633 634
l 634 635
l 635 636
l 636 637
l 638 639
l 639 640
l 638 640
l 640 641
l 638 641
l 641 642
l 642 643
l 641 643
l 624 643
l 624 625
l 637 638
l 644 645
l 645 646
l 646 647
l 647 648
l 648 649
l 649 650
l 650 651
l 651 652
l 652 653
l 644 653
l 654 655
l 655 656
l 656 657
l 654 657
l 263 285
l 263 1283
l 1282 1283
l 658 1282
l 658 659
l 659 660
l 660 661
l 661 664
l 664 665
l 665 666
l 666 667
l 667 668
l 668 669
l 669 670
l 670 671
l 671 672
l 672 676
l 662 676
l 672 673
l 673 674
l 674 675
l 285 675
l 662 663
l 663 676
l 662 672
l 254 677
l 505 677
l 217 678
l 255 679
l 678 679
l 255 678
l 505 678
l 677 680
l 677 681
l 681 682
l 682 683
l 683 684
l 684 685
l 685 686
l 686 687
l 687 688
l 688 689
l 689 690
l 690 691
l 680 691
l 680 687
l 680 688
l 680 689
l 680 690
l 154 692
l 692 693
l 155 693
l 155 694
l 1 694
l 1 695
l 2 695
l 696 697
l 697 698
l 493 698
l 493 699
l 696 699
l 699 700
l 696 700
l 701 702
l 702 703
l 701 703
l 703 704
l 701 704
l 704 705
l 701 705
l 705 706
l 701 706
l 706 707
l 707 708
l 708 709
l 709 710
l 710 711
l 711 712
l 696 712
l 700 701
l 713 714
l 714 715
l 713 715
l 716 717
l 717 718
l 718 719
l 719 720
l 720 721
l 716 721
l 722 723
l 723 724
l 722 724
l 492 725
l 725 726
l 493 726
l 727 728
l 728 729
l 729 730
l 727 730
l 731 732
l 732 733
l 733 734
l 734 735
l 735 736
l 731 736
l 737 738
l 738 739
l 737 739
l 739 740
l 740 741
l 743 744
l 744 745
l 743 745
l 746 747
l 747 748
l 748 749
l 749 750
l 737 751
l 741 742
l 742 751
l 741 751
l 742 743
l 745 746
l 750 751
l 752 753
l 753 754
l 754 755
l 755 756
l 756 757
l 757 758
l 758 759
l 759 760
l 760 761
l 761 762
l 762 763
l 763 764
l 764 765
l 752 765
l 766 767
l 767 768
l 768 769
l 769 770
l 770 771
l 772 773
l 773 774
l 774 775
l 775 776
l 776 777
l 766 777
l 771 772
l 778 779
l 779 1349
l 1346 1349
l 780 1346
l 781 782
l 782 783
l 783 784
l 784 785
l 785 786
l 786 787
l 787 788
l 778 788
l 780 789
l 781 789
l 790 791
l 791 792
l 786 792
l 786 793
l 793 794
l 794 795
l 795 796
l 790 796
l 797 798
l 798 799
l 797 799
l 799 800
l 800 801
l 799 801
l 793 801
l 793 802
l 802 803
l 803 804
l 804 805
l 805 806
l 806 807
l 807 808
l 808 809
l 807 809
l 810 811
l 811 812
l 812 813
l 813 814
l 814 815
l 815 816
l 816 817
l 817 818
l 818 819
l 819 820
l 820 821
l 823 824
l 797 824
l 809 810
l 821 822
l 822 823
l 825 826
l 826 827
l 825 827
l 828 829
l 829 830
l 828 830
l 830 831
l 831 832
l 832 833
l 833 834
l 834 835
l 835 836
l 836 837
l 837 838
l 838 839
l 840 841
l 841 842
l 842 843
l 844 845
l 845 846
l 846 847
l 848 849
l 849 850
l 848 850
l 854 855
l 855 856
l 856 857
l 857 858
l 858 859
l 859 860
l 860 861
l 864 865
l 865 866
l 866 867
l 867 868
l 868 869
l 869 870
l 828 871
l 839 840
l 843 844
l 847 848
l 851 852
l 852 853
l 851 853
l 853 854
l 851 854
l 861 862
l 862 863
l 854 863
l 863 864
l 854 864
l 870 872
l 872 1334
l 871 1334
l 850 851
l 873 874
l 874 875
l 875 876
l 876 877
l 873 877
l 878 879
l 879 880
l 880 881
l 881 882
l 882 883
l 883 884
l 884 885
l 885 886
l 886 887
l 887 888
l 888 1166
l 888 889
l 878 889
l 890 1186
l 891 1186
l 891 892
l 892 893
l 896 1394
l 897 1394
l 897 898
l 898 899
l 899 900
l 900 901
l 901 902
l 902 903
l 903 904
l 904 905
l 905 906
l 906 907
l 486 907
l 907 917
l 485 909
l 909 1523
l 1510 1523
l 1509 1510
l 1509 1513
l 1513 1515
l 1515 1517
l 910 1517
l 910 911
l 911 912
l 890 912
l 896 907
l 908 913
l 913 914
l 893 894
l 894 895
l 914 915
l 908 915
l 895 896
l 896 916
l 916 917
l 918 919
l 919 920
l 920 921
l 918 921
l 922 923
l 923 924
l 922 924
l 925 926
l 926 1397
l 927 1397
l 927 928
l 925 928
l 929 1397
l 926 930
l 930 931
l 931 932
l 932 933
l 929 933
l 934 1248
l 935 1248
l 935 936
l 936 937
l 937 938
l 936 938
l 938 939
l 939 940
l 940 941
l 934 941
l 942 943
l 943 944
l 944 945
l 942 945
l 946 947
l 947 948
l 948 949
l 946 949
l 950 951
l 951 952
l 950 952
l 953 954
l 954 955
l 953 955
l 956 957
l 957 958
l 956 958
l 959 960
l 960 961
l 961 962
l 962 1299
l 963 1299
l 959 963
l 963 964
l 964 965
l 959 965
l 959 1299
l 966 967
l 967 968
l 968 969
l 969 970
l 970 971
l 971 972
l 972 973
l 973 974
l 974 975
l 975 976
l 976 977
l 966 977
l 488 978
l 487 979
l 979 980
l 980 981
l 978 981
l 514 982
l 512 983
l 983 984
l 984 985
l 985 986
l 986 987
l 982 987
l 545 989
l 541 544
l 989 1398
l 541 989
l 541 990
l 990 991
l 991 992
l 992 993
l 993 994
l 996 997
l 997 998
l 998 999
l 999 1000
l 1000 1001
l 1001 1002
l 1002 1003
l 1003 1004
l 1004 1005
l 1005 1006
l 1006 1007
l 1007 1008
l 1008 1009
l 1009 1010
l 1011 1012
l 1012 1013
l 1013 1014
l 988 1014
l 988 989
l 994 995
l 995 996
l 1010 1011
l 1015 1016
l 1016 1017
l 1015 1017
l 1018 1019
l 1019 1020
l 1018 1020
l 1020 1021
l 1021 1022
l 1020 1022
l 1022 1023
l 1023 1024
l 1024 1025
l 1025 1026
l 1026 1027
l 1027 1028
l 1028 1029
l 1029 1030
l 1030 1031
l 1031 1032
l 1032 1033
l 1033 1034
l 1034 1035
l 1035 1036
l 1036 1037
l 1037 1038
l 1038 1039
l 1039 1040
l 1018 1040
l 1041 1391
l 1042 1391
l 1042 1043
l 1043 1044
l 1044 1045
l 1041 1045
l 1046 1047
l 1047 1048
l 1046 1048
l 1049 1050
l 1050 1051
l 1051 1052
l 1049 1052
l 1053 1054
l 1054 1055
l 1055 1056
l 1056 1057
l 1057 1058
l 1058 1059
l 1059 1060
l 1060 1061
l 1053 1061
l 1062 1063
l 1063 1064
l 1064 1065
l 1065 1066
l 1066 1067
l 1067 1068
l 1068 1069
l 1069 1070
l 1070 1071
l 1071 1072
l 1072 1073
l 1062 1073
l 1075 1076
l 1076 1077
l 1077 1078
l 1078 1079
l 1074 1079
l 1074 1075
l 1080 1081
l 1081 1082
l 1082 1083
l 1083 1084
l 1080 1084
l 1085 1086
l 1086 1087
l 1087 1088
l 1088 1089
l 1085 1089
l 1090 1091
l 1091 1092
l 1092 1093
l 1093 1094
l 1090 1094
l 1095 1096
l 1096 1097
l 1097 1098
l 1095 1098
l 1070 1099
l 1099 1100
l 1100 1101
l 1070 1101
l 1102 1103
l 1103 1104
l 1104 1105
l 1105 1106
l 1106 1107
l 1107 1108
l 1108 1109
l 1109 1110
l 1110 1111
l 1111 1112
l 1102 1112
l 115 1186
l 585 1186
l 120 580
l 121 579
l 1119 1120
l 1120 1121
l 122 572
l 124 570
l 129 573
l 1122 1123
l 130 717
l 132 721
l 134 719
l 1125 1126
l 713 1127
l 136 1127
l 135 714
l 137 715
l 1129 1130
l 1130 1132
l 1132 1133
l 138 706
l 144 700
l 145 699
l 146 493
l 147 726
l 164 725
l 167 1135
l 1135 1136
l 148 1136
l 1136 1137
l 149 1137
l 280 727
l 151 727
l 693 730
l 152 693
l 153 692
l 156 694
l 1142 1143
l 1143 1144
l 1144 1145
l 4 670
l 6 668
l 7 667
l 8 666
l 11 661
l 245 660
l 12 245
l 13 245
l 14 244
l 15 652
l 20 648
l 21 647
l 23 645
l 25 260
l 27 258
l 257 656
l 212 655
l 31 210
l 34 233
l 233 611
l 273 610
l 272 952
l 270 951
l 269 947
l 39 946
l 606 949
l 605 940
l 939 1162
l 1162 1163
l 41 1163
l 1163 1164
l 938 1164
l 42 938
l 44 936
l 45 935
l 46 331
l 47 889
l 889 1166
l 49 1165
l 887 1166
l 49 887
l 50 886
l 51 884
l 322 883
l 53 874
l 873 1169
l 1169 1170
l 55 1170
l 1170 1171
l 877 1171
l 57 876
l 65 317
l 66 316
l 598 1173
l 1173 1174
l 68 1174
l 1174 1176
l 597 1176
l 596 932
l 540 930
l 538 922
l 536 924
l 535 1180
l 1180 1181
l 106 1181
l 1181 1182
l 534 1182
l 107 534
l 533 895
l 108 895
l 110 893
l 893 1183
l 1183 1184
l 111 1184
l 1184 1185
l 892 1185
l 114 891
l 88 1187
l 1187 1188
l 86 1188
l 1188 1189
l 87 1189
l 1187 1189
l 163 1190
l 1190 1191
l 112 1191
l 1191 1192
l 162 1192
l 1190 1192
l 100 1193
l 1193 1194
l 101 1194
l 1194 1195
l 102 1195
l 1193 1195
l 104 1196
l 1196 1197
l 160 1197
l 1197 1198
l 161 1198
l 1196 1198
l 76 1199
l 1199 1200
l 77 1200
l 1200 1201
l 159 1201
l 1199 1201
l 58 1202
l 1202 1203
l 168 1203
l 1203 1204
l 59 1204
l 1202 1204
l 83 1205
l 1205 1206
l 84 1206
l 1206 1207
l 82 1207
l 1205 1207
l 95 1208
l 1208 1209
l 94 1209
l 1209 1210
l 171 1210
l 1208 1210
l 169 1211
l 1211 1212
l 90 1212
l 1212 1213
l 89 1213
l 1211 1213
l 61 1214
l 1214 1215
l 157 1215
l 1215 1216
l 158 1216
l 1214 1216
l 64 1217
l 1217 1218
l 62 1218
l 1218 1219
l 63 1219
l 1217 1219
l 75 1220
l 1220 1221
l 73 1221
l 1221 1222
l 74 1222
l 1220 1222
l 72 1223
l 1223 1224
l 70 1224
l 1224 1225
l 71 1225
l 1223 1225
l 81 1226
l 1226 1227
l 79 1227
l 1227 1228
l 80 1228
l 1226 1228
l 99 1229
l 1229 1230
l 97 1230
l 1230 1231
l 98 1231
l 1229 1231
l 170 1232
l 1232 1233
l 93 1233
l 1233 1234
l 92 1234
l 1232 1234
l 127 724
l 126 722
l 125 723
l 18 1235
l 1235 1236
l 165 1236
l 1236 1237
l 17 1237
l 1235 1237
l 173 728
l 172 279
l 1238 1239
l 175 695
l 174 729
l 1241 1242
l 178 662
l 176 676
l 177 663
l 235 483
l 483 1244
l 236 482
l 197 236
l 617 1245
l 197 617
l 197 480
l 620 1247
l 200 1247
l 203 941
l 205 955
l 204 953
l 213 654
l 214 974
l 234 973
l 217 968
l 221 504
l 222 508
l 507 680
l 223 680
l 228 687
l 1265 1266
l 1266 1268
l 1268 1270
l 1270 1272
l 1272 1273
l 179 621
l 229 622
l 180 623
l 1275 1276
l 1276 1277
l 182 627
l 181 628
l 183 626
l 230 625
l 184 624
l 185 643
l 190 638
l 190 1111
l 191 335
l 192 459
l 239 358
l 237 357
l 238 356
l 245 1281
l 262 1281
l 262 658
l 263 960
l 247 964
l 1285 1286
l 248 1286
l 1286 1287
l 1287 1288
l 1288 1289
l 251 1289
l 1289 1290
l 253 677
l 252 681
l 256 967
l 256 657
l 267 608
l 268 948
l 271 950
l 274 609
l 1238 1297
l 962 963
l 1299 1300
l 286 675
l 282 673
l 282 1300
l 1302 1303
l 288 548
l 289 566
l 287 569
l 291 549
l 290 547
l 549 1014
l 452 750
l 451 751
l 454 748
l 455 747
l 456 1038
l 463 1037
l 457 1036
l 292 768
l 458 769
l 293 767
l 1307 1308
l 1308 1309
l 1309 1310
l 298 987
l 299 986
l 300 562
l 301 561
l 302 560
l 303 1005
l 304 1004
l 306 1002
l 309 999
l 310 998
l 311 997
l 600 993
l 315 600
l 320 875
l 327 945
l 879 942
l 328 944
l 878 943
l 329 878
l 195 957
l 334 958
l 336 1109
l 337 818
l 338 817
l 339 816
l 340 815
l 342 813
l 343 1101
l 344 1100
l 345 853
l 346 852
l 350 848
l 351 847
l 353 845
l 353 1094
l 354 1093
l 355 1092
l 359 841
l 360 840
l 361 839
l 362 838
l 363 837
l 367 833
l 367 1089
l 368 1088
l 1087 1331
l 830 1331
l 369 828
l 370 871
l 371 1097
l 1096 1335
l 869 1335
l 372 865
l 374 863
l 375 862
l 376 861
l 382 855
l 382 1099
l 383 1070
l 384 1069
l 1068 1345
l 780 1345
l 385 779
l 386 778
l 388 787
l 388 1054
l 389 1053
l 390 1061
l 460 1060
l 391 1059
l 392 1058
l 1057 1352
l 393 790
l 791 1352
l 394 796
l 461 795
l 395 794
l 396 793
l 397 801
l 1353 1354
l 1354 1355
l 399 1355
l 1355 1357
l 1357 1358
l 400 776
l 462 774
l 401 773
l 402 771
l 409 770
l 410 1032
l 411 1031
l 412 1030
l 416 1026
l 433 1025
l 434 1023
l 435 1022
l 437 1020
l 438 743
l 439 742
l 440 741
l 447 740
l 448 739
l 450 737
l 416 758
l 432 759
l 417 757
l 418 756
l 419 755
l 420 501
l 421 500
l 421 499
l 426 499
l 426 503
l 426 753
l 427 765
l 428 764
l 429 763
l 430 762
l 431 761
l 443 1050
l 431 1049
l 1052 1367
l 444 732
l 733 1367
l 445 731
l 442 736
l 441 1047
l 442 1046
l 446 1048
l 297 1016
l 295 1015
l 296 1017
l 403 1078
l 405 1076
l 406 1075
l 408 1079
l 425 1082
l 422 1081
l 423 1080
l 424 1083
l 466 1018
l 467 1040
l 468 745
l 470 786
l 474 782
l 474 1065
l 475 1064
l 476 1063
l 481 482
l 481 618
l 1244 1245
l 481 956
l 1378 1379
l 489 1379
l 1379 1380
l 490 909
l 486 906
l 494 698
l 1381 1382
l 1297 1382
l 1135 1137
l 498 981
l 496 980
l 497 519
l 1384 1385
l 502 754
l 506 677
l 521 906
l 522 905
l 525 902
l 1043 1391
l 1042 1409
l 919 1409
l 526 919
l 899 1041
l 528 899
l 529 898
l 530 897
l 532 896
l 1180 1182
l 537 923
l 930 1397
l 541 1397
l 925 1397
l 542 925
l 541 926
l 543 928
l 544 927
l 546 989
l 550 1013
l 551 1012
l 553 1010
l 554 1009
l 555 1008
l 556 1007
l 1007 1401
l 1401 1402
l 557 1402
l 1402 1403
l 1006 1403
l 558 1006
l 985 1404
l 1404 1405
l 984 1405
l 564 984
l 1407 1408
l 1384 1408
l 526 1409
l 516 920
l 517 918
l 515 921
l 510 1410
l 1410 1411
l 565 1411
l 1411 1412
l 509 1412
l 1410 1412
l 568 1413
l 1413 1414
l 513 1414
l 1414 1415
l 567 1415
l 1413 1415
l 1121 1122
l 1416 1417
l 1417 1418
l 1119 1418
l 586 890
l 576 910
l 589 915
l 588 914
l 590 908
l 591 913
l 594 917
l 593 907
l 592 916
l 595 933
l 1173 1176
l 825 933
l 315 826
l 601 954
l 1273 1275
l 1277 1427
l 1427 1428
l 1428 1429
l 1429 1430
l 1430 1431
l 1431 1432
l 1432 1433
l 635 1103
l 636 1102
l 637 1112
l 1145 1439
l 1439 1440
l 1302 1440
l 255 1291
l 1291 1444
l 679 1444
l 1290 1445
l 1445 1446
l 1446 1447
l 1447 1448
l 1448 1449
l 1265 1449
l 1142 1242
l 1452 1453
l 1453 1454
l 1454 1455
l 1455 1456
l 1456 1457
l 1457 1458
l 697 1458
l 1381 1458
l 1133 1461
l 1452 1461
l 1126 1129
l 1125 1462
l 1123 1462
l 1239 1241
l 734 1051
l 1358 1475
l 1475 1476
l 1307 1476
l 789 1067
l 781 1066
l 470 1055
l 792 1056
l 1481 1482
l 1482 1483
l 1353 1483
l 807 1062
l 809 1072
l 383 811
l 821 1107
l 824 1104
l 1490 1491
l 1481 1491
l 827 992
l 595 991
l 870 1095
l 872 1098
l 831 1086
l 832 1085
l 843 1091
l 1169 1171
l 1511 1512
l 1512 1514
l 1514 1516
l 1516 1518
l 1416 1518
l 1183 1185
l 901 1044
l 1380 1524
l 1511 1524
l 544 1398
l 926 929
l 1397 1398
l 1162 1164
l 1285 1303
l 1385 1541
l 1378 1541
l 1310 1543
l 1407 1543
l 1401 1403
l 1433 1490
