# Source coordinates; no display transform
v -0.188954787589 -0.0407718751745 0.279604159893
v -0.319268124949 -0.0656150665246 0.282786294349
v -0.353407602494 -0.0733997857518 0.282949946027
v -0.352443330039 -0.0776812619947 0.280582305152
v -0.352336765432 -0.0781544207998 0.280320650052
v -0.309459161208 -0.0701757520039 0.279170934826
v -0.351964507952 -0.0798072850928 0.279406622119
v -0.350895819747 -0.084552379107 0.276782602302
v -0.18715337845 -0.0474170735048 0.275891444809
v -0.18353990447 -0.0467446777305 0.275794553619
v -0.35084136614 -0.0847941591539 0.276648898819
v -0.350633896695 -0.0857153463517 0.276139485594
v -0.349553586899 -0.0905120413218 0.273486930649
v -0.349390266881 -0.0912372004079 0.273085920308
v -0.13533205423 -0.0428577733617 0.271833233318
v -0.134630787406 -0.0427017743166 0.271827819859
v -0.134629963034 -0.042699094663 0.27182912392
v -0.132985392817 -0.0373375738581 0.274438946206
v -0.132296059101 -0.0350902562801 0.275532870693
v -0.132258366645 -0.0349673821991 0.275592681686
v -0.13062839598 -0.0296534512314 0.278179338927
v -0.130628057715 -0.0296523522563 0.278179873752
v -0.12995299353 -0.0274515542563 0.279251154011
v -0.129914166871 -0.0273249776223 0.279312767445
v -0.177786557401 -0.038250520804 0.279537340896
v -0.188223448197 -0.04063245051 0.279586301595
v -0.352351259723 -0.0780900645658 0.280356238856
v -0.355142940136 -0.0656946946242 0.287210833539
v -0.335822269722 -0.0619790856192 0.286755984895
v -0.125991673323 -0.0144858469746 0.285564416613
v -0.356755226671 -0.0585359639736 0.291169585676
v -0.128302183327 -0.022069694917 0.281870876255
v -0.127565019414 -0.0196664497319 0.283040701273
v -0.193674550602 -0.0346422835855 0.283409532677
v -0.12832056844 -0.0220738872306 0.28187096437
v 0.269360454471 0.0609823421632 0.275961446477
v 0.219150243703 0.0496049192573 0.27623985631
v 0.216627362337 0.0442656268864 0.273751050948
v 0.216579822483 0.0442548163631 0.273751294494
v 0.216626494634 0.04426379053 0.273750194957
v 0.216569743954 0.0441436863253 0.273694210748
v 0.21973666585 0.0448619172774 0.273676975858
v 0.404899979335 0.0868552837099 0.272669237018
v 0.444768455185 0.0944657187453 0.271700845139
v 0.443434967012 0.100426895681 0.274996223263
v 0.271836210088 0.0615433379808 0.275947718657
v 0.271762186387 0.0614555056059 0.27591082626
v 0.271746959632 0.0615231140754 0.275948213524
v 0.312699898852 -0.12146377589 0.174789407585
v 0.264535068802 -0.083309063058 0.200815413313
v 0.28740392021 -0.188196616376 0.142906832826
v 0.298048938758 -0.173866674447 0.149104153322
v 0.35141017685 -0.188359419276 0.134852721311
v 0.372337951377 -0.151694891507 0.151494557176
v 0.40657633935 -0.14398373503 0.151279974092
v 0.41174690082 -0.132543369474 0.156641949899
v 0.426615889233 -0.0996442995354 0.172061388653
v 0.38127467035 0.0583561036902 0.260649695101
v 0.37960886771 0.0641609205026 0.263904363365
v 0.448148225414 0.0793569172445 0.263348599578
v 0.446125475713 0.0883993437073 0.268347312823
v 0.446091735351 0.0885501753679 0.268430693553
v 0.445489410809 0.09124278505 0.269919186025
v 0.346505691584 0.0692412007473 0.270692569225
v 0.441423196475 0.0874950359891 0.268458014233
v 0.21267792727 0.0357961768499 0.26979665035
v 0.251595368068 0.0432154744468 0.268846321434
v 0.31079653162 0.0545017008772 0.267400682291
v 0.309416621775 0.054190918124 0.267409330654
v 0.311265306751 0.0490083401159 0.264458542539
v 0.312496155991 0.0455577886774 0.262493913208
v 0.339325136768 -0.0296542680144 0.219670664545
v 0.351190093036 -0.0380856773516 0.213767374553
v 0.367571505017 -0.0497265452912 0.205616967384
v 0.380299236036 -0.106239079362 0.174365740603
v 0.363214459247 -0.00253617186049 0.230932327665
v 0.364042367678 -0.00260900786315 0.230791018956
v 0.363541761385 -0.0039894296269 0.230128681333
v -0.345900953616 -0.28326745771 0.17184387956
v -0.329613139226 -0.255846373282 0.184210970568
v -0.364527445829 -0.100822988776 0.269938341124
v -0.43892632771 -0.117318109826 0.270541619188
v -0.347420981146 -0.283609797725 0.171853406072
v -0.398866006037 -0.271433473053 0.184650252506
v -0.398638013584 -0.272360333136 0.184135306227
v -0.400121679888 -0.272694483866 0.18414460484
v -0.416389581609 -0.215217004791 0.216343130205
v -0.406212569799 -0.249999646122 0.196816722098
v -0.3775252563 -0.377374492413 0.126378893082
v -0.289415790302 -0.357530512641 0.12582668246
v -0.308060691426 -0.27474508851 0.171606722329
v -0.346638519925 -0.284509175514 0.171283856612
v -0.304270850307 -0.184002375052 0.218770917902
v -0.309504930242 -0.182112297736 0.220414759356
v -0.306712072343 -0.194512895726 0.213557273564
v -0.153362573893 -0.227726671608 0.177029772997
v -0.137515776612 -0.209416133608 0.184669124569
v -0.143605607413 -0.203311279077 0.188632082089
v -0.120006611152 -0.197996322306 0.188484179483
v -0.115828525979 -0.173949070127 0.200587789949
v -0.0233357330134 -0.141885244115 0.205904757995
v -0.0329281424954 -0.186865102517 0.183486501504
v -0.0241929790675 -0.195345911955 0.17794693137
v 0.0134089237653 -0.186877226002 0.177711268014
v 0.00955643329077 -0.169771742011 0.187170538772
v -0.0103928575247 -0.0811946835214 0.236153331529
v -0.0230247333227 -0.0251077572057 0.267169198788
v -0.136984110172 -0.050373912634 0.268093260935
v -0.152243284537 -0.0537570530999 0.268216993397
v -0.152919276855 -0.0489182120136 0.270841336536
v -0.187349604527 -0.0566725970925 0.27105712259
v -0.186305389176 -0.0613090287037 0.268493192725
v -0.167349178391 -0.145476702008 0.221948773991
v -0.215362952957 -0.161485894172 0.219522252363
v -0.231066251683 -0.0917615102261 0.258079584322
v -0.25045757439 -0.115057515168 0.248264363075
v -0.287927458788 -0.0959053205862 0.262983365045
v -0.308945332268 -0.112576234694 0.256848533837
v -0.25045951076 -0.161548986632 0.22385858058
v -0.255536242102 -0.169847049255 0.220134497053
v -0.226916838658 -0.163401398333 0.219955129984
v -0.242748052837 -0.207839286865 0.198598102674
v -0.236195812247 -0.210575312902 0.196346066202
v -0.231320245203 -0.232223369942 0.184374769011
v -0.228600859316 -0.209801131704 0.195806922094
v -0.179681685178 -0.169391751559 0.210929772909
v -0.162462067846 -0.207558123833 0.188750261635
v -0.0751705260957 -0.132677647412 0.217191675243
v -0.0278116881225 -0.122011508259 0.216894862028
v -0.179311329543 -0.165279629298 0.213042351738
v -0.175996571279 -0.177559611821 0.206183208348
v 0.103123318037 -0.0286680298766 0.249595036494
v 0.127585551828 -0.137283054666 0.189531320843
v 0.136012945549 -0.0511278416792 0.233709910185
v 0.212620247099 0.0357851805876 0.269798058828
v 0.212619167892 0.0357828966307 0.26979699419
v -0.287987715133 -0.231257647084 0.19193671512
v -0.277303548666 -0.208388801625 0.202611719058
v -0.288842048435 -0.206890004271 0.204835042627
v -0.304379039064 -0.204871821593 0.207828825027
v -0.302280609985 -0.214189078959 0.202676415477
v -0.320761661886 -0.218351374305 0.202792242205
v -0.31930218245 -0.224831624438 0.19920868733
v -0.31674400609 -0.236190210555 0.19292743034
v -0.295854239986 -0.271995956281 0.171530220547
v -0.291003375007 -0.2935343335 0.159619575865
v -0.226018073831 -0.278898369169 0.159212291904
v -0.235613790825 -0.236292323938 0.182773280679
v -0.272096045332 -0.244508843172 0.183001926849
v -0.273755489328 -0.243125123405 0.183934917583
v -0.271447876477 -0.195855071142 0.208462369502
v -0.266290905385 -0.209819292666 0.200489721366
v -0.263498240439 -0.213264412797 0.19833350039
v -0.250425907043 -0.22939086373 0.188240328482
v -0.267000953938 -0.197711977305 0.20693394095
v 0.0666701467864 -0.273095876225 0.125819271358
v 0.0481487957123 -0.190859027993 0.171295950772
v 0.0252106570642 -0.223906127815 0.156803395242
v 0.0167038887193 -0.186135135251 0.177690617401
v 0.0353690457897 -0.284382597709 0.123791150357
v 0.0644296316113 -0.27783758384 0.123609018237
v 0.0675783568031 -0.277128429176 0.123589284139
v 0.176983990407 -0.252488134767 0.122903603508
v 0.190259820214 -0.24949815751 0.12282039957
v 0.185317663149 -0.227554433168 0.134955199708
v 0.18511960643 -0.227698424857 0.134904267927
v 0.161967114565 -0.202334952608 0.151101437813
v 0.17878468896 -0.19854730499 0.150996036593
v 0.153965691832 -0.0883482114665 0.211935736478
v 0.101099255842 -0.269578865275 0.123379197812
v 0.124648430026 -0.264275129386 0.123231607472
v -0.357475669533 -0.0109904220785 0.24440393042
v -0.367401403078 -0.0112657627446 0.2434018298
v -0.356755226671 -0.0585359639736 0.269543263983
v -0.125991673323 -0.0144858469746 0.273000589156
v -0.125974766627 -0.0144820202834 0.273000526618
v -0.115179333851 0.0207124951276 0.25570106008
v -0.0391764398363 0.0466076069274 0.250838882918
v -0.0419447121262 0.0588990422604 0.244041455786
v -0.100500697526 0.058741027678 0.237356907777
v -0.102711128422 0.0613604619681 0.235721011313
v -0.081875584278 0.129287051963 0.202332463117
v -0.100258874569 0.125146774438 0.202389636101
v -0.109386201542 0.0971575835977 0.216084759803
v -0.136232618453 0.118211619354 0.201886603584
v -0.196148759269 0.104717329368 0.202072945865
v -0.196812136562 0.100899347976 0.204008314915
v -0.151468665529 0.111111586949 0.203867294347
v -0.212668346007 0.0778761235939 0.214308704759
v -0.207510800084 0.102158374918 0.202108282411
v -0.267799807502 0.0898669906459 0.201617609007
v -0.271563665495 0.101739266341 0.194926006758
v -0.276542333547 0.0878980023279 0.201644798709
v -0.34679824621 0.10412701326 0.184972176646
v -0.335126584061 0.114078446707 0.181076856873
v -0.379411818395 0.104104543389 0.181214586277
v -0.384661154361 0.127412176012 0.168324965969
v -0.396799532024 0.119265182645 0.171215419976
v -0.401029193512 0.116426333388 0.172222609142
v -0.401010811537 0.0611671918808 0.201345795929
v -0.401010378459 0.0598653574695 0.202031900785
v -0.400731746208 0.0599281109145 0.202031034253
v -0.3949743616 0.0343646863322 0.216168155804
v -0.386453323303 0.0385530918927 0.214945754291
v -0.379402174912 0.0420189921158 0.213934218599
v -0.381535650007 0.0514918576549 0.208695520955
v -0.356121919183 0.00862133718316 0.234225177256
v -0.36076913307 0.00363292043459 0.236316908677
v -0.195916056213 0.106056621263 0.201394046791
v -0.330431073451 0.0757612012217 0.201812395502
v -0.360372064564 0.0640192281362 0.204539769336
v -0.349496987246 0.0157326815832 0.231243264303
v -0.147299165432 0.092598545082 0.214105403222
v -0.319595319579 0.127320633588 0.175893427651
v -0.30885194337 0.136480593235 0.172307917341
v -0.308835100382 0.152652049914 0.163787654228
v -0.311900590484 0.154571247822 0.162421949362
v -0.32580780743 0.133434890025 0.171953239621
v -0.0810670858731 0.131922861872 0.201036860541
v -0.0677894184452 0.132459532771 0.202288654391
v -0.0689418372624 0.134653705628 0.200999150377
v -0.0760677702522 0.148221281232 0.193025556588
v -0.0760612503225 0.148242537078 0.193015108502
v -0.0608097698606 0.1426619859 0.197718753073
v -0.0655178842532 0.163566534765 0.18615808961
v -0.074646329501 0.152855363022 0.190747726009
v -0.0770316445281 0.150056473315 0.191947023843
v -0.100129311777 0.194033778014 0.166101789866
v -0.0831373629679 0.177496260932 0.176780816212
v -0.0680109905138 0.174636202392 0.180036326227
v -0.0713944268505 0.189659034201 0.171728378309
v -0.0779641798383 0.184908506069 0.173472540168
v -0.116890392669 0.206945111653 0.157360412451
v -0.119321628974 0.206397549565 0.157367973737
v -0.152284988815 0.198973554388 0.157470491483
v -0.191246841979 0.239013687898 0.1318665499
v -0.196374078065 0.216217217538 0.143287482429
v -0.183111223004 0.205231032293 0.15061000412
v -0.177703878404 0.206448872357 0.150593186991
v -0.176126542416 0.19944532603 0.154466298191
v -0.163718285469 0.189167039778 0.161316990341
v -0.152793804068 0.140661133535 0.188141795856
v -0.162399929471 0.138497645692 0.188171671395
v -0.15967446999 0.126396304099 0.194863972613
v -0.185961070022 0.120476046231 0.194945725304
v -0.188686529503 0.132577387824 0.188253424086
v -0.191414815355 0.131962924339 0.188261909195
v -0.14426008104 0.20078092104 0.157445533599
v -0.0589598473423 0.134448125333 0.202261193974
v -0.0515470642879 0.101534548315 0.220463107327
v -0.0458641434874 0.0907144272933 0.226822036326
v -0.0248758811092 0.128794704004 0.209179873238
v -0.0237349010956 0.128312539833 0.209565842236
v -0.0272764841633 0.144037560322 0.200869568941
v -0.0503605215916 0.138838582336 0.200941361527
v -0.0462095667692 0.137319738617 0.202221539945
v -0.0484770757893 0.238170533085 0.148812017918
v -0.0610666224491 0.19712697489 0.16898651529
v -0.0679678585992 0.174628047116 0.1800456091
v -0.0577391147628 0.172694018339 0.182247048685
v -0.0577391132638 0.17269402026 0.182247047841
v -0.0458969798886 0.186589390292 0.176293012417
v -0.035879549521 0.182236122635 0.179744945491
v 0.00038972277038 0.166474610458 0.192243070868
v -0.0139992210515 0.230363113276 0.1569113598
v -0.0472915219364 0.232906542852 0.151723117339
v 0.119006643732 0.0668738304 0.258441351649
v 0.129574112021 0.0199531017965 0.284389519961
v 0.149389959388 0.0237308339988 0.284688978024
v 0.149595099859 0.0234395433911 0.284866195346
v 0.149523750986 0.0237563402925 0.284690999885
v 0.212620247099 0.0357851805876 0.285644517234
v 0.214571946234 0.0399156559672 0.283693369226
v 0.216569743954 0.0441436863253 0.28169613856
v 0.216626494634 0.04426379053 0.281639403948
v 0.216627359761 0.0442656283386 0.281638535402
v 0.219150243703 0.0496049192573 0.279116369401
v 0.220079868368 0.0515723247888 0.278187009407
v 0.220163486741 0.051591204956 0.278186724217
v 0.220081383511 0.0515755327093 0.278185493984
v 0.216579822483 0.0442548163631 0.281638738942
v 0.223150564127 0.0580709854249 0.275117181445
v 0.145769416225 0.0404260021967 0.275472319648
v 0.144207994576 0.0473588870023 0.271638285772
v 0.202388576082 0.0604622950192 0.271457341163
v 0.179012527201 0.0861787691212 0.255203222913
v 0.143330021505 0.0781423689998 0.25531419738
v 0.125614755073 0.0978062143403 0.242904024581
v 0.163565956691 0.153185532474 0.21810597806
v 0.180312338205 0.147737688487 0.222912465713
v 0.167255246507 0.205712620322 0.190851086162
v 0.198381469182 0.212722856109 0.190754281962
v 0.188297886697 0.257495078018 0.16599428387
v 0.19282992762 0.261613753984 0.164347586345
v 0.18523730877 0.295325821848 0.14570409042
v 0.145185889638 0.286305456771 0.145828652454
v 0.143916821876 0.291940258203 0.142712486484
v 0.138673662515 0.284838775488 0.145848905778
v 0.106409498638 0.277572252995 0.145949249042
v 0.113350366472 0.250540190148 0.160997114904
v 0.114852599225 0.244689559846 0.164253969548
v 0.122356282509 0.215465542938 0.180522024591
v 0.158518712967 0.199197676257 0.193274645569
v 0.161372828937 0.18652508554 0.200282859777
v 0.0409154795994 0.159395727983 0.200657488392
v 0.0883124446535 0.111979544356 0.231123459576
v 0.088312445122 0.111973941691 0.231126412193
v 0.0883110104582 0.111977944987 0.231124136668
v 0.0375369366062 0.143553369746 0.208615778976
v 0.0261812050139 0.142569814728 0.207821623648
v 0.0344976553734 0.13088735878 0.214939374942
v 0.0293574344697 0.112817737808 0.223867800306
v 0.0269798022435 0.0940498107335 0.233483522769
v 0.0647532419708 0.102557130206 0.233366045424
v 0.0876066045752 0.0869411690345 0.244236874356
v 0.0451946020869 0.0660435188856 0.250347823982
v 0.0336315202692 0.0809840462673 0.241137857596
v 0.0242585455225 0.0812895398867 0.239893549706
v 0.0167719981922 0.0917508130791 0.233515269564
v 0.0107847569962 0.0817286937043 0.238104837758
v 0.00934279482922 0.0113479516185 0.275028185215
v -0.00279061570927 0.0590047004235 0.248511151468
v -0.00812217609239 0.0589903130783 0.247902519063
v -0.007745224171 0.0573166049848 0.248828115511
v -0.0302952548952 0.00717416312922 0.272646422323
v -0.125974961922 -0.0144826569488 0.27300083954
v -0.127565018336 -0.0196664478113 0.275548873381
v -0.128302181172 -0.0220696944486 0.276730162124
v -0.128302396283 -0.022070391122 0.276730504371
v -0.129952991843 -0.0274515521014 0.279375553447
v -0.130628057012 -0.02965235235 0.280457331963
v -0.13059961876 -0.0296469308333 0.280457761716
v -0.0264732255649 -0.00979607005403 0.282031324884
v -0.0230247333227 -0.0251077572057 0.290499015999
v 0.00278876856837 -0.0193845954133 0.290466451109
v 0.00441241066404 -0.0117711703787 0.28664190402
v 0.00443126305232 -0.0117669724437 0.286641870714
v 0.00767769827837 -0.0111628773153 0.286698736631
v 0.00606715450419 -0.00401188469536 0.282744084477
v 0.00615448887388 -0.00360235659467 0.282538360885
v 0.00687472917974 -0.00343855028245 0.28253528085
v 0.00617484417851 -0.00357197691336 0.282524703707
v 0.0072622352906 0.00159198564665 0.279929021801
v 0.00769562014485 0.00362418035037 0.278908163839
v 0.0214349819034 0.00672599687267 0.27886151141
v 0.00779782248573 0.00410339822764 0.278667432784
v 0.00779794606187 0.00410398640885 0.278667137101
v 0.00934266432007 0.0113473395465 0.275028492657
v 0.0104178941907 0.0163892119704 0.272495745625
v 0.0174300336038 0.0492698998405 0.255978377215
v 0.0506986591175 0.0589317889541 0.254731791972
v 0.103079919436 0.0707290760884 0.254568883531
v 0.0970515284151 0.0875660836979 0.244999181329
v 0.104153629245 0.0879644696622 0.245610086637
v 0.220598430584 0.0526697852016 0.277668592503
v 0.00616038108549 -0.00357473503165 0.282524485598
v 0.00935913732891 0.01135107119 0.275028430025
v 0.0345488862098 0.0410283931642 0.262300149285
v 0.0505348209978 0.0785918762776 0.244352169537
v 0.0647950228863 0.307579425268 0.125325999809
v 0.0687613971603 0.28996828471 0.135065337904
v 0.0729067605606 0.30940634768 0.125300771867
v 0.27058135185 0.183385785301 0.214559413112
v 0.262907248447 0.217459653471 0.195715833876
v 0.221740751057 0.208188150897 0.195843863818
v 0.200788562325 0.217812286048 0.188350407467
v 0.217417767752 0.199147504905 0.200108557081
v 0.248645185046 0.164097549502 0.222188784997
v 0.253144977421 0.148957733107 0.23068740959
v 0.267638004911 0.152221847169 0.230642335543
v 0.257325308092 0.130396602273 0.240952112678
v 0.256587141282 0.128834385108 0.241690070561
v 0.257538854457 0.129448432801 0.241476470699
v 0.256607274027 0.128744993416 0.24173950603
v 0.265207250918 0.0905601444481 0.262856545756
v 0.292072873473 0.0855550241683 0.268599290057
v 0.294827055507 0.0888229816456 0.26719543094
v 0.351282367687 0.155809678772 0.238419081439
v 0.368242452683 0.139754769056 0.248840095324
v 0.389261002365 0.167402752069 0.23669915615
v 0.352329387533 0.201797046194 0.21430517244
v 0.336576621483 0.198249214334 0.214354164384
v 0.338551630695 0.189479954805 0.2192037528
v 0.352702883304 0.18487318634 0.223267059956
v 0.275258465448 0.168349385928 0.22302403239
v 0.283766499956 0.186355339234 0.214518406585
v 0.340190433681 0.182203488181 0.223227794785
v 0.271836210088 0.0615433379808 0.278914303391
v 0.443434967012 0.100426895681 0.278256172322
v 0.44277537739 0.10337550107 0.276626049787
v 0.440460162873 0.113725351539 0.270904183905
v 0.286432627805 0.0788626260292 0.271474230855
v 0.281489033828 0.07299683554 0.273994075001
v 0.279795680361 0.0709875950811 0.274857210878
v 0.274778904106 0.0650349730993 0.277414356141
v 0.27361972425 0.0636595555135 0.278005212227
v 0.207998328236 0.0261128157493 0.290207570054
v 0.208055974866 0.0261255966984 0.290207497304
v 0.211965592137 0.0343997034916 0.286298986879
v 0.251595368068 0.0432154744468 0.286233511199
v 0.21267792727 0.0357961768499 0.285645388919
v 0.212619167892 0.0357828966307 0.28564559616
v 0.130204029082 0.0171562003624 0.285936266404
v 0.130406625561 0.0162566495762 0.286433737246
v 0.131397096439 0.011858849303 0.288865815022
v 0.131982584411 0.00925921787881 0.29030346692
v -0.365848591051 -0.0949569577862 0.280511836349
v -0.364527445829 -0.100822988776 0.277201202146
v -0.348053945123 -0.0971706168865 0.277080280737
v -0.349390266553 -0.0912372017195 0.280428944771
v -0.349553586524 -0.0905120430551 0.280838205342
v -0.350633896601 -0.0857153468202 0.283545334987
v -0.35084136614 -0.0847941591539 0.28406522923
v -0.350895819325 -0.0845523810277 0.284201682446
v -0.367351391748 -0.0882843562826 0.284277677791
v -0.367294683462 -0.0885361473554 0.284135573567
v -0.36710540866 -0.089376548548 0.283661273158
v -0.366024469084 -0.0941760397679 0.28095256602
v -0.277613865362 -0.15058947622 0.23956267632
v -0.304295486649 -0.138275028742 0.24952908965
v -0.295174254866 -0.178774307157 0.226672358027
v -0.272420259472 -0.17364966111 0.226548112148
v -0.132296059101 -0.0350902562801 0.283130867073
v -0.132985363446 -0.0373374811057 0.282013417259
v -0.132982981256 -0.0373370358943 0.282013355283
v -0.134629965189 -0.042699093773 0.279347314518
v -0.134630786141 -0.0427017722086 0.279345982585
v -0.136984110172 -0.050373912634 0.275530952264
v -0.0230247333227 -0.0251077572057 0.274694449482
v -0.0245760487574 -0.0182197450612 0.278581863052
v -0.0246604881756 -0.0178448245573 0.278793458385
v -0.0248041166307 -0.0172070983553 0.279153374366
v -0.0256439214442 -0.0134782720902 0.281257826213
v -0.0262103826721 -0.0109631216823 0.282677311201
v -0.0262203393114 -0.0109189129501 0.282702261448
v -0.0264732255649 -0.00979607005403 0.28333596454
v -0.13059961876 -0.0296469308333 0.285834223991
v -0.130628394059 -0.0296534511845 0.285834359887
v -0.132258368753 -0.0349673808406 0.283191967792
v 0.0092088127615 -0.0179611949169 0.274457843659
v 0.131982584552 0.00925921717614 0.273556640054
v 0.131397096955 0.0118588470545 0.275023803041
v 0.130406625608 0.0162566494356 0.277505807498
v 0.130204029082 0.0171562003624 0.27801349047
v 0.0075433626742 -0.0105664123812 0.278631265168
v 0.00765237238343 -0.0110504275704 0.278358099685
v 0.00767769818468 -0.0111628768468 0.278294636263
v 0.363214459247 -0.00253617186049 0.238060584429
v 0.363541761385 -0.0039894296269 0.237240403816
v 0.364042367678 -0.00260900786315 0.237917091262
v 0.264535068802 -0.083309063058 0.207219944719
v 0.312699898852 -0.12146377589 0.180693722725
v 0.380299236036 -0.106239079362 0.180324603461
v 0.367571505017 -0.0497265452912 0.212218797
v 0.351190093036 -0.0380856773516 0.220524636066
v 0.339325136768 -0.0296542680144 0.226540504439
v 0.312496156038 0.0455577873657 0.270235994685
v 0.208054910744 0.0261233446426 0.272997161253
v 0.252847951485 -0.0239547845913 0.240505901482
v 0.298355942273 -0.0137054925441 0.240257409724
v 0.262291339195 -0.0658844708046 0.216841885151
v 0.153965691832 -0.0883482114665 0.218469564692
v 0.17878468896 -0.19854730499 0.156276083573
v 0.161967114565 -0.202334952608 0.156367914231
v 0.18511960643 -0.227698424857 0.139853035472
v 0.185317663149 -0.227554433168 0.13990522044
v 0.190259820214 -0.24949815751 0.127520757381
v 0.505886390233 -0.178412863714 0.12579731064
v 0.494621226367 -0.128394289795 0.154026483256
v 0.448148225414 0.0793569172445 0.271235870607
v 0.379608867241 0.0641609226574 0.271738974141
v 0.38127467035 0.0583561036902 0.268417661985
v 0.387010970703 0.0383668358055 0.256980509736
v 0.399647427297 -0.0056673848421 0.231785685755
v 0.422705763418 -0.0860186963139 0.185811506596
v 0.426615889233 -0.0996442995354 0.17801541827
v 0.41174690082 -0.132543369474 0.162258894672
v 0.40657633935 -0.14398373503 0.15677970057
v 0.372337951377 -0.151694891507 0.156966655814
v 0.35141017685 -0.188359419276 0.139956433522
v 0.298048938758 -0.173866674447 0.15445645515
v 0.28740392021 -0.188196616376 0.1481192741
v 0.31395967662 -0.0241644658525 0.232683135231
v 0.276141176432 -0.0704961150935 0.212622821137
v -0.398638013584 -0.272360333136 0.189568051907
v -0.398866004257 -0.271433473896 0.190093574908
v -0.400121679888 -0.272694483866 0.189576153312
v -0.345900953616 -0.28326745771 0.177068524377
v -0.347420981146 -0.283609797725 0.177076824309
v -0.346638519925 -0.284509175514 0.176496073407
v -0.308060691426 -0.27474508851 0.176861901461
v -0.31674400609 -0.236190210555 0.198621264441
v -0.326664441272 -0.226489749524 0.205071953737
v -0.31930218245 -0.224831624438 0.205031752844
v -0.320761661886 -0.218351374305 0.208689036252
v -0.337222776872 -0.2220587402 0.208778920469
v -0.331600031516 -0.247024351566 0.19468898355
v -0.329613139647 -0.255846371455 0.189710066658
v -0.324521806365 -0.278452454452 0.176951785725
v -0.304379039064 -0.204871821593 0.213846538282
v -0.288842048435 -0.206890004271 0.210804595196
v -0.293087239575 -0.188040886032 0.221442543718
v -0.304270850307 -0.184002375052 0.225018037943
v -0.306712072343 -0.194512895726 0.219692844636
v -0.308979294205 -0.20427426991 0.214747209076
v -0.267000953938 -0.197711977305 0.212967971361
v -0.242748052837 -0.207839286865 0.20448020081
v -0.226916838658 -0.163401398333 0.226299645357
v -0.255536242102 -0.169847049255 0.226455918678
v -0.268503187721 -0.191041893091 0.216732392146
v -0.271447876477 -0.195855071142 0.214524257667
v -0.273755489328 -0.243125123405 0.189480636965
v -0.272096045332 -0.244508843172 0.18852965124
v -0.235613790825 -0.236292323938 0.188330443596
v -0.291003375007 -0.2935343335 0.164639553576
v -0.295854239986 -0.271995956281 0.176795249372
v -0.289415790302 -0.357530512641 0.130139977123
v -0.226880005379 -0.343446227386 0.129798506872
v -0.175394463675 -0.331850673619 0.12951737532
v -0.0582198418805 -0.305460650709 0.128877555209
v 0.0353690457897 -0.284382597709 0.128366522659
v 0.0134089237653 -0.186877226002 0.183395999734
v -0.0241929790675 -0.195345911955 0.183601321118
v -0.0329281397784 -0.186865103969 0.189248782874
v -0.0233357330134 -0.141885244115 0.212145843511
v -0.0278116881225 -0.122011508259 0.223362059325
v -0.0751705260957 -0.132677647412 0.223620657439
v -0.115828525979 -0.173949070127 0.206630668796
v -0.120006611152 -0.197996322306 0.19426949183
v -0.143605609006 -0.203311279452 0.194398351718
v -0.137515776612 -0.209416133608 0.19035805933
v -0.153362573893 -0.227726671608 0.182543747037
v -0.179681685178 -0.169391751559 0.21712946974
v -0.228600859316 -0.209801131704 0.20164380134
v -0.231320245203 -0.232223369942 0.189969521607
v -0.236195812247 -0.210575312902 0.202187117853
v -0.250425907043 -0.22939086373 0.193898162529
v -0.263498240158 -0.213264414109 0.204190583493
v -0.257592854243 -0.23948498101 0.18939238252
v -0.226018073831 -0.278898369169 0.164284707965
v 0.0481487957123 -0.190859027993 0.176878836686
v 0.0723522117824 -0.155989036178 0.192513979469
v 0.050475433855 -0.148378613744 0.199353011568
v 0.0667340110582 -0.101663917298 0.222338809993
v 0.0321096150192 -0.11964329096 0.217071132807
v 0.0294528137961 -0.121022885307 0.216666933095
v 0.0123532690019 -0.169141839752 0.193034614888
v 0.00955643329077 -0.169771742011 0.193049886754
v 0.0167038887193 -0.186135135251 0.183378007929
v 0.0252106570642 -0.223906127815 0.162061049363
v -0.384590101265 -0.0117425786165 0.23510199303
v -0.3949743616 0.0343646863322 0.209940232599
v -0.401000910268 0.0314024147714 0.210803281157
v -0.401010378459 0.0598653574695 0.19599099152
v -0.476895250372 0.042774596044 0.19634192448
v -0.465574506895 -0.00749075750889 0.223772846376
v -0.454090419322 -0.0542812333927 0.249413938891
v -0.448701730926 -0.0760874976401 0.261367854803
v -0.373338373143 -0.0617014965512 0.262365686191
v -0.381484732608 -0.0255307590876 0.242626509949
v -0.356121919183 0.00862133718316 0.227709988943
v -0.349496987246 0.0157326815832 0.22475525445
v -0.357807762753 0.0526334444939 0.204617687044
v -0.360372064564 0.0640192281362 0.198404211567
v -0.381535650007 0.0514918576549 0.202540621038
v -0.379402175287 0.042018993849 0.207710173615
v -0.368812378691 -0.00500087490854 0.233369962291
v -0.367401403078 -0.0112657627446 0.236788850974
v -0.357475669533 -0.0109904220785 0.237762938785
v -0.360769132601 0.00363291837343 0.22978265652
v -0.368103726342 0.0361993261169 0.212010443175
v -0.271578221106 0.174656135111 0.150827992574
v -0.287829378307 0.199033770634 0.13631319821
v -0.325326677777 0.16513429735 0.149732250423
v -0.327861008064 0.164563516438 0.149743970575
v -0.346813587312 0.176429074565 0.141435963024
v -0.34681474236 0.160294763759 0.149831622926
v -0.389882399616 0.150595082691 0.150030791221
v -0.384661154361 0.127412176012 0.162682219219
v -0.379411818395 0.104104543389 0.175401712984
v -0.335126581859 0.114078447176 0.175196913965
v -0.311538281586 0.119390995009 0.175087828836
v -0.31959531794 0.127320632886 0.170054491457
v -0.32580780743 0.133434890025 0.166173466933
v -0.271577276952 0.151007478761 0.163134118759
v -0.30369255219 0.113124594419 0.179231882226
v -0.250587179014 0.17046678535 0.155371016924
v -0.303660644531 0.167094418073 0.151151268604
v -0.30884999023 0.116750433649 0.176764522431
v -0.309266995062 0.119902533293 0.175077325145
v -0.212668346007 0.0778761235939 0.207820921775
v -0.147299165432 0.092598545082 0.207518619165
v -0.151468665529 0.111111586949 0.197415640286
v -0.196812136562 0.100899347976 0.197625333164
v -0.196148759269 0.104717329368 0.195713253393
v -0.207510800084 0.102158374918 0.195765797659
v -0.0577391147628 0.172694018339 0.17592145948
v -0.0577391132638 0.17269402026 0.175921458683
v -0.0679678585992 0.174628047116 0.173763574349
v -0.0679916701945 0.174550418205 0.173801289478
v -0.0655178842532 0.163566534765 0.179795439039
v -0.0713944268505 0.189659034201 0.165556181527
v -0.0680109905138 0.174636202392 0.173754475107
v -0.0610666224491 0.19712697489 0.162832727839
v 0.0107847563403 0.0817286914557 0.23097088239
v 0.0167719981922 0.0917508130791 0.226429684138
v -0.0139425236807 0.0848333003866 0.226571724794
v -0.0134209892665 0.082517629931 0.227835437652
v -0.00812217609239 0.0589903130783 0.240674817982
v -0.00279061570927 0.0590047004235 0.241267519371
v 0.0883124443256 0.111973943799 0.223959700669
v 0.0883124446535 0.111979544356 0.223956786371
v 0.0883110104582 0.111977944987 0.223957457186
v 0.257325308326 0.130396601242 0.233399359172
v 0.256587141001 0.128834386326 0.234129189371
v 0.248645185046 0.164097549502 0.214885296561
v 0.217417767752 0.199147504905 0.193131043441
v 0.200788562325 0.217812286048 0.181546481719
v 0.221740751057 0.208188150897 0.188913224369
v 0.262907248447 0.217459653471 0.188722848062
v 0.264636391916 0.209782065155 0.192912678871
v 0.272667339838 0.211590792128 0.192875539415
v 0.276029063125 0.221538564902 0.188077468291
v 0.293391405326 0.206724978886 0.197740519947
v 0.298212010968 0.202612028224 0.200423439161
v 0.32182181616 0.194926142834 0.207080752357
v 0.324596019496 0.195550947834 0.207067922924
v 0.336576621483 0.198249214334 0.207012518137
v 0.33063166155 0.224645494188 0.192607480841
v 0.411570103413 0.242874418719 0.192233177469
v 0.381157361786 0.378830428674 0.118062284762
v 0.373945912747 0.377206268898 0.11809563444
v 0.0729067605606 0.30940634768 0.119487803198
v 0.0687613971603 0.28996828471 0.129136107555
v 0.0954049792939 0.171667831988 0.193695296975
v 0.161372828937 0.18652508554 0.193390225753
v 0.158518712967 0.199197676257 0.186474511005
v 0.122356282509 0.215465542938 0.173938320803
v 0.114852599225 0.244689559846 0.157886348059
v 0.113350366472 0.250540190148 0.154672752982
v 0.106409498638 0.277572252995 0.139824762113
v 0.138673662515 0.284838775488 0.139675555071
v 0.143916821876 0.291940258203 0.136570402462
v 0.145185889638 0.286305456771 0.139645438985
v 0.18523730877 0.295325821848 0.139460219429
v 0.18474944328 0.297491998572 0.138278088607
v 0.262718094691 0.315052068034 0.137917519143
v 0.200052362943 0.229545341883 0.175358091028
v 0.19282992762 0.261613753984 0.157857645041
v 0.188297886697 0.257495078018 0.159490690962
v 0.198381469182 0.212722856109 0.18392388867
v 0.167255246507 0.205712620322 0.184067833279
v 0.171084064187 0.188712246177 0.19334531571
v 0.180312338205 0.147737688487 0.215706043572
v 0.163565956691 0.153185532474 0.210985971056
v 0.125614755073 0.0978062143403 0.235531364658
v 0.143330021505 0.0781423689998 0.247758068906
v 0.179012527201 0.0861787691212 0.247593053627
v 0.202388576082 0.0604622950192 0.263606605762
v 0.144207994576 0.0473588870023 0.263875664423
v 0.144355324366 0.0467047262977 0.264232654487
v 0.145378089466 0.0421635361023 0.266710883033
v 0.145769416225 0.0404260021967 0.267659093963
v 0.223150564127 0.0580709854249 0.267188201173
v 0.220598431849 0.0526697872159 0.269711515148
v 0.220081383511 0.0515755327093 0.27022272538
v 0.220163486741 0.051591204956 0.270223812597
v 0.220079868134 0.0515723271311 0.270224222863
v 0.219150243703 0.0496049192573 0.271143349974
v 0.269360454471 0.0609823421632 0.270875193869
v 0.271746959632 0.0615231142159 0.270862448335
v 0.271762186387 0.0614555056059 0.270899343824
v 0.271836207699 0.0615433393393 0.270861970707
v 0.273619725561 0.063659553546 0.26996153451
v 0.274778902045 0.0650349719282 0.269376301467
v 0.279795678346 0.0709875952216 0.266843494802
v 0.281489032236 0.0729968344157 0.265988575052
v 0.286432627805 0.0788626260292 0.263492714702
v 0.292072873473 0.0855550241683 0.260645137962
v 0.265207250918 0.0905601444481 0.25501629484
v 0.256607274027 0.128744993416 0.23417797309
v 0.257538854457 0.129448432801 0.233916795758
v 0.284551375924 0.214267310117 0.192820581152
v 0.278021014401 0.247105411344 0.174997521612
v 0.216130461782 0.302283565835 0.139317352714
v 0.219775043316 0.286101220402 0.148148418629
v 0.267638004911 0.152221847169 0.223203112816
v 0.253144977421 0.148957733107 0.223270136477
v -0.188954787589 -0.0407718751745 0.272231122589
v -0.177786557401 -0.038250520804 0.272176326454
v -0.129914166871 -0.0273249776223 0.271880139692
v -0.128302395205 -0.0220703922931 0.26932725954
v -0.128320566238 -0.0220738878864 0.269327032999
v -0.193674550602 -0.0346422835855 0.268510158774
v -0.127565018336 -0.0196664478113 0.268159330652
v -0.125974961922 -0.0144826569488 0.265640845187
v -0.125991673323 -0.0144858469746 0.26564062394
v -0.319268124949 -0.0656150665246 0.270489018568
v -0.353407602494 -0.0733997857518 0.270696769877
v -0.335822269722 -0.0619790856192 0.266733423452
v -0.355142940136 -0.0656946946242 0.266491930188
v -0.356755226671 -0.0585359639736 0.262585251576
v -0.367351391748 -0.0882843562826 0.276872544278
v -0.351964507952 -0.0798072850928 0.274193484827
v -0.309459161208 -0.0701757520039 0.273966477844
v -0.352336764917 -0.0781544230015 0.273291481209
v -0.352351259723 -0.0780900645658 0.273256359399
v -0.352443329711 -0.0776812636343 0.273033267644
v -0.188223447869 -0.040632451119 0.272240899579
v 0.010417894706 0.0163892126263 0.264930201754
v 0.00934279492291 0.0113479523211 0.267432488813
v 0.00935913732891 0.01135107119 0.267432705563
v 0.0640271902135 0.0217865758057 0.268156525502
v 0.00888754908384 0.00921325439348 0.268492070515
v 0.00779794428177 0.00410398743943 0.271028113208
v 0.12701583012 0.0313121564534 0.270290512187
v 0.12647637234 0.0337074088199 0.26898336967
v 0.125979544816 0.0359133779053 0.267779523269
v 0.125581873185 0.037679083939 0.266815938165
v 0.124558302452 0.0422238512373 0.264335757557
v 0.119006643732 0.0668738304 0.250883715433
v 0.104153629245 0.0879644696622 0.238236763674
v 0.0970515294457 0.087566086087 0.237644567551
v 0.103079919436 0.0707290760884 0.247084652153
v 0.0506986591175 0.0589317889541 0.247326891605
v 0.0451946021806 0.0660435169649 0.243006564672
v 0.0345488862098 0.0410283931642 0.254825234601
v 0.0174300336038 0.0492698998405 0.248609497465
v 0.0876066045752 0.0869411690345 0.236906514245
v 0.0647532419708 0.102557130206 0.226207792776
v 0.0269798022435 0.0940498107335 0.226382477724
v 0.0242585458972 0.0812895412451 0.232716183089
v 0.0336315202692 0.0809840462673 0.233930293992
v 0.0505348209978 0.0785918762776 0.237077954312
v 0.127569648684 0.0288531407654 0.271632451741
v 0.0775128110383 0.017510471799 0.271899788627
v 0.127940104192 0.0272082773016 0.272530090329
v 0.212677926193 0.0357961789579 0.277600379691
v 0.21267792727 0.0357961768499 0.277600380909
v 0.441423196475 0.0874950359891 0.276448383788
v 0.346505691584 0.0692412007473 0.275261989214
v 0.445489410809 0.09124278505 0.274955917251
v 0.444768455185 0.0944657187453 0.273197643633
v 0.214571948108 0.0399156571383 0.275669947411
v 0.212620247099 0.0357851805876 0.2775996098
v -0.191246841979 0.239013687898 0.137247425268
v -0.152284988815 0.198973554388 0.163179895943
v -0.116890392669 0.206945111653 0.163007276984
v -0.0779641798383 0.184908506069 0.179301376426
v -0.0713944268505 0.189659034201 0.177518980024
v -0.0610666224491 0.19712697489 0.174717011453
v -0.0484770760235 0.238170534209 0.154209240798
v -0.0472915219364 0.232906542852 0.157163270327
v -0.0139992210515 0.230363113276 0.162374428901
v 0.00038972277038 0.166474610458 0.198227170756
v -0.0458969798886 0.186589390292 0.182110295991
v -0.0577391132638 0.17269402026 0.188176657913
v -0.0237349010956 0.128312539833 0.215858992189
v -0.0248758811092 0.128794704004 0.215469022378
v -0.0458641434874 0.0907144272933 0.233419777998
v -0.0589598473423 0.134448125333 0.208502057961
v -0.0462095667692 0.137319738617 0.208439875037
v -0.0503605198584 0.138838582757 0.207147056906
v -0.0655178842532 0.163566534765 0.192161483819
v -0.0608097698606 0.1426619859 0.203892630454
v -0.0760612503225 0.148242537078 0.199142545051
v -0.0760677681442 0.148221281934 0.199153165572
v -0.0689418372624 0.134653705628 0.207237677755
v -0.0677894184452 0.132459532771 0.208545119656
v -0.081875584278 0.129287051963 0.208613817685
v -0.102711129874 0.0613604623897 0.242553927704
v -0.100500697526 0.058741027678 0.244211294516
v -0.0419447121262 0.0588990422604 0.25089844629
v -0.0391764398363 0.0466076069274 0.25779611391
v -0.007745224171 0.0573166049848 0.255700259599
v -0.0139425236807 0.0848333003866 0.240258530107
v 0.0167719981922 0.0917508130791 0.24010873582
v 0.0293574344697 0.112817737808 0.23029061044
v 0.0344976553734 0.13088735878 0.221215433489
v 0.0261812050139 0.142569814728 0.214002030374
v 0.0375369366062 0.143553369746 0.214788933638
v 0.0409154795994 0.159395727983 0.206701905149
v 0.0954049792939 0.171667831988 0.206436160605
v 0.0647950228863 0.307579425268 0.130165735488
v -0.414880587583 0.199547070183 0.132505106751
v -0.396799532024 0.119265182645 0.17755743483
v -0.384661154361 0.127412176012 0.174601467808
v -0.389882399616 0.150595082691 0.161591759784
v -0.34681474236 0.160294763759 0.161381719412
v -0.346813587312 0.176429074565 0.152747879754
v -0.327861008064 0.164563516438 0.16128928235
v -0.325326677777 0.16513429735 0.16127692244
v -0.287829378307 0.199033770634 0.147472633693
v -0.271578221106 0.174656135111 0.162397233243
v -0.250587179014 0.17046678535 0.167066595273
v -0.30369255219 0.113124594419 0.191610817196
v -0.271577276952 0.151007478761 0.175052476409
v -0.303660644531 0.167094418073 0.162733570306
v -0.311900590484 0.154571247822 0.168482200495
v -0.308835100382 0.152652049914 0.169863731961
v -0.30885194337 0.136480593235 0.178515635284
v -0.31959531794 0.127320632886 0.182174997751
v -0.311538281586 0.119390995009 0.187350150885
v -0.309266995062 0.119902533293 0.187339073816
v -0.30884999023 0.116750433649 0.189074085278
v -0.335126581859 0.114078447176 0.18746519067
v -0.34679824621 0.10412701326 0.191440743259
v -0.330431073451 0.0757612012217 0.208512957115
v -0.276542333547 0.0878980023279 0.208250142469
v -0.271563665495 0.101739266341 0.201419008516
v -0.267799807502 0.0898669906459 0.208207505281
v -0.195916056213 0.106056621263 0.20785692923
v -0.191414815355 0.131962924339 0.194514204257
v -0.188686529503 0.132577387824 0.194500898461
v -0.185961070022 0.120476046231 0.20129188989
v -0.15967446999 0.126396304099 0.201163690511
v -0.162399929471 0.138497645692 0.194372699082
v -0.152793804068 0.140661133535 0.194325850139
v -0.163718285469 0.189167039778 0.167105463717
v -0.176126542182 0.199445324952 0.16017027898
v -0.177703878404 0.206448872357 0.156240051103
v -0.183111223004 0.205231032293 0.156266422616
v -0.0272764841633 0.144037560322 0.207034476418
v -0.196374078065 0.216217217538 0.148853588408
v -0.0515470638663 0.101534546394 0.226972392982
v -0.0679916701945 0.174550418205 0.185997583924
v -0.0679678585992 0.174628047116 0.185958795959
v -0.0680109901859 0.17463620094 0.185949444646
v -0.0831373629679 0.177496260932 0.182669647047
v -0.100129311777 0.194033778014 0.17185487067
v -0.0770316451371 0.150056471816 0.198059630599
v -0.074646329501 0.152855363022 0.196837706526
v 0.219775043316 0.286101220402 0.159582066478
v 0.19282992762 0.261613753984 0.169570004495
v 0.200052362943 0.229545341883 0.187566051521
v 0.278021014401 0.247105411344 0.187185799489
v 0.262718094691 0.315052068034 0.149055716066
v 0.18474944328 0.297491998572 0.149435968098
v 0.18523730877 0.295325821848 0.150651576062
v 0.216130461782 0.302283565835 0.150500910606
v -0.196148759269 0.104717329368 0.208546715184
v -0.136232618453 0.118211619354 0.208254505016
v -0.109386201542 0.0971575835977 0.222625831977
v -0.100258874569 0.125146774438 0.208703472738
v -0.0810670858731 0.131922861872 0.207296812405
v 0.298212010968 0.202612028224 0.213330586249
v 0.276029063125 0.221538564902 0.200637057573
v 0.272667339838 0.211590792128 0.205571654523
v 0.264636391916 0.209782065155 0.205610821368
v 0.267603708129 0.196606852935 0.21300444403
v 0.27058135185 0.183385785301 0.220423799668
v 0.283766499956 0.186355339234 0.2203594959
v 0.275258465448 0.168349385928 0.229011131272
v 0.336714352433 0.181461819875 0.22910132827
v 0.340190433681 0.182203488181 0.229106429979
v 0.352702883304 0.18487318634 0.229124794152
v 0.338551630695 0.189479954805 0.22502304615
v 0.336576621483 0.198249214334 0.220101941672
v 0.324596019496 0.195550947834 0.220160370889
v 0.32182181616 0.194926142834 0.22017390065
v -0.384590101265 -0.0117425786165 0.249075736569
v -0.375184514316 -0.0114816668937 0.250023824203
v -0.386453323303 0.0385530918927 0.221945481281
v -0.3949743616 0.0343646863322 0.223201411841
v -0.115179333851 0.0207124951276 0.262864037337
v -0.125974766627 -0.0144820202834 0.280449282416
v -0.0302952548952 0.00717416312922 0.27992524542
v 0.368242452683 0.139754769056 0.255066141651
v 0.351282367687 0.155809678772 0.244513308422
v 0.294827055507 0.0888229816456 0.273831202724
v 0.292072874457 0.0855550253394 0.275261480716
v 0.292072873473 0.0855550241683 0.275261481231
v 0.286432627805 0.0788626260292 0.2781905258
v 0.440460162873 0.113725351539 0.277346916453
v 0.411570103413 0.242874418719 0.204894227682
v 0.33063166155 0.224645494188 0.205288963325
v 0.352329387533 0.201797046194 0.220025115631
v 0.389261002365 0.167402752069 0.242701534487
v -0.18715337845 -0.0474170735048 0.270691943381
v -0.350895819325 -0.0845523810277 0.271549922366
v -0.35084136614 -0.0847941591539 0.271415242219
v -0.18353990447 -0.0467446777305 0.270595211978
v -0.13059961876 -0.0296469308333 0.273010373547
v -0.130628057012 -0.02965235235 0.273011066192
v -0.130628394059 -0.0296534511845 0.273010527291
v -0.128320535508 -0.0220738809066 0.276730073494
v -0.125991673323 -0.0144858469746 0.2804514665
v -0.125974961922 -0.0144826569488 0.280451061668
v 0.0640271902135 0.0217865758057 0.275847930642
v 0.00935913732891 0.01135107119 0.277172358875
v 0.00934266432007 0.0113473395465 0.277172447459
v 0.00888755034864 0.00921325701678 0.27610081282
v 0.127176590875 0.0305983609853 0.272603126452
v 0.0214350039672 0.00672600108868 0.273214771718
v 0.00769562253393 0.00362418025668 0.273294244996
v 0.00726223669594 0.00159198667723 0.272273774206
v 0.00616038277189 -0.00357473451636 0.26967929288
v 0.00617484403797 -0.00357197775656 0.269678940562
v 0.0464290021502 0.00555730193469 0.269468016513
v 0.12860701891 0.0242471023268 0.269065219939
v 0.127940104285 0.02720827688 0.270714713245
v 0.130204029082 0.0171562003624 0.265115302325
v 0.129574112021 0.0199531017965 0.26667328895
v 0.095758582726 0.0135064426847 0.267496938081
v 0.00687478614281 -0.00343853941449 0.269661891973
v 0.00615449046659 -0.0036023567352 0.269665422512
v 0.0060671544105 -0.00401188422691 0.269459777385
v 0.0065857334437 -0.00631443265765 0.268177165294
v 0.0075433622526 -0.0105664105074 0.265808642615
v -0.272420259472 -0.17364966111 0.214607636242
v -0.255536242102 -0.169847049255 0.214505136438
v -0.25045951076 -0.161548986632 0.21825805457
v -0.287927458788 -0.0959053205862 0.257663711115
v -0.25045757439 -0.115057515168 0.242844722087
v -0.231066251683 -0.0917615102261 0.252737400559
v -0.215362952957 -0.161485894172 0.21389811441
v -0.179311329543 -0.165279629298 0.207378946692
v -0.167349178391 -0.145476702008 0.216354285551
v -0.187349604527 -0.0566725970925 0.265821743701
v -0.152243284537 -0.0537570530999 0.262969094062
v -0.136984111952 -0.0503739138051 0.262848151479
v -0.134630787406 -0.0427017743166 0.266610961417
v -0.13533205423 -0.0428577733617 0.266616244648
v -0.349390266553 -0.0912372017195 0.267826208349
v -0.348053945123 -0.0971706168865 0.264521057498
v -0.364527445829 -0.100822988776 0.264651623796
v -0.337222776872 -0.2220587402 0.197118434138
v -0.302280609985 -0.214189078959 0.196906306603
v -0.304379039064 -0.204871821593 0.202096393665
v -0.308979294205 -0.20427426991 0.202988256919
v -0.306712072343 -0.194512895726 0.207866732031
v -0.309504930242 -0.182112297736 0.214774363879
v -0.293087239575 -0.188040886032 0.209583914474
v -0.288842048435 -0.206890004271 0.199084197531
v -0.277303550071 -0.208388801579 0.196847199216
v -0.271447876477 -0.195855071142 0.202742634535
v -0.268503187534 -0.191041893888 0.204919463073
v -0.152919276855 -0.0489182120136 0.265612723417
v -0.308945332268 -0.112576234694 0.251478304849
v -0.304295486649 -0.138275028742 0.237305498556
v -0.277613865362 -0.15058947622 0.227453086699
v -0.295174254866 -0.178774307157 0.214745771602
v -0.31930218245 -0.224831624438 0.19340874175
v -0.326664441272 -0.226489749524 0.193453436683
v -0.31674400609 -0.236190210555 0.187081552426
v -0.287987715133 -0.231257647084 0.186090481047
v -0.273755489328 -0.243125123405 0.178032835619
v -0.257592854243 -0.23948498101 0.177934715179
v -0.263498240158 -0.213264414109 0.192540625493
v -0.266290905385 -0.209819292666 0.194712149673
v 0.00955643329077 -0.169771742011 0.181361270267
v 0.0123532690019 -0.169141839752 0.181344291196
v 0.0294528137961 -0.121022885307 0.204651410027
v 0.0321096153472 -0.119643292506 0.20504843225
v 0.0092088127615 -0.0179611949169 0.261689450281
v 0.00278876856837 -0.0193845954133 0.261740334514
v -0.0103928575247 -0.0811946835214 0.23070225442
v 0.276141176432 -0.0704961150935 0.200492495926
v 0.31395967662 -0.0241644658525 0.220260851221
v 0.298355942273 -0.0137054925441 0.227745295321
v 0.252847951485 -0.0239547845913 0.228021566088
v 0.262291339195 -0.0658844708046 0.204665044438
v -0.401029193512 0.116426333388 0.161421056536
v -0.396799532024 0.119265182645 0.160410995514
v -0.414880587583 0.199547070183 0.117135882164
v -0.431341702569 0.195839704241 0.117286441048
v -0.507505206733 0.178686189324 0.117983058168
v -0.476895250372 0.042774596044 0.191244783634
v -0.401010378459 0.0598653574695 0.190550715003
v -0.401010811444 0.0611671914124 0.189880253163
v -0.371720988601 -0.0688828627627 0.259982377191
v -0.373338373143 -0.0617014965512 0.256111336711
v -0.448701730926 -0.0760874976401 0.25546823059
v -0.445349833769 -0.0896515319301 0.262811513308
v -0.44455289676 -0.0928764760565 0.264557430248
v -0.444267050529 -0.0941181828988 0.265227420597
v -0.444014814432 -0.0952138882774 0.265818632655
v -0.443184613518 -0.0988202541464 0.267764527084
v -0.44165869298 -0.105448803519 0.271341107449
v -0.43892632771 -0.117318109826 0.277745454053
v -0.365848591051 -0.0949569577862 0.274037345904
v -0.366024468616 -0.0941760418291 0.273616401298
v -0.367105408144 -0.0893765507965 0.271029285776
v -0.367294683368 -0.0885361478707 0.270576275363
v -0.367351391748 -0.0882843562826 0.270440549738
v -0.368420768616 -0.0835362046723 0.267881108151
v -0.36880178712 -0.0818444404557 0.26696918031
v -0.368902533529 -0.081397115154 0.266728054308
v -0.36893714745 -0.0812434255492 0.266645209528
v -0.369858817991 -0.0771511064348 0.264439287615
v -0.37026724632 -0.0753376394872 0.263461757192
v -0.370415467329 -0.074679521676 0.263107005645
v -0.371459211283 -0.0700451831298 0.26060891385
v -0.3949743616 0.0343646863322 0.204327863704
v -0.400731746208 0.0599281109145 0.190548166562
v -0.401000910268 0.0314024147714 0.205209510893
v -0.368812378691 -0.00500087490854 0.227395316539
v -0.379402174912 0.0420189921158 0.202049748075
v -0.386453323303 0.0385530918927 0.203081287924
v -0.375184514316 -0.0114816668937 0.230052002291
v -0.384590101265 -0.0117425786165 0.229181503562
v -0.381484732608 -0.0255307590876 0.236613878307
v -0.356755226671 -0.0585359639736 0.256252847414
v -0.360220174355 -0.0431512128733 0.247959857924
v -0.367401403078 -0.0112657627446 0.230772338909
v -0.360769132601 0.00363291837343 0.223808418878
v -0.356121919183 0.00862133718316 0.221735987071
v -0.368103726342 0.0361993261169 0.20625383675
v 0.00767769827837 -0.0111628773153 0.270791594422
v 0.00443126501979 -0.0117669740833 0.270755852436
v 0.00441241066404 -0.0117711703787 0.270755999106
v 0.0027887661793 -0.0193845938206 0.274503278409
v 0.00687478478432 -0.0034385376344 0.266727950126
v 0.0464290021502 0.00555730193469 0.266321136999
v 0.00617484403797 -0.00357197775656 0.266721889414
v 0.312496156038 0.0455577873657 0.274147529025
v 0.311265305861 0.0490083385232 0.272239071655
v 0.208055974866 0.0261255966984 0.272996624835
v 0.128618282889 0.0241970888888 0.27876299176
v 0.12860701891 0.0242471023268 0.278789785204
v 0.0464290021502 0.00555730193469 0.276129580952
v 0.00687478614281 -0.00343853941449 0.27484916194
v 0.095758582726 0.0135064426847 0.276037340778
v 0.129574112021 0.0199531017965 0.276489379212
v 0.129344684435 0.0209717856045 0.27703511422
v 0.127176590875 0.0305983609853 0.282192317052
v 0.12701583012 0.0313121564534 0.282574715599
v 0.130204028614 0.0171562024236 0.274991008659
v 0.212619167892 0.0357828966307 0.277598433531
v 0.149523750986 0.0237563402925 0.276756061585
v 0.149595099859 0.0234395433911 0.276586345354
v 0.149389959388 0.0237308339988 0.276754273057
v 0.310796531199 0.0545017007835 0.278911920217
v 0.251595368068 0.0432154744468 0.278120532236
v 0.211965592137 0.0343997034916 0.276939560772
v 0.311265305861 0.0490083385232 0.27603438699
v 0.309416621775 0.054190918124 0.278868826855
v -0.329613139226 -0.255846373282 0.173104461792
v -0.345900953616 -0.28326745771 0.1603261537
v -0.324521806365 -0.278452454452 0.160993805378
v -0.255536242102 -0.169847049255 0.211223370568
v -0.272420259472 -0.17364966111 0.210696097733
v -0.268503187721 -0.191041893091 0.201378633876
v 0.00278876856837 -0.0193845954133 0.266959871298
v -0.0230247333227 -0.0251077572057 0.266200510383
v 0.103123318037 -0.0286680298766 0.253625001889
v 0.0092088127615 -0.0179611949169 0.26714873101
v 0.0321096150192 -0.11964329096 0.212675029293
v 0.0667340110582 -0.101663917298 0.219015532377
v 0.050475433855 -0.148378613744 0.196268481278
v 0.0723522117824 -0.155989036178 0.190475336415
v 0.0481487957123 -0.190859027993 0.174522935966
v 0.0666701467864 -0.273095876225 0.130466551249
v 0.207998328236 0.0261128157493 0.272996561735
v 0.131982584552 0.00925921717614 0.270760391493
v 0.136012945549 -0.0511278416792 0.23922399726
v 0.127585551828 -0.137283054666 0.195437152766
v -0.352443330039 -0.0776812619947 -0.29194518783
v -0.350895819747 -0.084552379107 -0.29194518783
v -0.350633896695 -0.0857153463517 -0.29194518783
v -0.349390266881 -0.0912372004079 -0.29194518783
v -0.134629963034 -0.042699094663 -0.29194518783
v -0.132258366645 -0.0349673821991 -0.29194518783
v -0.13062839598 -0.0296534512314 -0.29194518783
v -0.130628057715 -0.0296523522563 -0.29194518783
v -0.12995299353 -0.0274515542563 -0.29194518783
v -0.188223448197 -0.04063245051 -0.29194518783
v -0.352336765432 -0.0781544207998 -0.29194518783
v -0.127565019414 -0.0196664497319 -0.29194518783
v 0.21973666585 0.0448619172774 -0.29194518783
v 0.444768455747 0.0944657208065 -0.29194518783
v 0.443434966731 0.10042689793 -0.29194518783
v 0.271746959632 0.0615231140754 -0.29194518783
v 0.212677926193 0.0357961789579 0.269796651568
v 0.212677926193 0.0357961789579 0.285645387701
v 0.311265306751 0.0490083401159 -0.29194518783
v 0.312496155991 0.0455577886774 -0.29194518783
v 0.350425191478 -0.112967300107 0.180487727621
v 0.350425191478 -0.112967300107 0.174552970918
v 0.422705764589 -0.0860186960797 0.179701047057
v 0.399647425985 -0.00566738713749 0.224752745029
v 0.387010968173 0.0383668368361 0.249442032226
v 0.37960886771 0.0641609205026 -0.29194518783
v 0.448148225414 0.0793569163076 -0.29194518783
v 0.446125474542 0.0883993439415 -0.29194518783
v 0.446091734742 0.0885501756958 -0.29194518783
v 0.445489411605 0.0912427862211 -0.29194518783
v -0.337222776872 -0.2220587402 0.202895409358
v -0.331600031516 -0.247024351754 0.189089516556
v -0.438926325743 -0.117318108187 -0.29194518783
v -0.416389581609 -0.215217004791 -0.29194518783
v -0.406212569799 -0.249999646122 -0.29194518783
v -0.3775252563 -0.377374492413 -0.29194518783
v -0.305876905241 -0.361237878537 0.125929849612
v -0.305876905241 -0.361237878537 -0.29194518783
v -0.289415790302 -0.357530512641 -0.29194518783
v -0.324521806365 -0.278452454452 0.171709889482
v -0.345900951368 -0.283267457195 -0.29194518783
v -0.398866006037 -0.271433473053 -0.29194518783
v -0.304270849651 -0.184002373459 0.213119611373
v -0.186305389176 -0.0613090287037 0.263239064834
v -0.186305389176 -0.0613090287037 -0.29194518783
v -0.175996569874 -0.177559612102 0.212286892232
v -0.162462065972 -0.207558123364 0.194501315518
v -0.143605607413 -0.203311279077 -0.29194518783
v -0.320761661886 -0.218351374305 0.1970185017
v -0.263498240439 -0.213264412797 -0.29194518783
v 0.0353690457897 -0.284382597709 -0.29194518783
v 0.0644296316113 -0.27783758384 -0.29194518783
v 0.0675783568031 -0.277128429176 -0.29194518783
v 0.101099255842 -0.269578865275 -0.29194518783
v 0.124648430026 -0.264275129386 -0.29194518783
v 0.176983990407 -0.252488134767 -0.29194518783
v 0.190259820214 -0.24949815751 -0.29194518783
v -0.357807762284 0.0526334423859 0.210836352859
v -0.36076913307 0.00363292043459 -0.29194518783
v -0.360220174402 -0.0431512125454 0.261035166797
v -0.102711128422 0.0613604619681 -0.29194518783
v -0.335126584061 0.114078446707 -0.29194518783
v -0.311900591187 0.154571247119 0.156740341523
v -0.319595319579 0.127320633588 -0.29194518783
v -0.0770316445281 0.150056473315 -0.29194518783
v -0.119321628974 0.206397549565 0.163019134064
v -0.14426008104 0.20078092104 0.163140758564
v -0.176126542416 0.19944532603 -0.29194518783
v -0.0577391147628 0.172694018339 0.188176658756
v -0.0358795492868 0.182236121417 0.185598332317
v -0.0484770757893 0.238170533085 -0.29194518783
v 0.0954049792939 0.171667831988 0.200488023201
v 0.0107847569962 0.0817286937043 -0.29194518783
v -0.00812217632662 0.0589903141557 0.254761012905
v -0.0262203396393 -0.0109189115447 0.282652280286
v -0.0262203396393 -0.0109189115447 -0.29194518783
v -0.0256439214442 -0.0134782721839 0.284067661591
v -0.0248041165838 -0.0172070985895 0.286129782473
v -0.0246604885972 -0.0178448228241 0.286482457678
v -0.0246604885972 -0.0178448228241 -0.29194518783
v -0.0245760487574 -0.0182197450612 0.286689797692
v 0.00443126305232 -0.0117669724437 -0.29194518783
v 0.00765237238343 -0.0110504275704 0.286636549491
v 0.0075433622526 -0.0105664105074 0.286368877666
v 0.00658573377161 -0.00631443410983 0.284017443629
v 0.00658573377161 -0.00631443410983 -0.29194518783
v 0.00615448887388 -0.00360235659467 -0.29194518783
v 0.00617484417851 -0.00357197691336 -0.29194518783
v 0.0072622352906 0.00159198564665 -0.29194518783
v 0.00769562014485 0.00362418035037 -0.29194518783
v 0.0104178941907 0.0163892119704 -0.29194518783
v 0.0970515284151 0.0875660836979 -0.29194518783
v 0.124558302124 0.0422238527832 0.272073317449
v 0.125581872717 0.0376790860938 0.274586670803
v 0.125581872717 0.0376790860938 -0.29194518783
v 0.125979544816 0.0359133779053 0.275563145301
v 0.126476372012 0.0337074102721 0.276783092671
v 0.126476372012 0.0337074102721 -0.29194518783
v 0.127015829792 0.031312158093 0.278107718449
v 0.127015829792 0.031312158093 -0.29194518783
v 0.127176590688 0.0305983617348 0.278502463133
v 0.127176590688 0.0305983617348 -0.29194518783
v 0.127569648684 0.0288531407654 0.279467607694
v 0.127940104285 0.02720827688 0.280377252656
v 0.128607018488 0.0242471042006 0.282014844615
v 0.128607018488 0.0242471042006 -0.29194518783
v 0.128618282608 0.0241970902004 0.282042503419
v 0.128618282608 0.0241970902004 -0.29194518783
v 0.129344684435 0.0209717856045 0.283826165984
v 0.129574111927 0.0199531021713 -0.29194518783
v 0.149523751079 0.0237563398709 -0.29194518783
v 0.214571946234 0.0399156559672 -0.29194518783
v 0.216627359761 0.0442656283386 -0.29194518783
v 0.220079868368 0.0515723247888 -0.29194518783
v 0.145378089466 0.0421635361023 0.274511426143
v 0.144355324788 0.0467047244708 0.272000051694
v 0.144355324788 0.0467047244708 -0.29194518783
v 0.171084064187 0.188712246177 0.200252657309
v 0.0729067605606 0.30940634768 -0.29194518783
v 0.0647950228863 0.307579425268 -0.29194518783
v 0.0687613970198 0.289968285272 0.140048697634
v 0.292072874457 0.0855550253394 0.268599289542
v 0.292072874457 0.0855550253394 0.260645137446
v 0.336714350325 0.181461820624 0.223216885841
v 0.267603708129 0.196606852888 0.207247879438
v 0.264636391916 0.209782065155 0.199961704732
v 0.442775377717 0.103375502241 -0.29194518783
v 0.440460162451 0.113725352195 -0.29194518783
v 0.279795680361 0.0709875950811 -0.29194518783
v 0.130406625561 0.0162566495762 -0.29194518783
v 0.131397096439 0.011858849303 -0.29194518783
v 0.131982584411 0.00925921787881 -0.29194518783
v -0.349553586524 -0.0905120430551 -0.29194518783
v -0.367294683462 -0.0885361473554 -0.29194518783
v -0.366024469084 -0.0941760397679 -0.29194518783
v -0.365848591519 -0.0949569555845 -0.29194518783
v -0.134630786141 -0.0427017722086 -0.29194518783
v -0.0245760487574 -0.0182197450612 -0.29194518783
v -0.0248041165838 -0.0172070985895 -0.29194518783
v -0.0262103826721 -0.0109631216823 -0.29194518783
v -0.132296060132 -0.0350902552026 -0.29194518783
v -0.132985363493 -0.0373374811994 -0.29194518783
v -0.132982981256 -0.0373370358943 -0.29194518783
v 0.00765237238343 -0.0110504275704 -0.29194518783
v 0.00767769818468 -0.0111628768468 -0.29194518783
v 0.00920881252727 -0.0179611939332 -0.29194518783
v 0.292239215157 -0.226530397689 0.126963909281
v 0.292239215157 -0.226530397689 -0.29194518783
v 0.327565261397 -0.218574279244 0.126771014982
v 0.327565261397 -0.218574279244 -0.29194518783
v 0.35148917503 -0.213186144691 0.1266403809
v 0.35148917503 -0.213186144691 -0.29194518783
v 0.505886390233 -0.178412863714 -0.29194518783
v 0.494621226367 -0.128394289795 -0.29194518783
v -0.329613139647 -0.255846371455 -0.29194518783
v -0.226880005379 -0.343446227386 -0.29194518783
v -0.175394463675 -0.331850673619 -0.29194518783
v -0.0582198418805 -0.305460650709 -0.29194518783
v -0.0329281397784 -0.186865103969 -0.29194518783
v -0.24274805265 -0.207839288833 -0.29194518783
v -0.476895250372 0.042774596044 -0.29194518783
v -0.465574506895 -0.00749075750889 -0.29194518783
v -0.454090419322 -0.0542812333927 -0.29194518783
v -0.44870173041 -0.0760874952511 -0.29194518783
v -0.379402175287 0.042018993849 -0.29194518783
v -0.0134209892665 0.0825176300715 0.241558030437
v 0.145378089466 0.0421635361023 -0.29194518783
v 0.220598431849 0.0526697872159 -0.29194518783
v 0.271836207699 0.0615433393393 -0.29194518783
v 0.273619725561 0.063659553546 -0.29194518783
v 0.274778902045 0.0650349719282 -0.29194518783
v 0.281489032236 0.0729968344157 -0.29194518783
v 0.256587141001 0.128834386326 -0.29194518783
v 0.284551375081 0.214267309929 0.205513696282
v 0.293391404623 0.206724978746 0.210572138777
v 0.324596019074 0.19555094774 -0.29194518783
v 0.411570104678 0.242874419 -0.29194518783
v 0.381157361786 0.378830428674 -0.29194518783
v 0.373945912747 0.377206268898 -0.29194518783
v -0.356755226156 -0.0585359661753 -0.29194518783
v -0.371720988132 -0.0688828648238 0.26628471867
v -0.371459211283 -0.0700451831298 0.266919021654
v -0.370415467329 -0.074679521676 0.269448083325
v -0.370267246789 -0.0753376372387 0.269807231616
v -0.370267246789 -0.0753376372387 -0.29194518783
v -0.369858817991 -0.0771511064348 0.270796882104
v -0.36893714745 -0.0812434255492 0.273030151726
v -0.368902533717 -0.0813971144045 0.273114023153
v -0.368902533717 -0.0813971144045 -0.29194518783
v -0.368801787447 -0.0818444390504 0.273358138124
v -0.368801787447 -0.0818444390504 -0.29194518783
v -0.368420768616 -0.083536204766 0.274281372338
v -0.367351392169 -0.0882843544557 -0.29194518783
v -0.351964507577 -0.0798072867792 -0.29194518783
v -0.352351259349 -0.0780900661585 -0.29194518783
v -0.353407602353 -0.0733997863139 -0.29194518783
v 0.00779794428177 0.00410398743943 -0.29194518783
v 0.125979544816 0.0359133779053 -0.29194518783
v 0.0451946021806 0.0660435169649 -0.29194518783
v 0.0242585458972 0.0812895412451 -0.29194518783
v 0.127569648684 0.0288531407654 -0.29194518783
v 0.216569745453 0.044143685201 -0.29194518783
v -0.0760677681442 0.148221281934 -0.29194518783
v -0.0340127968504 0.285325966415 0.130647619855
v -0.0340127968504 0.285325966415 -0.29194518783
v -0.0578864405242 0.279949153648 0.130764051253
v -0.0578864405242 0.279949153648 -0.29194518783
v -0.0900957515376 0.272694985069 0.130921135642
v -0.0900957515376 0.272694985069 -0.29194518783
v -0.13738146963 0.262045314006 0.131151747413
v -0.13738146963 0.262045314006 -0.29194518783
v -0.305465813982 0.224189423087 0.131971492418
v -0.305465813982 0.224189423087 -0.29194518783
v -0.414880587583 0.199547070183 -0.29194518783
v -0.183111222114 0.205231032481 -0.29194518783
v -0.0503605198584 0.138838582757 -0.29194518783
v -0.0515470638663 0.101534546394 -0.29194518783
v -0.0680109901859 0.17463620094 -0.29194518783
v 0.292072874457 0.0855550253394 -0.29194518783
v 0.00888755034864 0.00921325701678 -0.29194518783
v 0.127940104285 0.02720827688 -0.29194518783
v 0.0060671544105 -0.00401188422691 -0.29194518783
v 0.0075433622526 -0.0105664105074 -0.29194518783
v -0.304379038783 -0.204871822811 -0.29194518783
v -0.277303550071 -0.208388801579 -0.29194518783
v -0.268503187534 -0.191041893888 -0.29194518783
v -0.136984111952 -0.0503739138051 -0.29194518783
v 0.0321096153472 -0.119643292506 -0.29194518783
v -0.431341702569 0.195839704241 -0.29194518783
v -0.507505206733 0.178686189324 -0.29194518783
v -0.401010811444 0.0611671914124 -0.29194518783
v -0.371720988132 -0.0688828648238 -0.29194518783
v -0.445349832504 -0.089651532867 -0.29194518783
v -0.44455289676 -0.0928764760565 -0.29194518783
v -0.444267050529 -0.0941181828988 -0.29194518783
v -0.444014816446 -0.0952138886521 -0.29194518783
v -0.443184613752 -0.0988202565355 -0.29194518783
v -0.441658693589 -0.105448804175 -0.29194518783
v -0.367105408144 -0.0893765507965 -0.29194518783
v -0.36893714745 -0.0812434255492 -0.29194518783
v -0.369858817991 -0.0771511064348 -0.29194518783
v -0.370415467329 -0.074679521676 -0.29194518783
v -0.371459211283 -0.0700451831298 -0.29194518783
v 0.0027887661793 -0.0193845938206 -0.29194518783
v 0.208054912852 0.0261233453921 -0.29194518783
v 0.129344684435 0.0209717856045 -0.29194518783
v 0.212620246162 0.035785181056 -0.29194518783
v 0.130204028614 0.0171562024236 -0.29194518783
v 0.310796531199 0.0545017007835 -0.29194518783
g roof
f 1 2 3
g roof
f 1 3 4
g roof
f 6 7 8
g roof
f 6 8 9
g roof
f 10 11 12
g roof
f 10 12 13
g roof
f 10 13 14
g roof
f 10 14 15
g roof
f 10 15 16
g roof
f 10 16 17
g roof
f 10 17 18
g roof
f 10 18 19
g roof
f 10 19 20
g roof
f 10 20 21
g roof
f 23 24 25
g roof
f 23 25 1
g roof
f 23 25 1 26
g roof
f 23 26 27
g roof
f 23 27 5
g roof
f 23 5 6
g roof
f 23 6 9 10
g roof
f 23 10 21 22
g roof
f 23 22 21
g roof
f 28 29 30
g roof
f 28 30 31
g roof
f 33 34 35
g roof
f 33 35 32
g roof
f 36 37 38
g roof
f 38 39 40
g roof
f 40 41 42
g roof
f 43 44 45
g roof
f 43 45 46
g roof
f 43 46 47
g roof
f 47 48 36
g roof
f 47 36 38
g roof
f 47 38 40
g roof
f 47 40 42
g roof
f 47 42 43
g roof
f 49 50 51
g roof
f 49 51 52
g roof
f 49 52 53
g roof
f 49 53 54
g roof
f 49 54 55
g roof
f 49 55 56
g roof
f 49 56 57
g roof
f 57 1080 1081 1082 58 59
g roof
f 59 60 61
g roof
f 59 61 62
g roof
f 62 63 64
g roof
f 62 64 65
g roof
f 65 1074 66 67
g roof
f 65 67 68
g roof
f 68 69 70
g roof
f 71 72 73
g roof
f 71 73 74
g roof
f 75 1079 49 57
g roof
f 75 57 1080 1081 1082 58 59
g roof
f 59 62 65
g roof
f 59 65 68
g roof
f 59 68 70
g roof
f 59 70 71
g roof
f 74 75 59
g roof
f 76 59 71
g roof
f 76 71 74
g roof
f 59 76 77
g roof
f 78 76 74
g roof
f 74 59 77
g roof
f 74 77 78
g roof
f 79 80 1089 1088 81
g roof
f 79 81 82
g roof
f 83 82 84
g roof
f 83 84 85
g roof
f 83 85 86
g roof
f 86 84 82
g roof
f 82 87 88
g roof
f 89 1094 90 91
g roof
f 79 82 83
g roof
f 86 82 88
g roof
f 86 88 89
g roof
f 83 86 89
g roof
f 89 91 1097 79
g roof
f 89 79 92
g roof
f 89 92 83
g roof
f 93 94 95
g roof
f 96 97 98
g roof
f 98 99 100
g roof
f 101 102 103
g roof
f 101 103 104
g roof
f 101 104 105
g roof
f 101 105 106
g roof
f 101 106 107
g roof
f 109 110 111
g roof
f 109 111 112
g roof
f 109 112 113
g roof
f 114 115 116
g roof
f 114 116 117
g roof
f 114 117 118
g roof
f 114 118 119
g roof
f 119 120 121
g roof
f 121 122 123
g roof
f 121 123 124
g roof
f 121 124 125
g roof
f 121 125 126
g roof
f 127 96 98
g roof
f 127 98 100
g roof
f 127 100 128
g roof
f 129 101 107
g roof
f 129 107 108
g roof
f 129 108 109
g roof
f 129 109 113
g roof
f 130 114 119
g roof
f 130 119 121
g roof
f 130 121 126
g roof
f 130 126 131
g roof
f 130 131 127
g roof
f 130 127 128
g roof
f 128 129 113
g roof
f 128 113 130
g roof
f 132 133 134
g roof
f 66 1074 135 136
g roof
f 137 138 139
g roof
f 137 139 140
g roof
f 137 140 141
g roof
f 137 141 142
g roof
f 137 142 143
g roof
f 137 143 144
g roof
f 137 144 91
g roof
f 137 91 145
g roof
f 137 145 146
g roof
f 146 147 148
g roof
f 146 148 149
g roof
f 146 149 150
g roof
f 146 150 137
g roof
f 151 138 152
g roof
f 151 152 153
g roof
f 153 154 122
g roof
f 153 122 155
g roof
f 153 155 151
g roof
f 156 157 158
g roof
f 158 159 104
g roof
f 158 104 160
g roof
f 158 160 161
g roof
f 158 161 162
g roof
f 163 164 165
g roof
f 163 165 166
g roof
f 163 166 167
g roof
f 167 168 169
g roof
f 167 169 156
g roof
f 156 158 162
g roof
f 156 162 170
g roof
f 156 170 171
g roof
f 156 171 163
g roof
f 156 163 167
g roof
f 172 173 1117 174
g roof
f 172 174 175
g roof
f 172 175 176
g roof
f 172 176 177
g roof
f 172 177 178
g roof
f 172 178 179
g roof
f 172 179 180
g roof
f 172 180 181
g roof
f 181 182 183
g roof
f 181 183 184
g roof
f 181 184 185
g roof
f 186 187 188
g roof
f 189 190 191
g roof
f 191 192 193
g roof
f 194 195 196
g roof
f 196 197 198
g roof
f 196 198 199
g roof
f 196 199 200
g roof
f 196 200 201
g roof
f 196 201 202
g roof
f 196 202 203
g roof
f 196 203 204
g roof
f 204 205 206
g roof
f 207 208 172
g roof
f 207 172 181
g roof
f 186 209 191
g roof
f 186 191 190
g roof
f 189 191 193
g roof
f 189 193 210
g roof
f 210 194 196
g roof
f 196 204 206
g roof
f 196 206 211
g roof
f 212 207 181
g roof
f 210 196 211
g roof
f 210 211 1115 212
g roof
f 210 212 181
g roof
f 189 210 181
g roof
f 213 189 181
g roof
f 213 181 185
g roof
f 188 213 185
g roof
f 186 188 185
g roof
f 214 215 216
g roof
f 214 216 217
g roof
f 214 217 218
g roof
f 219 182 220
g roof
f 219 220 221
g roof
f 219 221 222
g roof
f 223 224 225
g roof
f 223 225 226
g roof
f 223 226 227
g roof
f 228 229 230
g roof
f 230 231 232
g roof
f 230 232 233
g roof
f 230 233 234
g roof
f 235 236 237
g roof
f 237 238 239
g roof
f 242 243 244
g roof
f 245 246 247
g roof
f 245 247 209
g roof
f 245 209 219
g roof
f 219 222 223 227
g roof
f 219 227 228
g roof
f 228 230 234
g roof
f 228 234 248
g roof
f 228 248 235
g roof
f 235 237 239
g roof
f 235 239 240
g roof
f 235 240 241
g roof
f 235 241 242
g roof
f 244 245 219
g roof
f 244 219 228
g roof
f 228 235 242
g roof
f 228 242 244
g roof
f 249 250 251
g roof
f 249 251 252
g roof
f 252 253 254
g roof
f 254 255 256
g roof
f 256 249 252
g roof
f 256 252 254
g roof
f 257 258 259
g roof
f 257 258 259 260 261
g roof
f 257 260 261
g roof
f 257 261 262
g roof
f 263 264 265
g roof
f 263 265 266
g roof
f 266 257 262
g roof
f 266 262 263
g roof
f 267 1150 1151 1153 1154 1156 1158 1160 1161 1162 1164 1166 268 269
g roof
f 267 269 270 271
g roof
f 271 272 273
g roof
f 271 273 274
g roof
f 271 274 275
g roof
f 278 279 280
g roof
f 281 282 283
g roof
f 284 285 286
g roof
f 284 286 287
g roof
f 284 287 288
g roof
f 289 290 1175 291
g roof
f 291 292 293
g roof
f 293 294 295
g roof
f 293 295 296
g roof
f 296 297 298
g roof
f 298 299 300
g roof
f 298 300 301
g roof
f 298 301 302
g roof
f 298 302 303
g roof
f 304 1129 305 306
g roof
f 304 306 307
g roof
f 308 306 305
g roof
f 308 305 309
g roof
f 308 309 310
g roof
f 308 310 311
g roof
f 308 311 312
g roof
f 308 312 313
g roof
f 308 313 314
g roof
f 308 314 315
g roof
f 316 317 318
g roof
f 318 313 312
g roof
f 318 312 319
g roof
f 318 319 320
g roof
f 321 320 322
g roof
f 321 322 323
g roof
f 321 323 324
g roof
f 321 324 178
g roof
f 321 178 325
g roof
f 321 325 176
g roof
f 321 176 326
g roof
f 321 326 327
g roof
f 321 327 328
g roof
f 321 328 329
g roof
f 321 329 24
g roof
f 321 24 330
g roof
f 321 330 331
g roof
f 321 331 332
g roof
f 321 332 333
g roof
f 321 333 1132 1134 1135 1136 1138 334
g roof
f 334 335 336
g roof
f 337 338 1140 1141 1142 339
g roof
f 344 345 346
g roof
f 344 346 347 348
g roof
f 316 351 352
g roof
f 316 352 353
g roof
f 354 267 271
g roof
f 281 276 277
g roof
f 281 277 278
g roof
f 281 278 280
g roof
f 281 278 280 355
g roof
f 281 355 282
g roof
f 283 1172 1173 284 288
g roof
f 291 293 296
g roof
f 291 296 298
g roof
f 291 298 303
g roof
f 291 303 304
g roof
f 307 308 315
g roof
f 316 318 320
g roof
f 336 337 339
g roof
f 336 339 340
g roof
f 340 341 342
g roof
f 340 342 356
g roof
f 340 356 343
g roof
f 340 356 343 344
g roof
f 289 291 304
g roof
f 289 304 307
g roof
f 289 307 315
g roof
f 334 336 339 340
g roof
f 334 340 356 343 344
g roof
f 334 344 346 347 348
g roof
f 288 289 315
g roof
f 321 334 348
g roof
f 321 348 357
g roof
f 271 275 281
g roof
f 271 281 283
g roof
f 271 283 288
g roof
f 320 321 349
g roof
f 320 349 350
g roof
f 320 350 358
g roof
f 354 271 288
g roof
f 316 320 358
g roof
f 353 354 288
g roof
f 353 288 315
g roof
f 353 315 359
g roof
f 316 353 359
g roof
f 360 361 362
g roof
f 363 1182 1183 364 365
g roof
f 363 365 366
g roof
f 363 366 367
g roof
f 363 367 368
g roof
f 363 368 369
g roof
f 363 369 370
g roof
f 371 369 368
g roof
f 371 368 372
g roof
f 373 374 375
g roof
f 373 375 376 1179
g roof
f 373 376 1179 377
g roof
f 373 377 378
g roof
f 378 379 380
g roof
f 380 381 382
g roof
f 382 383 384
g roof
f 385 386 363
g roof
f 385 363 370
g roof
f 370 371 373
g roof
f 370 373 378
g roof
f 370 378 380
g roof
f 380 382 384
g roof
f 380 384 387
g roof
f 380 387 1181 385
g roof
f 380 385 370
g roof
f 388 389 390
g roof
f 388 390 391
g roof
f 391 392 393
g roof
f 391 393 394
g roof
f 394 395 396
g roof
f 394 395 396 388
g roof
f 394 395 396 388 391
g roof
f 397 398 399
g roof
f 399 400 401
g roof
f 399 401 1075 402
g roof
f 399 402 403
g roof
f 399 403 404
g roof
f 399 404 405
g roof
f 399 405 406
g roof
f 399 406 397
g roof
f 407 408 409
g roof
f 407 409 410
g roof
f 407 410 411
g roof
f 407 411 412
g roof
f 407 412 413
g roof
f 407 413 414
g roof
f 414 415 416
g roof
f 414 416 417
g roof
f 414 417 418
g roof
f 414 418 407
g roof
f 419 420 421
g roof
f 419 421 422
g roof
f 423 424 425
g roof
f 424 426 427
g roof
f 427 428 429
g roof
f 427 429 430
g roof
f 427 430 431
g roof
f 427 431 432
g roof
f 427 432 433
g roof
f 427 433 434
g roof
f 427 434 435
g roof
f 427 435 436
g roof
f 427 436 437 426
g roof
f 437 438 439
g roof
f 437 439 423
g roof
f 437 423 425
g roof
f 425 424 426 427
g roof
f 425 426 427 437
g roof
f 440 441 442
g roof
f 440 442 443
g roof
f 440 443 444
g roof
f 444 445 446
g roof
f 444 446 447
g roof
f 444 447 440
g roof
f 448 449 450
g roof
f 451 452 1078 453
g roof
f 451 453 454
g roof
f 451 454 455
g roof
f 451 455 456
g roof
f 456 457 458
g roof
f 458 459 460
g roof
f 461 459 458
g roof
f 461 458 462
g roof
f 461 462 463
g roof
f 463 464 465
g roof
f 463 465 466
g roof
f 466 467 1204 1206 1208 468
g roof
f 469 470 471
g roof
f 469 471 472
g roof
f 469 472 473
g roof
f 469 473 474
g roof
f 469 474 475
g roof
f 469 475 476
g roof
f 469 476 477
g roof
f 469 477 478
g roof
f 469 478 479
g roof
f 469 479 480
g roof
f 480 481 482
g roof
f 456 458 460
g roof
f 456 460 483
g roof
f 456 483 484
g roof
f 461 463 466
g roof
f 468 469 480
g roof
f 451 456 484
g roof
f 451 484 461
g roof
f 451 461 466
g roof
f 466 468 480
g roof
f 466 480 482
g roof
f 466 482 451
g roof
f 485 486 487
g roof
f 488 489 490
g roof
f 491 492 493
g roof
f 493 494 495
g roof
f 493 495 496
g roof
f 493 496 497
g roof
f 493 497 498
g roof
f 493 498 499
g roof
f 493 499 491
g roof
f 500 501 502
g roof
f 500 502 503
g roof
f 500 503 504
g roof
f 500 504 505
g roof
f 506 507 508
g roof
f 506 508 509
g roof
f 506 509 510
g roof
f 506 510 511
g roof
f 512 513 514
g roof
f 515 516 491
g roof
f 515 491 517
g roof
f 515 517 518
g roof
f 515 518 519
g roof
f 515 519 520
g roof
f 515 520 521
g roof
f 521 522 523
g roof
f 521 523 524
g roof
f 524 525 526
g roof
f 524 526 527
g roof
f 524 527 528
g roof
f 524 528 529
g roof
f 524 529 530
g roof
f 524 530 531
g roof
f 524 531 532
g roof
f 532 1104 1103 533 534
g roof
f 532 534 535
g roof
f 535 536 507
g roof
f 537 538 539
g roof
f 539 512 514
g roof
f 540 515 521
g roof
f 540 521 524
g roof
f 540 524 532
g roof
f 540 532 535
g roof
f 535 507 537
g roof
f 535 537 539
g roof
f 535 539 514
g roof
f 535 514 540
g roof
f 541 542 543
g roof
f 543 544 545
g roof
f 543 545 546
g roof
f 543 546 547
g roof
f 547 548 522
g roof
f 547 522 549
g roof
f 549 550 541
g roof
f 549 541 543
g roof
f 549 543 547
g roof
f 551 552 553
g roof
f 553 554 555
g roof
f 553 555 556
g roof
f 553 556 557
g roof
f 553 557 558
g roof
f 553 558 559
g roof
f 553 559 560
g roof
f 553 560 551
g roof
f 561 562 563
g roof
f 561 563 564
g roof
f 564 565 566
g roof
f 567 568 569
g roof
f 567 569 570
g roof
f 567 570 571
g roof
f 571 561 564
g roof
f 571 564 566
g roof
f 571 566 567
g roof
f 572 573 574
g roof
f 572 574 575
g roof
f 575 576 577
g roof
f 577 578 579
g roof
f 577 579 580
g roof
f 577 580 581
g roof
f 581 582 583
g roof
f 581 583 584
g roof
f 585 586 587
g roof
f 585 587 572
g roof
f 572 575 577
g roof
f 577 581 584
g roof
f 577 584 1120 588
g roof
f 588 585 572
g roof
f 588 572 577
g roof
f 589 590 582
g roof
f 591 592 593
g roof
f 591 593 594
g roof
f 591 594 595
g roof
f 591 595 596
g roof
f 597 598 599
g roof
f 598 597 599 600
g roof
f 598 597 600 601
g roof
f 602 603 599
g roof
f 602 599 604
g roof
f 605 606 607
g roof
f 605 607 608
g roof
f 605 608 609
g roof
f 605 609 610
g roof
f 611 612 613
g roof
f 615 616 617
g roof
f 615 617 618
g roof
f 618 619 620
g roof
f 620 621 622
g roof
f 620 622 623
g roof
f 624 625 626
g roof
f 624 626 627
g roof
f 624 627 628
g roof
f 624 628 629
g roof
f 629 630 631
g roof
f 629 631 632
g roof
f 632 633 634
g roof
f 635 636 637
g roof
f 635 637 638
g roof
f 635 638 639
g roof
f 635 639 640
g roof
f 635 640 641
g roof
f 641 642 643
g roof
f 643 644 645
g roof
f 643 645 646
g roof
f 643 646 647
g roof
f 648 649 650
g roof
f 648 650 651
g roof
f 651 652 653
g roof
f 651 653 654
g roof
f 654 655 656
g roof
f 654 656 657
g roof
f 654 657 658
g roof
f 654 658 659
g roof
f 659 660 661
g roof
f 659 661 662
g roof
f 659 662 663
g roof
f 659 663 664
g roof
f 667 668 669
g roof
f 667 669 670
g roof
f 667 670 671
g roof
f 671 672 673
g roof
f 673 674 675
g roof
f 675 676 677
g roof
f 677 678 1180 679
g roof
f 677 678 1180 679 680
g roof
f 681 682 614
g roof
f 681 614 615
g roof
f 681 615 618
g roof
f 618 620 623
g roof
f 683 624 629
g roof
f 683 629 632
g roof
f 634 635 641
g roof
f 634 641 643
g roof
f 634 643 647
g roof
f 651 654 659
g roof
f 651 659 664
g roof
f 664 665 666
g roof
f 664 665 666 667
g roof
f 664 667 671
g roof
f 664 671 673
g roof
f 664 673 674 675
g roof
f 664 675 676 677
g roof
f 664 677 680
g roof
f 664 680 681
g roof
f 664 681 618
g roof
f 623 683 632
g roof
f 632 634 647
g roof
f 632 647 684
g roof
f 651 664 618
g roof
f 623 632 684
g roof
f 623 684 648
g roof
f 648 651 618
g roof
f 648 618 623
g roof
f 685 645 649
g roof
f 685 649 686
g roof
f 614 687 688
g roof
f 689 690 691
g roof
f 689 691 692
g roof
f 689 692 693
g roof
f 689 693 694
g roof
f 694 695 696
g roof
f 694 696 697
g roof
f 694 697 698
g roof
f 699 698 697
g roof
f 699 697 700
g roof
f 699 700 701
g roof
f 701 702 559
g roof
f 701 559 1238 1239 1240 1241 1243 1244 1245 1247 1249 703
g roof
f 703 8 704
g roof
f 704 705 706
g roof
f 689 694 698
g roof
f 699 701 703
g roof
f 703 704 706
g roof
f 703 706 707
g roof
f 708 699 703
g roof
f 708 703 707
g roof
f 708 707 709
g roof
f 689 708 709
g roof
f 710 711 712
g roof
f 710 712 713
g roof
f 713 714 715
g roof
f 713 715 716
g roof
f 713 716 717
g roof
f 713 717 718
g roof
f 713 718 719
g roof
f 713 719 720
g roof
f 713 720 721
g roof
f 721 722 723
g roof
f 721 723 724
g roof
f 721 724 725
g roof
f 727 728 710
g roof
f 727 710 713
g roof
f 727 713 721
g roof
f 727 721 725
g roof
f 727 725 726
g roof
f 729 730 731
g roof
f 729 731 732
g roof
f 729 732 733
g roof
f 733 726 734
g roof
f 733 734 729
g roof
f 735 736 737
g roof
f 738 739 740
g roof
f 738 739 740 741
g roof
f 741 742 743
g roof
f 741 743 43
g roof
f 741 43 42
g roof
f 741 42 41
g roof
f 41 744 745
g roof
f 41 745 738
g roof
f 41 738 739 741
g roof
f 746 747 1124 1123 748
g roof
f 748 749 750
g roof
f 748 750 751
g roof
f 748 751 752
g roof
f 752 753 754
g roof
f 755 1127 756 1126 757
g roof
f 758 759 760
g roof
f 761 762 763
g roof
f 761 763 757 1126
g roof
f 757 1126 764 765
g roof
f 765 766 767
g roof
f 765 767 768
g roof
f 765 768 769
g roof
f 769 770 771
g roof
f 769 771 772
g roof
f 769 772 773
g roof
f 773 774 775
g roof
f 773 775 1131 1223 776
g roof
f 776 777 778
g roof
f 776 778 779
g roof
f 776 779 780
g roof
f 780 781 782
g roof
f 782 783 1178 784
g roof
f 785 786 787
g roof
f 785 787 788
g roof
f 785 788 789
g roof
f 785 789 790
g roof
f 790 791 792
g roof
f 790 792 793
g roof
f 793 794 795
g roof
f 796 797 798
g roof
f 798 799 800
g roof
f 798 800 801
g roof
f 801 802 803
g roof
f 801 803 804
g roof
f 801 804 805
g roof
f 805 803 806
g roof
f 805 806 807
g roof
f 805 807 808
g roof
f 805 808 809
g roof
f 810 811 812
g roof
f 810 812 813
g roof
f 814 815 816
g roof
f 814 816 817
g roof
f 817 818 819
g roof
f 817 819 820
g roof
f 820 821 822
g roof
f 746 748 752
g roof
f 755 757 1126 763
g roof
f 755 763 823
g roof
f 755 823 758
g roof
f 755 758 760
g roof
f 761 757 1126 765
g roof
f 761 765 769
g roof
f 773 776 780
g roof
f 780 782 784
g roof
f 785 790 793
g roof
f 796 798 801
g roof
f 796 801 805
g roof
f 796 805 809
g roof
f 796 809 810
g roof
f 796 810 813
g roof
f 796 813 814
g roof
f 796 814 817
g roof
f 796 817 820
g roof
f 796 820 822
g roof
f 796 822 824
g roof
f 825 761 769
g roof
f 825 769 773
g roof
f 773 780 784
g roof
f 795 796 824
g roof
f 795 824 746
g roof
f 760 825 773
g roof
f 793 795 746
g roof
f 755 760 773
g roof
f 755 773 784
g roof
f 785 793 746
g roof
f 754 755 784
g roof
f 784 1261 1263 1265 1267 1269 785 746
g roof
f 784 746 752
g roof
f 784 752 754
g roof
f 826 827 828
g roof
f 829 830 831
g roof
f 829 831 832
g roof
f 829 832 764
g roof
f 829 764 826
g roof
f 829 826 828
g roof
f 833 834 835
g roof
f 833 835 836
g roof
f 833 836 837
g roof
f 837 838 839
g roof
f 837 839 840
g roof
f 837 840 833
g roof
f 812 841 842
g roof
f 842 843 844
g roof
f 842 844 770
g roof
f 842 770 845
g roof
f 842 845 812
g roof
f 846 1232 1231 847 848
g roof
f 846 848 849
g roof
f 846 849 850
g roof
f 846 850 851
g roof
f 846 851 852
g roof
f 846 852 853
g roof
f 846 853 854
g roof
f 846 854 855
g roof
f 855 856 857
g roof
f 857 858 859
g roof
f 857 859 860
g roof
f 857 860 846 855
g roof
f 861 862 863
g roof
f 861 863 864
g roof
f 774 865 866
g roof
f 774 866 867
g roof
f 868 869 870
g roof
f 868 870 872 871
g roof
f 868 871 872
g roof
f 868 872 873
g roof
f 868 873 874
g roof
f 875 876 858
g roof
f 875 858 877
g roof
f 875 877 878
g roof
f 878 868 874
g roof
f 878 874 875
g roof
f 879 880 881
g roof
f 879 881 882
g roof
f 883 884 885
g roof
f 329 328 886
g roof
f 866 887 888
g roof
f 889 890 891
g roof
f 889 891 892
g roof
f 736 735 893
g roof
f 736 893 894
g roof
f 736 894 895
g roof
f 736 895 896
g roof
f 736 896 897
g roof
f 897 898 899
g roof
f 897 899 900
g roof
f 897 900 901
g roof
f 897 901 736
g roof
f 902 903 904
g roof
f 902 904 905
g roof
f 902 905 906
g roof
f 902 906 907
g roof
f 902 907 908
g roof
f 902 908 909
g roof
f 910 911 912
g roof
f 913 914 915
g roof
f 915 916 917
g roof
f 915 917 918
g roof
f 915 918 1101 919
g roof
f 920 921 922
g roof
f 920 922 923
g roof
f 923 924 925
g roof
f 925 926 927
g roof
f 927 1106 928 929
g roof
f 927 929 930
g roof
f 927 930 931
g roof
f 927 931 932
g roof
f 933 934 935
g roof
f 933 935 936
g roof
f 933 936 937
g roof
f 913 915 919
g roof
f 938 920 923
g roof
f 925 927 932
g roof
f 925 932 1100 933
g roof
f 919 938 923
g roof
f 919 923 925
g roof
f 913 919 925
g roof
f 939 913 925
g roof
f 940 939 925
g roof
f 912 939 940
g roof
f 912 940 941
g roof
f 942 940 925
g roof
f 942 925 933
g roof
f 942 933 937
g roof
f 910 912 941
g roof
f 910 942 937
g roof
f 943 944 945
g roof
f 946 947 948
g roof
f 946 948 949
g roof
f 946 949 950
g roof
f 946 950 935
g roof
f 951 952 953
g roof
f 953 954 955
g roof
f 953 955 956
g roof
f 953 956 957
g roof
f 953 957 951
g roof
f 958 959 960
g roof
f 958 960 961
g roof
f 958 961 962
g roof
f 963 964 965
g roof
f 963 965 966
g roof
f 963 966 967
g roof
f 963 967 968
g roof
f 963 968 969 970
g roof
f 971 972 973
g roof
f 971 973 974
g roof
f 971 974 975
g roof
f 971 975 976
g roof
f 971 976 977
g roof
f 971 977 978
g roof
f 971 978 979
g roof
f 971 979 980
g roof
f 980 408 981
g roof
f 980 981 982
g roof
f 980 982 983
g roof
f 980 983 984
g roof
f 980 984 985
g roof
f 980 985 986
g roof
f 980 986 987
g roof
f 980 987 988
g roof
f 980 988 989
g roof
f 980 989 990
g roof
f 980 990 991
g roof
f 980 991 992
g roof
f 980 992 993
g roof
f 980 993 971
g roof
f 994 995 969
g roof
f 994 969 996
g roof
f 997 998 999
g roof
f 997 999 1000
g roof
f 1000 1001 1002
g roof
f 1000 1002 972
g roof
f 1000 972 1003
g roof
f 1000 1003 1004
g roof
f 1000 1004 1005
g roof
f 1000 1005 997
g roof
f 1006 1007 1008
g roof
f 440 1009 1010
g roof
f 440 1010 1011
g roof
f 440 1011 1012
g roof
f 1013 1014 1015
g roof
f 458 1016 1017
g roof
f 458 1017 1018
g roof
f 1019 1020 1021
g roof
f 1019 1021 1022
g roof
f 1019 1022 1023
g roof
f 1023 1024 1025
g roof
f 1023 1025 1019
g roof
f 1026 1027 347
g roof
f 1026 347 346
g roof
f 1026 346 345
g roof
f 1028 1029 745
g roof
f 745 1030 1031
g roof
f 1031 1032 1024
g roof
f 1031 1024 1028
g roof
f 1031 1028 745
g roof
f 1033 1034 1035
g roof
f 1035 1018 1036
g roof
f 1035 1036 1037
g roof
f 1035 1037 1033
g roof
f 1038 1039 1040
g roof
f 1041 1042 1043
g roof
f 106 1044 1045
g roof
f 1046 1047 1048
g roof
f 1046 1048 1049
g roof
f 1046 1049 1050
g roof
f 1046 1050 1051
g roof
f 1051 1052 1053
g roof
f 458 1018 1054
g roof
f 458 1054 1055
g roof
f 458 1055 1047
g roof
f 458 1047 1046
g roof
f 458 1046 1056
g roof
f 458 1056 1057
g roof
f 1057 1046 1051
g roof
f 1057 1051 1053
g roof
f 1057 1053 462
g roof
f 1057 462 458
g roof_step_or_fixture_side
f 4 3 699 708
g roof_step_or_fixture_side
f 1 4 708 689
g roof_step_or_fixture_side
f 2 1 689 698
g roof_step_or_fixture_side
f 3 2 698 699
g roof_step_or_fixture_side
f 6 5 706 705
g roof_step_or_fixture_side
f 7 6 705 704
g roof_step_or_fixture_side
f 8 7 704
g roof_step_or_fixture_side
f 9 8 880 879
g roof_step_or_fixture_side
f 10 9 879 882
g roof_step_or_fixture_side
f 11 10 882 881
g roof_step_or_fixture_side
f 413 412 12 11
g roof_step_or_fixture_side
f 412 411 13 12
g roof_step_or_fixture_side
f 411 410 14 13
g roof_step_or_fixture_side
f 15 14 924 923
g roof_step_or_fixture_side
f 16 15 923 922
g roof_step_or_fixture_side
f 427 426 17 16
g roof_step_or_fixture_side
f 426 424 18 17
g roof_step_or_fixture_side
f 424 423 19 18
g roof_step_or_fixture_side
f 423 439 20 19
g roof_step_or_fixture_side
f 439 438 21 20
g roof_step_or_fixture_side
f 22 21 885 884
g roof_step_or_fixture_side
f 331 330 23 22
g roof_step_or_fixture_side
f 330 24 23
g roof_step_or_fixture_side
f 25 24 691 690
g roof_step_or_fixture_side
f 1 25 690 689
g roof_step_or_fixture_side
f 26 1 689 709
g roof_step_or_fixture_side
f 27 26 709 707
g roof_step_or_fixture_side
f 5 27 707 706
g roof_step_or_fixture_side
f 31 30 887 175 174
g roof_step_or_fixture_side
f 28 31 174 702 701
g roof_step_or_fixture_side
f 29 28 701 700
g roof_step_or_fixture_side
f 30 29 700 697 175 887
g roof_step_or_fixture_side
f 33 32 328 327
g roof_step_or_fixture_side
f 34 33 327 695 694
g roof_step_or_fixture_side
f 35 34 694 693 886
g roof_step_or_fixture_side
f 32 35 886 328
g roof_step_or_fixture_side
f 276 281 39 38
g roof_step_or_fixture_side
f 281 275 40 39
g roof_step_or_fixture_side
f 275 274 41 40
g roof_step_or_fixture_side
f 43 743 44
g facade_completed
f 45 44 1071 1072
g roof_step_or_fixture_side
f 389 388 46 45
g roof_step_or_fixture_side
f 47 46 673 672
g roof_step_or_fixture_side
f 48 47 672 671
g roof_step_or_fixture_side
f 36 48 671 670
g roof_step_or_fixture_side
f 37 36 670 669
g roof_step_or_fixture_side
f 277 276 38 37
g roof_step_or_fixture_side
f 741 740 65 64
g roof_step_or_fixture_side
f 740 738 1074 66 65
g roof_step_or_fixture_side
f 1075 401 400 1034 67 66 1074 738 739
g roof_step_or_fixture_side
f 1034 1033 68 67
g roof_step_or_fixture_side
f 1033 1037 69 68
g roof_step_or_fixture_side
f 1037 1036 1017 70 69
g roof_step_or_fixture_side
f 1017 1016 457 71 70
g roof_step_or_fixture_side
f 457 456 72 71
g roof_step_or_fixture_side
f 456 455 73 72
g roof_step_or_fixture_side
f 455 454 74 73
g roof_step_or_fixture_side
f 454 453 75 74
g roof_step_or_fixture_side
f 453 1078 1079 75
g roof_step_or_fixture_side
f 1078 452 49 1079
g roof_step_or_fixture_side
f 452 451 50 49
g roof_step_or_fixture_side
f 451 482 51 50
g roof_step_or_fixture_side
f 482 481 52 51
g roof_step_or_fixture_side
f 481 480 53 52
g roof_step_or_fixture_side
f 480 479 54 53
g roof_step_or_fixture_side
f 479 478 55 54
g roof_step_or_fixture_side
f 478 477 56 55
g roof_step_or_fixture_side
f 477 476 57 56
g roof_step_or_fixture_side
f 476 475 1080 57
g roof_step_or_fixture_side
f 475 474 1081 1080
g roof_step_or_fixture_side
f 474 473 1082 1081
g roof_step_or_fixture_side
f 473 472 58 1082
g roof_step_or_fixture_side
f 472 471 59 58
g roof_step_or_fixture_side
f 471 470 60 59
g facade_completed
f 61 60 1084 1085
g facade_completed
f 62 61 1085 1086
g facade_completed
f 63 62 1086 1087
g roof_step_or_fixture_side
f 742 741 64 63
g roof_step_or_fixture_side
f 449 448 76 78
g roof_step_or_fixture_side
f 448 450 77 76
g roof_step_or_fixture_side
f 450 449 78 77
g roof_step_or_fixture_side
f 497 496 1088 1089
g roof_step_or_fixture_side
f 81 1088 927 926
g roof_step_or_fixture_side
f 408 980 82 81
g facade_completed
f 87 82 1090 1091
g facade_completed
f 88 87 1091 1092
g facade_completed
f 89 88 1092 1093
g facade_completed
f 1094 89 1093 1095
g facade_completed
f 90 1094 1095 1096
g roof_step_or_fixture_side
f 517 491 91 90
g roof_step_or_fixture_side
f 491 499 1097 91
g roof_step_or_fixture_side
f 79 1097 1040 1039
g roof_step_or_fixture_side
f 80 79 1039 1038
g roof_step_or_fixture_side
f 498 497 1089 80
g roof_step_or_fixture_side
f 489 488 79 83
g roof_step_or_fixture_side
f 488 490 92 79
g roof_step_or_fixture_side
f 490 489 83 92
g roof_step_or_fixture_side
f 485 487 86 85
g roof_step_or_fixture_side
f 487 486 84 86
g roof_step_or_fixture_side
f 486 485 85 84
g roof_step_or_fixture_side
f 504 503 93 95
g roof_step_or_fixture_side
f 94 93 1100 932
g roof_step_or_fixture_side
f 95 94 932 931
g roof_step_or_fixture_side
f 110 109 920 938
g roof_step_or_fixture_side
f 111 110 938 919
g roof_step_or_fixture_side
f 112 111 919 1101
g roof_step_or_fixture_side
f 113 112 1101 918
g roof_step_or_fixture_side
f 130 113 918 917
g roof_step_or_fixture_side
f 114 130 917 916
g roof_step_or_fixture_side
f 115 114 916 915
g roof_step_or_fixture_side
f 116 115 915 914
g roof_step_or_fixture_side
f 117 116 914 913
g roof_step_or_fixture_side
f 118 117 913 939
g roof_step_or_fixture_side
f 119 118 939 912
g roof_step_or_fixture_side
f 120 119 912 911
g roof_step_or_fixture_side
f 509 508 121 120
g roof_step_or_fixture_side
f 508 507 122 121
g roof_step_or_fixture_side
f 507 536 123 122
g roof_step_or_fixture_side
f 536 535 124 123
g roof_step_or_fixture_side
f 535 534 125 124
g roof_step_or_fixture_side
f 534 533 126 125
g roof_step_or_fixture_side
f 533 1103 131 126
g roof_step_or_fixture_side
f 1103 1104 127 131
g roof_step_or_fixture_side
f 1104 532 96 127
g roof_step_or_fixture_side
f 532 531 97 96
g roof_step_or_fixture_side
f 531 530 98 97
g roof_step_or_fixture_side
f 530 529 99 98
g roof_step_or_fixture_side
f 529 528 100 99
g roof_step_or_fixture_side
f 528 527 128 100
g roof_step_or_fixture_side
f 527 526 129 128
g roof_step_or_fixture_side
f 526 525 101 129
g roof_step_or_fixture_side
f 525 524 102 101
g roof_step_or_fixture_side
f 524 523 103 102
g roof_step_or_fixture_side
f 523 522 104 103
g roof_step_or_fixture_side
f 522 548 105 104
g roof_step_or_fixture_side
f 106 105 951 957
g roof_step_or_fixture_side
f 107 106 1045
g roof_step_or_fixture_side
f 429 428 108 107
g roof_step_or_fixture_side
f 109 108 921 920
g roof_step_or_fixture_side
f 1056 1046 132 134
g roof_step_or_fixture_side
f 1046 1057 133 132
g roof_step_or_fixture_side
f 1057 1056 134 133
g roof_step_or_fixture_side
f 738 745 135 1074
g roof_step_or_fixture_side
f 745 1029 136 135
g roof_step_or_fixture_side
f 402 401 1075 739 738 1074 136 1029
g roof_step_or_fixture_side
f 138 137 946 935
g roof_step_or_fixture_side
f 139 138 935 934
g roof_step_or_fixture_side
f 501 500 140 139
g roof_step_or_fixture_side
f 141 140 929 928
g roof_step_or_fixture_side
f 142 141 928 1106
g roof_step_or_fixture_side
f 495 494 143 142
g roof_step_or_fixture_side
f 144 143 943 945
g roof_step_or_fixture_side
f 492 491 91 144
g roof_step_or_fixture_side
f 491 516 145 91
g roof_step_or_fixture_side
f 516 515 146 145
g roof_step_or_fixture_side
f 515 540 147 146
g roof_step_or_fixture_side
f 540 514 148 147
g roof_step_or_fixture_side
f 514 513 149 148
g roof_step_or_fixture_side
f 513 512 150 149
g roof_step_or_fixture_side
f 137 150 947 946
g roof_step_or_fixture_side
f 153 152 950 949
g roof_step_or_fixture_side
f 538 537 154 153
g roof_step_or_fixture_side
f 537 507 122 154
g roof_step_or_fixture_side
f 507 506 155 122
g roof_step_or_fixture_side
f 506 511 151 155
g roof_step_or_fixture_side
f 138 151 936 935
g roof_step_or_fixture_side
f 152 138 935 950
g roof_step_or_fixture_side
f 541 550 158 157 1052
g roof_step_or_fixture_side
f 550 549 159 158
g roof_step_or_fixture_side
f 549 522 104 159
g roof_step_or_fixture_side
f 522 521 160 104
g facade_completed
f 161 160 1108 1109
g facade_completed
f 162 161 1109 1110
g facade_completed
f 170 162 1110 1111
g facade_completed
f 171 170 1111 1112
g facade_completed
f 163 171 1112 1113
g facade_completed
f 164 163 1113 1114
g roof_step_or_fixture_side
f 467 466 165 164
g roof_step_or_fixture_side
f 466 465 166 165
g roof_step_or_fixture_side
f 465 464 167 166
g roof_step_or_fixture_side
f 464 463 168 167
g roof_step_or_fixture_side
f 463 462 169 168
g roof_step_or_fixture_side
f 462 1053 156 169
g roof_step_or_fixture_side
f 1053 1052 157 156
g roof_step_or_fixture_side
f 196 195 581 580
g roof_step_or_fixture_side
f 197 196 580 579
g roof_step_or_fixture_side
f 787 786 198 197
g roof_step_or_fixture_side
f 199 198 964 963
g roof_step_or_fixture_side
f 200 199 963 970
g roof_step_or_fixture_side
f 201 200 970 969 554
g roof_step_or_fixture_side
f 202 201 554 969 995
g roof_step_or_fixture_side
f 203 202 995 994 552
g roof_step_or_fixture_side
f 864 863 204 203
g roof_step_or_fixture_side
f 205 204 999 998 566
g roof_step_or_fixture_side
f 206 205 566 565
g roof_step_or_fixture_side
f 211 206 565 564
g roof_step_or_fixture_side
f 1115 211 564 563
g roof_step_or_fixture_side
f 212 1115 563 562
g roof_step_or_fixture_side
f 207 212 562 561
g roof_step_or_fixture_side
f 208 207 561 1007 1006 570
g roof_step_or_fixture_side
f 172 208 570 569
g roof_step_or_fixture_side
f 173 172 569 568
g roof_step_or_fixture_side
f 1117 173 568 1005 1004
g roof_step_or_fixture_side
f 174 1117 1004 1003 702
g roof_step_or_fixture_side
f 887 866 176 175
g roof_step_or_fixture_side
f 866 865 177 176
g roof_step_or_fixture_side
f 865 774 178 177
g roof_step_or_fixture_side
f 774 773 179 178
g roof_step_or_fixture_side
f 773 772 180 179
g roof_step_or_fixture_side
f 772 771 181 180
g roof_step_or_fixture_side
f 771 770 182 181
g roof_step_or_fixture_side
f 770 844 183 182
g roof_step_or_fixture_side
f 844 843 184 183
g roof_step_or_fixture_side
f 843 842 185 184
g roof_step_or_fixture_side
f 842 841 186 185
g roof_step_or_fixture_side
f 841 812 209 186
g roof_step_or_fixture_side
f 812 811 191 209
g roof_step_or_fixture_side
f 811 810 192 191
g roof_step_or_fixture_side
f 810 809 193 192
g roof_step_or_fixture_side
f 809 808 210 193
g roof_step_or_fixture_side
f 808 807 194 210
g roof_step_or_fixture_side
f 807 806 195 194
g roof_step_or_fixture_side
f 186 190 596 595
g roof_step_or_fixture_side
f 187 186 595 594
g roof_step_or_fixture_side
f 188 187 594 593
g roof_step_or_fixture_side
f 213 188 593 592
g roof_step_or_fixture_side
f 189 213 592 591
g roof_step_or_fixture_side
f 190 189 591 596
g roof_step_or_fixture_side
f 801 800 216 215
g roof_step_or_fixture_side
f 800 799 217 216
g roof_step_or_fixture_side
f 218 217 1120 584
g roof_step_or_fixture_side
f 214 218 584 583
g roof_step_or_fixture_side
f 802 801 215 214
g roof_step_or_fixture_side
f 769 768 221 220
g roof_step_or_fixture_side
f 768 767 222 221
g roof_step_or_fixture_side
f 767 766 223 222
g roof_step_or_fixture_side
f 766 765 224 223
g roof_step_or_fixture_side
f 765 764 225 224
g roof_step_or_fixture_side
f 764 832 226 225
g roof_step_or_fixture_side
f 832 831 227 226
g roof_step_or_fixture_side
f 831 830 228 227
g roof_step_or_fixture_side
f 830 829 229 228
g roof_step_or_fixture_side
f 829 828 230 229
g roof_step_or_fixture_side
f 231 230 603 602
g roof_step_or_fixture_side
f 750 749 232 231
g roof_step_or_fixture_side
f 749 748 233 232
g roof_step_or_fixture_side
f 748 1123 234 233
g roof_step_or_fixture_side
f 1123 1124 248 234
g roof_step_or_fixture_side
f 1124 747 235 248
g roof_step_or_fixture_side
f 747 746 236 235
g roof_step_or_fixture_side
f 746 824 237 236
g roof_step_or_fixture_side
f 824 822 238 237
g roof_step_or_fixture_side
f 822 821 239 238
g roof_step_or_fixture_side
f 821 820 240 239
g roof_step_or_fixture_side
f 820 819 241 240
g roof_step_or_fixture_side
f 819 818 242 241
g roof_step_or_fixture_side
f 818 817 243 242
g roof_step_or_fixture_side
f 817 816 244 243
g roof_step_or_fixture_side
f 816 815 245 244
g roof_step_or_fixture_side
f 815 814 246 245
g roof_step_or_fixture_side
f 814 813 247 246
g roof_step_or_fixture_side
f 813 812 209 247
g roof_step_or_fixture_side
f 812 845 219 209
g roof_step_or_fixture_side
f 845 770 182 219
g roof_step_or_fixture_side
f 770 769 220 182
g roof_step_or_fixture_side
f 760 759 252 251
g roof_step_or_fixture_side
f 759 758 253 252
g roof_step_or_fixture_side
f 758 823 254 253
g roof_step_or_fixture_side
f 823 763 255 254
g roof_step_or_fixture_side
f 763 762 256 255
g roof_step_or_fixture_side
f 762 761 249 256
g roof_step_or_fixture_side
f 761 825 250 249
g roof_step_or_fixture_side
f 825 760 251 250
g roof_step_or_fixture_side
f 752 751 258 257
g roof_step_or_fixture_side
f 259 258 604 599
g roof_step_or_fixture_side
f 261 260 259 599 597
g roof_step_or_fixture_side
f 1126 757 756 262 261 260
g roof_step_or_fixture_side
f 756 1127 263 262
g roof_step_or_fixture_side
f 1127 755 264 263
g roof_step_or_fixture_side
f 755 754 265 264
g roof_step_or_fixture_side
f 754 753 266 265
g roof_step_or_fixture_side
f 753 752 257 266
g roof_step_or_fixture_side
f 1129 304 636 635
g roof_step_or_fixture_side
f 783 782 305 1129
g roof_step_or_fixture_side
f 782 781 309 305
g roof_step_or_fixture_side
f 781 780 310 309
g roof_step_or_fixture_side
f 780 779 311 310
g roof_step_or_fixture_side
f 779 778 312 311
g roof_step_or_fixture_side
f 778 777 319 312
g roof_step_or_fixture_side
f 320 319 606 605
g roof_step_or_fixture_side
f 322 320 605 610
g roof_step_or_fixture_side
f 323 322 610 609
g roof_step_or_fixture_side
f 1131 775 324 323
g roof_step_or_fixture_side
f 775 774 178 324
g roof_step_or_fixture_side
f 774 867 325 178
g roof_step_or_fixture_side
f 867 866 176 325
g roof_step_or_fixture_side
f 866 888 326 176
g roof_step_or_fixture_side
f 327 326 696 695
g roof_step_or_fixture_side
f 24 329 692 691
g roof_step_or_fixture_side
f 332 331 22 884 883
g roof_step_or_fixture_side
f 437 436 333 332
g roof_step_or_fixture_side
f 436 435 1132 333
g roof_step_or_fixture_side
f 435 434 1132
g roof_step_or_fixture_side
f 1134 434 433
g roof_step_or_fixture_side
f 1135 1134 433 432
g roof_step_or_fixture_side
f 1136 1135 432 431
g roof_step_or_fixture_side
f 1138 1136 431 430
g roof_step_or_fixture_side
f 334 1138 430 429
g roof_step_or_fixture_side
f 335 334 429 107 1045 1044 1012
g roof_step_or_fixture_side
f 336 335 1012 1011
g roof_step_or_fixture_side
f 337 336 1011 1010
g roof_step_or_fixture_side
f 338 337 1010 1009 447
g roof_step_or_fixture_side
f 1140 338 447 446
g roof_step_or_fixture_side
f 1141 1140 446 445
g roof_step_or_fixture_side
f 1142 1141 445 909 908
g roof_step_or_fixture_side
f 339 1142 908 907
g roof_step_or_fixture_side
f 340 339 907 906
g roof_step_or_fixture_side
f 341 340 906 905 1022
g roof_step_or_fixture_side
f 342 341 1022 905 1013 1015 898
g roof_step_or_fixture_side
f 356 342 898 897
g roof_step_or_fixture_side
f 343 356 897 896
g roof_step_or_fixture_side
f 344 343 896 895
g roof_step_or_fixture_side
f 345 344 895 894
g roof_step_or_fixture_side
f 892 347 715 714
g roof_step_or_fixture_side
f 892 891 348
g roof_step_or_fixture_side
f 891 890 357 348
g roof_step_or_fixture_side
f 321 357 712 711
g roof_step_or_fixture_side
f 349 321 711 710
g roof_step_or_fixture_side
f 350 349 710 728
g roof_step_or_fixture_side
f 358 350 728 727
g roof_step_or_fixture_side
f 316 358 727 726
g roof_step_or_fixture_side
f 351 316 726 725
g roof_step_or_fixture_side
f 352 351 725 724
g roof_step_or_fixture_side
f 353 352 724 723
g roof_step_or_fixture_side
f 354 353 723 722
g roof_step_or_fixture_side
f 267 354 722 721
g roof_step_or_fixture_side
f 1150 267 721 720
g roof_step_or_fixture_side
f 1151 1150 720 719
g roof_step_or_fixture_side
f 1153 1151 719 718
g roof_step_or_fixture_side
f 1154 1153 718 717
g roof_step_or_fixture_side
f 1156 1154 717 716
g roof_step_or_fixture_side
f 1027 1026 1158 1156
g roof_step_or_fixture_side
f 1160 1158 893 735
g roof_step_or_fixture_side
f 1161 1160 735 737
g roof_step_or_fixture_side
f 1162 1161 737 901 900 1020
g roof_step_or_fixture_side
f 1164 1162 1020 1019
g roof_step_or_fixture_side
f 1166 1164 1019 1025
g roof_step_or_fixture_side
f 268 1166 1025 1024
g roof_step_or_fixture_side
f 269 268 1024 1032
g roof_step_or_fixture_side
f 270 269 1032 1031
g roof_step_or_fixture_side
f 271 270 1031 1030
g roof_step_or_fixture_side
f 272 271 1030 745
g roof_step_or_fixture_side
f 273 272 745 744
g roof_step_or_fixture_side
f 274 273 744 41
g roof_step_or_fixture_side
f 278 277 37 669 668
g roof_step_or_fixture_side
f 279 278 668 667
g roof_step_or_fixture_side
f 280 279 667 666
g roof_step_or_fixture_side
f 355 280 666 665
g roof_step_or_fixture_side
f 282 355 665 664
g roof_step_or_fixture_side
f 283 282 664 663
g roof_step_or_fixture_side
f 1172 283 663 662
g roof_step_or_fixture_side
f 1173 1172 662 661
g roof_step_or_fixture_side
f 284 1173 661 660
g roof_step_or_fixture_side
f 285 284 660 659
g roof_step_or_fixture_side
f 286 285 659 658
g roof_step_or_fixture_side
f 287 286 658 657
g roof_step_or_fixture_side
f 288 287 657 656
g roof_step_or_fixture_side
f 289 288 656 655
g roof_step_or_fixture_side
f 290 289 655 654
g roof_step_or_fixture_side
f 1175 290 654 653
g roof_step_or_fixture_side
f 291 1175 653 652
g roof_step_or_fixture_side
f 292 291 652 651
g roof_step_or_fixture_side
f 293 292 651 650
g roof_step_or_fixture_side
f 294 293 650 649
g roof_step_or_fixture_side
f 295 294 649 645
g roof_step_or_fixture_side
f 296 295 645 644
g roof_step_or_fixture_side
f 297 296 644 643
g roof_step_or_fixture_side
f 298 297 643 642
g roof_step_or_fixture_side
f 299 298 642 641
g roof_step_or_fixture_side
f 300 299 641 640
g roof_step_or_fixture_side
f 301 300 640 639
g roof_step_or_fixture_side
f 302 301 639 638
g roof_step_or_fixture_side
f 303 302 638 637
g roof_step_or_fixture_side
f 304 303 637 636
g roof_step_or_fixture_side
f 316 359 734 726
g roof_step_or_fixture_side
f 317 316 726 733
g roof_step_or_fixture_side
f 318 317 733 732
g roof_step_or_fixture_side
f 313 318 732 731
g roof_step_or_fixture_side
f 314 313 731 730
g roof_step_or_fixture_side
f 315 314 730 729
g roof_step_or_fixture_side
f 359 315 729 734
g roof_step_or_fixture_side
f 308 307 611 613
g roof_step_or_fixture_side
f 306 308 613 612
g roof_step_or_fixture_side
f 307 306 612 611
g facade_completed
f 360 362 633 1176 1177
g roof_step_or_fixture_side
f 784 1178 361 360
g roof_step_or_fixture_side
f 362 361 634 633
g roof_step_or_fixture_side
f 372 368 616 615
g roof_step_or_fixture_side
f 371 372 615 614
g roof_step_or_fixture_side
f 373 371 614 682
g roof_step_or_fixture_side
f 374 373 682 681
g roof_step_or_fixture_side
f 375 374 681 680
g roof_step_or_fixture_side
f 1179 376 375 680 1180 679
g roof_step_or_fixture_side
f 871 870 377 1179 376
g roof_step_or_fixture_side
f 870 869 378 377
g roof_step_or_fixture_side
f 869 868 379 378
g roof_step_or_fixture_side
f 868 878 380 379
g roof_step_or_fixture_side
f 878 877 381 380
g roof_step_or_fixture_side
f 877 858 382 381
g roof_step_or_fixture_side
f 858 857 383 382
g roof_step_or_fixture_side
f 857 856 384 383
g roof_step_or_fixture_side
f 856 855 387 384
g roof_step_or_fixture_side
f 855 854 1181 387
g roof_step_or_fixture_side
f 854 853 385 1181
g roof_step_or_fixture_side
f 853 852 386 385
g roof_step_or_fixture_side
f 852 851 363 386
g roof_step_or_fixture_side
f 851 850 1182 363
g roof_step_or_fixture_side
f 850 849 1183 1182
g roof_step_or_fixture_side
f 364 1183 621 620
g roof_step_or_fixture_side
f 365 364 620 619
g roof_step_or_fixture_side
f 366 365 619 618
g roof_step_or_fixture_side
f 367 366 618 617
g roof_step_or_fixture_side
f 368 367 617 616
g roof_step_or_fixture_side
f 371 370 687 614
g roof_step_or_fixture_side
f 369 371 614 688
g roof_step_or_fixture_side
f 370 369 688 687
g facade_completed
f 391 390 1184 1185
g roof_step_or_fixture_side
f 874 873 392 391
g roof_step_or_fixture_side
f 393 392 678 677
g roof_step_or_fixture_side
f 394 393 677 676
g roof_step_or_fixture_side
f 395 394 676 675
g roof_step_or_fixture_side
f 396 395 675 674
g roof_step_or_fixture_side
f 388 396 674 673 46
g facade_completed
f 390 389 45 1072 1184
g roof_step_or_fixture_side
f 400 399 1035 1034
g roof_step_or_fixture_side
f 403 402 1029 1028 444
g roof_step_or_fixture_side
f 404 403 444 443
g roof_step_or_fixture_side
f 405 404 443 442
g roof_step_or_fixture_side
f 406 405 442 441
g roof_step_or_fixture_side
f 397 406 441 1055 1054
g roof_step_or_fixture_side
f 398 397 1054 1018
g roof_step_or_fixture_side
f 399 398 1018 1035
g roof_step_or_fixture_side
f 410 409 925 924 14
g roof_step_or_fixture_side
f 414 413 11 881 880 8
g roof_step_or_fixture_side
f 415 414 8 703
g roof_step_or_fixture_side
f 416 415 703 985 984
g roof_step_or_fixture_side
f 417 416 984 983
g roof_step_or_fixture_side
f 418 417 983 982
g roof_step_or_fixture_side
f 407 418 982 981
g roof_step_or_fixture_side
f 408 407 981
g roof_step_or_fixture_side
f 409 408 81 926 925
g roof_step_or_fixture_side
f 422 421 942 910
g roof_step_or_fixture_side
f 419 422 910 941
g roof_step_or_fixture_side
f 420 419 941 940
g roof_step_or_fixture_side
f 421 420 940 942
g roof_step_or_fixture_side
f 428 427 16 922 921 108
g roof_step_or_fixture_side
f 438 437 332 883 885 21
g roof_step_or_fixture_side
f 445 444 1028 902 909
g roof_step_or_fixture_side
f 440 447 1009
g roof_step_or_fixture_side
f 441 440 1047 1055
g roof_step_or_fixture_side
f 1016 458 457
g facade_completed
f 1204 467 164 1114 1205
g facade_completed
f 1206 1204 1205 1207
g facade_completed
f 1208 1206 1207 1209
g facade_completed
f 468 1208 1209 1210
g facade_completed
f 469 468 1210 1211
g facade_completed
f 470 469 1211 1084 60
g roof_step_or_fixture_side
f 483 460 960 959
g roof_step_or_fixture_side
f 484 483 959 958
g roof_step_or_fixture_side
f 461 484 958 962
g roof_step_or_fixture_side
f 459 461 962 961
g roof_step_or_fixture_side
f 460 459 961 960
g roof_step_or_fixture_side
f 494 493 944 943 143
g roof_step_or_fixture_side
f 496 495 142 1106 927 1088
g roof_step_or_fixture_side
f 499 498 80 1038 1040 1097
g roof_step_or_fixture_side
f 493 492 144 945 944
g roof_step_or_fixture_side
f 502 501 139 934 933
g roof_step_or_fixture_side
f 503 502 933 1100 93
g roof_step_or_fixture_side
f 505 504 95 931 930
g roof_step_or_fixture_side
f 500 505 930 929 140
g roof_step_or_fixture_side
f 510 509 120 911 1041 1043 937
g roof_step_or_fixture_side
f 511 510 937 936 151
g facade_completed
f 518 517 90 1096 1213
g facade_completed
f 519 518 1213 1214
g facade_completed
f 520 519 1214 1215
g facade_completed
f 521 520 1215 1108 160
g roof_step_or_fixture_side
f 539 538 153 949 948
g roof_step_or_fixture_side
f 512 539 948 947 150
g roof_step_or_fixture_side
f 544 543 1050 1049
g roof_step_or_fixture_side
f 545 544 1049 1048
g roof_step_or_fixture_side
f 546 545 1048 954 953
g roof_step_or_fixture_side
f 547 546 953 952
g roof_step_or_fixture_side
f 548 547 952 951 105
g roof_step_or_fixture_side
f 542 541 1052 1051
g roof_step_or_fixture_side
f 543 542 1051 1050
g roof_step_or_fixture_side
f 553 552 994 996
g roof_step_or_fixture_side
f 554 553 996 969
g roof_step_or_fixture_side
f 555 554 969 968
g facade_completed
f 556 555 968 1218 1219
g facade_completed
f 557 556 1219 1220
g facade_completed
f 558 557 1220 1221 973
g roof_step_or_fixture_side
f 559 558 973 972
g roof_step_or_fixture_side
f 560 559 972 1002
g roof_step_or_fixture_side
f 551 560 1002 1001
g roof_step_or_fixture_side
f 861 864 203 552 551
g roof_step_or_fixture_side
f 567 566 998 997
g roof_step_or_fixture_side
f 568 567 997 1005
g roof_step_or_fixture_side
f 571 570 1006 1008
g roof_step_or_fixture_side
f 561 571 1008 1007
g roof_step_or_fixture_side
f 793 792 574 573
g roof_step_or_fixture_side
f 792 791 575 574
g roof_step_or_fixture_side
f 791 790 576 575
g roof_step_or_fixture_side
f 790 789 577 576
g roof_step_or_fixture_side
f 789 788 578 577
g roof_step_or_fixture_side
f 788 787 197 579 578
g roof_step_or_fixture_side
f 806 803 582 581 195
g roof_step_or_fixture_side
f 803 802 214 583 582
g roof_step_or_fixture_side
f 799 798 588 1120 217
g roof_step_or_fixture_side
f 798 797 585 588
g roof_step_or_fixture_side
f 797 796 586 585
g roof_step_or_fixture_side
f 796 795 587 586
g roof_step_or_fixture_side
f 795 794 572 587
g roof_step_or_fixture_side
f 794 793 573 572
g roof_step_or_fixture_side
f 803 805 589 582
g roof_step_or_fixture_side
f 805 804 590 589
g roof_step_or_fixture_side
f 804 803 582 590
g roof_step_or_fixture_side
f 827 826 600 599 259
g roof_step_or_fixture_side
f 826 764 225 601 600
g roof_step_or_fixture_side
f 764 1126 757 260 261 597 601 225
g roof_step_or_fixture_side
f 751 750 231 602 604 258
g roof_step_or_fixture_side
f 828 827 259 599 603 230
g roof_step_or_fixture_side
f 777 776 607 606 319
g roof_step_or_fixture_side
f 776 1223 608 607
g roof_step_or_fixture_side
f 1223 1131 323 609 608
g roof_step_or_fixture_side
f 839 838 646 645 295
g roof_step_or_fixture_side
f 838 837 647 646
g roof_step_or_fixture_side
f 837 836 684 647
g roof_step_or_fixture_side
f 836 835 648 684
g roof_step_or_fixture_side
f 835 834 294 649 648
g roof_step_or_fixture_side
f 873 872 871 376 1179 1180 679 678 392
g roof_step_or_fixture_side
f 849 848 622 621 1183
g roof_step_or_fixture_side
f 848 847 623 622
g roof_step_or_fixture_side
f 847 1231 683 623
g roof_step_or_fixture_side
f 1231 1232 624 683
g roof_step_or_fixture_side
f 1232 846 625 624
g roof_step_or_fixture_side
f 846 860 626 625
g roof_step_or_fixture_side
f 860 859 627 626
g roof_step_or_fixture_side
f 859 858 382 628 627
g roof_step_or_fixture_side
f 858 876 629 628 382
g roof_step_or_fixture_side
f 876 875 630 629
g facade_completed
f 631 630 1234 1235
g facade_completed
f 632 631 1235 1236
g facade_completed
f 633 632 1236 1176
g roof_step_or_fixture_side
f 1178 783 1129 635 634 361
g roof_step_or_fixture_side
f 834 833 686 649 294
g roof_step_or_fixture_side
f 833 840 685 686
g roof_step_or_fixture_side
f 840 839 295 645 685
g roof_step_or_fixture_side
f 559 702 1003 972
g roof_step_or_fixture_side
f 1238 559 972 971
g roof_step_or_fixture_side
f 1239 1238 971 993
g roof_step_or_fixture_side
f 1240 1239 993 992
g roof_step_or_fixture_side
f 1241 1240 992 991
g roof_step_or_fixture_side
f 1243 1241 991 990
g roof_step_or_fixture_side
f 1244 1243 990 989
g roof_step_or_fixture_side
f 1245 1244 989 988
g roof_step_or_fixture_side
f 1247 1245 988 987
g roof_step_or_fixture_side
f 1249 1247 987 986
g roof_step_or_fixture_side
f 703 1249 986 985
g roof_step_or_fixture_side
f 329 886 693 692
g roof_step_or_fixture_side
f 888 887 175 697 696 326
g roof_step_or_fixture_side
f 890 889 713 712 357
g roof_step_or_fixture_side
f 889 892 714 713
g roof_step_or_fixture_side
f 347 1027 1156 716 715
g roof_step_or_fixture_side
f 737 736 901
g facade_completed
f 743 742 63 1087 1071 44
g facade_completed
f 1261 784 360 1177 1262
g facade_completed
f 1263 1261 1262 1264
g facade_completed
f 1265 1263 1264 1266
g facade_completed
f 1267 1265 1266 1268
g facade_completed
f 1269 1267 1268 1270
g facade_completed
f 785 1269 1270 1271 965
g roof_step_or_fixture_side
f 786 785 965 964 198
g roof_step_or_fixture_side
f 862 861 551 1001 1000
g roof_step_or_fixture_side
f 863 862 1000 999 204
g facade_completed
f 875 874 391 1185 1234 630
g roof_step_or_fixture_side
f 1026 345 894 893 1158
g roof_step_or_fixture_side
f 899 898 1015 1014
g roof_step_or_fixture_side
f 1021 1020 900 899
g roof_step_or_fixture_side
f 1023 1022 905 904
g roof_step_or_fixture_side
f 1028 1024 903 902
g roof_step_or_fixture_side
f 1024 1023 904 903
g roof_step_or_fixture_side
f 910 937 1043 1042
g roof_step_or_fixture_side
f 911 910 1042 1041
g roof_step_or_fixture_side
f 1048 1047 955 954
g roof_step_or_fixture_side
f 440 1012 1044 956 955 1047
g roof_step_or_fixture_side
f 1044 106 957 956
g facade_completed
f 966 965 1271 1286
g facade_completed
f 967 966 1286 1287
g facade_completed
f 968 967 1287 1218
g facade_completed
f 974 973 1221 1290
g facade_completed
f 975 974 1290 1291
g facade_completed
f 976 975 1291 1292
g facade_completed
f 977 976 1292 1293
g facade_completed
f 978 977 1293 1294
g facade_completed
f 979 978 1294 1295
g facade_completed
f 980 979 1295 1090 82
g roof_step_or_fixture_side
f 1022 1021 899 1014 1013 905
g roof_step_or_fixture_side
f 1036 1018 1017
g ground_assumed
f 1286 1218 1287
g ground_assumed
f 1286 1219 1218
g ground_assumed
f 1286 1220 1219
g ground_assumed
f 1286 1221 1220
g ground_assumed
f 1286 1290 1221
g ground_assumed
f 1286 1291 1290
g ground_assumed
f 1286 1292 1291
g ground_assumed
f 1286 1293 1292
g ground_assumed
f 1286 1294 1293
g ground_assumed
f 1286 1295 1294
g ground_assumed
f 1286 1090 1295
g ground_assumed
f 1286 1091 1090
g ground_assumed
f 1286 1092 1091
g ground_assumed
f 1286 1093 1092
g ground_assumed
f 1286 1288 1289 1300 1299 1242 1298 1297 1246 1248 1250 1191 1296 1192 1193 1212 1095 1093
g ground_assumed
f 1286 1096 1095 1212 1193 1192 1296 1191 1250 1248 1246 1297 1298 1242 1299 1300 1289 1288
g ground_assumed
f 1286 1213 1096
g ground_assumed
f 1286 1214 1213
g ground_assumed
f 1286 1215 1214
g ground_assumed
f 1286 1108 1215
g ground_assumed
f 1286 1109 1108
g ground_assumed
f 1286 1110 1109
g ground_assumed
f 1286 1111 1110
g ground_assumed
f 1286 1112 1111
g ground_assumed
f 1286 1113 1112
g ground_assumed
f 1286 1114 1113
g ground_assumed
f 1286 1205 1114
g ground_assumed
f 1286 1207 1205
g ground_assumed
f 1286 1209 1207
g ground_assumed
f 1286 1210 1209
g ground_assumed
f 1286 1211 1210
g ground_assumed
f 1286 1084 1211
g ground_assumed
f 1286 1085 1084
g ground_assumed
f 1286 1086 1085
g ground_assumed
f 1286 1087 1086
g ground_assumed
f 1286 1071 1087
g ground_assumed
f 1286 1072 1071
g ground_assumed
f 1286 1184 1072
g ground_assumed
f 1286 1185 1184
g ground_assumed
f 1286 1234 1185
g ground_assumed
f 1234 1236 1235
g ground_assumed
f 1234 1176 1236
g ground_assumed
f 1234 1177 1176
g ground_assumed
f 1234 1262 1177
g ground_assumed
f 1234 1264 1262
g ground_assumed
f 1234 1266 1264
g ground_assumed
f 1234 1268 1266
g ground_assumed
f 1234 1270 1268
g ground_assumed
f 1234 1271 1270
g ground_assumed
f 1234 1286 1271
