# pointcloud_to_mesh 0.5.1; candidate requires geometry validation; coordinates preserved
v -3.908724848 -0.838530667 5.915585471
v -6.690544864 -1.368862315 5.983515013
v -7.419325846 -1.535043983 5.987008512
v -7.398741365 -1.626441353 5.936466097
v -7.396466513 -1.636541951 5.930880503
v -6.481151319 -1.466220010 5.906337345
v -7.388519872 -1.671825914 5.911368600
v -7.365706411 -1.773120208 5.855353222
v -3.870269874 -0.980386797 5.836329538
v -3.793132457 -0.966033055 5.834261186
v -7.364543981 -1.778281526 5.852499032
v -7.360115097 -1.797946259 5.841624505
v -7.337053548 -1.900342087 5.784999983
v -7.333567129 -1.915822176 5.776439550
v -2.764031634 -0.883058675 5.749698237
v -2.749061577 -0.879728538 5.749582675
v -2.749043979 -0.879671335 5.749610513
v -2.713937071 -0.765218078 5.805322814
v -2.699221752 -0.717244224 5.828674998
v -2.698417125 -0.714621211 5.829951793
v -2.663621876 -0.601183862 5.885169586
v -2.663614655 -0.601160402 5.885181003
v -2.649203950 -0.554179609 5.908049797
v -2.648375111 -0.551477557 5.909365069
v -3.670314821 -0.784706905 5.914159075
v -3.893112827 -0.835554346 5.915204247
v -7.396775925 -1.635168128 5.931640223
v -7.456370381 -1.370562149 6.077966371
v -7.043928886 -1.291244439 6.068256643
v -2.564641003 -0.277398546 6.042820041
v -7.490788124 -1.217743561 6.162474497
v -2.613963836 -0.439292182 5.963973434
v -2.598227478 -0.387989716 5.988945879
v -4.009478397 -0.707681278 5.996819383
v -2.614356306 -0.439381676 5.963975315
v 5.875005197 1.333633167 5.837823875
v 4.803159658 1.090757469 5.843767135
v 4.749303299 0.976778726 5.790638202
v 4.748288458 0.976547952 5.790643401
v 4.749284776 0.976739525 5.790619929
v 4.748073310 0.974175641 5.789424825
v 4.815678107 0.989507834 5.789056909
v 8.768389488 1.885947060 5.767544544
v 9.619468329 2.048408255 5.746872125
v 9.591002140 2.175662469 5.817219098
v 5.927855555 1.345608836 5.837530825
v 5.926275359 1.343733864 5.836743277
v 5.925950311 1.345177113 5.837541389
v 6.800179368 -2.561073801 3.678087899
v 5.771996904 -1.746578938 4.233669278
v 6.260181996 -3.985630605 2.997485388
v 6.487422939 -3.679727003 3.129780597
v 7.626533971 -3.989105985 2.825552959
v 8.073282579 -3.206422345 3.180808937
v 8.804175018 -3.041811033 3.176228197
v 8.914551835 -2.797591688 3.290691167
v 9.231962550 -2.095289889 3.619852435
v 8.264056173 1.277570427 5.510961427
v 8.228496013 1.401486796 5.580439360
v 9.691616834 1.725878211 5.568575380
v 9.648436867 1.918908360 5.675283725
v 9.647716606 1.922128188 5.677063667
v 9.634858686 1.979607765 5.708838758
v 7.521837126 1.509936365 5.725348295
v 9.548056547 1.899603956 5.677646886
v 4.664994066 0.795979998 5.706222969
v 5.495771007 0.954360951 5.685936143
v 6.759547878 1.195289863 5.655075849
v 6.730090718 1.188655533 5.655260467
v 6.769554897 1.078022197 5.592269513
v 6.795830036 1.004362714 5.550330251
v 7.368552654 -0.601201298 4.636175394
v 7.621835806 -0.781187965 4.510156902
v 7.971532473 -1.029687467 4.336168834
v 8.243233418 -2.236069727 3.669043811
v 7.878521908 -0.022306887 4.876579949
v 7.896195404 -0.023861729 4.873563409
v 7.885508880 -0.053329817 4.859424380
v -7.259080191 -6.015123324 3.615209233
v -6.911381567 -5.429760973 3.879211537
v -7.656702951 -2.120451560 5.709247665
v -9.244907988 -2.472575593 5.722125940
v -7.291528466 -6.022431312 3.615412597
v -8.389733783 -5.762501328 3.888588960
v -8.384866791 -5.782287161 3.877596318
v -8.416538857 -5.789420331 3.877794817
v -8.763812402 -4.562439233 4.565141977
v -8.546562075 -5.304949937 4.148308566
v -7.934169326 -8.024041506 2.644660769
v -6.053282219 -7.600428841 2.632872639
v -6.451297957 -5.833194922 3.610146599
v -7.274825139 -6.041630476 3.603254332
v -6.370395602 -3.896095453 4.616968356
v -6.482128358 -3.855747665 4.652059707
v -6.422508766 -4.120465248 4.505671842
v -3.148932071 -4.829485126 3.725913344
v -2.810647911 -4.438607092 3.888991825
v -2.940648520 -4.308285769 3.973589724
v -2.436876907 -4.194826522 3.970432423
v -2.347686643 -3.681485917 4.228810165
v -0.373227942 -2.997014206 4.342312347
v -0.577998668 -3.957206562 3.863746178
v -0.391527713 -4.138247781 3.745492073
v 0.411166225 -3.957465364 3.740461329
v 0.328926484 -3.592311814 3.942389921
v -0.096934273 -1.701442934 4.988033568
v -0.366588981 -0.504146192 5.650134333
v -2.799298341 -1.043506923 5.669860438
v -3.125038419 -1.115727373 5.672501775
v -3.139468937 -1.012431845 5.728524055
v -3.874458744 -1.177965965 5.733130475
v -3.852167709 -1.276940625 5.678397847
v -3.447506393 -3.073681642 4.684806567
v -4.472464251 -3.415432472 4.633007215
v -4.807685124 -1.927014703 5.456096854
v -5.221634845 -2.424318311 5.246569729
v -6.021510564 -2.015473297 5.560778659
v -6.470182529 -2.371350013 5.429817419
v -5.221676181 -3.416779317 4.725575519
v -5.330049991 -3.593919410 4.646076902
v -4.719106929 -3.456323051 4.642247924
v -5.057058434 -4.404945888 4.186335987
v -4.917186688 -4.463352281 4.138261398
v -4.813107165 -4.925476877 3.882708169
v -4.755055992 -4.446825709 4.126752201
v -3.710770422 -3.584200096 4.449582158
v -3.343180449 -4.398943855 3.976112522
v -1.479753704 -2.800458141 4.583256006
v -0.468776884 -2.572766333 4.576919886
v -3.702864380 -3.496417953 4.494679722
v -3.632103696 -3.758560738 4.348256472
v 2.326313997 -0.580147912 5.274975831
v 2.848513282 -2.898770519 3.992785920
v 3.028414227 -1.059601169 4.935873455
v 4.663762758 0.795745259 5.706253036
v 4.663739720 0.795696503 5.706230309
v -6.022796866 -4.904861434 4.044134263
v -5.794720226 -4.416676469 4.272015309
v -6.041034458 -4.384681398 4.319476959
v -6.372705125 -4.341598924 4.383385719
v -6.327909618 -4.540495933 4.273396394
v -6.722427640 -4.629349129 4.275868966
v -6.691271895 -4.767684083 4.199370237
v -6.636662088 -5.010157669 4.065283222
v -6.190724852 -5.774508749 3.608513503
v -6.087172648 -6.234291992 3.354255033
v -4.699920850 -5.921855680 3.345560676
v -4.904762182 -5.012337500 3.848520937
v -5.683554805 -5.187736873 3.853401884
v -5.718979226 -5.158198382 3.873318589
v -5.669718239 -4.149116885 4.396910096
v -5.559631538 -4.447213394 4.226716679
v -5.500016065 -4.520756934 4.180687479
v -5.220958837 -4.865010906 3.965226896
v -5.574789060 -4.188756563 4.364282483
v 1.548142219 -5.797988919 2.632714433
v 1.152763924 -4.042465539 3.603512508
v 0.663099746 -4.747927356 3.294137567
v 0.481504378 -3.941623832 3.740020497
v 0.879952523 -6.038928399 2.589419804
v 1.500313577 -5.899210923 2.585531800
v 1.567529926 -5.884072483 2.585110533
v 3.903029788 -5.358072109 2.570473197
v 4.186431087 -5.294244578 2.568697029
v 4.080930056 -4.825808324 2.827740582
v 4.076702107 -4.828882138 2.826653333
v 3.582462096 -4.287443969 3.172416954
v 3.941469593 -4.206588439 3.170166937
v 3.411654423 -1.854150459 4.471056626
v 2.283106012 -5.722910714 2.580625786
v 2.785814065 -5.609691001 2.577475151
v -7.506167535 -0.202781142 5.164160445
v -7.718053784 -0.208658884 5.142768440
v -7.490788124 -1.217743561 5.700813889
v -2.564641003 -0.277398546 5.774617972
v -2.564280093 -0.277316857 5.774616637
v -2.333828233 0.473986190 5.405322110
v -0.711382088 1.026773355 5.301528423
v -0.770476847 1.289160625 5.156422640
v -2.020480995 1.285787462 5.013726506
v -2.067667423 1.341704952 4.978804758
v -1.622887672 2.791744921 4.266053987
v -2.015318761 2.703361743 4.267274468
v -2.210161295 2.105871932 4.559626502
v -2.783256125 2.555315859 4.256536151
v -4.062295732 2.267251055 4.260514030
v -4.076456955 2.185747985 4.301828668
v -3.108502501 2.403750312 4.298818279
v -4.414942038 1.694267468 4.521712766
v -4.304843066 2.212624638 4.261268365
v -5.591842317 1.950238458 4.250793880
v -5.672190006 2.203677859 4.107947158
v -5.778470443 1.908206144 4.251374303
v -7.278234842 2.254649481 3.895461127
v -7.029077971 2.467084350 3.812307102
v -7.974442074 2.254169813 3.815247234
v -8.086500503 2.751721639 3.540090412
v -8.345620426 2.577806446 3.601793404
v -8.435911698 2.517205069 3.623294035
v -8.435519295 1.337579184 4.244991442
v -8.435510050 1.309788713 4.259637834
v -8.429562042 1.311128321 4.259619336
v -8.306658216 0.765421737 4.561406770
v -8.124758225 0.854832312 4.535311966
v -7.974236213 0.928819448 4.513718549
v -8.019779853 1.131038250 4.401887218
v -7.477268806 0.215874274 4.946872945
v -7.576473637 0.109385730 4.991525476
v -4.057328182 2.295841137 4.246021461
v -6.928842142 1.649119876 4.254952019
v -7.567997351 1.398462066 4.313173712
v -7.335845306 0.367681300 4.883217564
v -3.019495504 2.008549395 4.517372855
v -6.697529541 2.749767468 3.701655595
v -6.468188941 2.945306617 3.625115123
v -6.467829391 3.290521334 3.443231680
v -6.533268907 3.331490764 3.414077756
v -6.830148530 2.880289495 3.617543760
v -1.605628525 2.848011984 4.238396548
v -1.322187998 2.859468385 4.265118795
v -1.346788870 2.906307750 4.237591543
v -1.498907321 3.195936994 4.067377939
v -1.498768139 3.196390746 4.067154902
v -1.173192304 3.077261812 4.167564368
v -1.273697188 3.523514618 3.920777004
v -1.468563594 3.294861492 4.018752719
v -1.519483302 3.235113138 4.044354325
v -2.012552963 4.173903817 3.492631910
v -1.649823067 3.820874749 3.720598823
v -1.326917933 3.759820614 3.790094725
v -1.399144699 4.080515449 3.612743609
v -1.539390285 3.979105152 3.649976516
v -2.370354484 4.449524157 3.306028304
v -2.422254481 4.437835260 3.306189716
v -3.125928687 4.279354027 3.308378179
v -3.957653706 5.134097272 2.761806672
v -4.067105649 4.647457310 3.005611177
v -3.783981324 4.412933426 3.161926239
v -3.668549859 4.438930856 3.161567241
v -3.634878211 4.289425013 3.244247176
v -3.369997131 4.070012764 3.390490016
v -3.136790449 3.034549291 3.963123504
v -3.341853971 2.988364964 3.963761262
v -3.283673144 2.730035656 4.106622905
v -3.844817472 2.603654948 4.108368093
v -3.902998299 2.861984256 3.965506450
v -3.961239461 2.848867204 3.965687583
v -2.954619675 4.317936177 3.307845399
v -1.133701707 2.901919194 4.264532593
v -0.975459821 2.199307710 4.653091799
v -0.854145586 1.968328826 4.788836891
v -0.406105734 2.781234689 4.412226765
v -0.381749048 2.770941852 4.420466108
v -0.457351798 3.106626423 4.234825347
v -0.950130501 2.995642994 4.236357915
v -0.861519393 2.963219990 4.263686092
v -0.909924277 5.116098309 3.123544335
v -1.178675378 4.239934794 3.554212613
v -1.325997189 3.759646522 3.790292888
v -1.107642530 3.718360495 3.837287377
v -1.107642498 3.718360536 3.837287359
v -0.854846550 4.014987261 3.710185596
v -0.641002834 3.922057348 3.783874573
v 0.133243223 3.585593783 4.050674089
v -0.173919902 4.949432048 3.296442304
v -0.884616066 5.003727053 3.185688048
v 2.665377935 1.459399725 5.463819560
v 2.890963400 0.457775297 6.017739331
v 3.313975518 0.538419161 6.024131911
v 3.318354685 0.532200933 6.027914998
v 3.316831589 0.538963648 6.024175072
v 4.663762758 0.795745259 6.044529962
v 4.705425997 0.883919189 6.002878488
v 4.748073310 0.974175641 5.960243280
v 4.749284776 0.976739525 5.959032157
v 4.749303244 0.976778757 5.959013616
v 4.803159658 1.090757469 5.905172528
v 4.823004507 1.132755995 5.885333329
v 4.824789522 1.133159033 5.885327241
v 4.823036851 1.132824475 5.885300979
v 4.748288458 0.976547952 5.959017961
v 4.888555149 1.271483961 5.819801212
v 3.236687194 0.894813633 5.827382405
v 3.203355272 1.042811053 5.745536660
v 4.445345612 1.322531636 5.741674006
v 3.946333293 1.871505393 5.394694699
v 3.184613038 1.699951052 5.397063689
v 2.806442363 2.119718358 5.132141711
v 3.616592839 3.301909673 4.602773777
v 3.974080570 3.185613661 4.705378651
v 3.695348709 4.423213964 4.020959165
v 4.359805249 4.572862608 4.018892670
v 4.144549373 5.528622514 3.490336962
v 4.241295588 5.616544560 3.455184642
v 4.079214718 6.336201558 3.057198901
v 3.224230557 6.143642357 3.059857947
v 3.197139561 6.263929380 2.993336645
v 3.085212985 6.112332873 3.060290298
v 2.396464629 5.957213235 3.062432342
v 2.544632464 5.380155391 3.383661583
v 2.576700871 5.255261034 3.453186189
v 2.736883219 4.631411190 3.800463007
v 3.508848506 4.284138393 4.072695282
v 3.569775784 4.013614537 4.222300771
v 0.998353148 3.434479727 4.230298029
v 2.010143873 2.422278740 4.880660073
v 2.010143883 2.422159139 4.880723103
v 2.010113257 2.422244598 4.880674527
v 0.926230841 3.096290328 4.400184953
v 0.683818191 3.075294219 4.383231990
v 0.861350810 2.825906931 4.535175785
v 0.751621678 2.440171792 4.725772334
v 0.700865976 2.039529799 4.931040726
v 1.507221740 2.221136932 4.928532918
v 1.995076190 1.887780468 5.160594272
v 1.089700272 1.441674930 5.291045708
v 0.842861283 1.760612799 5.094439057
v 0.642774866 1.767134221 5.067876614
v 0.482958322 1.990452722 4.931718430
v 0.355147710 1.776508909 5.029692689
v 0.324365909 0.274079756 5.817901395
v 0.065352020 1.291416127 5.251837961
v -0.048461667 1.291108998 5.238845386
v -0.040414813 1.255380079 5.258604244
v -0.521793988 0.184981214 5.767057515
v -2.564284262 -0.277330448 5.774623317
v -2.598227455 -0.387989675 5.829016610
v -2.613963790 -0.439292172 5.854233773
v -2.613968382 -0.439307044 5.854241079
v -2.649203914 -0.554179563 5.910705372
v -2.663614640 -0.601160404 5.933798274
v -2.663007564 -0.601044670 5.933807448
v -0.440204506 -0.177285115 5.967398557
v -0.366588981 -0.504146192 6.148159737
v 0.184456044 -0.381972926 6.147464569
v 0.219116196 -0.219447903 6.065821340
v 0.219518641 -0.219358289 6.065820629
v 0.288820822 -0.206462572 6.067034555
v 0.254440282 -0.053809169 5.982613952
v 0.256304623 -0.045066906 5.978222337
v 0.271679710 -0.041570106 5.978156587
v 0.256739151 -0.044418386 5.977930795
v 0.279951866 0.065817563 5.922520351
v 0.289203403 0.109199154 5.900727930
v 0.582499794 0.175414136 5.899732033
v 0.291385133 0.119429096 5.895589005
v 0.291387771 0.119441652 5.895582693
v 0.324363123 0.274066690 5.817907958
v 0.347316230 0.381696361 5.763840995
v 0.497005511 1.083605755 5.411242044
v 1.207196273 1.289859674 5.384630986
v 2.325387560 1.541698282 5.381153353
v 2.196698516 1.901120623 5.176867363
v 2.348308218 1.909625033 5.189908458
v 4.834074339 1.156183661 5.874266599
v 0.256430405 -0.044477264 5.977926139
v 0.324714775 0.274146350 5.817906621
v 0.862444443 0.907672971 5.546193941
v 1.203698794 1.709546757 5.163055497
v 1.508113644 6.597781224 2.622184485
v 1.592784481 6.221833341 2.830091720
v 1.681276228 6.636780834 2.621645940
v 5.901067892 3.946599384 4.527064678
v 5.737247558 4.673979792 4.124807726
v 4.858459640 4.476059518 4.127540802
v 4.411189858 4.681507497 3.967576770
v 4.766176212 4.283067377 4.218579903
v 5.432792970 3.534850276 4.689930121
v 5.528850770 3.211658152 4.871351643
v 5.838235786 3.281337726 4.870389440
v 5.618088969 2.815430672 5.090473930
v 5.602331202 2.782081768 5.106227237
v 5.622647578 2.795189944 5.101667486
v 5.602760979 2.780173509 5.107282544
v 5.786346085 1.965035325 5.558071427
v 6.359850901 1.858190208 5.680662724
v 6.418644873 1.927951828 5.650694315
v 7.623805608 3.357927751 5.036400900
v 7.985855302 3.015200981 5.258859979
v 8.434541702 3.605406973 4.999685375
v 7.646156511 4.339627566 4.521637361
v 7.309879651 4.263891422 4.522683200
v 7.352040494 4.076692612 4.626208153
v 7.654129586 3.978351176 4.712948232
v 6.000910997 3.625614920 4.707760283
v 6.182533394 4.009990935 4.526189305
v 7.387024288 3.921360695 4.712110032
v 5.927855555 1.345608836 5.900858992
v 9.591002140 2.175662469 5.886809761
v 9.576921773 2.238606828 5.852011270
v 9.527498512 2.459546770 5.729865668
v 6.239447659 1.715326496 5.742034553
v 6.133915954 1.590108512 5.795826076
v 6.097767662 1.547216929 5.814251578
v 5.990673723 1.420145339 5.868839374
v 5.965928522 1.390784076 5.881452475
v 4.565097904 0.589267713 6.141938193
v 4.566328496 0.589540550 6.141936640
v 4.649787732 0.766169254 6.058501032
v 5.495771007 0.954360951 6.057103312
v 4.664994066 0.795979998 6.044548570
v 4.663739720 0.795696503 6.044552994
v 2.904410342 0.398069387 6.050757979
v 2.908735202 0.378866530 6.061377570
v 2.929878945 0.284985972 6.113295530
v 2.942377452 0.229491217 6.143985319
v -7.684905653 -1.995228442 5.934961788
v -7.656702951 -2.120451560 5.864289141
v -7.305040451 -2.042483783 5.861707812
v -7.333567122 -1.915822204 5.933192288
v -7.337053540 -1.900342124 5.941928840
v -7.360115095 -1.797946269 5.999718377
v -7.364543981 -1.778281526 6.010816644
v -7.365706402 -1.773120249 6.013729533
v -7.716986184 -1.852787332 6.015351818
v -7.715775623 -1.858162357 6.012318296
v -7.711735143 -1.876102538 6.002193328
v -7.688660150 -1.978558058 5.944370116
v -5.801344607 -3.182824865 5.060813406
v -6.370921518 -2.919946351 5.273568053
v -6.176209099 -3.784491037 4.785641684
v -5.690475857 -3.675094384 4.782989387
v -2.699221752 -0.717244224 5.990870663
v -2.713936444 -0.765216098 5.967016280
v -2.713885591 -0.765206594 5.967014957
v -2.749044025 -0.879671316 5.910102551
v -2.749061550 -0.879728493 5.910074118
v -2.799298341 -1.043506923 5.828634045
v -0.366588981 -0.504146192 5.810777084
v -0.399705164 -0.357106676 5.893762334
v -0.401507706 -0.349103187 5.898279294
v -0.404573766 -0.335489542 5.905962479
v -0.422501216 -0.255889681 5.950886555
v -0.434593556 -0.202198356 5.981188532
v -0.434806102 -0.201254625 5.981721149
v -0.440204506 -0.177285115 5.995248912
v -2.663007564 -0.601044670 6.048579663
v -2.663621835 -0.601183861 6.048582564
v -2.698417170 -0.714621182 5.992174990
v 0.321505772 -0.351587364 5.805726221
v 2.942377455 0.229491202 5.786488081
v 2.929878956 0.284985924 5.817807848
v 2.908735203 0.378866527 5.870791601
v 2.904410342 0.398069387 5.881629192
v 0.285953138 -0.193729738 5.894816929
v 0.288280186 -0.204062089 5.888985621
v 0.288820820 -0.206462562 5.887630857
v 7.878521908 -0.022306887 5.028748006
v 7.885508880 -0.053329817 5.011239477
v 7.896195404 -0.023861729 5.025684834
v 5.771996904 -1.746578938 4.370387852
v 6.800179368 -2.561073801 3.804128275
v 8.243233418 -2.236069727 3.796248626
v 7.971532473 -1.029687467 4.477099165
v 7.621835806 -0.781187965 4.654405263
v 7.368552654 -0.601201298 4.782826984
v 6.795830037 1.004362686 5.715601724
v 4.566305780 0.589492475 5.774544796
v 5.522510109 -0.479533498 5.080948587
v 6.493976593 -0.260740193 5.075643993
v 5.724099643 -1.374613332 4.575788980
v 3.411654423 -1.854150459 4.610535320
v 3.941469593 -4.206588439 3.282880959
v 3.582462096 -4.287443969 3.284841283
v 4.076702107 -4.828882138 2.932295479
v 4.080930056 -4.825808324 2.933409480
v 4.186431087 -5.294244578 2.669036332
v 10.924162833 -3.776775245 2.632245634
v 10.683683547 -2.709020609 3.234858375
v 9.691616834 1.725878211 5.736946238
v 8.228496003 1.401486842 5.747686071
v 8.264056173 1.277570427 5.676785480
v 8.386509910 0.850856273 5.432634730
v 8.656262405 -0.089149400 4.894796723
v 9.148492458 -1.804421920 3.913378440
v 9.231962550 -2.095289889 3.746954074
v 8.914551835 -2.797591688 3.410597001
v 8.804175018 -3.041811033 3.293631753
v 8.073282579 -3.206422345 3.297622717
v 7.626533971 -3.989105985 2.934502734
v 6.487422939 -3.679727003 3.244037055
v 6.260181996 -3.985630605 3.108756220
v 6.827072049 -0.484009598 4.913954723
v 6.019754372 -1.473058853 4.485723934
v -8.384866791 -5.782287161 3.993570024
v -8.389733745 -5.762501346 4.004788449
v -8.416538857 -5.789420331 3.993742966
v -7.259080191 -6.015123324 3.726740576
v -7.291528466 -6.022431312 3.726917756
v -7.274825139 -6.041630476 3.714520372
v -6.451297957 -5.833194922 3.722329763
v -6.636662088 -5.010157669 4.186830425
v -6.848435232 -4.803080349 4.324534339
v -6.691271895 -4.767684083 4.323676164
v -6.722427640 -4.629349129 4.401748788
v -7.073825740 -4.708490872 4.403667561
v -6.953796080 -5.241435840 4.102887385
v -6.911381576 -5.429760934 3.996601636
v -6.802696056 -5.912336666 3.724248537
v -6.372705125 -4.341598924 4.511846823
v -6.041034458 -4.384681398 4.446909969
v -6.131657244 -3.982306204 4.673999987
v -6.370395602 -3.896095453 4.750326644
v -6.422508766 -4.120465248 4.636648876
v -6.470907520 -4.328842891 4.531073589
v -5.574789060 -4.188756563 4.493091912
v -5.057058434 -4.404945888 4.311902093
v -4.719106929 -3.456323051 4.777685326
v -5.330049991 -3.593919410 4.781021318
v -5.606857489 -4.046369190 4.573451615
v -5.669718239 -4.149116885 4.526314209
v -5.718979226 -5.158198382 3.991703963
v -5.683554805 -5.187736873 3.971403116
v -4.904762182 -5.012337500 3.967150598
v -6.087172648 -6.234291992 3.461417314
v -6.190724852 -5.774508749 3.720906930
v -6.053282219 -7.600428841 2.724949242
v -4.718320643 -7.299769312 2.717659821
v -3.619250407 -7.052237139 2.711658460
v -1.117904690 -6.488885026 2.698000116
v 0.879952523 -6.038928399 2.687091021
v 0.411166225 -3.957465364 3.861814222
v -0.391527713 -4.138247781 3.866197251
v -0.577998610 -3.957206593 3.986754536
v -0.373227942 -2.997014206 4.475541815
v -0.468776884 -2.572766333 4.714976199
v -1.479753704 -2.800458141 4.720496535
v -2.347686643 -3.681485917 4.357808483
v -2.436876907 -4.194826522 4.093932427
v -2.940648554 -4.308285777 4.096683220
v -2.810647911 -4.438607092 4.010434441
v -3.148932071 -4.829485126 3.843621045
v -3.710770422 -3.584200096 4.581928095
v -4.755055992 -4.446825709 4.251353012
v -4.813107165 -4.925476877 4.002140263
v -4.917186688 -4.463352281 4.262951278
v -5.220958837 -4.865010906 4.086005600
v -5.500016059 -4.520756962 4.305719585
v -5.373952825 -5.080491670 3.989819981
v -4.699920850 -5.921855680 3.453842367
v 1.152763924 -4.042465539 3.722691282
v 1.669438185 -3.298090150 4.056457219
v 1.202431047 -3.135629224 4.202451150
v 1.549505540 -2.138402998 4.693132729
v 0.810372924 -2.522211613 4.580682767
v 0.753657756 -2.551662038 4.572054250
v 0.388630991 -3.578865188 4.067571308
v 0.328926484 -3.592311814 4.067897319
v 0.481504378 -3.941623832 3.861430148
v 0.663099746 -4.747927356 3.406373565
v -8.084983721 -0.218837550 4.965590474
v -8.306658216 0.765421737 4.428458280
v -8.435307931 0.702185644 4.446881918
v -8.435510050 1.309788713 4.130681561
v -10.055436758 0.944949448 4.138172984
v -9.813771005 -0.128073233 4.723745337
v -9.568618319 -1.126917135 5.271109911
v -9.453585111 -1.592419006 5.526292099
v -7.844791250 -1.285318700 5.547592968
v -8.018692911 -0.513176082 5.126217561
v -7.477268806 0.215874274 4.807792160
v -7.335845306 0.367681300 4.744716962
v -7.513256783 1.155407890 4.314837034
v -7.567997351 1.398462066 4.182196962
v -8.019779853 1.131038250 4.270497568
v -7.974236221 0.928819485 4.380852848
v -7.748174110 -0.074921304 4.928616532
v -7.718053784 -0.208658884 5.001600105
v -7.506167535 -0.202781142 5.022394116
v -7.576473627 0.109385686 4.852037732
v -7.733046393 0.804586091 4.472651402
v -5.672500727 3.760246121 3.166579674
v -6.019416824 4.280639473 2.856729997
v -6.819877777 3.556981901 3.143188688
v -6.873978538 3.544797348 3.143438880
v -7.278562331 3.798093348 2.966086491
v -7.278586988 3.453671590 3.145310009
v -8.197959275 3.246610920 3.149561687
v -8.086500503 2.751721639 3.419633779
v -7.974442074 2.254169813 3.691158882
v -7.029077924 2.467084360 3.686787004
v -6.525534640 2.580492183 3.684458346
v -6.697529506 2.749767453 3.577010874
v -6.830148530 2.880289495 3.494162012
v -5.672480572 3.255414406 3.429280552
v -6.358050578 2.446722310 3.772922128
v -5.224401536 3.670815390 3.263560354
v -6.357369440 3.598824917 3.173480700
v -6.468147247 2.524123690 3.720250997
v -6.477049117 2.591412074 3.684234122
v -4.414942038 1.694267468 4.383217007
v -3.019495504 2.008549395 4.376763704
v -3.108502501 2.403750312 4.161093770
v -4.076456955 2.185747985 4.165570118
v -4.062295732 2.267251055 4.124752640
v -4.304843066 2.212624638 4.125874311
v -1.107642530 3.718360495 3.702253995
v -1.107642498 3.718360536 3.702253978
v -1.325997189 3.759646522 3.656189270
v -1.326505499 3.757989365 3.656994381
v -1.273697188 3.523514618 3.784952467
v -1.399144699 4.080515449 3.480984720
v -1.326917933 3.759820614 3.655995027
v -1.178675378 4.239934794 3.422846711
v 0.355147696 1.776508861 4.877402983
v 0.482958322 1.990452722 4.780461285
v -0.172709574 1.842783453 4.783493450
v -0.161576294 1.793350459 4.810470134
v -0.048461667 1.291108998 5.084554475
v 0.065352020 1.291416127 5.097206968
v 2.010143866 2.422159184 4.727734146
v 2.010143873 2.422278740 4.727671934
v 2.010113257 2.422244598 4.727686254
v 5.618088974 2.815430650 4.929244072
v 5.602331196 2.782081794 4.944823876
v 5.432792970 3.534850276 4.534021365
v 4.766176212 4.283067377 4.069629784
v 4.411189858 4.681507497 3.822332260
v 4.858459640 4.476059518 3.979591314
v 5.737247558 4.673979792 3.975527320
v 5.774159865 4.510085065 4.064968320
v 5.945597817 4.548696254 4.064175498
v 6.017361071 4.761052978 3.961750293
v 6.387997815 4.444824947 4.168029029
v 6.490904068 4.357025120 4.225301742
v 6.994906421 4.192953274 4.367416490
v 7.054127791 4.206291088 4.367142618
v 7.309879651 4.263891422 4.365959883
v 7.182971624 4.827377103 4.058453208
v 8.910777712 5.216512921 4.050462893
v 8.261551968 8.118787987 2.467124778
v 8.107607992 8.084116784 2.467836699
v 1.681276228 6.636780834 2.497555552
v 1.592784481 6.221833341 2.703519475
v 2.161549364 3.696454328 4.081674996
v 3.569775784 4.013614537 4.075162591
v 3.508848506 4.284138393 3.927531703
v 2.736883219 4.631411190 3.659919611
v 2.576700871 5.255261034 3.317255537
v 2.544632464 5.380155391 3.248654400
v 2.396464629 5.957213235 2.931691923
v 3.085212985 6.112332873 2.928506776
v 3.197139561 6.263929380 2.862220578
v 3.224230557 6.143642357 2.927863883
v 4.079214718 6.336201558 2.923909971
v 4.068800174 6.382443285 2.898674832
v 5.733209662 6.757300945 2.890977697
v 4.395474090 4.931974949 3.690227677
v 4.241295588 5.616544560 3.316642809
v 4.144549373 5.528622514 3.351503706
v 4.359805249 4.572862608 3.873083153
v 3.695348709 4.423213964 3.876155962
v 3.777083103 4.060304211 4.074203889
v 3.974080570 3.185613661 4.551541985
v 3.616592839 3.301909673 4.450781829
v 2.806442363 2.119718358 4.974756340
v 3.184613038 1.699951052 5.235761785
v 3.946333293 1.871505393 5.232239177
v 4.445345612 1.322531636 5.574083080
v 3.203355272 1.042811053 5.579826719
v 3.206500345 1.028846578 5.587447444
v 3.228333478 0.931905052 5.640350592
v 3.236687194 0.894813633 5.660592205
v 4.888555149 1.271483961 5.650539980
v 4.834074366 1.156183704 5.704405574
v 4.823036851 1.132824475 5.715318462
v 4.824789522 1.133159033 5.715341671
v 4.823004502 1.132756045 5.715350429
v 4.803159658 1.090757469 5.734971185
v 5.875005197 1.333633167 5.729246813
v 5.925950311 1.345177116 5.728974732
v 5.926275359 1.343733864 5.729762346
v 5.927855504 1.345608865 5.728964536
v 5.965928550 1.390784034 5.709742778
v 5.990673679 1.420145314 5.697249713
v 6.097767619 1.547216932 5.643181477
v 6.133915920 1.590108488 5.624931366
v 6.239447659 1.715326496 5.571651829
v 6.359850901 1.858190208 5.510864145
v 5.786346085 1.965035325 5.390704315
v 5.602760979 2.780173509 4.945865270
v 5.622647578 2.795189944 4.940289875
v 6.199288269 4.605832319 4.063002295
v 6.059883579 5.306832609 3.682530543
v 4.738695882 6.484729651 2.920860172
v 4.816497357 6.139282490 3.109378373
v 5.838235786 3.281337726 4.711583142
v 5.528850770 3.211658152 4.713013907
v -3.908724848 -0.838530667 5.758192044
v -3.670314821 -0.784706905 5.757022302
v -2.648375111 -0.551477557 5.750699555
v -2.613968359 -0.439307069 5.696202807
v -2.614356259 -0.439381690 5.696197971
v -4.009478397 -0.707681278 5.678760024
v -2.598227455 -0.387989675 5.671270839
v -2.564284262 -0.277330448 5.617508320
v -2.564641003 -0.277398546 5.617503597
v -6.690544864 -1.368862315 5.721003066
v -7.419325846 -1.535043983 5.725437967
v -7.043928886 -1.291244439 5.640831766
v -7.456370381 -1.370562149 5.635676570
v -7.490788124 -1.217743561 5.552280066
v -7.716986184 -1.852787332 5.857273228
v -7.388519872 -1.671825914 5.800082910
v -6.481151319 -1.466220010 5.795236955
v -7.396466502 -1.636541998 5.780827692
v -7.396775925 -1.635168128 5.780077941
v -7.398741358 -1.626441388 5.775315565
v -3.893112820 -0.835554359 5.758400755
v 0.347316241 0.381696375 5.602338099
v 0.324365911 0.274079771 5.655754828
v 0.324714775 0.274146350 5.655759455
v 1.491722595 0.496914765 5.671210957
v 0.314647704 0.228510027 5.678373891
v 0.291387733 0.119441674 5.732511207
v 2.836351340 0.700258885 5.716765518
v 2.824835447 0.751390727 5.688861734
v 2.814229589 0.798481908 5.663163029
v 2.805740428 0.836174722 5.642593221
v 2.783890097 0.933192609 5.589648402
v 2.665377935 1.459399725 5.302485470
v 2.348308218 1.909625033 5.032508933
v 2.196698538 1.901120674 5.019867226
v 2.325387560 1.541698282 5.221386248
v 1.207196273 1.289859674 5.226557373
v 1.089700274 1.441674889 5.134330651
v 0.862444443 0.907672971 5.386625721
v 0.497005511 1.083605755 5.253937369
v 1.995076190 1.887780468 5.004111882
v 1.507221740 2.221136932 4.775724534
v 0.700865976 2.039529799 4.779453562
v 0.642774874 1.767134250 4.914660201
v 0.842861283 1.760612799 4.940578024
v 1.203698794 1.709546757 5.007771641
v 2.848173795 0.647765877 5.745412120
v 1.779602337 0.405632077 5.751119004
v 2.856081969 0.612652709 5.764574157
v 4.664994043 0.795980043 5.872810449
v 4.664994066 0.795979998 5.872810475
v 9.548056547 1.899603956 5.848218605
v 7.521837126 1.509936365 5.822892447
v 9.634858686 1.979607765 5.816358679
v 9.619468329 2.048408255 5.778824526
v 4.705426037 0.883919214 5.831601197
v 4.663762758 0.795745259 5.872794014
v -3.957653706 5.134097272 2.876673094
v -3.125928687 4.279354027 3.430257765
v -2.370354484 4.449524157 3.426572840
v -1.539390285 3.979105152 3.774405632
v -1.399144699 4.080515449 3.736356526
v -1.178675378 4.239934794 3.676542447
v -0.909924282 5.116098333 3.238759730
v -0.884616066 5.003727053 3.301819879
v -0.173919902 4.949432048 3.413063329
v 0.133243223 3.585593783 4.178417643
v -0.854846550 4.014987261 3.834368095
v -1.107642498 3.718360536 3.963867710
v -0.381749048 2.770941852 4.554807004
v -0.406105734 2.781234689 4.546482255
v -0.854145586 1.968328826 4.929679956
v -1.133701707 2.901919194 4.397757332
v -0.861519393 2.963219990 4.396429903
v -0.950130464 2.995643003 4.368831904
v -1.273697188 3.523514618 4.048932437
v -1.173192304 3.077261812 4.299359133
v -1.498768139 3.196390746 4.197958287
v -1.498907276 3.195937009 4.198185005
v -1.346788870 2.906307750 4.370766402
v -1.322187998 2.859468385 4.398676577
v -1.622887672 2.791744921 4.400143085
v -2.067667454 1.341704961 5.124668136
v -2.020480995 1.285787462 5.160048215
v -0.770476847 1.289160625 5.302799932
v -0.711382088 1.026773355 5.450045565
v -0.040414813 1.255380079 5.405305022
v -0.172709574 1.842783453 5.075667910
v 0.482958322 1.990452722 5.072470227
v 0.751621678 2.440171792 4.862881107
v 0.861350810 2.825906931 4.669151828
v 0.683818191 3.075294219 4.515166138
v 0.926230841 3.096290328 4.531964290
v 0.998353148 3.434479727 4.359329177
v 2.161549364 3.696454328 4.353656285
v 1.508113644 6.597781224 2.725499110
v -8.731599661 4.291596962 2.775438049
v -8.345620426 2.577806446 3.737177427
v -8.086500503 2.751721639 3.674075918
v -8.197959275 3.246610920 3.396355564
v -7.278586988 3.453671590 3.391871798
v -7.278562331 3.798093348 3.207563818
v -6.873978538 3.544797348 3.389898529
v -6.819877777 3.556981901 3.389634680
v -6.019416824 4.280639473 3.094952282
v -5.672500727 3.760246121 3.413550137
v -5.224401536 3.670815390 3.513227768
v -6.358050578 2.446722310 4.037177267
v -5.672480572 3.255414406 3.683703672
v -6.357369440 3.598824917 3.420729979
v -6.533268907 3.331490764 3.543446923
v -6.467829391 3.290521334 3.572938700
v -6.468188941 2.945306617 3.757632288
v -6.697529506 2.749767453 3.835749294
v -6.525534640 2.580492183 3.946224130
v -6.477049117 2.591412074 3.945987666
v -6.468147247 2.524123690 3.983025238
v -7.029077924 2.467084360 3.948679903
v -7.278234842 2.254649481 4.033546671
v -6.928842142 1.649119876 4.397989998
v -5.778470443 1.908206144 4.392379651
v -5.672190006 2.203677859 4.246554323
v -5.591842317 1.950238458 4.391469468
v -4.057328182 2.295841137 4.383985664
v -3.961239461 2.848867204 4.099156343
v -3.902998299 2.861984256 4.098872302
v -3.844817472 2.603654948 4.243840701
v -3.283673144 2.730035656 4.241104008
v -3.341853971 2.988364964 4.096135609
v -3.136790449 3.034549291 4.095135517
v -3.369997131 4.070012764 3.514057499
v -3.634878206 4.289424990 3.366010982
v -3.668549859 4.438930856 3.282111768
v -3.783981324 4.412933426 3.282674725
v -0.457351798 3.106626423 4.366428630
v -4.067105649 4.647457310 3.124431747
v -0.975459812 2.199307669 4.792046579
v -1.326505499 3.757989365 3.917350663
v -1.325997189 3.759646522 3.916522650
v -1.326917926 3.759820583 3.916323026
v -1.649823067 3.820874749 3.846308653
v -2.012552963 4.173903817 3.615443862
v -1.519483315 3.235113106 4.174841136
v -1.468563594 3.294861492 4.148756524
v 4.816497357 6.139282490 3.353454314
v 4.241295588 5.616544560 3.566668452
v 4.395474090 4.931974949 3.950832996
v 6.059883579 5.306832609 3.942715694
v 5.733209662 6.757300945 3.128746599
v 4.068800174 6.382443285 3.136863901
v 4.079214718 6.336201558 3.162813682
v 4.738695882 6.484729651 3.159597402
v -4.062295732 2.267251055 4.398710637
v -2.783256125 2.555315859 4.392472779
v -2.210161295 2.105871932 4.699259834
v -2.015318761 2.703361743 4.402056966
v -1.605628525 2.848011984 4.372028759
v 6.490904068 4.357025120 4.500832711
v 6.017361071 4.761052978 4.229861889
v 5.945597817 4.548696254 4.335201533
v 5.774159865 4.510085065 4.336037634
v 5.837503647 4.228831666 4.493870500
v 5.901067892 3.946599384 4.652252692
v 6.182533394 4.009990935 4.650879989
v 6.000910997 3.625614920 4.835567857
v 7.312819816 3.905528181 4.837493307
v 7.387024288 3.921360695 4.837602214
v 7.654129586 3.978351176 4.837994237
v 7.352040494 4.076692612 4.750433555
v 7.309879651 4.263891422 4.645381937
v 7.054127791 4.206291088 4.646629235
v 6.994906421 4.192953274 4.646918057
v -8.084983721 -0.218837550 5.263890251
v -7.884201126 -0.213267825 5.284129232
v -8.124758225 0.854832312 4.684736277
v -8.306658216 0.765421737 4.711546831
v -2.333828233 0.473986190 5.558231351
v -2.564280093 -0.277316857 5.933626439
v -0.521793988 0.184981214 5.922439736
v 7.985855302 3.015200981 5.391768403
v 7.623805608 3.357927751 5.166495355
v 6.418644873 1.927951828 5.792349215
v 6.359850922 1.858190233 5.822881592
v 6.359850901 1.858190208 5.822881603
v 6.239447659 1.715326496 5.885408394
v 9.527498512 2.459546770 5.867399728
v 8.910777712 5.216512921 4.320740392
v 7.182971624 4.827377103 4.329166878
v 7.646156511 4.339627566 4.643741919
v 8.434541702 3.605406973 5.127819122
v -3.870269874 -0.980386797 5.725334935
v -7.365706402 -1.773120249 5.743650352
v -7.364543981 -1.778281526 5.740775313
v -3.793132457 -0.966033055 5.723269994
v -2.663007564 -0.601044670 5.774826841
v -2.663614640 -0.601160404 5.774841627
v -2.663621835 -0.601183861 5.774830123
v -2.614355603 -0.439381541 5.854231881
v -2.564641003 -0.277398546 5.933673063
v -2.564284262 -0.277330448 5.933664421
v 1.491722595 0.496914765 5.835400634
v 0.324714775 0.274146350 5.863673419
v 0.324363123 0.274066690 5.863675310
v 0.314647731 0.228510083 5.840798951
v 2.839783126 0.685021377 5.766133271
v 0.582500265 0.175414226 5.779190162
v 0.289203454 0.109199152 5.780886691
v 0.279951896 0.065817585 5.759102535
v 0.256430441 -0.044477253 5.703717720
v 0.256739148 -0.044418404 5.703710199
v 1.116051211 0.150465815 5.699207569
v 2.870318706 0.549440025 5.690609005
v 2.856081971 0.612652700 5.725821007
v 2.904410342 0.398069387 5.606289471
v 2.890963400 0.457775297 5.639548065
v 2.169097794 0.320157416 5.657130637
v 0.271680926 -0.041569874 5.703346260
v 0.256304657 -0.045066909 5.703421627
v 0.254440280 -0.053809159 5.699031687
v 0.265510471 -0.102962035 5.671651558
v 0.285953129 -0.193729698 5.621090319
v -5.690475857 -3.675094384 4.528094105
v -5.330049991 -3.593919410 4.525906025
v -5.221676181 -3.416779317 4.606020179
v -6.021510564 -2.015473297 5.447219141
v -5.221634845 -2.424318311 5.130875771
v -4.807685124 -1.927014703 5.342056388
v -4.472464251 -3.415432472 4.512947827
v -3.702864380 -3.496417953 4.373782093
v -3.447506393 -3.073681642 4.565380112
v -3.874458744 -1.177965965 5.621369990
v -3.125038419 -1.115727373 5.560474014
v -2.799298379 -1.043506948 5.557892233
v -2.749061577 -0.879728538 5.638217549
v -2.764031634 -0.883058675 5.638330331
v -7.333567122 -1.915822204 5.664159623
v -7.305040451 -2.042483783 5.593604030
v -7.656702951 -2.120451560 5.596391250
v -7.073825740 -4.708490872 4.154749262
v -6.327909618 -4.540495933 4.150220941
v -6.372705125 -4.341598924 4.261014574
v -6.470907520 -4.328842891 4.280053324
v -6.422508766 -4.120465248 4.384194926
v -6.482128358 -3.855747665 4.531653267
v -6.131657244 -3.982306204 4.420851899
v -6.041034458 -4.384681398 4.196712733
v -5.794720256 -4.416676468 4.148959166
v -5.669718239 -4.149116885 4.274809983
v -5.606857485 -4.046369207 4.321279096
v -3.139468937 -1.012431845 5.616908000
v -6.470182529 -2.371350013 5.315178267
v -6.370921518 -2.919946351 5.012629065
v -5.801344607 -3.182824865 4.802308026
v -6.176209099 -3.784491037 4.531042903
v -6.691271895 -4.767684083 4.075557855
v -6.848435232 -4.803080349 4.076511965
v -6.636662088 -5.010157669 3.940490315
v -6.022796866 -4.904861434 3.919333753
v -5.718979226 -5.158198382 3.747325885
v -5.373952825 -5.080491670 3.745231292
v -5.500016059 -4.520756962 4.057026036
v -5.559631538 -4.447213394 4.103381916
v 0.328926484 -3.592311814 3.818378521
v 0.388630991 -3.578865188 3.818016066
v 0.753657756 -2.551662038 4.315556924
v 0.810372931 -2.522211646 4.324032222
v 0.321505772 -0.351587364 5.533157250
v 0.184456044 -0.381972926 5.534243484
v -0.096934273 -1.701442934 4.871668538
v 6.019754372 -1.473058853 4.226775908
v 6.827072049 -0.484009598 4.648774205
v 6.493976593 -0.260740193 4.808545851
v 5.522510109 -0.479533498 4.814443448
v 5.724099643 -1.374613332 4.315847980
v -8.435911698 2.517205069 3.392711534
v -8.345620426 2.577806446 3.371149597
v -8.731599661 4.291596962 2.447348711
v -9.082997761 4.212455218 2.450562716
v -10.708872477 3.846276344 2.465433515
v -10.055436758 0.944949448 4.029363489
v -8.435510050 1.309788713 4.014547093
v -8.435519293 1.337579174 4.000234635
v -7.810264679 -1.438620493 5.496716083
v -7.844791250 -1.285318700 5.414080352
v -9.453585111 -1.592419006 5.400351861
v -9.382031617 -1.881972653 5.557110112
v -9.365019273 -1.950816060 5.594380485
v -9.358917267 -1.977322978 5.608682878
v -9.353532742 -2.000713179 5.621303578
v -9.335810308 -2.077698858 5.662842903
v -9.303236234 -2.219199580 5.739192746
v -9.244907988 -2.472575593 5.875907375
v -7.684905653 -1.995228442 5.796749787
v -7.688660140 -1.978558102 5.787763814
v -7.711735132 -1.876102586 5.732536238
v -7.715775621 -1.858162368 5.722865751
v -7.716986184 -1.852787332 5.719968394
v -7.739814346 -1.751427767 5.665331578
v -7.747948010 -1.715313401 5.645864506
v -7.750098660 -1.705764275 5.640717150
v -7.750837569 -1.702483438 5.638948649
v -7.770512620 -1.615124036 5.591858475
v -7.779231406 -1.576411662 5.570990974
v -7.782395504 -1.562362714 5.563418035
v -7.804676476 -1.463432735 5.510090863
v -8.306658216 0.765421737 4.308650128
v -8.429562042 1.311128321 4.014492691
v -8.435307931 0.702185644 4.327470794
v -7.748174110 -0.074921304 4.801074797
v -7.974236213 0.928819448 4.260018823
v -8.124758225 0.854832312 4.282039272
v -7.884201126 -0.213267825 4.857787500
v -8.084983721 -0.218837550 4.839204822
v -8.018692911 -0.513176082 4.997864935
v -7.490788124 -1.217743561 5.417101204
v -7.564754926 -0.889322776 5.240069408
v -7.718053784 -0.208658884 4.873164643
v -7.576473627 0.109385686 4.724504709
v -7.477268806 0.215874274 4.680264170
v -7.733046393 0.804586091 4.349764188
v 0.288820822 -0.206462572 5.727462202
v 0.219518683 -0.219358324 5.726699212
v 0.219116196 -0.219447903 5.726702343
v 0.184455993 -0.381972892 5.806696124
v 0.271680897 -0.041569836 5.640714926
v 1.116051211 0.150465815 5.632030620
v 0.256739148 -0.044418404 5.640585547
v 6.795830037 1.004362686 5.799101884
v 6.769554878 1.078022163 5.758361734
v 4.566328496 0.589540550 5.774533345
v 2.870559160 0.548372380 5.897628918
v 2.870318706 0.549440025 5.898200882
v 1.116051211 0.150465815 5.841413069
v 0.271680926 -0.041569874 5.814079756
v 2.169097794 0.320157416 5.839444003
v 2.890963400 0.457775297 5.849093741
v 2.886065772 0.479521306 5.860743635
v 2.839783126 0.685021377 5.970835283
v 2.836351340 0.700258885 5.978998407
v 2.904410332 0.398069431 5.817107781
v 4.663739720 0.795696503 5.872768904
v 3.316831589 0.538963648 5.854786653
v 3.318354685 0.532200933 5.851163693
v 3.313975518 0.538419161 5.854748473
v 6.759547869 1.195289861 5.900808118
v 5.495771007 0.954360951 5.883914230
v 4.649787732 0.766169254 5.858703840
v 6.769554878 1.078022163 5.839380948
v 6.730090718 1.188655533 5.899888197
v -6.911381567 -5.429760973 3.642119087
v -7.259080191 -6.015123324 3.369338465
v -6.802696056 -5.912336666 3.383590934
v -5.330049991 -3.593919410 4.455849635
v -5.690475857 -3.675094384 4.444593856
v -5.606857489 -4.046369190 4.245692439
v 0.184456044 -0.381972926 5.645665785
v -0.366588981 -0.504146192 5.629455584
v 2.326313997 -0.580147912 5.361004158
v 0.321505772 -0.351587364 5.649697404
v 0.810372924 -2.522211613 4.486838430
v 1.549505540 -2.138402998 4.622190181
v 1.202431047 -3.135629224 4.136605180
v 1.669438185 -3.298090150 4.012937974
v 1.152763924 -4.042465539 3.672399486
v 1.548142219 -5.797988919 2.731920673
v 4.565097904 0.589267713 5.774531998
v 2.942377455 0.229491202 5.726796108
v 3.028414227 -1.059601169 5.053583569
v 2.848513282 -2.898770519 4.118858675
v -7.398741365 -1.626441353 -6.285371452
v -7.365706411 -1.773120208 -6.285371452
v -7.360115097 -1.797946259 -6.285371452
v -7.333567129 -1.915822176 -6.285371452
v -2.749043979 -0.879671335 -6.285371452
v -2.698417125 -0.714621211 -6.285371452
v -2.663621876 -0.601183862 -6.285371452
v -2.663614655 -0.601160402 -6.285371452
v -2.649203950 -0.554179609 -6.285371452
v -3.893112827 -0.835554346 -6.285371452
v -7.396466513 -1.636541951 -6.285371452
v -2.598227478 -0.387989716 -6.285371452
v 4.815678107 0.989507834 -6.285371452
v 9.619468341 2.048408299 -6.285371452
v 9.591002134 2.175662517 -6.285371452
v 5.925950311 1.345177113 -6.285371452
v 4.664994043 0.795980043 5.706222995
v 4.664994043 0.795980043 6.044548544
v 6.769554897 1.078022197 -6.285371452
v 6.795830036 1.004362714 -6.285371452
v 7.605507328 -2.379698150 3.799730864
v 7.605507328 -2.379698150 3.673040647
v 9.148492483 -1.804421915 3.782937466
v 8.656262377 -0.089149449 4.744663393
v 8.386509856 0.850856295 5.271709624
v 8.228496013 1.401486796 -6.285371452
v 9.691616834 1.725878191 -6.285371452
v 9.648436842 1.918908365 -6.285371452
v 9.647716593 1.922128195 -6.285371452
v 9.634858703 1.979607790 -6.285371452
v -7.073825740 -4.708490872 4.278071292
v -6.953796080 -5.241435844 3.983354652
v -9.244907946 -2.472575558 -6.285371452
v -8.763812402 -4.562439233 -6.285371452
v -8.546562075 -5.304949937 -6.285371452
v -7.934169326 -8.024041506 -6.285371452
v -6.404680318 -7.679570584 2.635074965
v -6.404680318 -7.679570584 -6.285371452
v -6.053282219 -7.600428841 -6.285371452
v -6.802696056 -5.912336666 3.612348925
v -7.259080143 -6.015123313 -6.285371452
v -8.389733783 -5.762501328 -6.285371452
v -6.370395588 -3.896095419 4.496328996
v -3.852167709 -1.276940625 5.566237124
v -3.852167709 -1.276940625 -6.285371452
v -3.632103666 -3.758560744 4.478552805
v -3.343180409 -4.398943845 4.098881205
v -2.940648520 -4.308285769 -6.285371452
v -6.722427640 -4.629349129 4.152615988
v -5.500016065 -4.520756934 -6.285371452
v 0.879952523 -6.038928399 -6.285371452
v 1.500313577 -5.899210923 -6.285371452
v 1.567529926 -5.884072483 -6.285371452
v 2.283106012 -5.722910714 -6.285371452
v 2.785814065 -5.609691001 -6.285371452
v 3.903029788 -5.358072109 -6.285371452
v 4.186431087 -5.294244578 -6.285371452
v -7.513256773 1.155407845 4.447587905
v -7.576473637 0.109385730 -6.285371452
v -7.564754927 -0.889322769 5.519190154
v -2.067667423 1.341704952 -6.285371452
v -7.029077971 2.467084350 -6.285371452
v -6.533268922 3.331490749 3.292791549
v -6.697529541 2.749767468 -6.285371452
v -1.519483302 3.235113138 -6.285371452
v -2.422254481 4.437835260 3.426825955
v -2.954619675 4.317936177 3.429422293
v -3.634878211 4.289425013 -6.285371452
v -1.107642530 3.718360495 3.963867728
v -0.641002829 3.922057322 3.908827774
v -0.909924277 5.116098309 -6.285371452
v 2.161549364 3.696454328 4.226680428
v 0.355147710 1.776508909 -6.285371452
v -0.048461672 1.291109021 5.385254770
v -0.434806109 -0.201254595 5.980654193
v -0.434806109 -0.201254595 -6.285371452
v -0.422501216 -0.255889683 6.010868568
v -0.404573765 -0.335489547 6.054888998
v -0.401507715 -0.349103150 6.062417613
v -0.401507715 -0.349103150 -6.285371452
v -0.399705164 -0.357106676 6.066843734
v 0.219518641 -0.219358289 -6.285371452
v 0.288280186 -0.204062089 6.065707036
v 0.285953129 -0.193729698 6.059993002
v 0.265510478 -0.102962066 6.009796557
v 0.265510478 -0.102962066 -6.285371452
v 0.256304623 -0.045066906 -6.285371452
v 0.256739151 -0.044418386 -6.285371452
v 0.279951866 0.065817563 -6.285371452
v 0.289203403 0.109199154 -6.285371452
v 0.347316230 0.381696361 -6.285371452
v 2.196698516 1.901120623 -6.285371452
v 2.783890090 0.933192642 5.754823352
v 2.805740418 0.836174768 5.808476315
v 2.805740418 0.836174768 -6.285371452
v 2.814229589 0.798481908 5.829321275
v 2.824835440 0.751390758 5.855363690
v 2.824835440 0.751390758 -6.285371452
v 2.836351333 0.700258920 5.883640692
v 2.836351333 0.700258920 -6.285371452
v 2.839783122 0.685021393 5.892067371
v 2.839783122 0.685021393 -6.285371452
v 2.848173795 0.647765877 5.912670469
v 2.856081971 0.612652700 5.932088808
v 2.870318697 0.549440065 5.967046750
v 2.870318697 0.549440065 -6.285371452
v 2.870559154 0.548372408 5.967637187
v 2.870559154 0.548372408 -6.285371452
v 2.886065772 0.479521306 6.005713322
v 2.890963398 0.457775305 -6.285371452
v 3.316831591 0.538963639 -6.285371452
v 4.705425997 0.883919189 -6.285371452
v 4.749303244 0.976778757 -6.285371452
v 4.823004507 1.132755995 -6.285371452
v 3.228333478 0.931905052 5.806870055
v 3.206500354 1.028846539 5.753259336
v 3.206500354 1.028846539 -6.285371452
v 3.777083103 4.060304211 4.221656034
v 1.681276228 6.636780834 -6.285371452
v 1.508113644 6.597781224 -6.285371452
v 1.592784478 6.221833353 2.936472311
v 6.359850922 1.858190233 5.680662713
v 6.359850922 1.858190233 5.510864134
v 7.312819771 3.905528197 4.711877157
v 5.837503647 4.228831665 4.370984179
v 5.774159865 4.510085065 4.215445022
v 9.576921780 2.238606853 -6.285371452
v 9.527498503 2.459546784 -6.285371452
v 6.097767662 1.547216929 -6.285371452
v 2.908735202 0.378866530 -6.285371452
v 2.929878945 0.284985972 -6.285371452
v 2.942377452 0.229491217 -6.285371452
v -7.337053540 -1.900342124 -6.285371452
v -7.715775623 -1.858162357 -6.285371452
v -7.688660150 -1.978558058 -6.285371452
v -7.684905663 -1.995228395 -6.285371452
v -2.749061550 -0.879728493 -6.285371452
v -0.399705164 -0.357106676 -6.285371452
v -0.404573765 -0.335489547 -6.285371452
v -0.434593556 -0.202198356 -6.285371452
v -2.699221774 -0.717244201 -6.285371452
v -2.713936445 -0.765216100 -6.285371452
v -2.713885591 -0.765206594 -6.285371452
v 0.288280186 -0.204062089 -6.285371452
v 0.288820820 -0.206462562 -6.285371452
v 0.321505767 -0.351587343 -6.285371452
v 6.363401824 -4.803948072 2.657149205
v 6.363401824 -4.803948072 -6.285371452
v 7.117512681 -4.634107517 2.653031459
v 7.117512681 -4.634107517 -6.285371452
v 7.628220358 -4.519086132 2.650242792
v 7.628220358 -4.519086132 -6.285371452
v 10.924162833 -3.776775245 -6.285371452
v 10.683683547 -2.709020609 -6.285371452
v -6.911381576 -5.429760934 -6.285371452
v -4.718320643 -7.299769312 -6.285371452
v -3.619250407 -7.052237139 -6.285371452
v -1.117904690 -6.488885026 -6.285371452
v -0.577998610 -3.957206593 -6.285371452
v -5.057058430 -4.404945930 -6.285371452
v -10.055436758 0.944949448 -6.285371452
v -9.813771005 -0.128073233 -6.285371452
v -9.568618319 -1.126917135 -6.285371452
v -9.453585100 -1.592418955 -6.285371452
v -7.974236221 0.928819485 -6.285371452
v -0.161576294 1.793350462 5.103408555
v 3.228333478 0.931905052 -6.285371452
v 4.834074366 1.156183704 -6.285371452
v 5.927855504 1.345608865 -6.285371452
v 5.965928550 1.390784034 -6.285371452
v 5.990673679 1.420145314 -6.285371452
v 6.133915920 1.590108488 -6.285371452
v 5.602331196 2.782081794 -6.285371452
v 6.199288251 4.605832315 4.333964289
v 6.387997800 4.444824944 4.441947684
v 7.054127782 4.206291086 -6.285371452
v 8.910777739 5.216512927 -6.285371452
v 8.261551968 8.118787987 -6.285371452
v 8.107607992 8.084116784 -6.285371452
v -7.490788113 -1.217743608 -6.285371452
v -7.810264669 -1.438620537 5.631253192
v -7.804676476 -1.463432735 5.644793761
v -7.782395504 -1.562362714 5.698782052
v -7.779231416 -1.576411614 5.706448849
v -7.779231416 -1.576411614 -6.285371452
v -7.770512620 -1.615124036 5.727575079
v -7.750837569 -1.702483438 5.775249049
v -7.750098664 -1.705764259 5.777039466
v -7.750098664 -1.705764259 -6.285371452
v -7.747948017 -1.715313371 5.782250628
v -7.747948017 -1.715313371 -6.285371452
v -7.739814346 -1.751427769 5.801959059
v -7.716986193 -1.852787293 -6.285371452
v -7.388519864 -1.671825950 -6.285371452
v -7.396775917 -1.635168162 -6.285371452
v -7.419325843 -1.535043995 -6.285371452
v 0.291387733 0.119441674 -6.285371452
v 2.814229589 0.798481908 -6.285371452
v 1.089700274 1.441674889 -6.285371452
v 0.642774874 1.767134250 -6.285371452
v 2.848173795 0.647765877 -6.285371452
v 4.748073342 0.974175617 -6.285371452
v -1.498907276 3.195937009 -6.285371452
v -0.601152961 6.122733017 2.735785974
v -0.601152961 6.122733017 -6.285371452
v -1.110787517 6.007953320 2.738271454
v -1.110787517 6.007953320 -6.285371452
v -1.798364920 5.853097403 2.741624760
v -1.798364920 5.853097403 -6.285371452
v -2.807780838 5.625757142 2.746547667
v -2.807780838 5.625757142 -6.285371452
v -6.395904686 4.817641279 2.764046897
v -6.395904686 4.817641279 -6.285371452
v -8.731599661 4.291596962 -6.285371452
v -3.783981305 4.412933430 -6.285371452
v -0.950130464 2.995643003 -6.285371452
v -0.975459812 2.199307669 -6.285371452
v -1.326917926 3.759820583 -6.285371452
v 6.359850922 1.858190233 -6.285371452
v 0.314647731 0.228510083 -6.285371452
v 2.856081971 0.612652700 -6.285371452
v 0.254440280 -0.053809159 -6.285371452
v 0.285953129 -0.193729698 -6.285371452
v -6.372705119 -4.341598950 -6.285371452
v -5.794720256 -4.416676468 -6.285371452
v -5.606857485 -4.046369207 -6.285371452
v -2.799298379 -1.043506948 -6.285371452
v 0.810372931 -2.522211646 -6.285371452
v -9.082997761 4.212455218 -6.285371452
v -10.708872477 3.846276344 -6.285371452
v -8.435519293 1.337579174 -6.285371452
v -7.810264669 -1.438620537 -6.285371452
v -9.382031590 -1.881972673 -6.285371452
v -9.365019273 -1.950816060 -6.285371452
v -9.358917267 -1.977322978 -6.285371452
v -9.353532785 -2.000713187 -6.285371452
v -9.335810313 -2.077698909 -6.285371452
v -9.303236247 -2.219199594 -6.285371452
v -7.711735132 -1.876102586 -6.285371452
v -7.750837569 -1.702483438 -6.285371452
v -7.770512620 -1.615124036 -6.285371452
v -7.782395504 -1.562362714 -6.285371452
v -7.804676476 -1.463432735 -6.285371452
v 0.184455993 -0.381972892 -6.285371452
v 4.566305825 0.589492491 -6.285371452
v 2.886065772 0.479521306 -6.285371452
v 4.663762738 0.795745269 -6.285371452
v 2.904410332 0.398069431 -6.285371452
v 6.759547869 1.195289861 -6.285371452
g roof
f 1 2 3
g roof
f 1 3 4
g roof
f 6 7 8
g roof
f 6 8 9
g roof
f 10 11 12
g roof
f 10 12 13
g roof
f 10 13 14
g roof
f 10 14 15
g roof
f 10 15 16
g roof
f 10 16 17
g roof
f 10 17 18
g roof
f 10 18 19
g roof
f 10 19 20
g roof
f 10 20 21
g roof
f 23 24 25
g roof
f 23 25 1
g roof
f 23 25 1 26
g roof
f 23 26 27
g roof
f 23 27 5
g roof
f 23 5 6
g roof
f 23 6 9 10
g roof
f 23 10 21 22
g roof
f 23 22 21
g roof
f 28 29 30
g roof
f 28 30 31
g roof
f 33 34 35
g roof
f 33 35 32
g roof
f 36 37 38
g roof
f 38 39 40
g roof
f 40 41 42
g roof
f 43 44 45
g roof
f 43 45 46
g roof
f 43 46 47
g roof
f 47 48 36
g roof
f 47 36 38
g roof
f 47 38 40
g roof
f 47 40 42
g roof
f 47 42 43
g roof
f 49 50 51
g roof
f 49 51 52
g roof
f 49 52 53
g roof
f 49 53 54
g roof
f 49 54 55
g roof
f 49 55 56
g roof
f 49 56 57
g roof
f 57 1080 1081 1082 58 59
g roof
f 59 60 61
g roof
f 59 61 62
g roof
f 62 63 64
g roof
f 62 64 65
g roof
f 65 1074 66 67
g roof
f 65 67 68
g roof
f 68 69 70
g roof
f 71 72 73
g roof
f 71 73 74
g roof
f 75 1079 49 57
g roof
f 75 57 1080 1081 1082 58 59
g roof
f 59 62 65
g roof
f 59 65 68
g roof
f 59 68 70
g roof
f 59 70 71
g roof
f 74 75 59
g roof
f 76 59 71
g roof
f 76 71 74
g roof
f 59 76 77
g roof
f 78 76 74
g roof
f 74 59 77
g roof
f 74 77 78
g roof
f 79 80 1089 1088 81
g roof
f 79 81 82
g roof
f 83 82 84
g roof
f 83 84 85
g roof
f 83 85 86
g roof
f 86 84 82
g roof
f 82 87 88
g roof
f 89 1094 90 91
g roof
f 79 82 83
g roof
f 86 82 88
g roof
f 86 88 89
g roof
f 83 86 89
g roof
f 89 91 1097 79
g roof
f 89 79 92
g roof
f 89 92 83
g roof
f 93 94 95
g roof
f 96 97 98
g roof
f 98 99 100
g roof
f 101 102 103
g roof
f 101 103 104
g roof
f 101 104 105
g roof
f 101 105 106
g roof
f 101 106 107
g roof
f 109 110 111
g roof
f 109 111 112
g roof
f 109 112 113
g roof
f 114 115 116
g roof
f 114 116 117
g roof
f 114 117 118
g roof
f 114 118 119
g roof
f 119 120 121
g roof
f 121 122 123
g roof
f 121 123 124
g roof
f 121 124 125
g roof
f 121 125 126
g roof
f 127 96 98
g roof
f 127 98 100
g roof
f 127 100 128
g roof
f 129 101 107
g roof
f 129 107 108
g roof
f 129 108 109
g roof
f 129 109 113
g roof
f 130 114 119
g roof
f 130 119 121
g roof
f 130 121 126
g roof
f 130 126 131
g roof
f 130 131 127
g roof
f 130 127 128
g roof
f 128 129 113
g roof
f 128 113 130
g roof
f 132 133 134
g roof
f 66 1074 135 136
g roof
f 137 138 139
g roof
f 137 139 140
g roof
f 137 140 141
g roof
f 137 141 142
g roof
f 137 142 143
g roof
f 137 143 144
g roof
f 137 144 91
g roof
f 137 91 145
g roof
f 137 145 146
g roof
f 146 147 148
g roof
f 146 148 149
g roof
f 146 149 150
g roof
f 146 150 137
g roof
f 151 138 152
g roof
f 151 152 153
g roof
f 153 154 122
g roof
f 153 122 155
g roof
f 153 155 151
g roof
f 156 157 158
g roof
f 158 159 104
g roof
f 158 104 160
g roof
f 158 160 161
g roof
f 158 161 162
g roof
f 163 164 165
g roof
f 163 165 166
g roof
f 163 166 167
g roof
f 167 168 169
g roof
f 167 169 156
g roof
f 156 158 162
g roof
f 156 162 170
g roof
f 156 170 171
g roof
f 156 171 163
g roof
f 156 163 167
g roof
f 172 173 1117 174
g roof
f 172 174 175
g roof
f 172 175 176
g roof
f 172 176 177
g roof
f 172 177 178
g roof
f 172 178 179
g roof
f 172 179 180
g roof
f 172 180 181
g roof
f 181 182 183
g roof
f 181 183 184
g roof
f 181 184 185
g roof
f 186 187 188
g roof
f 189 190 191
g roof
f 191 192 193
g roof
f 194 195 196
g roof
f 196 197 198
g roof
f 196 198 199
g roof
f 196 199 200
g roof
f 196 200 201
g roof
f 196 201 202
g roof
f 196 202 203
g roof
f 196 203 204
g roof
f 204 205 206
g roof
f 207 208 172
g roof
f 207 172 181
g roof
f 186 209 191
g roof
f 186 191 190
g roof
f 189 191 193
g roof
f 189 193 210
g roof
f 210 194 196
g roof
f 196 204 206
g roof
f 196 206 211
g roof
f 212 207 181
g roof
f 210 196 211
g roof
f 210 211 1115 212
g roof
f 210 212 181
g roof
f 189 210 181
g roof
f 213 189 181
g roof
f 213 181 185
g roof
f 188 213 185
g roof
f 186 188 185
g roof
f 214 215 216
g roof
f 214 216 217
g roof
f 214 217 218
g roof
f 219 182 220
g roof
f 219 220 221
g roof
f 219 221 222
g roof
f 223 224 225
g roof
f 223 225 226
g roof
f 223 226 227
g roof
f 228 229 230
g roof
f 230 231 232
g roof
f 230 232 233
g roof
f 230 233 234
g roof
f 235 236 237
g roof
f 237 238 239
g roof
f 242 243 244
g roof
f 245 246 247
g roof
f 245 247 209
g roof
f 245 209 219
g roof
f 219 222 223 227
g roof
f 219 227 228
g roof
f 228 230 234
g roof
f 228 234 248
g roof
f 228 248 235
g roof
f 235 237 239
g roof
f 235 239 240
g roof
f 235 240 241
g roof
f 235 241 242
g roof
f 244 245 219
g roof
f 244 219 228
g roof
f 228 235 242
g roof
f 228 242 244
g roof
f 249 250 251
g roof
f 249 251 252
g roof
f 252 253 254
g roof
f 254 255 256
g roof
f 256 249 252
g roof
f 256 252 254
g roof
f 257 258 259
g roof
f 257 258 259 260 261
g roof
f 257 260 261
g roof
f 257 261 262
g roof
f 263 264 265
g roof
f 263 265 266
g roof
f 266 257 262
g roof
f 266 262 263
g roof
f 267 1150 1151 1153 1154 1156 1158 1160 1161 1162 1164 1166 268 269
g roof
f 267 269 270 271
g roof
f 271 272 273
g roof
f 271 273 274
g roof
f 271 274 275
g roof
f 278 279 280
g roof
f 281 282 283
g roof
f 284 285 286
g roof
f 284 286 287
g roof
f 284 287 288
g roof
f 289 290 1175 291
g roof
f 291 292 293
g roof
f 293 294 295
g roof
f 293 295 296
g roof
f 296 297 298
g roof
f 298 299 300
g roof
f 298 300 301
g roof
f 298 301 302
g roof
f 298 302 303
g roof
f 304 1129 305 306
g roof
f 304 306 307
g roof
f 308 306 305
g roof
f 308 305 309
g roof
f 308 309 310
g roof
f 308 310 311
g roof
f 308 311 312
g roof
f 308 312 313
g roof
f 308 313 314
g roof
f 308 314 315
g roof
f 316 317 318
g roof
f 318 313 312
g roof
f 318 312 319
g roof
f 318 319 320
g roof
f 321 320 322
g roof
f 321 322 323
g roof
f 321 323 324
g roof
f 321 324 178
g roof
f 321 178 325
g roof
f 321 325 176
g roof
f 321 176 326
g roof
f 321 326 327
g roof
f 321 327 328
g roof
f 321 328 329
g roof
f 321 329 24
g roof
f 321 24 330
g roof
f 321 330 331
g roof
f 321 331 332
g roof
f 321 332 333
g roof
f 321 333 1132 1134 1135 1136 1138 334
g roof
f 334 335 336
g roof
f 337 338 1140 1141 1142 339
g roof
f 344 345 346
g roof
f 344 346 347 348
g roof
f 316 351 352
g roof
f 316 352 353
g roof
f 354 267 271
g roof
f 281 276 277
g roof
f 281 277 278
g roof
f 281 278 280
g roof
f 281 278 280 355
g roof
f 281 355 282
g roof
f 283 1172 1173 284 288
g roof
f 291 293 296
g roof
f 291 296 298
g roof
f 291 298 303
g roof
f 291 303 304
g roof
f 307 308 315
g roof
f 316 318 320
g roof
f 336 337 339
g roof
f 336 339 340
g roof
f 340 341 342
g roof
f 340 342 356
g roof
f 340 356 343
g roof
f 340 356 343 344
g roof
f 289 291 304
g roof
f 289 304 307
g roof
f 289 307 315
g roof
f 334 336 339 340
g roof
f 334 340 356 343 344
g roof
f 334 344 346 347 348
g roof
f 288 289 315
g roof
f 321 334 348
g roof
f 321 348 357
g roof
f 271 275 281
g roof
f 271 281 283
g roof
f 271 283 288
g roof
f 320 321 349
g roof
f 320 349 350
g roof
f 320 350 358
g roof
f 354 271 288
g roof
f 316 320 358
g roof
f 353 354 288
g roof
f 353 288 315
g roof
f 353 315 359
g roof
f 316 353 359
g roof
f 360 361 362
g roof
f 363 1182 1183 364 365
g roof
f 363 365 366
g roof
f 363 366 367
g roof
f 363 367 368
g roof
f 363 368 369
g roof
f 363 369 370
g roof
f 371 369 368
g roof
f 371 368 372
g roof
f 373 374 375
g roof
f 373 375 376 1179
g roof
f 373 376 1179 377
g roof
f 373 377 378
g roof
f 378 379 380
g roof
f 380 381 382
g roof
f 382 383 384
g roof
f 385 386 363
g roof
f 385 363 370
g roof
f 370 371 373
g roof
f 370 373 378
g roof
f 370 378 380
g roof
f 380 382 384
g roof
f 380 384 387
g roof
f 380 387 1181 385
g roof
f 380 385 370
g roof
f 388 389 390
g roof
f 388 390 391
g roof
f 391 392 393
g roof
f 391 393 394
g roof
f 394 395 396
g roof
f 394 395 396 388
g roof
f 394 395 396 388 391
g roof
f 397 398 399
g roof
f 399 400 401
g roof
f 399 401 1075 402
g roof
f 399 402 403
g roof
f 399 403 404
g roof
f 399 404 405
g roof
f 399 405 406
g roof
f 399 406 397
g roof
f 407 408 409
g roof
f 407 409 410
g roof
f 407 410 411
g roof
f 407 411 412
g roof
f 407 412 413
g roof
f 407 413 414
g roof
f 414 415 416
g roof
f 414 416 417
g roof
f 414 417 418
g roof
f 414 418 407
g roof
f 419 420 421
g roof
f 419 421 422
g roof
f 423 424 425
g roof
f 424 426 427
g roof
f 427 428 429
g roof
f 427 429 430
g roof
f 427 430 431
g roof
f 427 431 432
g roof
f 427 432 433
g roof
f 427 433 434
g roof
f 427 434 435
g roof
f 427 435 436
g roof
f 427 436 437 426
g roof
f 437 438 439
g roof
f 437 439 423
g roof
f 437 423 425
g roof
f 425 424 426 427
g roof
f 425 426 427 437
g roof
f 440 441 442
g roof
f 440 442 443
g roof
f 440 443 444
g roof
f 444 445 446
g roof
f 444 446 447
g roof
f 444 447 440
g roof
f 448 449 450
g roof
f 451 452 1078 453
g roof
f 451 453 454
g roof
f 451 454 455
g roof
f 451 455 456
g roof
f 456 457 458
g roof
f 458 459 460
g roof
f 461 459 458
g roof
f 461 458 462
g roof
f 461 462 463
g roof
f 463 464 465
g roof
f 463 465 466
g roof
f 466 467 1204 1206 1208 468
g roof
f 469 470 471
g roof
f 469 471 472
g roof
f 469 472 473
g roof
f 469 473 474
g roof
f 469 474 475
g roof
f 469 475 476
g roof
f 469 476 477
g roof
f 469 477 478
g roof
f 469 478 479
g roof
f 469 479 480
g roof
f 480 481 482
g roof
f 456 458 460
g roof
f 456 460 483
g roof
f 456 483 484
g roof
f 461 463 466
g roof
f 468 469 480
g roof
f 451 456 484
g roof
f 451 484 461
g roof
f 451 461 466
g roof
f 466 468 480
g roof
f 466 480 482
g roof
f 466 482 451
g roof
f 485 486 487
g roof
f 488 489 490
g roof
f 491 492 493
g roof
f 493 494 495
g roof
f 493 495 496
g roof
f 493 496 497
g roof
f 493 497 498
g roof
f 493 498 499
g roof
f 493 499 491
g roof
f 500 501 502
g roof
f 500 502 503
g roof
f 500 503 504
g roof
f 500 504 505
g roof
f 506 507 508
g roof
f 506 508 509
g roof
f 506 509 510
g roof
f 506 510 511
g roof
f 512 513 514
g roof
f 515 516 491
g roof
f 515 491 517
g roof
f 515 517 518
g roof
f 515 518 519
g roof
f 515 519 520
g roof
f 515 520 521
g roof
f 521 522 523
g roof
f 521 523 524
g roof
f 524 525 526
g roof
f 524 526 527
g roof
f 524 527 528
g roof
f 524 528 529
g roof
f 524 529 530
g roof
f 524 530 531
g roof
f 524 531 532
g roof
f 532 1104 1103 533 534
g roof
f 532 534 535
g roof
f 535 536 507
g roof
f 537 538 539
g roof
f 539 512 514
g roof
f 540 515 521
g roof
f 540 521 524
g roof
f 540 524 532
g roof
f 540 532 535
g roof
f 535 507 537
g roof
f 535 537 539
g roof
f 535 539 514
g roof
f 535 514 540
g roof
f 541 542 543
g roof
f 543 544 545
g roof
f 543 545 546
g roof
f 543 546 547
g roof
f 547 548 522
g roof
f 547 522 549
g roof
f 549 550 541
g roof
f 549 541 543
g roof
f 549 543 547
g roof
f 551 552 553
g roof
f 553 554 555
g roof
f 553 555 556
g roof
f 553 556 557
g roof
f 553 557 558
g roof
f 553 558 559
g roof
f 553 559 560
g roof
f 553 560 551
g roof
f 561 562 563
g roof
f 561 563 564
g roof
f 564 565 566
g roof
f 567 568 569
g roof
f 567 569 570
g roof
f 567 570 571
g roof
f 571 561 564
g roof
f 571 564 566
g roof
f 571 566 567
g roof
f 572 573 574
g roof
f 572 574 575
g roof
f 575 576 577
g roof
f 577 578 579
g roof
f 577 579 580
g roof
f 577 580 581
g roof
f 581 582 583
g roof
f 581 583 584
g roof
f 585 586 587
g roof
f 585 587 572
g roof
f 572 575 577
g roof
f 577 581 584
g roof
f 577 584 1120 588
g roof
f 588 585 572
g roof
f 588 572 577
g roof
f 589 590 582
g roof
f 591 592 593
g roof
f 591 593 594
g roof
f 591 594 595
g roof
f 591 595 596
g roof
f 597 598 599
g roof
f 598 597 599 600
g roof
f 598 597 600 601
g roof
f 602 603 599
g roof
f 602 599 604
g roof
f 605 606 607
g roof
f 605 607 608
g roof
f 605 608 609
g roof
f 605 609 610
g roof
f 611 612 613
g roof
f 615 616 617
g roof
f 615 617 618
g roof
f 618 619 620
g roof
f 620 621 622
g roof
f 620 622 623
g roof
f 624 625 626
g roof
f 624 626 627
g roof
f 624 627 628
g roof
f 624 628 629
g roof
f 629 630 631
g roof
f 629 631 632
g roof
f 632 633 634
g roof
f 635 636 637
g roof
f 635 637 638
g roof
f 635 638 639
g roof
f 635 639 640
g roof
f 635 640 641
g roof
f 641 642 643
g roof
f 643 644 645
g roof
f 643 645 646
g roof
f 643 646 647
g roof
f 648 649 650
g roof
f 648 650 651
g roof
f 651 652 653
g roof
f 651 653 654
g roof
f 654 655 656
g roof
f 654 656 657
g roof
f 654 657 658
g roof
f 654 658 659
g roof
f 659 660 661
g roof
f 659 661 662
g roof
f 659 662 663
g roof
f 659 663 664
g roof
f 667 668 669
g roof
f 667 669 670
g roof
f 667 670 671
g roof
f 671 672 673
g roof
f 673 674 675
g roof
f 675 676 677
g roof
f 677 678 1180 679
g roof
f 677 678 1180 679 680
g roof
f 681 682 614
g roof
f 681 614 615
g roof
f 681 615 618
g roof
f 618 620 623
g roof
f 683 624 629
g roof
f 683 629 632
g roof
f 634 635 641
g roof
f 634 641 643
g roof
f 634 643 647
g roof
f 651 654 659
g roof
f 651 659 664
g roof
f 664 665 666
g roof
f 664 665 666 667
g roof
f 664 667 671
g roof
f 664 671 673
g roof
f 664 673 674 675
g roof
f 664 675 676 677
g roof
f 664 677 680
g roof
f 664 680 681
g roof
f 664 681 618
g roof
f 623 683 632
g roof
f 632 634 647
g roof
f 632 647 684
g roof
f 651 664 618
g roof
f 623 632 684
g roof
f 623 684 648
g roof
f 648 651 618
g roof
f 648 618 623
g roof
f 685 645 649
g roof
f 685 649 686
g roof
f 614 687 688
g roof
f 689 690 691
g roof
f 689 691 692
g roof
f 689 692 693
g roof
f 689 693 694
g roof
f 694 695 696
g roof
f 694 696 697
g roof
f 694 697 698
g roof
f 699 698 697
g roof
f 699 697 700
g roof
f 699 700 701
g roof
f 701 702 559
g roof
f 701 559 1238 1239 1240 1241 1243 1244 1245 1247 1249 703
g roof
f 703 8 704
g roof
f 704 705 706
g roof
f 689 694 698
g roof
f 699 701 703
g roof
f 703 704 706
g roof
f 703 706 707
g roof
f 708 699 703
g roof
f 708 703 707
g roof
f 708 707 709
g roof
f 689 708 709
g roof
f 710 711 712
g roof
f 710 712 713
g roof
f 713 714 715
g roof
f 713 715 716
g roof
f 713 716 717
g roof
f 713 717 718
g roof
f 713 718 719
g roof
f 713 719 720
g roof
f 713 720 721
g roof
f 721 722 723
g roof
f 721 723 724
g roof
f 721 724 725
g roof
f 727 728 710
g roof
f 727 710 713
g roof
f 727 713 721
g roof
f 727 721 725
g roof
f 727 725 726
g roof
f 729 730 731
g roof
f 729 731 732
g roof
f 729 732 733
g roof
f 733 726 734
g roof
f 733 734 729
g roof
f 735 736 737
g roof
f 738 739 740
g roof
f 738 739 740 741
g roof
f 741 742 743
g roof
f 741 743 43
g roof
f 741 43 42
g roof
f 741 42 41
g roof
f 41 744 745
g roof
f 41 745 738
g roof
f 41 738 739 741
g roof
f 746 747 1124 1123 748
g roof
f 748 749 750
g roof
f 748 750 751
g roof
f 748 751 752
g roof
f 752 753 754
g roof
f 755 1127 756 1126 757
g roof
f 758 759 760
g roof
f 761 762 763
g roof
f 761 763 757 1126
g roof
f 757 1126 764 765
g roof
f 765 766 767
g roof
f 765 767 768
g roof
f 765 768 769
g roof
f 769 770 771
g roof
f 769 771 772
g roof
f 769 772 773
g roof
f 773 774 775
g roof
f 773 775 1131 1223 776
g roof
f 776 777 778
g roof
f 776 778 779
g roof
f 776 779 780
g roof
f 780 781 782
g roof
f 782 783 1178 784
g roof
f 785 786 787
g roof
f 785 787 788
g roof
f 785 788 789
g roof
f 785 789 790
g roof
f 790 791 792
g roof
f 790 792 793
g roof
f 793 794 795
g roof
f 796 797 798
g roof
f 798 799 800
g roof
f 798 800 801
g roof
f 801 802 803
g roof
f 801 803 804
g roof
f 801 804 805
g roof
f 805 803 806
g roof
f 805 806 807
g roof
f 805 807 808
g roof
f 805 808 809
g roof
f 810 811 812
g roof
f 810 812 813
g roof
f 814 815 816
g roof
f 814 816 817
g roof
f 817 818 819
g roof
f 817 819 820
g roof
f 820 821 822
g roof
f 746 748 752
g roof
f 755 757 1126 763
g roof
f 755 763 823
g roof
f 755 823 758
g roof
f 755 758 760
g roof
f 761 757 1126 765
g roof
f 761 765 769
g roof
f 773 776 780
g roof
f 780 782 784
g roof
f 785 790 793
g roof
f 796 798 801
g roof
f 796 801 805
g roof
f 796 805 809
g roof
f 796 809 810
g roof
f 796 810 813
g roof
f 796 813 814
g roof
f 796 814 817
g roof
f 796 817 820
g roof
f 796 820 822
g roof
f 796 822 824
g roof
f 825 761 769
g roof
f 825 769 773
g roof
f 773 780 784
g roof
f 795 796 824
g roof
f 795 824 746
g roof
f 760 825 773
g roof
f 793 795 746
g roof
f 755 760 773
g roof
f 755 773 784
g roof
f 785 793 746
g roof
f 754 755 784
g roof
f 784 1261 1263 1265 1267 1269 785 746
g roof
f 784 746 752
g roof
f 784 752 754
g roof
f 826 827 828
g roof
f 829 830 831
g roof
f 829 831 832
g roof
f 829 832 764
g roof
f 829 764 826
g roof
f 829 826 828
g roof
f 833 834 835
g roof
f 833 835 836
g roof
f 833 836 837
g roof
f 837 838 839
g roof
f 837 839 840
g roof
f 837 840 833
g roof
f 812 841 842
g roof
f 842 843 844
g roof
f 842 844 770
g roof
f 842 770 845
g roof
f 842 845 812
g roof
f 846 1232 1231 847 848
g roof
f 846 848 849
g roof
f 846 849 850
g roof
f 846 850 851
g roof
f 846 851 852
g roof
f 846 852 853
g roof
f 846 853 854
g roof
f 846 854 855
g roof
f 855 856 857
g roof
f 857 858 859
g roof
f 857 859 860
g roof
f 857 860 846 855
g roof
f 861 862 863
g roof
f 861 863 864
g roof
f 774 865 866
g roof
f 774 866 867
g roof
f 868 869 870
g roof
f 868 870 872 871
g roof
f 868 871 872
g roof
f 868 872 873
g roof
f 868 873 874
g roof
f 875 876 858
g roof
f 875 858 877
g roof
f 875 877 878
g roof
f 878 868 874
g roof
f 878 874 875
g roof
f 879 880 881
g roof
f 879 881 882
g roof
f 883 884 885
g roof
f 329 328 886
g roof
f 866 887 888
g roof
f 889 890 891
g roof
f 889 891 892
g roof
f 736 735 893
g roof
f 736 893 894
g roof
f 736 894 895
g roof
f 736 895 896
g roof
f 736 896 897
g roof
f 897 898 899
g roof
f 897 899 900
g roof
f 897 900 901
g roof
f 897 901 736
g roof
f 902 903 904
g roof
f 902 904 905
g roof
f 902 905 906
g roof
f 902 906 907
g roof
f 902 907 908
g roof
f 902 908 909
g roof
f 910 911 912
g roof
f 913 914 915
g roof
f 915 916 917
g roof
f 915 917 918
g roof
f 915 918 1101 919
g roof
f 920 921 922
g roof
f 920 922 923
g roof
f 923 924 925
g roof
f 925 926 927
g roof
f 927 1106 928 929
g roof
f 927 929 930
g roof
f 927 930 931
g roof
f 927 931 932
g roof
f 933 934 935
g roof
f 933 935 936
g roof
f 933 936 937
g roof
f 913 915 919
g roof
f 938 920 923
g roof
f 925 927 932
g roof
f 925 932 1100 933
g roof
f 919 938 923
g roof
f 919 923 925
g roof
f 913 919 925
g roof
f 939 913 925
g roof
f 940 939 925
g roof
f 912 939 940
g roof
f 912 940 941
g roof
f 942 940 925
g roof
f 942 925 933
g roof
f 942 933 937
g roof
f 910 912 941
g roof
f 910 942 937
g roof
f 943 944 945
g roof
f 946 947 948
g roof
f 946 948 949
g roof
f 946 949 950
g roof
f 946 950 935
g roof
f 951 952 953
g roof
f 953 954 955
g roof
f 953 955 956
g roof
f 953 956 957
g roof
f 953 957 951
g roof
f 958 959 960
g roof
f 958 960 961
g roof
f 958 961 962
g roof
f 963 964 965
g roof
f 963 965 966
g roof
f 963 966 967
g roof
f 963 967 968
g roof
f 963 968 969 970
g roof
f 971 972 973
g roof
f 971 973 974
g roof
f 971 974 975
g roof
f 971 975 976
g roof
f 971 976 977
g roof
f 971 977 978
g roof
f 971 978 979
g roof
f 971 979 980
g roof
f 980 408 981
g roof
f 980 981 982
g roof
f 980 982 983
g roof
f 980 983 984
g roof
f 980 984 985
g roof
f 980 985 986
g roof
f 980 986 987
g roof
f 980 987 988
g roof
f 980 988 989
g roof
f 980 989 990
g roof
f 980 990 991
g roof
f 980 991 992
g roof
f 980 992 993
g roof
f 980 993 971
g roof
f 994 995 969
g roof
f 994 969 996
g roof
f 997 998 999
g roof
f 997 999 1000
g roof
f 1000 1001 1002
g roof
f 1000 1002 972
g roof
f 1000 972 1003
g roof
f 1000 1003 1004
g roof
f 1000 1004 1005
g roof
f 1000 1005 997
g roof
f 1006 1007 1008
g roof
f 440 1009 1010
g roof
f 440 1010 1011
g roof
f 440 1011 1012
g roof
f 1013 1014 1015
g roof
f 458 1016 1017
g roof
f 458 1017 1018
g roof
f 1019 1020 1021
g roof
f 1019 1021 1022
g roof
f 1019 1022 1023
g roof
f 1023 1024 1025
g roof
f 1023 1025 1019
g roof
f 1026 1027 347
g roof
f 1026 347 346
g roof
f 1026 346 345
g roof
f 1028 1029 745
g roof
f 745 1030 1031
g roof
f 1031 1032 1024
g roof
f 1031 1024 1028
g roof
f 1031 1028 745
g roof
f 1033 1034 1035
g roof
f 1035 1018 1036
g roof
f 1035 1036 1037
g roof
f 1035 1037 1033
g roof
f 1038 1039 1040
g roof
f 1041 1042 1043
g roof
f 106 1044 1045
g roof
f 1046 1047 1048
g roof
f 1046 1048 1049
g roof
f 1046 1049 1050
g roof
f 1046 1050 1051
g roof
f 1051 1052 1053
g roof
f 458 1018 1054
g roof
f 458 1054 1055
g roof
f 458 1055 1047
g roof
f 458 1047 1046
g roof
f 458 1046 1056
g roof
f 458 1056 1057
g roof
f 1057 1046 1051
g roof
f 1057 1051 1053
g roof
f 1057 1053 462
g roof
f 1057 462 458
g roof_step_or_fixture_side
f 4 3 699 708
g roof_step_or_fixture_side
f 1 4 708 689
g roof_step_or_fixture_side
f 2 1 689 698
g roof_step_or_fixture_side
f 3 2 698 699
g roof_step_or_fixture_side
f 6 5 706 705
g roof_step_or_fixture_side
f 7 6 705 704
g roof_step_or_fixture_side
f 8 7 704
g roof_step_or_fixture_side
f 9 8 880 879
g roof_step_or_fixture_side
f 10 9 879 882
g roof_step_or_fixture_side
f 11 10 882 881
g roof_step_or_fixture_side
f 413 412 12 11
g roof_step_or_fixture_side
f 412 411 13 12
g roof_step_or_fixture_side
f 411 410 14 13
g roof_step_or_fixture_side
f 15 14 924 923
g roof_step_or_fixture_side
f 16 15 923 922
g roof_step_or_fixture_side
f 427 426 17 16
g roof_step_or_fixture_side
f 426 424 18 17
g roof_step_or_fixture_side
f 424 423 19 18
g roof_step_or_fixture_side
f 423 439 20 19
g roof_step_or_fixture_side
f 439 438 21 20
g roof_step_or_fixture_side
f 22 21 885 884
g roof_step_or_fixture_side
f 331 330 23 22
g roof_step_or_fixture_side
f 330 24 23
g roof_step_or_fixture_side
f 25 24 691 690
g roof_step_or_fixture_side
f 1 25 690 689
g roof_step_or_fixture_side
f 26 1 689 709
g roof_step_or_fixture_side
f 27 26 709 707
g roof_step_or_fixture_side
f 5 27 707 706
g roof_step_or_fixture_side
f 31 30 887 175 174
g roof_step_or_fixture_side
f 28 31 174 702 701
g roof_step_or_fixture_side
f 29 28 701 700
g roof_step_or_fixture_side
f 30 29 700 697 175 887
g roof_step_or_fixture_side
f 33 32 328 327
g roof_step_or_fixture_side
f 34 33 327 695 694
g roof_step_or_fixture_side
f 35 34 694 693 886
g roof_step_or_fixture_side
f 32 35 886 328
g roof_step_or_fixture_side
f 276 281 39 38
g roof_step_or_fixture_side
f 281 275 40 39
g roof_step_or_fixture_side
f 275 274 41 40
g roof_step_or_fixture_side
f 43 743 44
g facade_completed
f 45 44 1071 1072
g roof_step_or_fixture_side
f 389 388 46 45
g roof_step_or_fixture_side
f 47 46 673 672
g roof_step_or_fixture_side
f 48 47 672 671
g roof_step_or_fixture_side
f 36 48 671 670
g roof_step_or_fixture_side
f 37 36 670 669
g roof_step_or_fixture_side
f 277 276 38 37
g roof_step_or_fixture_side
f 741 740 65 64
g roof_step_or_fixture_side
f 740 738 1074 66 65
g roof_step_or_fixture_side
f 1075 401 400 1034 67 66 1074 738 739
g roof_step_or_fixture_side
f 1034 1033 68 67
g roof_step_or_fixture_side
f 1033 1037 69 68
g roof_step_or_fixture_side
f 1037 1036 1017 70 69
g roof_step_or_fixture_side
f 1017 1016 457 71 70
g roof_step_or_fixture_side
f 457 456 72 71
g roof_step_or_fixture_side
f 456 455 73 72
g roof_step_or_fixture_side
f 455 454 74 73
g roof_step_or_fixture_side
f 454 453 75 74
g roof_step_or_fixture_side
f 453 1078 1079 75
g roof_step_or_fixture_side
f 1078 452 49 1079
g roof_step_or_fixture_side
f 452 451 50 49
g roof_step_or_fixture_side
f 451 482 51 50
g roof_step_or_fixture_side
f 482 481 52 51
g roof_step_or_fixture_side
f 481 480 53 52
g roof_step_or_fixture_side
f 480 479 54 53
g roof_step_or_fixture_side
f 479 478 55 54
g roof_step_or_fixture_side
f 478 477 56 55
g roof_step_or_fixture_side
f 477 476 57 56
g roof_step_or_fixture_side
f 476 475 1080 57
g roof_step_or_fixture_side
f 475 474 1081 1080
g roof_step_or_fixture_side
f 474 473 1082 1081
g roof_step_or_fixture_side
f 473 472 58 1082
g roof_step_or_fixture_side
f 472 471 59 58
g roof_step_or_fixture_side
f 471 470 60 59
g facade_completed
f 61 60 1084 1085
g facade_completed
f 62 61 1085 1086
g facade_completed
f 63 62 1086 1087
g roof_step_or_fixture_side
f 742 741 64 63
g roof_step_or_fixture_side
f 449 448 76 78
g roof_step_or_fixture_side
f 448 450 77 76
g roof_step_or_fixture_side
f 450 449 78 77
g roof_step_or_fixture_side
f 497 496 1088 1089
g roof_step_or_fixture_side
f 81 1088 927 926
g roof_step_or_fixture_side
f 408 980 82 81
g facade_completed
f 87 82 1090 1091
g facade_completed
f 88 87 1091 1092
g facade_completed
f 89 88 1092 1093
g facade_completed
f 1094 89 1093 1095
g facade_completed
f 90 1094 1095 1096
g roof_step_or_fixture_side
f 517 491 91 90
g roof_step_or_fixture_side
f 491 499 1097 91
g roof_step_or_fixture_side
f 79 1097 1040 1039
g roof_step_or_fixture_side
f 80 79 1039 1038
g roof_step_or_fixture_side
f 498 497 1089 80
g roof_step_or_fixture_side
f 489 488 79 83
g roof_step_or_fixture_side
f 488 490 92 79
g roof_step_or_fixture_side
f 490 489 83 92
g roof_step_or_fixture_side
f 485 487 86 85
g roof_step_or_fixture_side
f 487 486 84 86
g roof_step_or_fixture_side
f 486 485 85 84
g roof_step_or_fixture_side
f 504 503 93 95
g roof_step_or_fixture_side
f 94 93 1100 932
g roof_step_or_fixture_side
f 95 94 932 931
g roof_step_or_fixture_side
f 110 109 920 938
g roof_step_or_fixture_side
f 111 110 938 919
g roof_step_or_fixture_side
f 112 111 919 1101
g roof_step_or_fixture_side
f 113 112 1101 918
g roof_step_or_fixture_side
f 130 113 918 917
g roof_step_or_fixture_side
f 114 130 917 916
g roof_step_or_fixture_side
f 115 114 916 915
g roof_step_or_fixture_side
f 116 115 915 914
g roof_step_or_fixture_side
f 117 116 914 913
g roof_step_or_fixture_side
f 118 117 913 939
g roof_step_or_fixture_side
f 119 118 939 912
g roof_step_or_fixture_side
f 120 119 912 911
g roof_step_or_fixture_side
f 509 508 121 120
g roof_step_or_fixture_side
f 508 507 122 121
g roof_step_or_fixture_side
f 507 536 123 122
g roof_step_or_fixture_side
f 536 535 124 123
g roof_step_or_fixture_side
f 535 534 125 124
g roof_step_or_fixture_side
f 534 533 126 125
g roof_step_or_fixture_side
f 533 1103 131 126
g roof_step_or_fixture_side
f 1103 1104 127 131
g roof_step_or_fixture_side
f 1104 532 96 127
g roof_step_or_fixture_side
f 532 531 97 96
g roof_step_or_fixture_side
f 531 530 98 97
g roof_step_or_fixture_side
f 530 529 99 98
g roof_step_or_fixture_side
f 529 528 100 99
g roof_step_or_fixture_side
f 528 527 128 100
g roof_step_or_fixture_side
f 527 526 129 128
g roof_step_or_fixture_side
f 526 525 101 129
g roof_step_or_fixture_side
f 525 524 102 101
g roof_step_or_fixture_side
f 524 523 103 102
g roof_step_or_fixture_side
f 523 522 104 103
g roof_step_or_fixture_side
f 522 548 105 104
g roof_step_or_fixture_side
f 106 105 951 957
g roof_step_or_fixture_side
f 107 106 1045
g roof_step_or_fixture_side
f 429 428 108 107
g roof_step_or_fixture_side
f 109 108 921 920
g roof_step_or_fixture_side
f 1056 1046 132 134
g roof_step_or_fixture_side
f 1046 1057 133 132
g roof_step_or_fixture_side
f 1057 1056 134 133
g roof_step_or_fixture_side
f 738 745 135 1074
g roof_step_or_fixture_side
f 745 1029 136 135
g roof_step_or_fixture_side
f 402 401 1075 739 738 1074 136 1029
g roof_step_or_fixture_side
f 138 137 946 935
g roof_step_or_fixture_side
f 139 138 935 934
g roof_step_or_fixture_side
f 501 500 140 139
g roof_step_or_fixture_side
f 141 140 929 928
g roof_step_or_fixture_side
f 142 141 928 1106
g roof_step_or_fixture_side
f 495 494 143 142
g roof_step_or_fixture_side
f 144 143 943 945
g roof_step_or_fixture_side
f 492 491 91 144
g roof_step_or_fixture_side
f 491 516 145 91
g roof_step_or_fixture_side
f 516 515 146 145
g roof_step_or_fixture_side
f 515 540 147 146
g roof_step_or_fixture_side
f 540 514 148 147
g roof_step_or_fixture_side
f 514 513 149 148
g roof_step_or_fixture_side
f 513 512 150 149
g roof_step_or_fixture_side
f 137 150 947 946
g roof_step_or_fixture_side
f 153 152 950 949
g roof_step_or_fixture_side
f 538 537 154 153
g roof_step_or_fixture_side
f 537 507 122 154
g roof_step_or_fixture_side
f 507 506 155 122
g roof_step_or_fixture_side
f 506 511 151 155
g roof_step_or_fixture_side
f 138 151 936 935
g roof_step_or_fixture_side
f 152 138 935 950
g roof_step_or_fixture_side
f 541 550 158 157 1052
g roof_step_or_fixture_side
f 550 549 159 158
g roof_step_or_fixture_side
f 549 522 104 159
g roof_step_or_fixture_side
f 522 521 160 104
g facade_completed
f 161 160 1108 1109
g facade_completed
f 162 161 1109 1110
g facade_completed
f 170 162 1110 1111
g facade_completed
f 171 170 1111 1112
g facade_completed
f 163 171 1112 1113
g facade_completed
f 164 163 1113 1114
g roof_step_or_fixture_side
f 467 466 165 164
g roof_step_or_fixture_side
f 466 465 166 165
g roof_step_or_fixture_side
f 465 464 167 166
g roof_step_or_fixture_side
f 464 463 168 167
g roof_step_or_fixture_side
f 463 462 169 168
g roof_step_or_fixture_side
f 462 1053 156 169
g roof_step_or_fixture_side
f 1053 1052 157 156
g roof_step_or_fixture_side
f 196 195 581 580
g roof_step_or_fixture_side
f 197 196 580 579
g roof_step_or_fixture_side
f 787 786 198 197
g roof_step_or_fixture_side
f 199 198 964 963
g roof_step_or_fixture_side
f 200 199 963 970
g roof_step_or_fixture_side
f 201 200 970 969 554
g roof_step_or_fixture_side
f 202 201 554 969 995
g roof_step_or_fixture_side
f 203 202 995 994 552
g roof_step_or_fixture_side
f 864 863 204 203
g roof_step_or_fixture_side
f 205 204 999 998 566
g roof_step_or_fixture_side
f 206 205 566 565
g roof_step_or_fixture_side
f 211 206 565 564
g roof_step_or_fixture_side
f 1115 211 564 563
g roof_step_or_fixture_side
f 212 1115 563 562
g roof_step_or_fixture_side
f 207 212 562 561
g roof_step_or_fixture_side
f 208 207 561 1007 1006 570
g roof_step_or_fixture_side
f 172 208 570 569
g roof_step_or_fixture_side
f 173 172 569 568
g roof_step_or_fixture_side
f 1117 173 568 1005 1004
g roof_step_or_fixture_side
f 174 1117 1004 1003 702
g roof_step_or_fixture_side
f 887 866 176 175
g roof_step_or_fixture_side
f 866 865 177 176
g roof_step_or_fixture_side
f 865 774 178 177
g roof_step_or_fixture_side
f 774 773 179 178
g roof_step_or_fixture_side
f 773 772 180 179
g roof_step_or_fixture_side
f 772 771 181 180
g roof_step_or_fixture_side
f 771 770 182 181
g roof_step_or_fixture_side
f 770 844 183 182
g roof_step_or_fixture_side
f 844 843 184 183
g roof_step_or_fixture_side
f 843 842 185 184
g roof_step_or_fixture_side
f 842 841 186 185
g roof_step_or_fixture_side
f 841 812 209 186
g roof_step_or_fixture_side
f 812 811 191 209
g roof_step_or_fixture_side
f 811 810 192 191
g roof_step_or_fixture_side
f 810 809 193 192
g roof_step_or_fixture_side
f 809 808 210 193
g roof_step_or_fixture_side
f 808 807 194 210
g roof_step_or_fixture_side
f 807 806 195 194
g roof_step_or_fixture_side
f 186 190 596 595
g roof_step_or_fixture_side
f 187 186 595 594
g roof_step_or_fixture_side
f 188 187 594 593
g roof_step_or_fixture_side
f 213 188 593 592
g roof_step_or_fixture_side
f 189 213 592 591
g roof_step_or_fixture_side
f 190 189 591 596
g roof_step_or_fixture_side
f 801 800 216 215
g roof_step_or_fixture_side
f 800 799 217 216
g roof_step_or_fixture_side
f 218 217 1120 584
g roof_step_or_fixture_side
f 214 218 584 583
g roof_step_or_fixture_side
f 802 801 215 214
g roof_step_or_fixture_side
f 769 768 221 220
g roof_step_or_fixture_side
f 768 767 222 221
g roof_step_or_fixture_side
f 767 766 223 222
g roof_step_or_fixture_side
f 766 765 224 223
g roof_step_or_fixture_side
f 765 764 225 224
g roof_step_or_fixture_side
f 764 832 226 225
g roof_step_or_fixture_side
f 832 831 227 226
g roof_step_or_fixture_side
f 831 830 228 227
g roof_step_or_fixture_side
f 830 829 229 228
g roof_step_or_fixture_side
f 829 828 230 229
g roof_step_or_fixture_side
f 231 230 603 602
g roof_step_or_fixture_side
f 750 749 232 231
g roof_step_or_fixture_side
f 749 748 233 232
g roof_step_or_fixture_side
f 748 1123 234 233
g roof_step_or_fixture_side
f 1123 1124 248 234
g roof_step_or_fixture_side
f 1124 747 235 248
g roof_step_or_fixture_side
f 747 746 236 235
g roof_step_or_fixture_side
f 746 824 237 236
g roof_step_or_fixture_side
f 824 822 238 237
g roof_step_or_fixture_side
f 822 821 239 238
g roof_step_or_fixture_side
f 821 820 240 239
g roof_step_or_fixture_side
f 820 819 241 240
g roof_step_or_fixture_side
f 819 818 242 241
g roof_step_or_fixture_side
f 818 817 243 242
g roof_step_or_fixture_side
f 817 816 244 243
g roof_step_or_fixture_side
f 816 815 245 244
g roof_step_or_fixture_side
f 815 814 246 245
g roof_step_or_fixture_side
f 814 813 247 246
g roof_step_or_fixture_side
f 813 812 209 247
g roof_step_or_fixture_side
f 812 845 219 209
g roof_step_or_fixture_side
f 845 770 182 219
g roof_step_or_fixture_side
f 770 769 220 182
g roof_step_or_fixture_side
f 760 759 252 251
g roof_step_or_fixture_side
f 759 758 253 252
g roof_step_or_fixture_side
f 758 823 254 253
g roof_step_or_fixture_side
f 823 763 255 254
g roof_step_or_fixture_side
f 763 762 256 255
g roof_step_or_fixture_side
f 762 761 249 256
g roof_step_or_fixture_side
f 761 825 250 249
g roof_step_or_fixture_side
f 825 760 251 250
g roof_step_or_fixture_side
f 752 751 258 257
g roof_step_or_fixture_side
f 259 258 604 599
g roof_step_or_fixture_side
f 261 260 259 599 597
g roof_step_or_fixture_side
f 1126 757 756 262 261 260
g roof_step_or_fixture_side
f 756 1127 263 262
g roof_step_or_fixture_side
f 1127 755 264 263
g roof_step_or_fixture_side
f 755 754 265 264
g roof_step_or_fixture_side
f 754 753 266 265
g roof_step_or_fixture_side
f 753 752 257 266
g roof_step_or_fixture_side
f 1129 304 636 635
g roof_step_or_fixture_side
f 783 782 305 1129
g roof_step_or_fixture_side
f 782 781 309 305
g roof_step_or_fixture_side
f 781 780 310 309
g roof_step_or_fixture_side
f 780 779 311 310
g roof_step_or_fixture_side
f 779 778 312 311
g roof_step_or_fixture_side
f 778 777 319 312
g roof_step_or_fixture_side
f 320 319 606 605
g roof_step_or_fixture_side
f 322 320 605 610
g roof_step_or_fixture_side
f 323 322 610 609
g roof_step_or_fixture_side
f 1131 775 324 323
g roof_step_or_fixture_side
f 775 774 178 324
g roof_step_or_fixture_side
f 774 867 325 178
g roof_step_or_fixture_side
f 867 866 176 325
g roof_step_or_fixture_side
f 866 888 326 176
g roof_step_or_fixture_side
f 327 326 696 695
g roof_step_or_fixture_side
f 24 329 692 691
g roof_step_or_fixture_side
f 332 331 22 884 883
g roof_step_or_fixture_side
f 437 436 333 332
g roof_step_or_fixture_side
f 436 435 1132 333
g roof_step_or_fixture_side
f 435 434 1132
g roof_step_or_fixture_side
f 1134 434 433
g roof_step_or_fixture_side
f 1135 1134 433 432
g roof_step_or_fixture_side
f 1136 1135 432 431
g roof_step_or_fixture_side
f 1138 1136 431 430
g roof_step_or_fixture_side
f 334 1138 430 429
g roof_step_or_fixture_side
f 335 334 429 107 1045 1044 1012
g roof_step_or_fixture_side
f 336 335 1012 1011
g roof_step_or_fixture_side
f 337 336 1011 1010
g roof_step_or_fixture_side
f 338 337 1010 1009 447
g roof_step_or_fixture_side
f 1140 338 447 446
g roof_step_or_fixture_side
f 1141 1140 446 445
g roof_step_or_fixture_side
f 1142 1141 445 909 908
g roof_step_or_fixture_side
f 339 1142 908 907
g roof_step_or_fixture_side
f 340 339 907 906
g roof_step_or_fixture_side
f 341 340 906 905 1022
g roof_step_or_fixture_side
f 342 341 1022 905 1013 1015 898
g roof_step_or_fixture_side
f 356 342 898 897
g roof_step_or_fixture_side
f 343 356 897 896
g roof_step_or_fixture_side
f 344 343 896 895
g roof_step_or_fixture_side
f 345 344 895 894
g roof_step_or_fixture_side
f 892 347 715 714
g roof_step_or_fixture_side
f 892 891 348
g roof_step_or_fixture_side
f 891 890 357 348
g roof_step_or_fixture_side
f 321 357 712 711
g roof_step_or_fixture_side
f 349 321 711 710
g roof_step_or_fixture_side
f 350 349 710 728
g roof_step_or_fixture_side
f 358 350 728 727
g roof_step_or_fixture_side
f 316 358 727 726
g roof_step_or_fixture_side
f 351 316 726 725
g roof_step_or_fixture_side
f 352 351 725 724
g roof_step_or_fixture_side
f 353 352 724 723
g roof_step_or_fixture_side
f 354 353 723 722
g roof_step_or_fixture_side
f 267 354 722 721
g roof_step_or_fixture_side
f 1150 267 721 720
g roof_step_or_fixture_side
f 1151 1150 720 719
g roof_step_or_fixture_side
f 1153 1151 719 718
g roof_step_or_fixture_side
f 1154 1153 718 717
g roof_step_or_fixture_side
f 1156 1154 717 716
g roof_step_or_fixture_side
f 1027 1026 1158 1156
g roof_step_or_fixture_side
f 1160 1158 893 735
g roof_step_or_fixture_side
f 1161 1160 735 737
g roof_step_or_fixture_side
f 1162 1161 737 901 900 1020
g roof_step_or_fixture_side
f 1164 1162 1020 1019
g roof_step_or_fixture_side
f 1166 1164 1019 1025
g roof_step_or_fixture_side
f 268 1166 1025 1024
g roof_step_or_fixture_side
f 269 268 1024 1032
g roof_step_or_fixture_side
f 270 269 1032 1031
g roof_step_or_fixture_side
f 271 270 1031 1030
g roof_step_or_fixture_side
f 272 271 1030 745
g roof_step_or_fixture_side
f 273 272 745 744
g roof_step_or_fixture_side
f 274 273 744 41
g roof_step_or_fixture_side
f 278 277 37 669 668
g roof_step_or_fixture_side
f 279 278 668 667
g roof_step_or_fixture_side
f 280 279 667 666
g roof_step_or_fixture_side
f 355 280 666 665
g roof_step_or_fixture_side
f 282 355 665 664
g roof_step_or_fixture_side
f 283 282 664 663
g roof_step_or_fixture_side
f 1172 283 663 662
g roof_step_or_fixture_side
f 1173 1172 662 661
g roof_step_or_fixture_side
f 284 1173 661 660
g roof_step_or_fixture_side
f 285 284 660 659
g roof_step_or_fixture_side
f 286 285 659 658
g roof_step_or_fixture_side
f 287 286 658 657
g roof_step_or_fixture_side
f 288 287 657 656
g roof_step_or_fixture_side
f 289 288 656 655
g roof_step_or_fixture_side
f 290 289 655 654
g roof_step_or_fixture_side
f 1175 290 654 653
g roof_step_or_fixture_side
f 291 1175 653 652
g roof_step_or_fixture_side
f 292 291 652 651
g roof_step_or_fixture_side
f 293 292 651 650
g roof_step_or_fixture_side
f 294 293 650 649
g roof_step_or_fixture_side
f 295 294 649 645
g roof_step_or_fixture_side
f 296 295 645 644
g roof_step_or_fixture_side
f 297 296 644 643
g roof_step_or_fixture_side
f 298 297 643 642
g roof_step_or_fixture_side
f 299 298 642 641
g roof_step_or_fixture_side
f 300 299 641 640
g roof_step_or_fixture_side
f 301 300 640 639
g roof_step_or_fixture_side
f 302 301 639 638
g roof_step_or_fixture_side
f 303 302 638 637
g roof_step_or_fixture_side
f 304 303 637 636
g roof_step_or_fixture_side
f 316 359 734 726
g roof_step_or_fixture_side
f 317 316 726 733
g roof_step_or_fixture_side
f 318 317 733 732
g roof_step_or_fixture_side
f 313 318 732 731
g roof_step_or_fixture_side
f 314 313 731 730
g roof_step_or_fixture_side
f 315 314 730 729
g roof_step_or_fixture_side
f 359 315 729 734
g roof_step_or_fixture_side
f 308 307 611 613
g roof_step_or_fixture_side
f 306 308 613 612
g roof_step_or_fixture_side
f 307 306 612 611
g facade_completed
f 360 362 633 1176 1177
g roof_step_or_fixture_side
f 784 1178 361 360
g roof_step_or_fixture_side
f 362 361 634 633
g roof_step_or_fixture_side
f 372 368 616 615
g roof_step_or_fixture_side
f 371 372 615 614
g roof_step_or_fixture_side
f 373 371 614 682
g roof_step_or_fixture_side
f 374 373 682 681
g roof_step_or_fixture_side
f 375 374 681 680
g roof_step_or_fixture_side
f 1179 376 375 680 1180 679
g roof_step_or_fixture_side
f 871 870 377 1179 376
g roof_step_or_fixture_side
f 870 869 378 377
g roof_step_or_fixture_side
f 869 868 379 378
g roof_step_or_fixture_side
f 868 878 380 379
g roof_step_or_fixture_side
f 878 877 381 380
g roof_step_or_fixture_side
f 877 858 382 381
g roof_step_or_fixture_side
f 858 857 383 382
g roof_step_or_fixture_side
f 857 856 384 383
g roof_step_or_fixture_side
f 856 855 387 384
g roof_step_or_fixture_side
f 855 854 1181 387
g roof_step_or_fixture_side
f 854 853 385 1181
g roof_step_or_fixture_side
f 853 852 386 385
g roof_step_or_fixture_side
f 852 851 363 386
g roof_step_or_fixture_side
f 851 850 1182 363
g roof_step_or_fixture_side
f 850 849 1183 1182
g roof_step_or_fixture_side
f 364 1183 621 620
g roof_step_or_fixture_side
f 365 364 620 619
g roof_step_or_fixture_side
f 366 365 619 618
g roof_step_or_fixture_side
f 367 366 618 617
g roof_step_or_fixture_side
f 368 367 617 616
g roof_step_or_fixture_side
f 371 370 687 614
g roof_step_or_fixture_side
f 369 371 614 688
g roof_step_or_fixture_side
f 370 369 688 687
g facade_completed
f 391 390 1184 1185
g roof_step_or_fixture_side
f 874 873 392 391
g roof_step_or_fixture_side
f 393 392 678 677
g roof_step_or_fixture_side
f 394 393 677 676
g roof_step_or_fixture_side
f 395 394 676 675
g roof_step_or_fixture_side
f 396 395 675 674
g roof_step_or_fixture_side
f 388 396 674 673 46
g facade_completed
f 390 389 45 1072 1184
g roof_step_or_fixture_side
f 400 399 1035 1034
g roof_step_or_fixture_side
f 403 402 1029 1028 444
g roof_step_or_fixture_side
f 404 403 444 443
g roof_step_or_fixture_side
f 405 404 443 442
g roof_step_or_fixture_side
f 406 405 442 441
g roof_step_or_fixture_side
f 397 406 441 1055 1054
g roof_step_or_fixture_side
f 398 397 1054 1018
g roof_step_or_fixture_side
f 399 398 1018 1035
g roof_step_or_fixture_side
f 410 409 925 924 14
g roof_step_or_fixture_side
f 414 413 11 881 880 8
g roof_step_or_fixture_side
f 415 414 8 703
g roof_step_or_fixture_side
f 416 415 703 985 984
g roof_step_or_fixture_side
f 417 416 984 983
g roof_step_or_fixture_side
f 418 417 983 982
g roof_step_or_fixture_side
f 407 418 982 981
g roof_step_or_fixture_side
f 408 407 981
g roof_step_or_fixture_side
f 409 408 81 926 925
g roof_step_or_fixture_side
f 422 421 942 910
g roof_step_or_fixture_side
f 419 422 910 941
g roof_step_or_fixture_side
f 420 419 941 940
g roof_step_or_fixture_side
f 421 420 940 942
g roof_step_or_fixture_side
f 428 427 16 922 921 108
g roof_step_or_fixture_side
f 438 437 332 883 885 21
g roof_step_or_fixture_side
f 445 444 1028 902 909
g roof_step_or_fixture_side
f 440 447 1009
g roof_step_or_fixture_side
f 441 440 1047 1055
g roof_step_or_fixture_side
f 1016 458 457
g facade_completed
f 1204 467 164 1114 1205
g facade_completed
f 1206 1204 1205 1207
g facade_completed
f 1208 1206 1207 1209
g facade_completed
f 468 1208 1209 1210
g facade_completed
f 469 468 1210 1211
g facade_completed
f 470 469 1211 1084 60
g roof_step_or_fixture_side
f 483 460 960 959
g roof_step_or_fixture_side
f 484 483 959 958
g roof_step_or_fixture_side
f 461 484 958 962
g roof_step_or_fixture_side
f 459 461 962 961
g roof_step_or_fixture_side
f 460 459 961 960
g roof_step_or_fixture_side
f 494 493 944 943 143
g roof_step_or_fixture_side
f 496 495 142 1106 927 1088
g roof_step_or_fixture_side
f 499 498 80 1038 1040 1097
g roof_step_or_fixture_side
f 493 492 144 945 944
g roof_step_or_fixture_side
f 502 501 139 934 933
g roof_step_or_fixture_side
f 503 502 933 1100 93
g roof_step_or_fixture_side
f 505 504 95 931 930
g roof_step_or_fixture_side
f 500 505 930 929 140
g roof_step_or_fixture_side
f 510 509 120 911 1041 1043 937
g roof_step_or_fixture_side
f 511 510 937 936 151
g facade_completed
f 518 517 90 1096 1213
g facade_completed
f 519 518 1213 1214
g facade_completed
f 520 519 1214 1215
g facade_completed
f 521 520 1215 1108 160
g roof_step_or_fixture_side
f 539 538 153 949 948
g roof_step_or_fixture_side
f 512 539 948 947 150
g roof_step_or_fixture_side
f 544 543 1050 1049
g roof_step_or_fixture_side
f 545 544 1049 1048
g roof_step_or_fixture_side
f 546 545 1048 954 953
g roof_step_or_fixture_side
f 547 546 953 952
g roof_step_or_fixture_side
f 548 547 952 951 105
g roof_step_or_fixture_side
f 542 541 1052 1051
g roof_step_or_fixture_side
f 543 542 1051 1050
g roof_step_or_fixture_side
f 553 552 994 996
g roof_step_or_fixture_side
f 554 553 996 969
g roof_step_or_fixture_side
f 555 554 969 968
g facade_completed
f 556 555 968 1218 1219
g facade_completed
f 557 556 1219 1220
g facade_completed
f 558 557 1220 1221 973
g roof_step_or_fixture_side
f 559 558 973 972
g roof_step_or_fixture_side
f 560 559 972 1002
g roof_step_or_fixture_side
f 551 560 1002 1001
g roof_step_or_fixture_side
f 861 864 203 552 551
g roof_step_or_fixture_side
f 567 566 998 997
g roof_step_or_fixture_side
f 568 567 997 1005
g roof_step_or_fixture_side
f 571 570 1006 1008
g roof_step_or_fixture_side
f 561 571 1008 1007
g roof_step_or_fixture_side
f 793 792 574 573
g roof_step_or_fixture_side
f 792 791 575 574
g roof_step_or_fixture_side
f 791 790 576 575
g roof_step_or_fixture_side
f 790 789 577 576
g roof_step_or_fixture_side
f 789 788 578 577
g roof_step_or_fixture_side
f 788 787 197 579 578
g roof_step_or_fixture_side
f 806 803 582 581 195
g roof_step_or_fixture_side
f 803 802 214 583 582
g roof_step_or_fixture_side
f 799 798 588 1120 217
g roof_step_or_fixture_side
f 798 797 585 588
g roof_step_or_fixture_side
f 797 796 586 585
g roof_step_or_fixture_side
f 796 795 587 586
g roof_step_or_fixture_side
f 795 794 572 587
g roof_step_or_fixture_side
f 794 793 573 572
g roof_step_or_fixture_side
f 803 805 589 582
g roof_step_or_fixture_side
f 805 804 590 589
g roof_step_or_fixture_side
f 804 803 582 590
g roof_step_or_fixture_side
f 827 826 600 599 259
g roof_step_or_fixture_side
f 826 764 225 601 600
g roof_step_or_fixture_side
f 764 1126 757 260 261 597 601 225
g roof_step_or_fixture_side
f 751 750 231 602 604 258
g roof_step_or_fixture_side
f 828 827 259 599 603 230
g roof_step_or_fixture_side
f 777 776 607 606 319
g roof_step_or_fixture_side
f 776 1223 608 607
g roof_step_or_fixture_side
f 1223 1131 323 609 608
g roof_step_or_fixture_side
f 839 838 646 645 295
g roof_step_or_fixture_side
f 838 837 647 646
g roof_step_or_fixture_side
f 837 836 684 647
g roof_step_or_fixture_side
f 836 835 648 684
g roof_step_or_fixture_side
f 835 834 294 649 648
g roof_step_or_fixture_side
f 873 872 871 376 1179 1180 679 678 392
g roof_step_or_fixture_side
f 849 848 622 621 1183
g roof_step_or_fixture_side
f 848 847 623 622
g roof_step_or_fixture_side
f 847 1231 683 623
g roof_step_or_fixture_side
f 1231 1232 624 683
g roof_step_or_fixture_side
f 1232 846 625 624
g roof_step_or_fixture_side
f 846 860 626 625
g roof_step_or_fixture_side
f 860 859 627 626
g roof_step_or_fixture_side
f 859 858 382 628 627
g roof_step_or_fixture_side
f 858 876 629 628 382
g roof_step_or_fixture_side
f 876 875 630 629
g facade_completed
f 631 630 1234 1235
g facade_completed
f 632 631 1235 1236
g facade_completed
f 633 632 1236 1176
g roof_step_or_fixture_side
f 1178 783 1129 635 634 361
g roof_step_or_fixture_side
f 834 833 686 649 294
g roof_step_or_fixture_side
f 833 840 685 686
g roof_step_or_fixture_side
f 840 839 295 645 685
g roof_step_or_fixture_side
f 559 702 1003 972
g roof_step_or_fixture_side
f 1238 559 972 971
g roof_step_or_fixture_side
f 1239 1238 971 993
g roof_step_or_fixture_side
f 1240 1239 993 992
g roof_step_or_fixture_side
f 1241 1240 992 991
g roof_step_or_fixture_side
f 1243 1241 991 990
g roof_step_or_fixture_side
f 1244 1243 990 989
g roof_step_or_fixture_side
f 1245 1244 989 988
g roof_step_or_fixture_side
f 1247 1245 988 987
g roof_step_or_fixture_side
f 1249 1247 987 986
g roof_step_or_fixture_side
f 703 1249 986 985
g roof_step_or_fixture_side
f 329 886 693 692
g roof_step_or_fixture_side
f 888 887 175 697 696 326
g roof_step_or_fixture_side
f 890 889 713 712 357
g roof_step_or_fixture_side
f 889 892 714 713
g roof_step_or_fixture_side
f 347 1027 1156 716 715
g roof_step_or_fixture_side
f 737 736 901
g facade_completed
f 743 742 63 1087 1071 44
g facade_completed
f 1261 784 360 1177 1262
g facade_completed
f 1263 1261 1262 1264
g facade_completed
f 1265 1263 1264 1266
g facade_completed
f 1267 1265 1266 1268
g facade_completed
f 1269 1267 1268 1270
g facade_completed
f 785 1269 1270 1271 965
g roof_step_or_fixture_side
f 786 785 965 964 198
g roof_step_or_fixture_side
f 862 861 551 1001 1000
g roof_step_or_fixture_side
f 863 862 1000 999 204
g facade_completed
f 875 874 391 1185 1234 630
g roof_step_or_fixture_side
f 1026 345 894 893 1158
g roof_step_or_fixture_side
f 899 898 1015 1014
g roof_step_or_fixture_side
f 1021 1020 900 899
g roof_step_or_fixture_side
f 1023 1022 905 904
g roof_step_or_fixture_side
f 1028 1024 903 902
g roof_step_or_fixture_side
f 1024 1023 904 903
g roof_step_or_fixture_side
f 910 937 1043 1042
g roof_step_or_fixture_side
f 911 910 1042 1041
g roof_step_or_fixture_side
f 1048 1047 955 954
g roof_step_or_fixture_side
f 440 1012 1044 956 955 1047
g roof_step_or_fixture_side
f 1044 106 957 956
g facade_completed
f 966 965 1271 1286
g facade_completed
f 967 966 1286 1287
g facade_completed
f 968 967 1287 1218
g facade_completed
f 974 973 1221 1290
g facade_completed
f 975 974 1290 1291
g facade_completed
f 976 975 1291 1292
g facade_completed
f 977 976 1292 1293
g facade_completed
f 978 977 1293 1294
g facade_completed
f 979 978 1294 1295
g facade_completed
f 980 979 1295 1090 82
g roof_step_or_fixture_side
f 1022 1021 899 1014 1013 905
g roof_step_or_fixture_side
f 1036 1018 1017
g ground_assumed
f 1286 1218 1287
g ground_assumed
f 1286 1219 1218
g ground_assumed
f 1286 1220 1219
g ground_assumed
f 1286 1221 1220
g ground_assumed
f 1286 1290 1221
g ground_assumed
f 1286 1291 1290
g ground_assumed
f 1286 1292 1291
g ground_assumed
f 1286 1293 1292
g ground_assumed
f 1286 1294 1293
g ground_assumed
f 1286 1295 1294
g ground_assumed
f 1286 1090 1295
g ground_assumed
f 1286 1091 1090
g ground_assumed
f 1286 1092 1091
g ground_assumed
f 1286 1093 1092
g ground_assumed
f 1286 1288 1289 1300 1299 1242 1298 1297 1246 1248 1250 1191 1296 1192 1193 1212 1095 1093
g ground_assumed
f 1286 1096 1095 1212 1193 1192 1296 1191 1250 1248 1246 1297 1298 1242 1299 1300 1289 1288
g ground_assumed
f 1286 1213 1096
g ground_assumed
f 1286 1214 1213
g ground_assumed
f 1286 1215 1214
g ground_assumed
f 1286 1108 1215
g ground_assumed
f 1286 1109 1108
g ground_assumed
f 1286 1110 1109
g ground_assumed
f 1286 1111 1110
g ground_assumed
f 1286 1112 1111
g ground_assumed
f 1286 1113 1112
g ground_assumed
f 1286 1114 1113
g ground_assumed
f 1286 1205 1114
g ground_assumed
f 1286 1207 1205
g ground_assumed
f 1286 1209 1207
g ground_assumed
f 1286 1210 1209
g ground_assumed
f 1286 1211 1210
g ground_assumed
f 1286 1084 1211
g ground_assumed
f 1286 1085 1084
g ground_assumed
f 1286 1086 1085
g ground_assumed
f 1286 1087 1086
g ground_assumed
f 1286 1071 1087
g ground_assumed
f 1286 1072 1071
g ground_assumed
f 1286 1184 1072
g ground_assumed
f 1286 1185 1184
g ground_assumed
f 1286 1234 1185
g ground_assumed
f 1234 1236 1235
g ground_assumed
f 1234 1176 1236
g ground_assumed
f 1234 1177 1176
g ground_assumed
f 1234 1262 1177
g ground_assumed
f 1234 1264 1262
g ground_assumed
f 1234 1266 1264
g ground_assumed
f 1234 1268 1266
g ground_assumed
f 1234 1270 1268
g ground_assumed
f 1234 1271 1270
g ground_assumed
f 1234 1286 1271
