v -0.18895478758878084 -0.040771875174538764 0.27960415989292414
v -0.31926812494934054 -0.065615066524559465 0.28278629434895658
v -0.35340760249393166 -0.073399785751780855 0.2829499460270441
v -0.35244333003866257 -0.077681261994734838 0.28058230515199462
v -0.35233676543188847 -0.078154420799814564 0.28032065005170248
v -0.30945916120842093 -0.070175752003925673 0.27917093482571659
v -0.35196450795169198 -0.079807285092756114 0.27940662211906808
v -0.3508958197466478 -0.084552379107034614 0.27678260230157126
v -0.18715337844971686 -0.047417073504779486 0.27589144480875211
v -0.18353990446979448 -0.046744677730475581 0.27579455361866573
v -0.35084136614006051 -0.08479415915387109 0.27664889881887939
v -0.35063389669505574 -0.08571534635174706 0.27613948559392709
v -0.349553586898732 -0.090512041321849646 0.27348693064938512
v -0.34939026688064528 -0.09123720040785302 0.27308592030828999
v -0.13533205422991448 -0.042857773361741153 0.27183323331833725
v -0.13463078740570314 -0.042701774316568603 0.2718278198588735
v -0.13462996303385391 -0.04269909466303453 0.27182912391976338
v -0.1329853928173852 -0.037337573858068171 0.27443894620646375
v -0.13229605910126196 -0.035090256280068455 0.27553287069266169
v -0.1322583666448495 -0.034967382199069634 0.27559268168568718
v -0.13062839597981646 -0.029653451231393197 0.27817933892667618
v -0.13062805771472252 -0.029652352256306063 0.27817987375184966
v -0.12995299352959641 -0.027451554256269089 0.27925115401096445
v -0.12991416687093288 -0.027324977622332838 0.27931276744492894
v -0.17778655740138571 -0.038250520803954469 0.27953734089597659
v -0.18822344819667361 -0.040632450509989829 0.27958630159460285
v -0.35235125972343412 -0.078090064565750891 0.2803562388561866
v -0.35514294013585479 -0.065694694624229777 0.28721083353856064
v -0.33582226972213358 -0.061979085619172911 0.28675598489513093
v -0.12599167332295724 -0.014485846974603844 0.28556441661297488
v -0.35675522667091153 -0.05853596397362381 0.29116958567558127
v -0.12830218332696158 -0.022069694917049468 0.28187087625499707
v -0.12756501941373719 -0.019666449731942336 0.28304070127289399
v -0.1936745506020579 -0.034642283585540688 0.28340953267717622
v -0.12832056844002415 -0.022073887230623555 0.28187096436975156
v 0.26936045447062107 0.060982342163168696 0.27596144647690146
v 0.21915024370257905 0.049604919257259378 0.27623985630965381
v 0.21662736233749708 0.044265626886414812 0.27375105094848207
v 0.21657982248343044 0.044254816363108816 0.27375129449372837
v 0.2166264946343624 0.044263790529961662 0.27375019495650565
v 0.21656974395435763 0.044143686325259821 0.2736942107483839
v 0.21973666585008866 0.044861917277440232 0.27367697585843681
v 0.40489997933498845 0.08685528370987769 0.27266923701784157
v 0.44476845518524893 0.094465718745310512 0.27170084513924714
v 0.44343496701232954 0.1004268956813294 0.27499622326296363
v 0.27183621008819092 0.061543337980849017 0.27594771865723888
v 0.2717621863867079 0.061455505605867072 0.27591082626031121
v 0.27174695963248274 0.061523114075412388 0.2759482135239405
v 0.31269989885212957 -0.12146377588989327 0.17478940758456729
v 0.26453506880244759 -0.083309063057975141 0.2008154133133549
v 0.28740392020990396 -0.18819661637605242 0.14290683282621994
v 0.2980489387578224 -0.17386667444668341 0.14910415332231444
v 0.35141017685028397 -0.18835941927623695 0.13485272131122913
v 0.3723379513773275 -0.15169489150690665 0.1514945571755914
v 0.40657633934990484 -0.1439837350299808 0.15127997409201743
v 0.41174690081965365 -0.13254336947364931 0.15664194989890287
v 0.42661588923290389 -0.099644299535396691 0.17206138865346016
v 0.38127467034959056 0.058356103690169893 0.26064969510127889
v 0.37960886770958419 0.064160920502586052 0.26390436336524592
v 0.44814822541410937 0.079356917244513422 0.26334859957776624
v 0.44612547571264599 0.088399343707302999 0.2683473128234804
v 0.44609173535053026 0.088550175367868272 0.2684306935530007
v 0.44548941080865556 0.091242785049969022 0.26991918602531362
v 0.34650569158358829 0.069241200747325052 0.27069256922493601
v 0.44142319647485045 0.087495035989144529 0.26845801423293864
v 0.21267792727004195 0.035796176849851376 0.26979665034994266
v 0.2515953680682344 0.043215474446772525 0.26884632143387061
v 0.3107965316201094 0.054501700877234951 0.26740068229117342
v 0.30941662177450996 0.054190918124045043 0.26740933065360462
v 0.31126530675128977 0.04900834011591694 0.26445854253932949
v 0.31249615599135888 0.045557788677371459 0.2624939132080914
v 0.33932513676804221 -0.029654268014411924 0.21967066454539458
v 0.35119009303569526 -0.038085677351562125 0.21376737455279535
v 0.36757150501725111 -0.049726545291185538 0.20561696738353585
v 0.38029923603626903 -0.10623907936203625 0.1743657406025613
v 0.36321445924677404 -0.0025361718604925555 0.23093232766469904
v 0.36404236767842746 -0.0026090078631537598 0.23079101895586071
v 0.36354176138498856 -0.0039894296269012038 0.23012868133321426
v -0.3459009536164081 -0.28326745771039946 0.17184387956042788
v -0.32961313922564622 -0.25584637328175341 0.18421097056820107
v -0.36452744582945318 -0.10082298877579303 0.26993834112360671
v -0.43892632771035817 -0.11731810982646057 0.27054161918798347
v -0.34742098114605519 -0.28360979772527944 0.17185340607234692
v -0.3988660060370478 -0.27143347305283633 0.18465025250590486
v -0.39863801358362549 -0.27236033313575292 0.18413530622714105
v -0.40012167988763703 -0.27269448386560374 0.18414460483992115
v -0.41638958160870304 -0.21521700479108985 0.21634313020451204
v -0.40621256979945208 -0.24999964612218117 0.196816722098174
v -0.37752525630015998 -0.37737449241250659 0.12637889308158839
v -0.28941579030240788 -0.35753051264140456 0.1258266824595119
v -0.30806069142558906 -0.27474508851004298 0.17160672232934157
v -0.34663851992502887 -0.28450917551427463 0.17128385661208301
v -0.30427085030727752 -0.18400237505163278 0.21877091790176012
v -0.3095049302416758 -0.18211229773564713 0.22041475935627527
v -0.30671207234256326 -0.19451289572557512 0.21355727356369442
v -0.15336257389276811 -0.22772667160817586 0.17702977299744738
v -0.13751577661175612 -0.20941613360841108 0.18466912456892612
v -0.14360560741326661 -0.20331127907731425 0.18863208208917337
v -0.12000661115184121 -0.1979963223058672 0.18848417948296758
v -0.11582852597916289 -0.17394907012726371 0.20058778994879495
v -0.023335733013399165 -0.14188524411541487 0.20590475799455427
v -0.03292814249543833 -0.18686510251702998 0.18348650150363985
v -0.024192979067503333 -0.19534591195546272 0.17794693136951797
v 0.013408923765260747 -0.18687722600170606 0.1777112680137739
v 0.0095564332907734674 -0.1697717420106972 0.18717053877201509
v -0.010392857524727069 -0.08119468352136619 0.23615333152881182
v -0.023024733322714434 -0.025107757205661281 0.26716919878833106
v -0.13698411017187123 -0.05037391263397175 0.26809326093501556
v -0.15224328453689923 -0.053757053099944087 0.26821699339706706
v -0.15291927685473641 -0.048918212013648189 0.27084133653622
v -0.18734960452700794 -0.056672597092543735 0.27105712258996606
v -0.18630538917613565 -0.061309028703698941 0.26849319272528349
v -0.16734917839133406 -0.14547670200793625 0.22194877399062787
v -0.21536295295679492 -0.16148589417238046 0.21952225236327241
v -0.23106625168291578 -0.091761510226058093 0.25807958432151235
v -0.25045757438989225 -0.11505751516785571 0.24826436307453387
v -0.28792745878825349 -0.095905320586204268 0.2629833650449297
v -0.30894533226784032 -0.1125762346942851 0.25684853383690043
v -0.25045951075963663 -0.16154898663193856 0.22385858057957167
v -0.25553624210183401 -0.16984704925512084 0.22013449705251614
v -0.22691683865783369 -0.16340139833348635 0.21995512998383798
v -0.24274805283749826 -0.2078392868650614 0.19859810267392042
v -0.23619581224721109 -0.21057531290242038 0.19634606620182854
v -0.23132024520296809 -0.23222336994234083 0.18437476901052333
v -0.22860085931609725 -0.20980113170447703 0.19580692209373249
v -0.179681685177775 -0.1693917515590404 0.21092977290890755
v -0.16246206784581457 -0.20755812383270139 0.18875026163528913
v -0.075170526095733659 -0.13267764741207405 0.21719167524281763
v -0.027811688122527461 -0.1220115082587566 0.21689486202759595
v -0.17931132954282841 -0.16527962929764395 0.21304235173782896
v -0.17599657127920251 -0.17755961182054691 0.20618320834791398
v 0.10312331803682757 -0.02866802987656682 0.249595036493998
v 0.12758555182774586 -0.13728305466608273 0.18953132084329824
v 0.13601294554927715 -0.051127841679164815 0.23370991018485746
v 0.21262024709883176 0.035785180587576057 0.26979805882751917
v 0.21261916789217969 0.035782896630655835 0.26979699418954795
v -0.28798771513320376 -0.23125764708354879 0.19193671511962757
v -0.27730354866612955 -0.2083888016253608 0.20261171905758013
v -0.28884204843488065 -0.20689000427070903 0.20483504262724517
v -0.3043790390643179 -0.20487182159303813 0.20782882502663638
v -0.30228060998466733 -0.21418907895862865 0.20267641547736767
v -0.32076166188594418 -0.21835137430459473 0.20279224220495287
v -0.31930218244962083 -0.22483162443784396 0.19920868732990915
v -0.31674400608959208 -0.23619021055474057 0.19292743033956997
v -0.29585423998600979 -0.27199595628129952 0.17153022054677974
v -0.29100337500672729 -0.29353433349951541 0.15961957586548495
v -0.22601807383085959 -0.27889836916854871 0.15921229190377731
v -0.23561379082504719 -0.23629232393765473 0.18277328067863419
v -0.27209604533152071 -0.24450884317150715 0.1830019268489082
v -0.27375548932790594 -0.24312512340507172 0.18393491758261776
v -0.27144787647706609 -0.19585507114197101 0.20846236950199989
v -0.26629090538482697 -0.20981929266597135 0.200489721365706
v -0.26349824043875725 -0.21326441279724795 0.19833350039039593
v -0.25042590704331502 -0.22939086372970421 0.18824032848175654
v -0.26700095393813933 -0.19771197730497492 0.20693394094958317
v 0.066670146786448378 -0.27309587622467996 0.12581927135752405
v 0.048148795712318386 -0.19085902799348584 0.17129595077201892
v 0.025210657064208532 -0.22390612781481173 0.15680339524162681
v 0.016703888719315368 -0.18613513525106415 0.17769061740057646
v 0.035369045789662018 -0.28438259770922258 0.12379115035676651
v 0.064429631611277016 -0.27783758384044832 0.12360901823678856
v 0.067578356803058834 -0.27712842917642039 0.12358928413883322
v 0.17698399040690688 -0.25248813476679005 0.12290360350771511
v 0.19025982021350638 -0.24949815751008222 0.12282039956983927
v 0.18531766314888126 -0.22755443316834936 0.13495519970752259
v 0.18511960643018224 -0.22769842485669073 0.13490426792727908
v 0.16196711456511195 -0.20233495260795961 0.15110143781290322
v 0.17878468895973487 -0.19854730498958226 0.15099603659258645
v 0.15396569183200973 -0.088348211466511686 0.21193573647845093
v 0.10109925584244045 -0.2695788652748996 0.12337919781210238
v 0.12464843002613038 -0.26427512938574249 0.12323160747221928
v -0.35747566953296683 -0.010990422078494683 0.24440393042045588
v -0.36740140307762059 -0.011265762744590577 0.2434018297998729
v -0.35675522667091153 -0.05853596397362381 0.26954326398317702
v -0.12599167332295724 -0.014485846974603844 0.27300058915563552
v -0.12597476662650803 -0.014482020283389309 0.27300052661805063
v -0.11517933385054786 0.02071249512760609 0.25570106007975274
v -0.039176439836313179 0.046607606927402845 0.25083888291799084
v -0.041944712126222521 0.058899042260373104 0.24404145578600947
v -0.10050069752553925 0.058741027678026678 0.23735690777677926
v -0.1027111284216565 0.061360461968101077 0.23572101131253279
v -0.08187558427795201 0.12928705196305657 0.20233246311706893
v -0.10025887456901908 0.12514677443774294 0.20238963610143901
v -0.10938620154175313 0.09715758359774862 0.21608475980303218
v -0.13623261845292639 0.11821161935381523 0.2018866035839299
v -0.19614875926931655 0.10471732936760229 0.20207294586528712
v -0.19681213656174493 0.10089934797565615 0.20400831491456328
v -0.15146866552901711 0.11111158694882561 0.20386729434706172
v -0.21266834600692713 0.077876123593923444 0.21430870475937358
v -0.20751080008419806 0.10215837491822155 0.20210828241142326
v -0.26779980750154592 0.089866990645901132 0.20161760900709358
v -0.27156366549472183 0.10173926634059552 0.19492600675828869
v -0.27654233354727376 0.087898002327885166 0.20164479870943805
v -0.3467982462102604 0.10412701325998534 0.18497217664604271
v -0.33512658406117174 0.1140784467071244 0.18107685687323632
v -0.37941181839489502 0.10410454338862574 0.18121458627736634
v -0.38466115436141407 0.12741217601150515 0.16832496596903884
v -0.39679953202370971 0.11926518264486606 0.17121541997627318
v -0.40102919351193517 0.11642633338787105 0.17222260914194631
v -0.40101081153746304 0.06116719188083336 0.20134579592923135
v -0.40101037845883208 0.05986535746954777 0.20203190078534475
v -0.40073174620776303 0.059928110914497776 0.20203103425332591
v -0.39497436160044713 0.034364686332153907 0.21616815580390275
v -0.38645332330295518 0.038553091892744501 0.21494575429070231
v -0.37940217491192774 0.042018992115783818 0.21393421859892367
v -0.38153565000730133 0.051491857654930265 0.2086955209548402
v -0.35612191918254571 0.0086213371831560803 0.23422517725566713
v -0.36076913306969333 0.0036329204345914206 0.23631690867708841
v -0.19591605621330208 0.10605662126262189 0.20139404679113571
v -0.33043107345122419 0.07576120122170879 0.20181239550197194
v -0.36037206456392029 0.064019228136204517 0.20453976933563983
v -0.34949698724582368 0.015732681583246578 0.23124326430250791
v -0.14729916543167101 0.092598545081984882 0.21410540322188912
v -0.31959531957912268 0.1273206335884445 0.17589342765128435
v -0.30885194336988586 0.13648059323510547 0.1723079173407307
v -0.30883510038213741 0.15265204991436865 0.16378765422822344
v -0.31190059048436247 0.15457124782162099 0.16242194936171706
v -0.3258078074304479 0.13343489002473694 0.17195323962066852
v -0.081067085873083783 0.13192286187197735 0.2010368605409833
v -0.067789418445226055 0.13245953277083639 0.20228865439116575
v -0.068941837262353423 0.13465370562813581 0.2009991503772996
v -0.076067770252235531 0.14822128123179623 0.19302555658840198
v -0.076061250322543392 0.14824253707765037 0.19301510850202053
v -0.060809769860551872 0.14266198590019927 0.19771875307348571
v -0.065517884253196296 0.16356653476457642 0.18615808960989547
v -0.074646329501006234 0.1528553630224774 0.19074772600926812
v -0.077031644528125234 0.15005647331474725 0.19194702384322623
v -0.10012931177711587 0.19403377801449026 0.16610178986627805
v -0.083137362967941456 0.17749626093151302 0.17678081621232128
v -0.068010990513801078 0.17463620239222896 0.18003632622749632
v -0.071394426850474632 0.18965903420118091 0.17172837830935186
v -0.077964179838314024 0.18490850606895554 0.17347254016845806
v -0.11689039266876849 0.20694511165335647 0.15736041245094817
v -0.11932162897419921 0.20639754956473361 0.15736797373682904
v -0.15228498881451535 0.19897355438802825 0.15747049148261411
v -0.19124684197855016 0.23901368789835686 0.13186654989987423
v -0.19637407806531781 0.21621721753848727 0.14328748242870584
v -0.18311122300406291 0.20523103229320838 0.15061000412018208
v -0.17770387840446583 0.20644887235712769 0.15059318699067095
v -0.17612654241577044 0.19944532602983939 0.15446629819147989
v -0.16371828546890208 0.18916703977820432 0.16131699034117877
v -0.15279380406772908 0.14066113353499252 0.18814179585573437
v -0.16239992947089413 0.13849764569231918 0.18817167139510443
v -0.15967446998999313 0.12639630409944025 0.19486397261267641
v -0.18596107002236151 0.1204760462313013 0.19494572530382592
v -0.18868652950326251 0.13257738782418024 0.18825342408625395
v -0.19141481535508773 0.13196292433890058 0.18826190919513963
v -0.14426008104001461 0.20078092104012213 0.15744553359911351
v -0.05895984734226091 0.13444812533348538 0.20226119397368797
v -0.051547064287899125 0.10153454831510235 0.22046310732710359
v -0.045864143487392088 0.090714427293348374 0.2268220363257783
v -0.024875881109222744 0.12879470400363571 0.20917987323809961
v -0.023734901095617426 0.12831253983317767 0.20956584223602648
v -0.027276484163346729 0.14403756032187118 0.20086956894123253
v -0.050360521591646716 0.13883858233568763 0.20094136152654118
v -0.046209566769162977 0.13731973861675784 0.20222153994511871
v -0.048477075789268742 0.23817053308457714 0.14881201791844192
v -0.061066622449082147 0.19712697489011741 0.16898651529020334
v -0.067967858599153608 0.17462804711640331 0.18004560910047979
v -0.057739114762795737 0.17269401833891818 0.18224704868460856
v -0.057739113263767482 0.17269402025954811 0.18224704784140514
v -0.045896979888627336 0.1865893902916699 0.17629301241651199
v -0.03587954952100296 0.18223612263452307 0.17974494549065934
v 0.00038972277038030849 0.16647461045789144 0.1922430708676327
v -0.013999221051515312 0.23036311327617928 0.15691135980025422
v -0.047291521936371581 0.23290654285209123 0.15172311733911945
v 0.11900664373196986 0.066873830400030393 0.25844135164884702
v 0.12957411202075353 0.019953101796522613 0.28438951996090034
v 0.14938995938811928 0.023730833998838859 0.28468897802409387
v 0.14959509985851169 0.023439543391075516 0.28486619534572505
v 0.14952375098556556 0.023756340292456466 0.28469099988529323
v 0.21262024709883176 0.035785180587576057 0.28564451723445705
v 0.21457194623397113 0.039915655967150854 0.28369336922642335
v 0.21656974395435763 0.044143686325259821 0.28169613856031772
v 0.2166264946343624 0.044263790529961662 0.28163940394802206
v 0.21662735976104228 0.044265628338598428 0.28163853540168399
v 0.21915024370257905 0.049604919257259378 0.27911636940099055
v 0.22007986836834909 0.051572324788819922 0.27818700940739627
v 0.22016348674069189 0.051591204955962679 0.27818672421727136
v 0.22008138351115464 0.051575532709278879 0.27818549398352294
v 0.21657982248343044 0.044254816363108816 0.28163873894161379
v 0.22315056412724654 0.058070985424922797 0.27511718144532271
v 0.14576941622518438 0.040426002196656069 0.27547231964812602
v 0.14420799457623545 0.047358887002296367 0.27163828577161109
v 0.2023885760818997 0.060462295019176292 0.2714573411630764
v 0.17901252720062577 0.086178769121228682 0.25520322291309677
v 0.14333002150533763 0.078142368999790518 0.25531419737992
v 0.12561475507267794 0.097806214340283359 0.24290402458125654
v 0.16356595669053489 0.1531855324738253 0.21810597805975776
v 0.18031233820483916 0.14773768848741417 0.22291246571298329
v 0.16725524650705997 0.20571262032152676 0.1908510861620861
v 0.19838146918157903 0.21272285610923355 0.19075428196248292
v 0.18829788669720068 0.25749507801788302 0.16599428386976181
v 0.19282992762045939 0.26161375398395198 0.16434758634482519
v 0.18523730877002295 0.29532582184774925 0.14570409042009627
v 0.14518588963812173 0.28630545677112063 0.14582865245375129
v 0.14391682187641305 0.29194025820260777 0.14271248648351201
v 0.13867366251527186 0.28483877548778447 0.14584890577761736
v 0.10640949863848173 0.2775722529947125 0.14594924904238923
v 0.11335036647223262 0.25054019014764967 0.16099711490421484
v 0.11485259922488052 0.24468955984642204 0.1642539695477318
v 0.12235628250923095 0.21546554293809572 0.18052202459128125
v 0.15851871296730277 0.199197676256815 0.19327464556908203
v 0.16137282893699484 0.18652508553985775 0.2002828597766573
v 0.040915479599392041 0.15939572798304102 0.20065748839163577
v 0.088312444653514482 0.11197954435614797 0.231123459575544
v 0.088312445121960806 0.11197394169121208 0.23112641219275384
v 0.088311010458234515 0.11197794498669252 0.23112413666786755
v 0.037536936606223474 0.14355336974628444 0.20861577897586739
v 0.026181205013875448 0.14256981472847624 0.20782162364806986
v 0.034497655373419749 0.13088735877961549 0.21493937494175341
v 0.029357434469711438 0.11281773780801581 0.22386780030599002
v 0.026979802243450958 0.094049810733536077 0.23348352276909118
v 0.064753241970819678 0.10255713020553496 0.23336604542402217
v 0.087606604575174565 0.086941169034539037 0.24423687435551916
v 0.045194602086922837 0.066043518885555416 0.25034782398233268
v 0.033631520269160657 0.080984046267271903 0.24113785759639345
v 0.024258545522477179 0.081289539886653703 0.23989354970592222
v 0.016771998192209234 0.091750813079127372 0.23351526956416585
v 0.01078475699615063 0.081728693704286592 0.23810483775775307
v 0.0093427948292213459 0.011347951618480493 0.27502818521543709
v -0.002790615709272519 0.059004700423501151 0.24851115146844902
v -0.0081221760923940664 0.058990313078252352 0.24790251906253521
v -0.0077452241710037764 0.057316604984847398 0.24882811551148007
v -0.030295254895249927 0.0071741631292182879 0.2726464223231394
v -0.12597496192178248 -0.014482656948794647 0.27300083954019821
v -0.12756501833631062 -0.019666447811312389 0.27554887338138573
v -0.12830218117210848 -0.022069694448603138 0.2767301621241493
v -0.1283023962826626 -0.022070391121983186 0.27673050437103708
v -0.12995299184318965 -0.02745155210141598 0.27937555344689879
v -0.13062805701205302 -0.029652352349995331 0.28045733196299683
v -0.13059961875970869 -0.029646930833254724 0.28045776171565878
v -0.026473225564888205 -0.0097960700540303727 0.28203132488446747
v -0.023024733322714434 -0.025107757205661281 0.29049901599875588
v 0.0027887685683737912 -0.019384595413335103 0.29046645110901276
v 0.0044124106640399396 -0.011771170378675446 0.2866419040201682
v 0.0044312630523153946 -0.011766972443745414 0.28664187071363417
v 0.0076776982783661844 -0.011162877315282111 0.2866987366314358
v 0.0060671545041861476 -0.0040118846953568106 0.28274408447721794
v 0.0061544888738760527 -0.0036023565946668706 0.28253836088483553
v 0.0068747291797388015 -0.0034385502824462724 0.28253528085022434
v 0.0061748441785078843 -0.003571976913357873 0.28252470370687927
v 0.0072622352906040171 0.0015919856466478266 0.2799290218005232
v 0.0076956201448543093 0.0036241803503690266 0.27890816383942485
v 0.02143498190341088 0.0067259968726674953 0.27886151141008331
v 0.0077978224857262624 0.0041033982276427079 0.27866743278445222
v 0.0077979460618677748 0.0041039864088530257 0.27866713710112956
v 0.0093426643200741673 0.01134733954650741 0.27502849265676266
v 0.010417894190720131 0.016389211970445367 0.27249574562461965
v 0.017430033603772876 0.049269899840536542 0.25597837721459871
v 0.050698659117487277 0.058931788954136387 0.2547317919723005
v 0.10307991943568517 0.070729076088444573 0.25456888353115809
v 0.097051528415085117 0.087566083697945912 0.24499918132907791
v 0.10415362924483913 0.087964469662173764 0.2456100866365786
v 0.2205984305843241 0.052669785201596146 0.27766859250347237
v 0.0061603810854877327 -0.0035747350316520064 0.28252448559826865
v 0.0093591373289122499 0.011351071189961851 0.27502843002548849
v 0.034548886209799512 0.041028393164220182 0.26230014928470397
v 0.050534820997760951 0.07859187627764648 0.24435216953705519
v 0.06479502288625516 0.30757942526783494 0.12532599980932152
v 0.06876139716033472 0.28996828471036218 0.13506533790395983
v 0.072906760560594433 0.30940634768036684 0.12530077186651242
v 0.27058135184950466 0.18338578530083091 0.21455941311216734
v 0.26290724844659724 0.21745965347058438 0.19571583387623215
v 0.22174075105709903 0.2081881508974803 0.19584386381805857
v 0.20078856232536405 0.21781228604766475 0.18835040746657783
v 0.21741776775243332 0.19914750490549687 0.20010855708123876
v 0.24864518504608207 0.16409754950192881 0.22218878499674863
v 0.25314497742140341 0.14895773310660101 0.23068740958959585
v 0.26763800491147172 0.15222184716918458 0.23064233554331423
v 0.2573253080915584 0.13039660227290714 0.24095211267779465
v 0.25658714128158883 0.12883438510840278 0.24169007056070155
v 0.25753885445656222 0.12944843280072107 0.24147647069912695
v 0.25660727402736994 0.1287449934161265 0.24173950602968194
v 0.26520725091838099 0.090560144448145669 0.26285654575579515
v 0.29207287347320615 0.085555024168304558 0.26859929005684474
v 0.29482705550652838 0.088822981645636623 0.26719543093953502
v 0.35128236768721227 0.15580967877183086 0.23841908143926407
v 0.36824245268341915 0.13975476905638326 0.24884009532366716
v 0.38926100236528149 0.16740275206942942 0.23669915615000156
v 0.35232938753256526 0.20179704619427233 0.21430517243983199
v 0.33657662148311368 0.19824921433358597 0.21435416438382837
v 0.33855163069494781 0.1894799548053932 0.21920375280002052
v 0.35270288330378702 0.1848731863400426 0.2232670599559097
v 0.27525846544785287 0.16834938592770535 0.22302403238965526
v 0.28376649995632786 0.18635533923449996 0.21451840658535781
v 0.34019043368128538 0.18220348818050014 0.22322779478463789
v 0.27183621008819092 0.061543337980849017 0.27891430339069806
v 0.44343496701232954 0.1004268956813294 0.27825617232239414
v 0.44277537738953654 0.10337550106993595 0.27662604978706135
v 0.4404601628727422 0.11372535153929447 0.27090418390465892
v 0.28643262780533146 0.078862626029187199 0.27147423085492384
v 0.28148903382843771 0.072996835539957658 0.27399407500138906
v 0.27979568036081209 0.070987595081099933 0.27485721087802861
v 0.27477890410573097 0.065034973099314344 0.27741435614084331
v 0.27361972424958603 0.06365955551347327 0.27800521222654334
v 0.20799832823600753 0.026112815749261338 0.29020757005418996
v 0.20805597486646055 0.026125596698359753 0.29020749730447509
v 0.21196559213650992 0.03439970349158316 0.28629898687941119
v 0.2515953680682344 0.043215474446772525 0.2862335111991558
v 0.21267792727004195 0.035796176849851376 0.28564538891938546
v 0.21261916789217969 0.035782896630655835 0.28564559616004126
v 0.13020402908197073 0.017156200362389996 0.28593626640433151
v 0.13040662556088584 0.016256649576165589 0.28643373724595844
v 0.1313970964392232 0.011858849303003851 0.28886581502152942
v 0.13198258441106414 0.0092592178788058425 0.29030346692009901
v -0.36584859105059153 -0.094956957786218349 0.28051183634916621
v -0.36452744582945318 -0.10082298877579303 0.2772012021464843
v -0.34805394512272814 -0.09717061688652058 0.27708028073716201
v -0.34939026655273281 -0.091237201719502739 0.28042894477130237
v -0.34955358652397495 -0.090512043055101049 0.28083820534229398
v -0.35063389660136646 -0.085715346820193397 0.28354533498679918
v -0.35084136614006051 -0.08479415915387109 0.2840652292299099
v -0.35089581932504615 -0.084552381027664561 0.28420168244570665
v -0.36735139174756831 -0.088284356282641197 0.28427767779094248
v -0.36729468346195632 -0.088536147355434483 0.28413557356654873
v -0.36710540865973684 -0.089376548548004836 0.28366127315776596
v -0.36602446908416886 -0.094176039767932693 0.28095256602024887
v -0.27761386536206706 -0.15058947621964422 0.2395626763202762
v -0.30429548664921813 -0.13827502874184425 0.24952908965042522
v -0.29517425486588994 -0.17877430715741705 0.22667235802691893
v -0.27242025947153642 -0.17364966111040078 0.22654811214769113
v -0.13229605910126196 -0.035090256280068455 0.28313086707272844
v -0.13298536344580036 -0.037337481105695083 0.28201341725874773
v -0.13298298125568503 -0.037337035894304288 0.28201335528329846
v -0.13462996518870701 -0.042699093772986502 0.27934731451846734
v -0.13463078614089805 -0.04270177220856012 0.27934598258502091
v -0.13698411017187123 -0.05037391263397175 0.27553095226441171
v -0.023024733322714434 -0.025107757205661281 0.2746944494821888
v -0.024576048757412577 -0.018219745061225905 0.27858186305208255
v -0.024660488175635736 -0.01784482455734003 0.27879345838497205
v -0.024804116630693811 -0.017207098355289472 0.27915337436557108
v -0.025643921444243104 -0.013478272090223639 0.28125782621282508
v -0.026210382672085024 -0.010963121682282776 0.28267731120063205
v -0.02622033931142306 -0.010918912950059529 0.2827022614484575
v -0.026473225564888205 -0.0097960700540303727 0.28333596453974785
v -0.13059961875970869 -0.029646930833254724 0.2858342239910362
v -0.13062839405918653 -0.029653451184548565 0.28583435988731615
v -0.13225836875285796 -0.034967380840575282 0.28319196779218614
v 0.0092088127614978043 -0.017961194916889685 0.274457843659276
v 0.13198258455159803 0.0092592171761363487 0.27355664005387004
v 0.13139709695451418 0.011858847054461474 0.27502380304056601
v 0.13040662560773048 0.016256649435631692 0.27750580749793763
v 0.13020402908197073 0.017156200362389996 0.27801349046953028
v 0.0075433626741983704 -0.01056641238115461 0.27863126516768433
v 0.0076523723834297595 -0.011050427570435898 0.27835809968527114
v 0.0076776981846769198 -0.011162876846835782 0.27829463626306533
v 0.36321445924677404 -0.0025361718604925555 0.23806058442943931
v 0.36354176138498856 -0.0039894296269012038 0.23724040381633665
v 0.36404236767842746 -0.0026090078631537598 0.23791709126168095
v 0.26453506880244759 -0.083309063057975141 0.20721994471892541
v 0.31269989885212957 -0.12146377588989327 0.18069372272511225
v 0.38029923603626903 -0.10623907936203625 0.18032460346056103
v 0.36757150501725111 -0.049726545291185538 0.21221879699950993
v 0.35119009303569526 -0.038085677351562125 0.22052463606597184
v 0.33932513676804221 -0.029654268014411924 0.2265405044387791
v 0.31249615603820347 0.04555778736572174 0.27023599468469744
v 0.20805491074378032 0.026123344642634515 0.27299716125278062
v 0.25284795148470385 -0.023954784591284126 0.24050590148199669
v 0.29835594227341089 -0.013705492544096254 0.24025740972354109
v 0.26229133919541331 -0.065884470804554868 0.21684188515121519
v 0.15396569183200973 -0.088348211466511686 0.21846956469209919
v 0.17878468895973487 -0.19854730498958226 0.15627608357250278
v 0.16196711456511195 -0.20233495260795961 0.15636791423058946
v 0.18511960643018224 -0.22769842485669073 0.13985303547227165
v 0.18531766314888126 -0.22755443316834936 0.1399052204401337
v 0.19025982021350638 -0.24949815751008222 0.1275207573813284
v 0.50588639023292759 -0.17841286371387405 0.12579731064047911
v 0.49462122636736389 -0.12839428979497472 0.1540264832555433
v 0.44814822541410937 0.079356917244513422 0.27123587060682081
v 0.37960886724113785 0.064160922657439168 0.27173897414079334
v 0.38127467034959056 0.058356103690169893 0.26841766198511646
v 0.38701097070294244 0.038366835805511812 0.25698050973637671
v 0.39964742729704433 -0.0056673848421007087 0.23178568575480887
v 0.42270576341752009 -0.086018696313884091 0.1858115065955486
v 0.42661588923290389 -0.099644299535396691 0.17801541826961886
v 0.41174690081965365 -0.13254336947364931 0.16225889467163085
v 0.40657633934990484 -0.1439837350299808 0.1567797005704962
v 0.3723379513773275 -0.15169489150690665 0.15696665581387445
v 0.35141017685028397 -0.18835941927623695 0.13995643352239762
v 0.2980489387578224 -0.17386667444668341 0.15445645515037659
v 0.28740392020990396 -0.18819661637605242 0.14811927410042428
v 0.31395967662047058 -0.024164465852474535 0.23268313523133663
v 0.27614117643176384 -0.070496115093517761 0.21262282113690542
v -0.39863801358362549 -0.27236033313575292 0.1895680519073103
v -0.39886600425695173 -0.27143347389603972 0.19009357490781748
v -0.40012167988763703 -0.27269448386560374 0.18957615331180816
v -0.3459009536164081 -0.28326745771039946 0.17706852437678589
v -0.34742098114605519 -0.28360979772527944 0.17707682430883784
v -0.34663851992502887 -0.28450917551427463 0.17649607340680662
v -0.30806069142558906 -0.27474508851004298 0.17686190146114167
v -0.31674400608959208 -0.23619021055474057 0.19862126444050751
v -0.32666444127204508 -0.22648974952359077 0.2050719537366304
v -0.31930218244962083 -0.22483162443784396 0.20503175284381697
v -0.32076166188594418 -0.21835137430459473 0.20868903625231197
v -0.33722277687173829 -0.22205874020013927 0.20877892046905827
v -0.33160003151550055 -0.24702435156613239 0.19468898354969702
v -0.32961313964724792 -0.25584637145481276 0.18971006665845527
v -0.32452180636453853 -0.27845245445243222 0.17695178572473258
v -0.3043790390643179 -0.20487182159303813 0.21384653828162001
v -0.28884204843488065 -0.20689000427070903 0.2108045951962427
v -0.29308723957472754 -0.18804088603169403 0.22144254371794519
v -0.30427085030727752 -0.18400237505163278 0.22501803794332167
v -0.30671207234256326 -0.19451289572557512 0.2196928446358552
v -0.30897929420506953 -0.20427426991027264 0.2147472090761717
v -0.26700095393813933 -0.19771197730497492 0.21296797136131129
v -0.24274805283749826 -0.2078392868650614 0.204480200810434
v -0.22691683865783369 -0.16340139833348635 0.22629964535742489
v -0.25553624210183401 -0.16984704925512084 0.22645591867792286
v -0.26850318772136916 -0.19104189309143432 0.21673239214590651
v -0.27144787647706609 -0.19585507114197101 0.21452425766738181
v -0.27375548932790594 -0.24312512340507172 0.18948063696485187
v -0.27209604533152071 -0.24450884317150715 0.18852965124018228
v -0.23561379082504719 -0.23629232393765473 0.18833044359569825
v -0.29100337500672729 -0.29353433349951541 0.1646395535764657
v -0.29585423998600979 -0.27199595628129952 0.17679524937162103
v -0.28941579030240788 -0.35753051264140456 0.13013997712298425
v -0.22688000537883271 -0.34344622738646519 0.12979850687240274
v -0.17539446367482261 -0.33185067361871151 0.12951737531963609
v -0.058219841880451234 -0.30546065070856177 0.12887755520934085
v 0.035369045789662018 -0.28438259770922258 0.12836652265911946
v 0.013408923765260747 -0.18687722600170606 0.18339599973409842
v -0.024192979067503333 -0.19534591195546272 0.18360132111846297
v -0.032928139778449619 -0.1868651039692136 0.18924878287411889
v -0.023335733013399165 -0.14188524411541487 0.21214584351050947
v -0.027811688122527461 -0.1220115082587566 0.22336205932549763
v -0.075170526095733659 -0.13267764741207405 0.22362065743873791
v -0.11582852597916289 -0.17394907012726371 0.20663066879638134
v -0.12000661115184121 -0.1979963223058672 0.19426949182981876
v -0.14360560900598413 -0.20331127945207131 0.19439835171800574
v -0.13751577661175612 -0.20941613360841108 0.19035805933024569
v -0.15336257389276811 -0.22772667160817586 0.18254374703679044
v -0.179681685177775 -0.1693917515590404 0.21712946973953831
v -0.22860085931609725 -0.20980113170447703 0.20164380134035959
v -0.23132024520296809 -0.23222336994234083 0.18996952160687539
v -0.23619581224721109 -0.21057531290242038 0.20218711785306079
v -0.25042590704331502 -0.22939086372970421 0.19389816252917796
v -0.26349824015768947 -0.21326441410889768 0.20419058349295682
v -0.25759285424252637 -0.23948498100987953 0.18939238251972776
v -0.22601807383085959 -0.27889836916854871 0.16428470796523931
v 0.048148795712318386 -0.19085902799348584 0.17687883668597226
v 0.072352211782357512 -0.15598903617815091 0.1925139794693235
v 0.05047543385497362 -0.14837861374392433 0.19935301156829924
v 0.066734011058177639 -0.10166391729839563 0.22233880999273589
v 0.032109615019249638 -0.11964329096049965 0.21707113280657528
v 0.029452813796116577 -0.12102288530749671 0.21666693309549581
v 0.012353269001886165 -0.169141839752384 0.19303461488821547
v 0.0095564332907734674 -0.1697717420106972 0.19304988675382212
v 0.016703888719315368 -0.18613513525106415 0.18337800792857345
v 0.025210657064208532 -0.22390612781481173 0.16206104936275997
v -0.38459010126547993 -0.011742578616469206 0.23510199302990992
v -0.39497436160044713 0.034364686332153907 0.20994023259920216
v -0.40100091026848106 0.03140241477142159 0.21080328115744607
v -0.40101037845883208 0.05986535746954777 0.19599099152034741
v -0.47689525037176217 0.042774596043980519 0.19634192448045792
v -0.46557450689517099 -0.0074907575088876055 0.223772846375696
v -0.45409041932235178 -0.054281233392739277 0.24941393889089233
v -0.44870173092570775 -0.076087497640136489 0.26136785480277275
v -0.37333837314329305 -0.061701496551233144 0.26236568619089445
v -0.38148473260836019 -0.025530759087569785 0.24262650994943838
v -0.35612191918254571 0.0086213371831560803 0.22770998894303965
v -0.34949698724582368 0.015732681583246578 0.22475525444951297
v -0.35780776275285275 0.052633444493909783 0.20461768704407479
v -0.36037206456392029 0.064019228136204517 0.19840421156735474
v -0.38153565000730133 0.051491857654930265 0.202540621037643
v -0.3794021752866848 0.042018993849035229 0.20771017361453376
v -0.36881237869102207 -0.0050008749085384101 0.23336996229115498
v -0.36740140307762059 -0.011265762744590577 0.23678885097389712
v -0.35747566953296683 -0.010990422078494683 0.23776293878509153
v -0.36076913260124699 0.0036329183734275742 0.22978265651951271
v -0.3681037263419924 0.036199326116883382 0.21201044317468118
v -0.27157822110589191 0.17465613511142766 0.15082799257434254
v -0.2878293783066278 0.19903377063397273 0.13631319821032015
v -0.32532667777686219 0.16513429734987528 0.1497322504227
v -0.32786100806390689 0.16456351643790249 0.14974397057508707
v -0.34681358731223444 0.17642907456539866 0.14143596302372496
v -0.34681474236034709 0.16029476375937166 0.14983162292614491
v -0.38988239961592003 0.15059508269135913 0.1500307912211373
v -0.38466115436141407 0.12741217601150515 0.16268221921937057
v -0.37941181839489502 0.10410454338862574 0.17540171298445523
v -0.33512658185947397 0.11407844717557072 0.17519691396459183
v -0.31153828158622721 0.11939099500861704 0.1750878288355015
v -0.31959531793956053 0.12732063288577503 0.17005449145682788
v -0.3258078074304479 0.13343489002473694 0.16617346693272206
v -0.27157727695231643 0.15100747876100726 0.16313411875893793
v -0.30369255219022345 0.1131245944188356 0.17923188222560302
v -0.2505871790140527 0.17046678535041693 0.15537101692444719
v -0.30366064453067948 0.16709441807257816 0.1511512686037404
v -0.30884999022976295 0.11675043364858427 0.17676452243104857
v -0.30926699506177141 0.1199025332934949 0.17507732514454083
v -0.21266834600692713 0.077876123593923444 0.20782092177493558
v -0.14729916543167101 0.092598545081984882 0.20751861916510028
v -0.15146866552901711 0.11111158694882561 0.19741564028572492
v -0.19681213656174493 0.10089934797565615 0.19762533316438427
v -0.19614875926931655 0.10471732936760229 0.19571325339278584
v -0.20751080008419806 0.10215837491822155 0.195765797658982
v -0.057739114762795737 0.17269401833891818 0.17592145947959387
v -0.057739113263767482 0.17269402025954811 0.17592145868323511
v -0.067967858599153608 0.17462804711640331 0.17376357434870107
v -0.067991670194487874 0.17455041820512998 0.17380128947791584
v -0.065517884253196296 0.16356653476457642 0.17979543903936235
v -0.071394426850474632 0.18965903420118091 0.16555618152675833
v -0.068010990513801078 0.17463620239222896 0.17375447510667846
v -0.061066622449082147 0.19712697489011741 0.16283272783934757
v 0.010784756340325771 0.081728691455744212 0.23097088239026875
v 0.016771998192209234 0.091750813079127372 0.22642968413764267
v -0.01394252368070276 0.084833300386608079 0.22657172479386961
v -0.013420989266461358 0.082517629931002118 0.22783543765190564
v -0.0081221760923940664 0.058990313078252352 0.24067481798152784
v -0.002790615709272519 0.059004700423501151 0.24126751937100591
v 0.088312444325602049 0.11197394379922054 0.22395970066889043
v 0.088312444653514482 0.11197954435614797 0.22395678637059027
v 0.088311010458234515 0.11197794498669252 0.22395745718573298
v 0.25732530832578154 0.13039660124232522 0.23339935917206636
v 0.25658714100052105 0.12883438632636326 0.2341291893706364
v 0.24864518504608207 0.16409754950192881 0.21488529656067537
v 0.21741776775243332 0.19914750490549687 0.19313104344070764
v 0.20078856232536405 0.21781228604766475 0.18154648171921231
v 0.22174075105709903 0.2081881508974803 0.18891322436936098
v 0.26290724844659724 0.21745965347058438 0.18872284806244419
v 0.2646363919164052 0.20978206515490386 0.19291267887098987
v 0.27266733983786828 0.21159079212829168 0.19287553941546842
v 0.27602906312507086 0.2215385649015951 0.18807746829058605
v 0.29339140532596597 0.20672497888612637 0.19774051994743985
v 0.29821201096780126 0.20261202822424224 0.20042343916140651
v 0.32182181615981514 0.19492614283403234 0.20708075235691087
v 0.32459601949553685 0.19555094783415369 0.20706792292361742
v 0.33657662148311368 0.19824921433358597 0.20701251813675969
v 0.33063166155001428 0.22464549418765892 0.19260748084124149
v 0.41157010341331163 0.24287441871852308 0.19223317746854904
v 0.38115736178573378 0.37883042867369721 0.11806228476194205
v 0.37394591274743127 0.3772062688979933 0.11809563443981964
v 0.072906760560594433 0.30940634768036684 0.11948780319792882
v 0.06876139716033472 0.28996828471036218 0.1291361075553748
v 0.095404979293945424 0.17166783198820937 0.19369529697469165
v 0.16137282893699484 0.18652508553985775 0.19339022575336443
v 0.15851871296730277 0.199197676256815 0.18647451100469933
v 0.12235628250923095 0.21546554293809572 0.1739383208033268
v 0.11485259922488052 0.24468955984642204 0.15788634805898163
v 0.11335036647223262 0.25054019014764967 0.15467275298173674
v 0.10640949863848173 0.2775722529947125 0.13982476211303502
v 0.13867366251527186 0.28483877548778447 0.13967555507118232
v 0.14391682187641305 0.29194025820260777 0.13657040246150937
v 0.14518588963812173 0.28630545677112063 0.13964543898462251
v 0.18523730877002295 0.29532582184774925 0.13946021942858133
v 0.18474944327983214 0.29749199857234931 0.13827808860669727
v 0.26271809469090912 0.31505206803364044 0.1379175191434697
v 0.20005236294313042 0.22954534188254511 0.17535809102810332
v 0.19282992762045939 0.26161375398395198 0.15785764504077235
v 0.18829788669720068 0.25749507801788302 0.15949069096226404
v 0.19838146918157903 0.21272285610923355 0.1839238886696333
v 0.16725524650705997 0.20571262032152676 0.18406783327911863
v 0.17108406418686017 0.18871224617721818 0.19334531571014246
v 0.18031233820483916 0.14773768848741417 0.21570604357223408
v 0.16356595669053489 0.1531855324738253 0.21098597105646763
v 0.12561475507267794 0.097806214340283359 0.23553136465761756
v 0.14333002150533763 0.078142368999790518 0.24775806890577196
v 0.17901252720062577 0.086178769121228682 0.24759305362726625
v 0.2023885760818997 0.060462295019176292 0.26360660576222561
v 0.14420799457623545 0.047358887002296367 0.26387566442251964
v 0.14435532436627049 0.046704726297695946 0.26423265448734962
v 0.14537808946606226 0.042163536102346702 0.26671088303308871
v 0.14576941622518438 0.040426002196656069 0.26765909396277487
v 0.22315056412724654 0.058070985424922797 0.26718820117312098
v 0.22059843184912922 0.052669787215915365 0.26971151514838748
v 0.22008138351115464 0.051575532709278879 0.27022272538030134
v 0.22016348674069189 0.051591204955962679 0.27022381259738565
v 0.22007986813412589 0.051572327131051574 0.27022422286268033
v 0.21915024370257905 0.049604919257259378 0.27114334997413658
v 0.26936045447062107 0.060982342163168696 0.27087519386938397
v 0.27174695963248274 0.061523114215946278 0.27086244833482803
v 0.2717621863867079 0.061455505605867072 0.27089934382350145
v 0.27183620769911465 0.061543339339343375 0.27086197070695128
v 0.27361972556123582 0.063659553545998684 0.26996153451032096
v 0.27477890204456712 0.065034971928198515 0.26937630146697211
v 0.27979567834649288 0.070987595221633823 0.26684349480161151
v 0.28148903223572019 0.072996834415686468 0.26598857505197571
v 0.28643262780533146 0.078862626029187199 0.2634927147017152
v 0.29207287347320615 0.085555024168304558 0.26064513796170402
v 0.26520725091838099 0.090560144448145669 0.25501629483960553
v 0.25660727402736994 0.1287449934161265 0.23417797309023963
v 0.25753885445656222 0.12944843280072107 0.23391679575835819
v 0.28455137592448937 0.21426731011686592 0.19282058115165121
v 0.27802101440105204 0.24710541134383623 0.17499752161172039
v 0.2161304617824307 0.30228356583524868 0.13931735271409834
v 0.2197750433155676 0.28610122040214264 0.1481484186292984
v 0.26763800491147172 0.15222184716918458 0.2232031128160249
v 0.25314497742140341 0.14895773310660101 0.22327013647717345
v -0.18895478758878084 -0.040771875174538764 0.27223112258892279
v -0.17778655740138571 -0.038250520803954469 0.27217632645437995
v -0.12991416687093288 -0.027324977622332838 0.27188013969243358
v -0.12830239520523606 -0.022070392293099008 0.26932725953975251
v -0.12832056623832641 -0.022073887886448415 0.26932703299910798
v -0.1936745506020579 -0.034642283585540688 0.26851015877388251
v -0.12756501833631062 -0.019666447811312389 0.26815933065206032
v -0.12597496192178248 -0.014482656948794647 0.26564084518732689
v -0.12599167332295724 -0.014485846974603844 0.26564062394012589
v -0.31926812494934054 -0.065615066524559465 0.27048901856769397
v -0.35340760249393166 -0.073399785751780855 0.27069676987685476
v -0.33582226972213358 -0.061979085619172911 0.26673342345246542
v -0.35514294013585479 -0.065694694624229777 0.26649193018847139
v -0.35675522667091153 -0.05853596397362381 0.26258525157593121
v -0.36735139174756831 -0.088284356282641197 0.27687254427774988
v -0.35196450795169198 -0.079807285092756114 0.27419348482730854
v -0.30945916120842093 -0.070175752003925673 0.2739664778444279
v -0.35233676491659749 -0.078154423001512305 0.27329148120926239
v -0.35235125972343412 -0.078090064565750891 0.27325635939892334
v -0.3524433297107501 -0.07768126363429699 0.27303326764361335
v -0.18822344786876119 -0.040632451118970056 0.27224089957909381
v 0.010417894706011094 0.016389212626270227 0.26493020175402177
v 0.0093427949229106123 0.011347952321149987 0.26743248881315501
v 0.0093591373289122499 0.011351071189961851 0.26743270556327131
v 0.064027190213492305 0.021786575805718477 0.26815652550175484
v 0.0088875490838387725 0.0092132543934799072 0.26849207051525842
v 0.0077979442817717234 0.0041039874394349493 0.27102811320785775
v 0.12701583011976691 0.031312156453437184 0.270290512187364
v 0.12647637234000914 0.033707408819905464 0.26898336967019398
v 0.1259795448157254 0.035913377905275719 0.26777952326922883
v 0.1255818731853042 0.037679083938951349 0.26681593816525784
v 0.12455830245151633 0.042223851237311191 0.26433575755682237
v 0.11900664373196986 0.066873830400030393 0.25088371543334537
v 0.10415362924483913 0.087964469662173764 0.23823676367400604
v 0.097051529445667042 0.087566086087022182 0.23764456755073807
v 0.10307991943568517 0.070729076088444573 0.24708465215269462
v 0.050698659117487277 0.058931788954136387 0.24732689160484567
v 0.045194602180612102 0.066043516964925469 0.24300656467193146
v 0.034548886209799512 0.041028393164220182 0.25482523460104883
v 0.017430033603772876 0.049269899840536542 0.24860949746545385
v 0.087606604575174565 0.086941169034539037 0.236906514245314
v 0.064753241970819678 0.10255713020553496 0.22620779277604999
v 0.026979802243450958 0.094049810733536077 0.22638247772367276
v 0.024258545897234245 0.081289541245148061 0.23271618308924466
v 0.033631520269160657 0.080984046267271903 0.23393029399247506
v 0.050534820997760951 0.07859187627764648 0.23707795431206249
v 0.12756964868386667 0.02885314076542347 0.27163245174103345
v 0.077512811038257023 0.017510471798951308 0.27189978862684638
v 0.12794010419157051 0.027208277301552987 0.27253009032934411
v 0.21267792619261539 0.035796178957859859 0.2776003796913184
v 0.21267792727004195 0.035796176849851376 0.27760038090927885
v 0.44142319647485045 0.087495035989144529 0.27644838378753656
v 0.34650569158358829 0.069241200747325052 0.27526198921401329
v 0.44548941080865556 0.091242785049969022 0.2749559172507941
v 0.44476845518524893 0.094465718745310512 0.27319764363341431
v 0.21457194810775643 0.039915657138266676 0.27566994741052187
v 0.21262024709883176 0.035785180587576057 0.27759960979977721
v -0.19124684197855016 0.23901368789835686 0.13724742526758041
v -0.15228498881451535 0.19897355438802825 0.16317989594315896
v -0.11689039266876849 0.20694511165335647 0.16300727698437964
v -0.077964179838314024 0.18490850606895554 0.17930137642584454
v -0.071394426850474632 0.18965903420118091 0.1775189800242343
v -0.061066622449082147 0.19712697489011741 0.17471701145300875
v -0.048477076023491904 0.23817053420884832 0.15420924079821471
v -0.047291521936371581 0.23290654285209123 0.15716327032686131
v -0.013999221051515312 0.23036311327617928 0.16237442890132839
v 0.00038972277038030849 0.16647461045789144 0.19822717075630031
v -0.045896979888627336 0.1865893902916699 0.18211029599107389
v -0.057739113263767482 0.17269402025954811 0.1881766579125842
v -0.023734901095617426 0.12831253983317767 0.21585899218860335
v -0.024875881109222744 0.12879470400363571 0.21546902237796162
v -0.045864143487392088 0.090714427293348374 0.23341977799802036
v -0.05895984734226091 0.13444812533348538 0.20850205796137433
v -0.046209566769162977 0.13731973861675784 0.20843987503720801
v -0.050360519858395299 0.13883858275728936 0.20714705690610025
v -0.065517884253196296 0.16356653476457642 0.19216148381910503
v -0.060809769860551872 0.14266198590019927 0.20389263045412814
v -0.076061250322543392 0.14824253707765037 0.199142545050528
v -0.076067768144227055 0.14822128193446574 0.1991531655720031
v -0.068941837262353423 0.13465370562813581 0.20723767775469842
v -0.067789418445226055 0.13245953277083639 0.2085451196559171
v -0.08187558427795201 0.12928705196305657 0.20861381768477835
v -0.10271112987384011 0.061360462389702775 0.24255392770415346
v -0.10050069752553925 0.058741027678026678 0.24421129451582793
v -0.041944712126222521 0.058899042260373104 0.25089844629028701
v -0.039176439836313179 0.046607606927402845 0.25779611390991569
v -0.0077452241710037764 0.057316604984847398 0.25570025959866627
v -0.01394252368070276 0.084833300386608079 0.24025853010662546
v 0.016771998192209234 0.091750813079127372 0.24010873582045511
v 0.029357434469711438 0.11281773780801581 0.23029061044046184
v 0.034497655373419749 0.13088735877961549 0.22121543348949374
v 0.026181205013875448 0.14256981472847624 0.21400203037417562
v 0.037536936606223474 0.14355336974628444 0.21478893363751386
v 0.040915479599392041 0.15939572798304102 0.2067019051485193
v 0.095404979293945424 0.17166783198820937 0.20643616060546682
v 0.06479502288625516 0.30757942526783494 0.13016573548757132
v -0.41488058758281449 0.19954707018335724 0.13250510675095484
v -0.39679953202370971 0.11926518264486606 0.17755743483020212
v -0.38466115436141407 0.12741217601150515 0.17460146780753999
v -0.38988239961592003 0.15059508269135913 0.16159175978382143
v -0.34681474236034709 0.16029476375937166 0.16138171941167545
v -0.34681358731223444 0.17642907456539866 0.15274787975352291
v -0.32786100806390689 0.16456351643790249 0.16128928234981624
v -0.32532667777686219 0.16513429734987528 0.16127692244027808
v -0.2878293783066278 0.19903377063397273 0.14747263369265093
v -0.27157822110589191 0.17465613511142766 0.16239723324336669
v -0.2505871790140527 0.17046678535041693 0.16706659527293533
v -0.30369255219022345 0.1131245944188356 0.19161081719612794
v -0.27157727695231643 0.15100747876100726 0.17505247640903482
v -0.30366064453067948 0.16709441807257816 0.16273357030592289
v -0.31190059048436247 0.15457124782162099 0.1684822004945587
v -0.30883510038213741 0.15265204991436865 0.1698637319608142
v -0.30885194336988586 0.13648059323510547 0.17851563528415856
v -0.31959531793956053 0.12732063288577503 0.18217499775114962
v -0.31153828158622721 0.11939099500861704 0.18735015088496779
v -0.30926699506177141 0.1199025332934949 0.18733907381570078
v -0.30884999022976295 0.11675043364858427 0.18907408527844524
v -0.33512658185947397 0.11407844717557072 0.18746519066956538
v -0.3467982462102604 0.10412701325998534 0.19144074325940783
v -0.33043107345122419 0.07576120122170879 0.2085129571147257
v -0.27654233354727376 0.087898002327885166 0.20825014246923615
v -0.27156366549472183 0.10173926634059552 0.2014190085158962
v -0.26779980750154592 0.089866990645901132 0.20820750528075646
v -0.19591605621330208 0.10605662126262189 0.2078569292299037
v -0.19141481535508773 0.13196292433890058 0.19451420425698362
v -0.18868652950326251 0.13257738782418024 0.19450089846061855
v -0.18596107002236151 0.1204760462313013 0.20129188988955762
v -0.15967446998999313 0.12639630409944025 0.20116369051069413
v -0.16239992947089413 0.13849764569231918 0.19437269908175503
v -0.15279380406772908 0.14066113353499252 0.19432585013917858
v -0.16371828546890208 0.18916703977820432 0.16710546371701138
v -0.17612654218154727 0.19944532495241282 0.16017027898043104
v -0.17770387840446583 0.20644887235712769 0.15624005110250069
v -0.18311122300406291 0.20523103229320838 0.15626642261648743
v -0.027276484163346729 0.14403756032187118 0.20703447641788367
v -0.19637407806531781 0.21621721753848727 0.14885358840778654
v -0.051547063866297434 0.1015345463944724 0.22697239298176627
v -0.067991670194487874 0.17455041820512998 0.18599758392366228
v -0.067967858599153608 0.17462804711640331 0.18595879595866549
v -0.068010990185888645 0.17463620094004534 0.18594944464567342
v -0.083137362967941456 0.17749626093151302 0.18266964704684951
v -0.10012931177711587 0.19403377801449026 0.17185487066979357
v -0.077031645137105462 0.15005647181571899 0.19805963059892753
v -0.074646329501006234 0.1528553630224774 0.19683770652622529
v 0.2197750433155676 0.28610122040214264 0.15958206647789774
v 0.19282992762045939 0.26161375398395198 0.16957000449524895
v 0.20005236294313042 0.22954534188254511 0.18756605152068584
v 0.27802101440105204 0.24710541134383623 0.18718579948859909
v 0.26271809469090912 0.31505206803364044 0.14905571606561588
v 0.18474944327983214 0.29749199857234931 0.14943596809770263
v 0.18523730877002295 0.29532582184774925 0.15065157606171034
v 0.2161304617824307 0.30228356583524868 0.15050091060590251
v -0.19614875926931655 0.10471732936760229 0.20854671518411266
v -0.13623261845292639 0.11821161935381523 0.2082545050162061
v -0.10938620154175313 0.09715758359774862 0.22262583197701821
v -0.10025887456901908 0.12514677443774294 0.20870347273758066
v -0.081067085873083783 0.13192286187197735 0.20729681240491457
v 0.29821201096780126 0.20261202822424224 0.2133305862485885
v 0.27602906312507086 0.2215385649015951 0.20063705757345579
v 0.27266733983786828 0.21159079212829168 0.20557165452331583
v 0.2646363919164052 0.20978206515490386 0.20561082136770326
v 0.26760370812880674 0.1966068529352463 0.21300444403032845
v 0.27058135184950466 0.18338578530083091 0.22042379966774975
v 0.28376649995632786 0.18635533923449996 0.22035949589967488
v 0.27525846544785287 0.16834938592770535 0.22901113127171921
v 0.33671435243311659 0.18146181987475746 0.22910132827007917
v 0.34019043368128538 0.18220348818050014 0.22910642997851119
v 0.35270288330378702 0.1848731863400426 0.22912479415202286
v 0.33855163069494781 0.1894799548053932 0.22502304614986646
v 0.33657662148311368 0.19824921433358597 0.22010194167223346
v 0.32459601949553685 0.19555094783415369 0.22016037088912324
v 0.32182181615981514 0.19492614283403234 0.22017390064967807
v -0.38459010126547993 -0.011742578616469206 0.24907573656874452
v -0.3751845143159741 -0.011481666893656099 0.25002382420335689
v -0.38645332330295518 0.038553091892744501 0.22194548128138344
v -0.39497436160044713 0.034364686332153907 0.22320141184056072
v -0.11517933385054786 0.02071249512760609 0.26286403733686231
v -0.12597476662650803 -0.014482020283389309 0.28044928241550759
v -0.030295254895249927 0.0071741631292182879 0.27992524542044439
v 0.36824245268341915 0.13975476905638326 0.2550661416513072
v 0.35128236768721227 0.15580967877183086 0.24451330842219091
v 0.29482705550652838 0.088822981645636623 0.27383120272430322
v 0.29207287445694347 0.085555025339420387 0.27526148071552348
v 0.29207287347320615 0.085555024168304558 0.27526148123081445
v 0.28643262780533146 0.078862626029187199 0.27819052579976267
v 0.4404601628727422 0.11372535153929447 0.27734691645251019
v 0.41157010341331163 0.24287441871852308 0.2048942276822863
v 0.33063166155001428 0.22464549418765892 0.20528896332534236
v 0.35232938753256526 0.20179704619427233 0.22002511563112293
v 0.38926100236528149 0.16740275206942942 0.24270153448650267
v -0.18715337844971686 -0.047417073504779486 0.2706919433806409
v -0.35089581932504615 -0.084552381027664561 0.27154992236587094
v -0.35084136614006051 -0.08479415915387109 0.27141524221942837
v -0.18353990446979448 -0.046744677730475581 0.27059521197759717
v -0.13059961875970869 -0.029646930833254724 0.27301037354725849
v -0.13062805701205302 -0.029652352349995331 0.27301106619200011
v -0.13062839405918653 -0.029653451184548565 0.27301052729134356
v -0.12832053550824724 -0.022073880906598117 0.27673007349410389
v -0.12599167332295724 -0.014485846974603844 0.28045146649967051
v -0.12597496192178248 -0.014482656948794647 0.28045106166835326
v 0.064027190213492305 0.021786575805718477 0.27584793064190044
v 0.0093591373289122499 0.011351071189961851 0.27717235887544422
v 0.0093426643200741673 0.01134733954650741 0.27717244745864494
v 0.0088875503486438613 0.0092132570167793477 0.27610081281988252
v 0.12717659087502609 0.030598360985320087 0.27260312645227691
v 0.021435003967232961 0.0067260010886844527 0.27321477171759845
v 0.0076956225339305864 0.0036241802566797602 0.27329424499575711
v 0.0072622366959430029 0.0015919866772297498 0.27227377420554943
v 0.0061603827718945178 -0.0035747345163610446 0.26967929288028919
v 0.0061748440379739838 -0.0035719777565612651 0.26967894056180536
v 0.046429002150163497 0.0055573019346940034 0.2694680165125049
v 0.12860701890960544 0.024247102326831523 0.2690652199387138
v 0.12794010428525976 0.027208276879951292 0.27071471324502938
v 0.13020402908197073 0.017156200362389996 0.26511530232469543
v 0.12957411202075353 0.019953101796522613 0.26667328895040526
v 0.095758582726041999 0.013506442684699482 0.26749693808065955
v 0.0068747861428123704 -0.0034385394144914464 0.2696618919729632
v 0.0061544904665935696 -0.0036023567352007693 0.26966542251240871
v 0.0060671544104968812 -0.004011884226910482 0.26945977738478644
v 0.0065857334436951361 -0.0063144326576461095 0.26817716529384206
v 0.0075433622525966741 -0.010566410507369294 0.26580864261542347
v -0.27242025947153642 -0.17364966111040078 0.21460763624204901
v -0.25553624210183401 -0.16984704925512084 0.21450513643775834
v -0.25045951075963663 -0.16154898663193856 0.21825805456959688
v -0.28792745878825349 -0.095905320586204268 0.25766371111530012
v -0.25045757438989225 -0.11505751516785571 0.24284472208672081
v -0.23106625168291578 -0.091761510226058093 0.25273740055939309
v -0.21536295295679492 -0.16148589417238046 0.21389811440978865
v -0.17931132954282841 -0.16527962929764395 0.20737894669244347
v -0.16734917839133406 -0.14547670200793625 0.2163542855511606
v -0.18734960452700794 -0.056672597092543735 0.26582174370074285
v -0.15224328453689923 -0.053757053099944087 0.26296909406174895
v -0.13698411195196727 -0.050373913805087572 0.26284815147865259
v -0.13463078740570314 -0.042701774316568603 0.26661096141685731
v -0.13533205422991448 -0.042857773361741153 0.26661624464824168
v -0.34939026655273281 -0.091237201719502739 0.26782620834927945
v -0.34805394512272814 -0.09717061688652058 0.26452105749825355
v -0.36452744582945318 -0.10082298877579303 0.26465162379588208
v -0.33722277687173829 -0.22205874020013927 0.19711843413772273
v -0.30228060998466733 -0.21418907895862865 0.19690630660295919
v -0.3043790390643179 -0.20487182159303813 0.20209639366520249
v -0.30897929420506953 -0.20427426991027264 0.20298825691926045
v -0.30671207234256326 -0.19451289572557512 0.20786673203146741
v -0.3095049302416758 -0.18211229773564713 0.21477436387926468
v -0.29308723957472754 -0.18804088603169403 0.2095839144737861
v -0.28884204843488065 -0.20689000427070903 0.19908419753067799
v -0.27730355007146851 -0.20838880157851619 0.19684719921631935
v -0.27144787647706609 -0.19585507114197101 0.20274263453510205
v -0.26850318753399066 -0.19104189388779305 0.20491946307339198
v -0.15291927685473641 -0.048918212013648189 0.26561272341732223
v -0.30894533226784032 -0.1125762346942851 0.25147830484890665
v -0.30429548664921813 -0.13827502874184425 0.2373054985560375
v -0.27761386536206706 -0.15058947621964422 0.22745308669919853
v -0.29517425486588994 -0.17877430715741705 0.21474577160176747
v -0.31930218244962083 -0.22483162443784396 0.19340874175033124
v -0.32666444127204508 -0.22648974952359077 0.19345343668299905
v -0.31674400608959208 -0.23619021055474057 0.187081552426347
v -0.28798771513320376 -0.23125764708354879 0.18609048104666087
v -0.27375548932790594 -0.24312512340507172 0.178032835619411
v -0.25759285424252637 -0.23948498100987953 0.17793471517931345
v -0.26349824015768947 -0.21326441410889768 0.1925406254928588
v -0.26629090538482697 -0.20981929266597135 0.19471214967283496
v 0.0095564332907734674 -0.1697717420106972 0.18136127026729262
v 0.012353269001886165 -0.169141839752384 0.18134429119588566
v 0.029452813796116577 -0.12102288530749671 0.20465141002683174
v 0.032109615347162064 -0.11964329250637254 0.20504843225010747
v 0.0092088127614978043 -0.017961194916889685 0.26168945028096641
v 0.0027887685683737912 -0.019384595413335103 0.26174033451390755
v -0.010392857524727069 -0.08119468352136619 0.23070225441952927
v 0.27614117643176384 -0.070496115093517761 0.20049249592646626
v 0.31395967662047058 -0.024164465852474535 0.22026085122129088
v 0.29835594227341089 -0.013705492544096254 0.22774529532123222
v 0.25284795148470385 -0.023954784591284126 0.22802156608751373
v 0.26229133919541331 -0.065884470804554868 0.20466504443829642
v -0.40102919351193517 0.11642633338787105 0.16142105653630334
v -0.39679953202370971 0.11926518264486606 0.16041099551356747
v -0.41488058758281449 0.19954707018335724 0.11713588216371011
v -0.4313417025686086 0.195839704240968 0.11728644104797817
v -0.50750520673260779 0.17868618932360614 0.11798305816762006
v -0.47689525037176217 0.042774596043980519 0.19124478363438849
v -0.40101037845883208 0.05986535746954777 0.19055071500330867
v -0.40101081144377376 0.061167191412387037 0.18988025316282817
v -0.37172098860053038 -0.06888286276266517 0.25998237719148887
v -0.37333837314329305 -0.061701496551233144 0.25611133671083131
v -0.44870173092570775 -0.076087497640136489 0.25546823059007412
v -0.44534983376869597 -0.089651531930085834 0.26281151330754754
v -0.44455289675975396 -0.09287647605653622 0.26455743024766881
v -0.44426705052891213 -0.094118182898767333 0.26522742059691945
v -0.44401481443210655 -0.095213888277373079 0.26581863265498468
v -0.44318461351780974 -0.098820254146392977 0.26776452708428661
v -0.44165869298019228 -0.10544880351935455 0.27134110744932083
v -0.43892632771035817 -0.11731810982646057 0.27774545405281464
v -0.36584859105059153 -0.094956957786218349 0.27403734590406226
v -0.36602446861572252 -0.094176041829096543 0.2736164012978955
v -0.36710540814444592 -0.089376550796547216 0.2710292857758631
v -0.36729468336826704 -0.088536147870725432 0.27057627536267181
v -0.36735139174756831 -0.088284356282641197 0.27044054973771287
v -0.36842076861556033 -0.083536204672330625 0.26788110815099492
v -0.3688017871195301 -0.081844440455719744 0.2669691803100967
v -0.36890253352921243 -0.081397115154018235 0.26672805430802438
v -0.36893714745004191 -0.081243425549246184 0.26664520952794873
v -0.36985881799083986 -0.077151106434793906 0.26443928761512381
v -0.3702672463200839 -0.075337639487229116 0.26346175719185977
v -0.37041546732925934 -0.074679521675956248 0.26310700564465617
v -0.37145921128259107 -0.070045183129842314 0.26060891385030888
v -0.39497436160044713 0.034364686332153907 0.20432786370390221
v -0.40073174620776303 0.059928110914497776 0.19054816656159126
v -0.40100091026848106 0.03140241477142159 0.20520951089304529
v -0.36881237869102207 -0.0050008749085384101 0.22739531653944861
v -0.37940217491192774 0.042018992115783818 0.20204974807517734
v -0.38645332330295518 0.038553091892744501 0.20308128792421978
v -0.3751845143159741 -0.011481666893656099 0.23005200229056164
v -0.38459010126547993 -0.011742578616469206 0.22918150356190606
v -0.38148473260836019 -0.025530759087569785 0.23661387830653927
v -0.35675522667091153 -0.05853596397362381 0.25625284741372656
v -0.36022017435518605 -0.043151212873348152 0.24795985792375028
v -0.36740140307762059 -0.011265762744590577 0.23077233890898957
v -0.36076913260124699 0.0036329183734275742 0.22380841887824787
v -0.35612191918254571 0.0086213371831560803 0.22173598707081207
v -0.3681037263419924 0.036199326116883382 0.20625383675040654
v 0.0076776982783661844 -0.011162877315282111 0.2707915944222728
v 0.0044312650197899754 -0.011766974083307563 0.27075585243583916
v 0.0044124106640399396 -0.011771170378675446 0.2707559991063847
v 0.0027887661792975142 -0.019384593820617586 0.27450327840923078
v 0.0068747847843180169 -0.0034385376343953975 0.26672795012556089
v 0.046429002150163497 0.0055573019346940034 0.26632113699925819
v 0.0061748440379739838 -0.0035719777565612651 0.2667218894138047
v 0.31249615603820347 0.04555778736572174 0.2741475290245024
v 0.31126530586124174 0.049008338523199427 0.27223907165467454
v 0.20805597486646055 0.026125596698359753 0.27299662483488962
v 0.1286182828889576 0.024197088888770792 0.27876299176002439
v 0.12860701890960544 0.024247102326831523 0.27878978520361941
v 0.046429002150163497 0.0055573019346940034 0.27612958095213147
v 0.0068747861428123704 -0.0034385394144914464 0.27484916193951958
v 0.095758582726041999 0.013506442684699482 0.27603734077826425
v 0.12957411202075353 0.019953101796522613 0.2764893792121681
v 0.12934468443515859 0.020971785604520191 0.27703511421957516
v 0.12717659087502609 0.030598360985320087 0.28219231705221304
v 0.12701583011976691 0.031312156453437184 0.28257471559906711
v 0.1302040286135244 0.01715620242355384 0.27499100865896642
v 0.21261916789217969 0.035782896630655835 0.2775984335310458
v 0.14952375098556556 0.023756340292456466 0.27675606158477056
v 0.14959509985851169 0.023439543391075516 0.27658634535366711
v 0.14938995938811928 0.023730833998838859 0.27675427305668759
v 0.31079653119850775 0.054501700783545687 0.27891192021684541
v 0.2515953680682344 0.043215474446772525 0.2781205322357348
v 0.21196559213650992 0.03439970349158316 0.27693956077166965
v 0.31126530586124174 0.049008338523199427 0.2760343869899386
v 0.30941662177450996 0.054190918124045043 0.27886882685533082
v -0.32961313922564622 -0.25584637328175341 0.17310446179164921
v -0.3459009536164081 -0.28326745771039946 0.16032615369994793
v -0.32452180636453853 -0.27845245445243222 0.16099380537774718
v -0.25553624210183401 -0.16984704925512084 0.21122337056799512
v -0.27242025947153642 -0.17364966111040078 0.21069609773307174
v -0.26850318772136916 -0.19104189309143432 0.20137863387633947
v 0.0027887685683737912 -0.019384595413335103 0.26695987129780813
v -0.023024733322714434 -0.025107757205661281 0.26620051038321052
v 0.10312331803682757 -0.02866802987656682 0.25362500188875253
v 0.0092088127614978043 -0.017961194916889685 0.26714873100973574
v 0.032109615019249638 -0.11964329096049965 0.21267502929286072
v 0.066734011058177639 -0.10166391729839563 0.21901553237679766
v 0.05047543385497362 -0.14837861374392433 0.1962684812776655
v 0.072352211782357512 -0.15598903617815091 0.19047533641450914
v 0.048148795712318386 -0.19085902799348584 0.1745229359659681
v 0.066670146786448378 -0.27309587622467996 0.13046655124875933
v 0.20799832823600753 0.026112815749261338 0.27299656173516912
v 0.13198258455159803 0.0092592171761363487 0.27076039149338577
v 0.13601294554927715 -0.051127841679164815 0.23922399726029961
v 0.12758555182774586 -0.13728305466608273 0.1954371527662109
v -0.35244333003866257 -0.077681261994734838 -0.29194518783042467
v -0.3508958197466478 -0.084552379107034614 -0.29194518783042467
v -0.35063389669505574 -0.08571534635174706 -0.29194518783042467
v -0.34939026688064528 -0.09123720040785302 -0.29194518783042467
v -0.13462996303385391 -0.04269909466303453 -0.29194518783042467
v -0.1322583666448495 -0.034967382199069634 -0.29194518783042467
v -0.13062839597981646 -0.029653451231393197 -0.29194518783042467
v -0.13062805771472252 -0.029652352256306063 -0.29194518783042467
v -0.12995299352959641 -0.027451554256269089 -0.29194518783042467
v -0.18822344819667361 -0.040632450509989829 -0.29194518783042467
v -0.35233676543188847 -0.078154420799814564 -0.29194518783042467
v -0.12756501941373719 -0.019666449731942336 -0.29194518783042467
v 0.21973666585008866 0.044861917277440232 -0.29194518783042467
v 0.44476845574738449 0.094465720806474363 -0.29194518783042467
v 0.4434349667312617 0.10042689792987178 -0.29194518783042467
v 0.27174695963248274 0.061523114075412388 -0.29194518783042467
v 0.21267792619261539 0.035796178957859859 0.26979665156790311
v 0.21267792619261539 0.035796178957859859 0.285645387701425
v 0.31126530675128977 0.04900834011591694 -0.29194518783042467
v 0.31249615599135888 0.045557788677371459 -0.29194518783042467
v 0.35042519147845574 -0.11296730010720044 0.18048772762123777
v 0.35042519147845574 -0.11296730010720044 0.17455297091762381
v 0.4227057645886359 -0.086018696079660936 0.17970104705728421
v 0.3996474259853946 -0.0056673871374877194 0.22475274502937473
v 0.3870109681733323 0.038366836836093737 0.24944203222620481
v 0.37960886770958419 0.064160920502586052 -0.29194518783042467
v 0.44814822541410937 0.079356916307620776 -0.29194518783042467
v 0.44612547454153023 0.088399343941526168 -0.29194518783042467
v 0.44609173474155006 0.088550175695780692 -0.29194518783042467
v 0.44548941160501437 0.091242786221084837 -0.29194518783042467
v -0.33722277687173829 -0.22205874020013927 0.20289540935788342
v -0.33160003151550055 -0.24702435175351092 0.18908951655633754
v -0.43892632574288359 -0.11731810818689842 -0.29194518783042467
v -0.41638958160870304 -0.21521700479108985 -0.29194518783042467
v -0.40621256979945208 -0.24999964612218117 -0.29194518783042467
v -0.37752525630015998 -0.37737449241250659 -0.29194518783042467
v -0.30587690524135741 -0.36123787853694916 0.12592984961244247
v -0.30587690524135741 -0.36123787853694916 -0.29194518783042467
v -0.28941579030240788 -0.35753051264140456 -0.29194518783042467
v -0.32452180636453853 -0.27845245445243222 0.17170988948227212
v -0.34590095136786575 -0.28326745719510849 -0.29194518783042467
v -0.3988660060370478 -0.27143347305283633 -0.29194518783042467
v -0.30427084965145268 -0.18400237345891524 0.21311961137286137
v -0.18630538917613565 -0.061309028703698941 0.26323906483388965
v -0.18630538917613565 -0.061309028703698941 -0.29194518783042467
v -0.17599656987386353 -0.17755961210161472 0.21228689223163538
v -0.16246206597202922 -0.20755812336425508 0.19450131551838495
v -0.14360560741326661 -0.20331127907731425 -0.29194518783042467
v -0.32076166188594418 -0.21835137430459473 0.19701850170038113
v -0.26349824043875725 -0.21326441279724795 -0.29194518783042467
v 0.035369045789662018 -0.28438259770922258 -0.29194518783042467
v 0.064429631611277016 -0.27783758384044832 -0.29194518783042467
v 0.067578356803058834 -0.27712842917642039 -0.29194518783042467
v 0.10109925584244045 -0.2695788652748996 -0.29194518783042467
v 0.12464843002613038 -0.26427512938574249 -0.29194518783042467
v 0.17698399040690688 -0.25248813476679005 -0.29194518783042467
v 0.19025982021350638 -0.24949815751008222 -0.29194518783042467
v -0.35780776228440647 0.052633442385901306 0.21083635285927219
v -0.36076913306969333 0.0036329204345914206 -0.29194518783042467
v -0.36022017440203069 -0.043151212545435719 0.26103516679658323
v -0.1027111284216565 0.061360461968101077 -0.29194518783042467
v -0.33512658406117174 0.1140784467071244 -0.29194518783042467
v -0.31190059118703201 0.15457124711895148 0.1567403415225801
v -0.31959531957912268 0.1273206335884445 -0.29194518783042467
v -0.077031644528125234 0.15005647331474725 -0.29194518783042467
v -0.11932162897419921 0.20639754956473361 0.16301913406362861
v -0.14426008104001461 0.20078092104012213 0.16314075856404561
v -0.17612654241577044 0.19944532602983939 -0.29194518783042467
v -0.057739114762795737 0.17269401833891818 0.1881766587557876
v -0.035879549286779798 0.18223612141656262 0.18559833231746362
v -0.048477075789268742 0.23817053308457714 -0.29194518783042467
v 0.095404979293945424 0.17166783198820937 0.20048802320091982
v 0.01078475699615063 0.081728693704286592 -0.29194518783042467
v -0.0081221763266172316 0.058990314155678909 0.25476101290477082
v -0.02622033963933549 -0.010918911544720543 0.28265228028634881
v -0.02622033963933549 -0.010918911544720543 -0.29194518783042467
v -0.025643921444243104 -0.013478272183912903 0.28406766159062707
v -0.024804116583849178 -0.017207098589512637 0.28612978247276644
v -0.024660488597237431 -0.017844822824088613 0.2864824576784627
v -0.024660488597237431 -0.017844822824088613 -0.29194518783042467
v -0.024576048757412577 -0.018219745061225905 0.28668979769174685
v 0.0044312630523153946 -0.011766972443745414 -0.29194518783042467
v 0.0076523723834297595 -0.011050427570435898 0.28663654949125256
v 0.0075433622525966741 -0.010566410507369294 0.28636887766631458
v 0.0065857337716075642 -0.0063144341098297294 0.28401744362889919
v 0.0065857337716075642 -0.0063144341098297294 -0.29194518783042467
v 0.0061544888738760527 -0.0036023565946668706 -0.29194518783042467
v 0.0061748441785078843 -0.003571976913357873 -0.29194518783042467
v 0.0072622352906040171 0.0015919856466478266 -0.29194518783042467
v 0.0076956201448543093 0.0036241803503690266 -0.29194518783042467
v 0.010417894190720131 0.016389211970445367 -0.29194518783042467
v 0.097051528415085117 0.087566083697945912 -0.29194518783042467
v 0.12455830212360389 0.042223852783184072 0.27207331744892993
v 0.12558187271685786 0.037679086093804458 0.27458667080306465
v 0.12558187271685786 0.037679086093804458 -0.29194518783042467
v 0.1259795448157254 0.035913377905275719 0.27556314530145914
v 0.12647637201209672 0.033707410272089088 0.27678309267118811
v 0.12647637201209672 0.033707410272089088 -0.29194518783042467
v 0.1270158297918545 0.031312158092999337 0.2781077184485487
v 0.1270158297918545 0.031312158092999337 -0.29194518783042467
v 0.12717659068764756 0.030598361734834212 0.27850246313261895
v 0.12717659068764756 0.030598361734834212 -0.29194518783042467
v 0.12756964868386667 0.02885314076542347 0.2794676076944182
v 0.12794010428525976 0.027208276879951292 0.2803772526558227
v 0.12860701848800374 0.024247104200616838 0.28201484461471127
v 0.12860701848800374 0.024247104200616838 -0.29194518783042467
v 0.12861828260788982 0.024197090200420514 0.28204250341920928
v 0.12861828260788982 0.024197090200420514 -0.29194518783042467
v 0.12934468443515859 0.020971785604520191 0.28382616598440136
v 0.12957411192706428 0.019953102171279675 -0.29194518783042467
v 0.14952375107925484 0.023756339870854772 -0.29194518783042467
v 0.21457194623397113 0.039915655967150854 -0.29194518783042467
v 0.21662735976104228 0.044265628338598428 -0.29194518783042467
v 0.22007986836834909 0.051572324788819922 -0.29194518783042467
v 0.14537808946606226 0.042163536102346702 0.2745114261430705
v 0.14435532478787219 0.046704724470755264 0.2720000516936068
v 0.14435532478787219 0.046704724470755264 -0.29194518783042467
v 0.17108406418686017 0.18871224617721818 0.20025265730859446
v 0.072906760560594433 0.30940634768036684 -0.29194518783042467
v 0.06479502288625516 0.30757942526783494 -0.29194518783042467
v 0.068761397019800816 0.28996828527249774 0.14004869763387226
v 0.29207287445694347 0.085555025339420387 0.26859928954155377
v 0.29207287445694347 0.085555025339420387 0.2606451374464131
v 0.3367143503251081 0.1814618206242716 0.22321688584075824
v 0.26760370812880674 0.19660685288840171 0.20724787943831099
v 0.2646363919164052 0.20978206515490386 0.19996170473170191
v 0.4427753777174489 0.10337550224105177 -0.29194518783042467
v 0.44046016245114056 0.11372535219511933 -0.29194518783042467
v 0.27979568036081209 0.070987595081099933 -0.29194518783042467
v 0.13040662556088584 0.016256649576165589 -0.29194518783042467
v 0.1313970964392232 0.011858849303003851 -0.29194518783042467
v 0.13198258441106414 0.0092592178788058425 -0.29194518783042467
v -0.34955358652397495 -0.090512043055101049 -0.29194518783042467
v -0.36729468346195632 -0.088536147355434483 -0.29194518783042467
v -0.36602446908416886 -0.094176039767932693 -0.29194518783042467
v -0.36584859151903787 -0.094956955584520608 -0.29194518783042467
v -0.13463078614089805 -0.04270177220856012 -0.29194518783042467
v -0.024576048757412577 -0.018219745061225905 -0.29194518783042467
v -0.024804116583849178 -0.017207098589512637 -0.29194518783042467
v -0.026210382672085024 -0.010963121682282776 -0.29194518783042467
v -0.13229606013184389 -0.035090255202641897 -0.29194518783042467
v -0.132985363492645 -0.037337481199384348 -0.29194518783042467
v -0.13298298125568503 -0.037337035894304288 -0.29194518783042467
v 0.0076523723834297595 -0.011050427570435898 -0.29194518783042467
v 0.0076776981846769198 -0.011162876846835782 -0.29194518783042467
v 0.0092088125272746391 -0.017961193933152392 -0.29194518783042467
v 0.29223921515749163 -0.2265303976889588 0.12696390928113166
v 0.29223921515749163 -0.2265303976889588 -0.29194518783042467
v 0.32756526139710634 -0.21857427924350878 0.12677101498150883
v 0.32756526139710634 -0.21857427924350878 -0.29194518783042467
v 0.35148917503017613 -0.21318614469095912 0.12664038089969654
v 0.35148917503017613 -0.21318614469095912 -0.29194518783042467
v 0.50588639023292759 -0.17841286371387405 -0.29194518783042467
v 0.49462122636736389 -0.12839428979497472 -0.29194518783042467
v -0.32961313964724792 -0.25584637145481276 -0.29194518783042467
v -0.22688000537883271 -0.34344622738646519 -0.29194518783042467
v -0.17539446367482261 -0.33185067361871151 -0.29194518783042467
v -0.058219841880451234 -0.30546065070856177 -0.29194518783042467
v -0.032928139778449619 -0.1868651039692136 -0.29194518783042467
v -0.24274805265011973 -0.20783928883253597 -0.29194518783042467
v -0.47689525037176217 0.042774596043980519 -0.29194518783042467
v -0.46557450689517099 -0.0074907575088876055 -0.29194518783042467
v -0.45409041932235178 -0.054281233392739277 -0.29194518783042467
v -0.44870173041041672 -0.076087495251060219 -0.29194518783042467
v -0.3794021752866848 0.042018993849035229 -0.29194518783042467
v -0.013420989266461358 0.082517630071536008 0.24155803043723365
v 0.14537808946606226 0.042163536102346702 -0.29194518783042467
v 0.22059843184912922 0.052669787215915365 -0.29194518783042467
v 0.27183620769911465 0.061543339339343375 -0.29194518783042467
v 0.27361972556123582 0.063659553545998684 -0.29194518783042467
v 0.27477890204456712 0.065034971928198515 -0.29194518783042467
v 0.28148903223572019 0.072996834415686468 -0.29194518783042467
v 0.25658714100052105 0.12883438632636326 -0.29194518783042467
v 0.28455137508128592 0.21426730992948737 0.20551369628236493
v 0.29339140462329644 0.20672497874559245 0.21057213877722025
v 0.32459601907393515 0.19555094774046444 -0.29194518783042467
v 0.41157010467811672 0.24287441899959089 -0.29194518783042467
v 0.38115736178573378 0.37883042867369721 -0.29194518783042467
v 0.37394591274743127 0.3772062688979933 -0.29194518783042467
v -0.35675522615562055 -0.058535966175321551 -0.29194518783042467
v -0.37172098813208404 -0.068882864823829021 0.26628471867001513
v -0.37145921128259107 -0.070045183129842314 0.26691902165367404
v -0.37041546732925934 -0.074679521675956248 0.26944808332485987
v -0.37026724678853024 -0.075337637238686736 0.26980723161561543
v -0.37026724678853024 -0.075337637238686736 -0.29194518783042467
v -0.36985881799083986 -0.077151106434793906 0.2707968821038973
v -0.36893714745004191 -0.081243425549246184 0.27303015172601336
v -0.36890253371659099 -0.081397114404504103 0.27311402315306293
v -0.36890253371659099 -0.081397114404504103 -0.29194518783042467
v -0.36880178744744252 -0.081844439050380746 0.27335813812378024
v -0.36880178744744252 -0.081844439050380746 -0.29194518783042467
v -0.36842076861556033 -0.083536204766019889 0.27428137233842337
v -0.36735139216917007 -0.088284354455700514 -0.29194518783042467
v -0.35196450757693493 -0.079807286779162892 -0.29194518783042467
v -0.35235125934867706 -0.078090066158468419 -0.29194518783042467
v -0.35340760235339774 -0.073399786313916457 -0.29194518783042467
v 0.0077979442817717234 0.0041039874394349493 -0.29194518783042467
v 0.1259795448157254 0.035913377905275719 -0.29194518783042467
v 0.045194602180612102 0.066043516964925469 -0.29194518783042467
v 0.024258545897234245 0.081289541245148061 -0.29194518783042467
v 0.12756964868386667 0.02885314076542347 -0.29194518783042467
v 0.21656974545338589 0.04414368520098863 -0.29194518783042467
v -0.076067768144227055 0.14822128193446574 -0.29194518783042467
v -0.034012796850392921 0.28532596641526192 0.13064761985503726
v -0.034012796850392921 0.28532596641526192 -0.29194518783042467
v -0.05788644052419236 0.27994915364834144 0.13076405125314355
v -0.05788644052419236 0.27994915364834144 -0.29194518783042467
v -0.090095751537589197 0.27269498506869455 0.13092113564161506
v -0.090095751537589197 0.27269498506869455 -0.29194518783042467
v -0.13738146962965897 0.26204531400552877 0.13115174741268432
v -0.13738146962965897 0.26204531400552877 -0.29194518783042467
v -0.3054658139821132 0.22418942308668979 0.13197149241754591
v -0.3054658139821132 0.22418942308668979 -0.29194518783042467
v -0.41488058758281449 0.19954707018335724 -0.29194518783042467
v -0.1831112221140149 0.20523103248058688 -0.29194518783042467
v -0.050360519858395299 0.13883858275728936 -0.29194518783042467
v -0.051547063866297434 0.1015345463944724 -0.29194518783042467
v -0.068010990185888645 0.17463620094004534 -0.29194518783042467
v 0.29207287445694347 0.085555025339420387 -0.29194518783042467
v 0.0088875503486438613 0.0092132570167793477 -0.29194518783042467
v 0.12794010428525976 0.027208276879951292 -0.29194518783042467
v 0.0060671544104968812 -0.004011884226910482 -0.29194518783042467
v 0.0075433622525966741 -0.010566410507369294 -0.29194518783042467
v -0.30437903878325007 -0.20487182281099856 -0.29194518783042467
v -0.27730355007146851 -0.20838880157851619 -0.29194518783042467
v -0.26850318753399066 -0.19104189388779305 -0.29194518783042467
v -0.13698411195196727 -0.050373913805087572 -0.29194518783042467
v 0.032109615347162064 -0.11964329250637254 -0.29194518783042467
v -0.4313417025686086 0.195839704240968 -0.29194518783042467
v -0.50750520673260779 0.17868618932360614 -0.29194518783042467
v -0.40101081144377376 0.061167191412387037 -0.29194518783042467
v -0.37172098813208404 -0.068882864823829021 -0.29194518783042467
v -0.44534983250389087 -0.089651532866978481 -0.29194518783042467
v -0.44455289675975396 -0.09287647605653622 -0.29194518783042467
v -0.44426705052891213 -0.094118182898767333 -0.29194518783042467
v -0.44401481644642576 -0.095213888652130152 -0.29194518783042467
v -0.44318461375203294 -0.098820256535469247 -0.29194518783042467
v -0.44165869358917248 -0.10544880417517941 -0.29194518783042467
v -0.36710540814444592 -0.089376550796547216 -0.29194518783042467
v -0.36893714745004191 -0.081243425549246184 -0.29194518783042467
v -0.36985881799083986 -0.077151106434793906 -0.29194518783042467
v -0.37041546732925934 -0.074679521675956248 -0.29194518783042467
v -0.37145921128259107 -0.070045183129842314 -0.29194518783042467
v 0.0027887661792975142 -0.019384593820617586 -0.29194518783042467
v 0.20805491285178876 0.026123345392148639 -0.29194518783042467
v 0.12934468443515859 0.020971785604520191 -0.29194518783042467
v 0.21262024616193909 0.03578518105602238 -0.29194518783042467
v 0.1302040286135244 0.01715620242355384 -0.29194518783042467
v 0.31079653119850775 0.054501700783545687 -0.29194518783042467
l 1 2
l 2 3
l 3 4
l 1 4
l 6 7
l 7 8
l 8 9
l 10 11
l 11 12
l 12 13
l 13 14
l 14 15
l 15 16
l 16 17
l 17 18
l 18 19
l 19 20
l 20 21
l 23 24
l 24 25
l 23 25
l 1 25
l 1 23
l 1 26
l 26 27
l 5 27
l 5 6
l 9 10
l 21 22
l 22 23
l 21 23
l 28 29
l 29 30
l 30 31
l 28 31
l 33 34
l 34 35
l 32 35
l 32 33
l 36 37
l 37 38
l 38 39
l 39 40
l 40 41
l 41 42
l 43 44
l 44 45
l 45 46
l 46 47
l 47 48
l 36 48
l 42 43
l 49 50
l 50 51
l 51 52
l 52 53
l 53 54
l 54 55
l 55 56
l 56 57
l 57 1080
l 1080 1081
l 1081 1082
l 58 1082
l 58 59
l 57 59
l 59 60
l 60 61
l 61 62
l 62 63
l 63 64
l 64 65
l 65 1074
l 66 1074
l 66 67
l 67 68
l 68 69
l 69 70
l 71 72
l 72 73
l 73 74
l 75 1079
l 49 1079
l 70 71
l 74 75
l 76 77
l 76 78
l 77 78
l 79 80
l 80 1089
l 1088 1089
l 81 1088
l 81 82
l 84 85
l 85 86
l 84 86
l 82 87
l 87 88
l 89 1094
l 90 1094
l 90 91
l 79 83
l 88 89
l 91 1097
l 79 1097
l 79 92
l 83 92
l 93 94
l 94 95
l 93 95
l 96 97
l 97 98
l 98 99
l 99 100
l 101 102
l 102 103
l 103 104
l 104 105
l 105 106
l 106 107
l 109 110
l 110 111
l 111 112
l 112 113
l 114 115
l 115 116
l 116 117
l 117 118
l 118 119
l 119 120
l 120 121
l 121 122
l 122 123
l 123 124
l 124 125
l 125 126
l 96 127
l 100 128
l 101 129
l 107 108
l 108 109
l 114 130
l 126 131
l 127 131
l 128 129
l 113 130
l 132 133
l 133 134
l 132 134
l 135 1074
l 135 136
l 66 136
l 137 138
l 138 139
l 139 140
l 140 141
l 141 142
l 142 143
l 143 144
l 91 144
l 91 145
l 145 146
l 146 147
l 147 148
l 148 149
l 149 150
l 137 150
l 138 151
l 138 152
l 152 153
l 153 154
l 122 154
l 122 155
l 151 155
l 156 157
l 157 158
l 158 159
l 104 159
l 104 160
l 160 161
l 161 162
l 163 164
l 164 165
l 165 166
l 166 167
l 167 168
l 168 169
l 156 169
l 162 170
l 170 171
l 163 171
l 172 173
l 173 1117
l 174 1117
l 174 175
l 175 176
l 176 177
l 177 178
l 178 179
l 179 180
l 180 181
l 181 182
l 182 183
l 183 184
l 184 185
l 186 187
l 187 188
l 189 190
l 191 192
l 192 193
l 194 195
l 195 196
l 196 197
l 197 198
l 198 199
l 199 200
l 200 201
l 201 202
l 202 203
l 203 204
l 204 205
l 205 206
l 207 208
l 172 208
l 186 209
l 191 209
l 186 190
l 193 210
l 194 210
l 206 211
l 207 212
l 211 1115
l 212 1115
l 189 213
l 188 213
l 185 186
l 214 215
l 215 216
l 216 217
l 217 218
l 214 218
l 182 219
l 182 220
l 220 221
l 221 222
l 223 224
l 224 225
l 225 226
l 226 227
l 228 229
l 229 230
l 230 231
l 231 232
l 232 233
l 233 234
l 235 236
l 236 237
l 237 238
l 238 239
l 242 243
l 243 244
l 245 246
l 246 247
l 209 247
l 209 219
l 222 223
l 227 228
l 234 248
l 235 248
l 239 240
l 240 241
l 241 242
l 244 245
l 249 250
l 250 251
l 251 252
l 252 253
l 253 254
l 254 255
l 255 256
l 249 256
l 257 258
l 258 259
l 257 259
l 259 260
l 260 261
l 257 261
l 257 260
l 261 262
l 263 264
l 264 265
l 265 266
l 257 266
l 262 263
l 267 1150
l 1150 1151
l 1151 1153
l 1153 1154
l 1154 1156
l 1156 1158
l 1158 1160
l 1160 1161
l 1161 1162
l 1162 1164
l 1164 1166
l 268 1166
l 268 269
l 269 270
l 270 271
l 271 272
l 272 273
l 273 274
l 274 275
l 278 279
l 279 280
l 278 280
l 282 283
l 284 285
l 285 286
l 286 287
l 287 288
l 289 290
l 290 1175
l 291 1175
l 291 292
l 292 293
l 293 294
l 294 295
l 295 296
l 296 297
l 297 298
l 298 299
l 299 300
l 300 301
l 301 302
l 302 303
l 304 1129
l 305 1129
l 306 307
l 306 308
l 305 309
l 309 310
l 310 311
l 311 312
l 313 314
l 314 315
l 316 317
l 317 318
l 313 318
l 312 319
l 319 320
l 320 322
l 322 323
l 323 324
l 178 324
l 178 325
l 176 325
l 176 326
l 326 327
l 327 328
l 24 329
l 24 330
l 330 331
l 331 332
l 332 333
l 333 1132
l 1132 1134
l 1134 1135
l 1135 1136
l 1136 1138
l 334 1138
l 334 335
l 335 336
l 337 338
l 338 1140
l 1140 1141
l 1141 1142
l 339 1142
l 344 345
l 345 346
l 344 346
l 346 347
l 344 348
l 316 351
l 351 352
l 352 353
l 267 354
l 276 281
l 276 277
l 277 278
l 278 281
l 280 281
l 280 355
l 282 355
l 283 1172
l 1172 1173
l 284 1173
l 303 304
l 307 308
l 336 337
l 336 339
l 339 340
l 336 340
l 340 341
l 341 342
l 342 356
l 340 356
l 343 356
l 340 343
l 343 344
l 340 344
l 288 289
l 348 357
l 321 357
l 275 281
l 321 349
l 349 350
l 350 358
l 316 358
l 353 354
l 315 359
l 316 359
l 360 361
l 361 362
l 360 362
l 363 1182
l 1182 1183
l 364 1183
l 364 365
l 365 366
l 366 367
l 367 368
l 369 370
l 369 371
l 368 372
l 371 372
l 373 374
l 374 375
l 375 376
l 376 1179
l 373 1179
l 373 376
l 377 1179
l 377 378
l 378 379
l 379 380
l 380 381
l 381 382
l 382 383
l 383 384
l 385 386
l 363 386
l 370 371
l 371 373
l 384 387
l 387 1181
l 385 1181
l 388 389
l 389 390
l 390 391
l 391 392
l 392 393
l 393 394
l 394 395
l 395 396
l 394 396
l 388 396
l 388 394
l 397 398
l 398 399
l 399 400
l 400 401
l 401 1075
l 402 1075
l 402 403
l 403 404
l 404 405
l 405 406
l 397 406
l 407 408
l 408 409
l 409 410
l 410 411
l 411 412
l 412 413
l 413 414
l 414 415
l 415 416
l 416 417
l 417 418
l 407 418
l 419 420
l 420 421
l 421 422
l 419 422
l 423 424
l 424 426
l 426 427
l 424 427
l 427 428
l 428 429
l 429 430
l 430 431
l 431 432
l 432 433
l 433 434
l 434 435
l 435 436
l 436 437
l 426 437
l 437 438
l 438 439
l 423 439
l 425 427
l 425 426
l 427 437
l 440 441
l 441 442
l 442 443
l 443 444
l 444 445
l 445 446
l 446 447
l 440 447
l 448 449
l 449 450
l 448 450
l 451 452
l 452 1078
l 453 1078
l 453 454
l 454 455
l 455 456
l 456 457
l 457 458
l 459 460
l 459 461
l 462 463
l 463 464
l 464 465
l 465 466
l 466 467
l 467 1204
l 1204 1206
l 1206 1208
l 468 1208
l 469 470
l 470 471
l 471 472
l 472 473
l 473 474
l 474 475
l 475 476
l 476 477
l 477 478
l 478 479
l 479 480
l 480 481
l 481 482
l 460 483
l 483 484
l 468 469
l 461 484
l 451 482
l 485 486
l 486 487
l 485 487
l 488 489
l 489 490
l 488 490
l 491 492
l 492 493
l 493 494
l 494 495
l 495 496
l 496 497
l 497 498
l 498 499
l 491 499
l 500 501
l 501 502
l 502 503
l 503 504
l 504 505
l 500 505
l 506 507
l 507 508
l 508 509
l 509 510
l 510 511
l 506 511
l 512 513
l 513 514
l 515 516
l 491 516
l 491 517
l 517 518
l 518 519
l 519 520
l 520 521
l 521 522
l 522 523
l 523 524
l 524 525
l 525 526
l 526 527
l 527 528
l 528 529
l 529 530
l 530 531
l 531 532
l 532 1104
l 1103 1104
l 533 1103
l 533 534
l 534 535
l 535 536
l 507 536
l 537 538
l 538 539
l 512 539
l 515 540
l 507 537
l 514 540
l 541 542
l 542 543
l 543 544
l 544 545
l 545 546
l 546 547
l 547 548
l 522 548
l 522 549
l 549 550
l 541 550
l 551 552
l 552 553
l 553 554
l 554 555
l 555 556
l 556 557
l 557 558
l 558 559
l 559 560
l 551 560
l 561 562
l 562 563
l 563 564
l 564 565
l 565 566
l 567 568
l 568 569
l 569 570
l 570 571
l 561 571
l 566 567
l 572 573
l 573 574
l 574 575
l 575 576
l 576 577
l 577 578
l 578 579
l 579 580
l 580 581
l 581 582
l 582 583
l 583 584
l 585 586
l 586 587
l 572 587
l 584 1120
l 588 1120
l 585 588
l 589 590
l 582 590
l 582 589
l 591 592
l 592 593
l 593 594
l 594 595
l 595 596
l 591 596
l 597 598
l 598 599
l 597 599
l 599 600
l 598 600
l 597 600
l 600 601
l 598 601
l 602 603
l 599 603
l 599 604
l 602 604
l 605 606
l 606 607
l 607 608
l 608 609
l 609 610
l 605 610
l 611 612
l 612 613
l 611 613
l 615 616
l 616 617
l 617 618
l 618 619
l 619 620
l 620 621
l 621 622
l 622 623
l 624 625
l 625 626
l 626 627
l 627 628
l 628 629
l 629 630
l 630 631
l 631 632
l 632 633
l 633 634
l 635 636
l 636 637
l 637 638
l 638 639
l 639 640
l 640 641
l 641 642
l 642 643
l 643 644
l 644 645
l 645 646
l 646 647
l 648 649
l 649 650
l 650 651
l 651 652
l 652 653
l 653 654
l 654 655
l 655 656
l 656 657
l 657 658
l 658 659
l 659 660
l 660 661
l 661 662
l 662 663
l 663 664
l 667 668
l 668 669
l 669 670
l 670 671
l 671 672
l 672 673
l 673 674
l 674 675
l 673 675
l 675 676
l 676 677
l 675 677
l 677 678
l 679 1180
l 677 679
l 679 680
l 681 682
l 614 682
l 614 615
l 624 683
l 634 635
l 664 665
l 665 666
l 664 666
l 666 667
l 680 681
l 623 683
l 647 684
l 648 684
l 645 685
l 645 649
l 649 686
l 685 686
l 614 687
l 687 688
l 614 688
l 689 690
l 690 691
l 691 692
l 692 693
l 693 694
l 694 695
l 695 696
l 696 697
l 698 699
l 697 700
l 700 701
l 701 702
l 559 702
l 559 1238
l 1238 1239
l 1239 1240
l 1240 1241
l 1241 1243
l 1243 1244
l 1244 1245
l 1245 1247
l 1247 1249
l 703 1249
l 8 703
l 8 704
l 704 705
l 705 706
l 689 698
l 706 707
l 699 708
l 707 709
l 689 708
l 689 709
l 710 711
l 711 712
l 712 713
l 713 714
l 714 715
l 715 716
l 716 717
l 717 718
l 718 719
l 719 720
l 720 721
l 721 722
l 722 723
l 723 724
l 724 725
l 727 728
l 710 728
l 725 726
l 726 727
l 729 730
l 730 731
l 731 732
l 732 733
l 726 733
l 726 734
l 729 734
l 735 736
l 736 737
l 735 737
l 738 739
l 738 740
l 740 741
l 738 741
l 741 742
l 742 743
l 43 743
l 41 745
l 738 745
l 739 741
l 746 747
l 747 1124
l 1123 1124
l 748 1123
l 748 749
l 749 750
l 750 751
l 751 752
l 752 753
l 753 754
l 755 1127
l 756 1127
l 756 1126
l 757 1126
l 758 759
l 759 760
l 761 762
l 762 763
l 757 763
l 761 1126
l 764 1126
l 764 765
l 757 765
l 765 766
l 766 767
l 767 768
l 768 769
l 769 770
l 770 771
l 771 772
l 772 773
l 773 774
l 774 775
l 775 1131
l 1131 1223
l 776 1223
l 776 777
l 777 778
l 778 779
l 779 780
l 780 781
l 781 782
l 782 783
l 783 1178
l 784 1178
l 785 786
l 786 787
l 787 788
l 788 789
l 789 790
l 790 791
l 791 792
l 792 793
l 793 794
l 794 795
l 796 797
l 797 798
l 798 799
l 799 800
l 800 801
l 801 802
l 802 803
l 803 804
l 804 805
l 803 805
l 803 806
l 806 807
l 807 808
l 808 809
l 810 811
l 811 812
l 812 813
l 814 815
l 815 816
l 816 817
l 817 818
l 818 819
l 819 820
l 820 821
l 821 822
l 763 1126
l 763 823
l 758 823
l 757 761
l 765 1126
l 809 810
l 813 814
l 822 824
l 761 825
l 795 796
l 746 824
l 760 825
l 754 755
l 784 1261
l 1261 1263
l 1263 1265
l 1265 1267
l 1267 1269
l 785 1269
l 826 827
l 827 828
l 829 830
l 830 831
l 831 832
l 764 832
l 764 826
l 828 829
l 833 834
l 834 835
l 835 836
l 836 837
l 837 838
l 838 839
l 839 840
l 833 840
l 812 841
l 841 842
l 842 843
l 843 844
l 770 844
l 770 845
l 812 845
l 846 1232
l 1231 1232
l 847 1231
l 847 848
l 848 849
l 849 850
l 850 851
l 851 852
l 852 853
l 853 854
l 854 855
l 855 856
l 856 857
l 857 858
l 858 859
l 859 860
l 846 860
l 861 862
l 862 863
l 863 864
l 861 864
l 774 865
l 865 866
l 866 867
l 774 867
l 868 869
l 869 870
l 870 872
l 871 872
l 872 873
l 873 874
l 875 876
l 858 876
l 858 877
l 877 878
l 868 878
l 874 875
l 879 880
l 880 881
l 881 882
l 879 882
l 883 884
l 884 885
l 883 885
l 328 886
l 329 886
l 866 887
l 887 888
l 866 888
l 889 890
l 890 891
l 891 892
l 889 892
l 735 893
l 893 894
l 894 895
l 895 896
l 896 897
l 897 898
l 898 899
l 899 900
l 900 901
l 736 901
l 902 903
l 903 904
l 904 905
l 905 906
l 906 907
l 907 908
l 908 909
l 902 909
l 910 911
l 911 912
l 913 914
l 914 915
l 915 916
l 916 917
l 917 918
l 918 1101
l 919 1101
l 920 921
l 921 922
l 922 923
l 923 924
l 924 925
l 925 926
l 926 927
l 927 1106
l 928 1106
l 928 929
l 929 930
l 930 931
l 931 932
l 933 934
l 934 935
l 935 936
l 936 937
l 920 938
l 932 1100
l 933 1100
l 919 938
l 913 939
l 912 939
l 940 941
l 940 942
l 910 941
l 910 942
l 910 937
l 943 944
l 944 945
l 943 945
l 946 947
l 947 948
l 948 949
l 949 950
l 935 950
l 935 946
l 951 952
l 952 953
l 953 954
l 954 955
l 955 956
l 956 957
l 951 957
l 958 959
l 959 960
l 960 961
l 961 962
l 958 962
l 963 964
l 964 965
l 965 966
l 966 967
l 967 968
l 968 969
l 969 970
l 963 970
l 971 972
l 972 973
l 973 974
l 974 975
l 975 976
l 976 977
l 977 978
l 978 979
l 979 980
l 408 980
l 408 981
l 981 982
l 982 983
l 983 984
l 984 985
l 985 986
l 986 987
l 987 988
l 988 989
l 989 990
l 990 991
l 991 992
l 992 993
l 971 993
l 994 995
l 969 995
l 969 996
l 994 996
l 997 998
l 998 999
l 999 1000
l 1000 1001
l 1001 1002
l 972 1002
l 972 1003
l 1003 1004
l 1004 1005
l 997 1005
l 1006 1007
l 1007 1008
l 1006 1008
l 440 1009
l 1009 1010
l 1010 1011
l 1011 1012
l 440 1012
l 1013 1014
l 1014 1015
l 1013 1015
l 458 1016
l 1016 1017
l 458 1017
l 1017 1018
l 1019 1020
l 1020 1021
l 1021 1022
l 1022 1023
l 1023 1024
l 1024 1025
l 1019 1025
l 1026 1027
l 347 1027
l 347 1026
l 346 1026
l 345 1026
l 1028 1029
l 745 1029
l 745 1030
l 1030 1031
l 1031 1032
l 1024 1032
l 1024 1028
l 1033 1034
l 1034 1035
l 1018 1035
l 1018 1036
l 1036 1037
l 1033 1037
l 1038 1039
l 1039 1040
l 1038 1040
l 1041 1042
l 1042 1043
l 1041 1043
l 106 1044
l 1044 1045
l 106 1045
l 1047 1048
l 1048 1049
l 1049 1050
l 1050 1051
l 1051 1052
l 1052 1053
l 1018 1054
l 458 1054
l 1054 1055
l 1047 1055
l 1046 1056
l 1056 1057
l 1046 1057
l 462 1053
l 3 699
l 4 708
l 1 689
l 5 706
l 6 705
l 7 704
l 8 880
l 10 882
l 11 881
l 14 924
l 16 922
l 21 438
l 21 885
l 22 884
l 22 331
l 24 691
l 26 709
l 27 707
l 30 887
l 175 887
l 31 174
l 28 701
l 32 328
l 33 327
l 327 695
l 34 694
l 39 281
l 38 276
l 40 275
l 44 743
l 1071 1072
l 46 388
l 45 389
l 47 672
l 48 671
l 37 669
l 65 740
l 64 741
l 738 1074
l 65 66
l 400 1034
l 68 1033
l 69 1037
l 1017 1036
l 457 1016
l 72 456
l 74 454
l 75 453
l 49 452
l 50 451
l 51 482
l 52 481
l 53 480
l 54 479
l 55 478
l 57 476
l 59 471
l 60 470
l 1084 1085
l 1085 1086
l 1086 1087
l 63 742
l 76 448
l 78 449
l 77 450
l 496 1088
l 927 1088
l 81 926
l 82 980
l 1090 1091
l 1091 1092
l 1092 1093
l 89 1093
l 1093 1095
l 1095 1096
l 91 491
l 90 517
l 499 1097
l 1040 1097
l 79 1039
l 80 1038
l 79 488
l 83 489
l 92 490
l 86 487
l 85 485
l 84 486
l 93 503
l 94 932
l 95 931
l 109 920
l 110 938
l 111 919
l 113 918
l 130 917
l 114 916
l 115 915
l 116 914
l 117 913
l 118 939
l 119 912
l 121 508
l 120 509
l 122 507
l 123 536
l 124 535
l 125 534
l 126 533
l 96 532
l 97 531
l 98 530
l 99 529
l 100 528
l 128 527
l 129 526
l 101 525
l 102 524
l 103 523
l 104 522
l 105 548
l 105 951
l 106 957
l 107 1045
l 108 428
l 108 921
l 132 1046
l 134 1056
l 133 1057
l 135 745
l 136 1029
l 401 402
l 136 1074
l 137 946
l 138 935
l 139 934
l 139 501
l 140 929
l 141 928
l 143 494
l 142 495
l 143 943
l 144 945
l 144 492
l 145 516
l 146 515
l 147 540
l 148 514
l 149 513
l 150 512
l 150 947
l 152 950
l 153 949
l 154 537
l 153 538
l 151 511
l 158 550
l 157 1052
l 159 549
l 160 521
l 1108 1109
l 1109 1110
l 1110 1111
l 1111 1112
l 1112 1113
l 1113 1114
l 165 466
l 164 467
l 166 465
l 167 464
l 168 463
l 169 462
l 156 1053
l 196 580
l 198 786
l 197 787
l 198 964
l 199 963
l 554 969
l 201 554
l 202 995
l 552 994
l 204 863
l 203 864
l 204 999
l 566 998
l 205 566
l 206 565
l 211 564
l 212 562
l 561 1007
l 570 1006
l 208 570
l 172 569
l 173 568
l 702 1003
l 176 866
l 177 865
l 178 774
l 179 773
l 180 772
l 181 771
l 182 770
l 183 844
l 184 843
l 185 842
l 186 841
l 209 812
l 191 811
l 192 810
l 193 809
l 210 808
l 194 807
l 195 806
l 190 596
l 186 595
l 187 594
l 188 593
l 213 592
l 189 591
l 216 800
l 215 801
l 217 799
l 218 584
l 214 802
l 220 769
l 222 767
l 223 766
l 224 765
l 225 764
l 227 831
l 228 830
l 229 829
l 230 603
l 231 602
l 232 749
l 233 748
l 235 747
l 236 746
l 237 824
l 238 822
l 239 821
l 240 820
l 241 819
l 242 818
l 243 817
l 244 816
l 245 815
l 246 814
l 247 813
l 219 845
l 252 759
l 251 760
l 253 758
l 254 823
l 255 763
l 256 762
l 249 761
l 250 825
l 258 751
l 257 752
l 258 604
l 259 599
l 261 597
l 756 757
l 262 756
l 260 1126
l 264 755
l 265 754
l 266 753
l 304 636
l 635 1129
l 305 782
l 783 1129
l 309 781
l 310 780
l 311 779
l 312 778
l 319 777
l 319 606
l 322 610
l 323 609
l 324 775
l 325 867
l 326 888
l 326 696
l 329 692
l 332 883
l 333 436
l 434 1132
l 434 1134
l 334 429
l 335 1012
l 336 1011
l 447 1009
l 338 447
l 445 909
l 339 907
l 340 906
l 905 1022
l 341 1022
l 898 1015
l 356 897
l 344 895
l 347 892
l 347 715
l 714 892
l 348 891
l 348 892
l 321 711
l 350 728
l 358 727
l 316 726
l 351 725
l 352 724
l 353 723
l 354 722
l 267 721
l 716 1156
l 1026 1158
l 1027 1156
l 893 1158
l 737 901
l 900 1020
l 268 1024
l 269 1032
l 270 1031
l 271 1030
l 272 745
l 278 668
l 279 667
l 280 666
l 282 664
l 283 663
l 284 660
l 285 659
l 286 658
l 287 657
l 288 656
l 289 655
l 290 654
l 291 652
l 292 651
l 293 650
l 294 649
l 295 645
l 296 644
l 297 643
l 298 642
l 299 641
l 302 638
l 303 637
l 359 734
l 317 733
l 318 732
l 313 731
l 314 730
l 315 729
l 307 611
l 308 613
l 306 612
l 362 633
l 1176 1177
l 360 784
l 361 634
l 368 616
l 372 615
l 371 614
l 373 682
l 374 681
l 375 680
l 680 1180
l 679 1179
l 870 871
l 378 869
l 379 868
l 380 878
l 381 877
l 382 858
l 383 857
l 384 856
l 385 853
l 386 852
l 363 851
l 849 1183
l 621 1183
l 364 620
l 365 619
l 366 618
l 370 687
l 369 688
l 1184 1185
l 392 873
l 391 874
l 1072 1184
l 399 1035
l 403 444
l 406 441
l 398 1018
l 409 925
l 8 414
l 415 703
l 421 942
l 422 910
l 419 941
l 420 940
l 902 1028
l 1114 1205
l 1205 1207
l 1207 1209
l 1209 1210
l 468 1210
l 1210 1211
l 1084 1211
l 460 960
l 483 959
l 484 958
l 461 962
l 459 961
l 493 944
l 502 933
l 505 930
l 911 1041
l 937 1043
l 1096 1213
l 1213 1214
l 1214 1215
l 1108 1215
l 539 948
l 543 1050
l 544 1049
l 954 1048
l 546 953
l 547 952
l 542 1051
l 553 996
l 555 968
l 1218 1219
l 1219 1220
l 1220 1221
l 558 973
l 559 972
l 551 1001
l 551 861
l 571 1008
l 574 792
l 573 793
l 575 791
l 576 790
l 577 789
l 578 788
l 582 803
l 588 798
l 585 797
l 586 796
l 587 795
l 572 794
l 589 805
l 590 804
l 600 826
l 259 827
l 225 601
l 260 757
l 597 601
l 607 776
l 646 838
l 295 839
l 647 837
l 684 836
l 648 835
l 294 834
l 1179 1180
l 678 679
l 622 848
l 623 847
l 625 846
l 626 860
l 382 628
l 629 876
l 630 875
l 1234 1235
l 631 1235
l 1235 1236
l 1176 1236
l 686 833
l 685 840
l 713 889
l 1071 1087
l 1177 1262
l 1262 1264
l 1264 1266
l 1266 1268
l 1268 1270
l 1270 1271
l 785 965
l 862 1000
l 1185 1234
l 899 1014
l 903 1024
l 910 1042
l 955 1047
l 956 1044
l 1271 1286
l 1286 1287
l 967 1287
l 1218 1287
l 1221 1290
l 1290 1291
l 1291 1292
l 1292 1293
l 1293 1294
l 1294 1295
l 1090 1295
