# pointcloud_to_mesh 0.5.1; candidate requires geometry validation; coordinates preserved
v -2.822770978 -7.559134398 2.868062535
v -3.220979566 -7.347795237 2.869845761
v -4.224386175 -8.415992665 2.877205220
v -4.173155047 -8.893653142 2.877782363
v -3.935118232 -9.015362322 2.876708129
v -3.768175696 -8.997457022 2.875769843
v -3.658928943 -8.891575962 2.874987233
v -3.489374701 -8.967554423 2.874202867
v -3.083800787 -8.924054886 2.871923375
v -2.925688927 -8.180926093 2.869734522
v -2.772051734 -8.032022247 2.868633912
v -2.812925091 -7.650933884 2.868173454
v -2.815423321 -7.627641291 2.868145310
v -8.659976988 -6.039865750 2.897028841
v -9.210320606 -6.098892456 2.900121998
v -9.199890955 -6.196134743 2.900239493
v -8.378701156 -6.716629051 2.896713706
v -7.399017969 -6.277046315 2.890608553
v -6.624462712 -7.684672770 2.888924314
v -6.092371737 -6.793044591 2.884439477
v -6.008434995 -6.652391267 2.883731999
v -5.769689795 -6.758435573 2.882625872
v -5.467000694 -6.725970873 2.880924634
v -5.558788023 -5.870179089 2.879890606
v -6.008435533 -6.325125060 2.883146036
v -6.311950137 -6.032725226 2.884270088
v -6.904549911 -6.096284086 2.887600743
v -6.972950506 -5.458541725 2.886830178
v -6.889628917 -5.368956931 2.886217476
v -6.951642866 -4.790761346 2.885518860
v -6.936370444 -4.778969913 2.885414843
v -6.293572702 -4.282685655 2.881036906
v -6.009665143 -3.576481811 2.878231301
v -6.293593050 -3.485441470 2.879609561
v -6.531090106 -3.911699559 2.881661994
v -7.930219702 -3.864336353 2.889172189
v -8.278663517 -4.090182240 2.891468046
v -8.307355666 -4.075459077 2.891597436
v -8.319948840 -4.116941562 2.891740071
v -8.830711869 -4.447995591 2.895105431
v -8.723606432 -5.446607870 2.896312025
v -8.679245793 -5.860210392 2.896811769
v -2.375293198 -4.012002513 2.859282366
v -2.113222539 -4.227467150 2.858245535
v -2.008647250 -3.947356928 2.857176328
v 2.883166312 0.999367474 2.821764690
v 3.193068029 1.032605758 2.820022915
v 3.222136080 1.063724811 2.819809405
v 3.225105192 1.036041881 2.819842853
v 3.925289430 1.111139635 2.815907530
v 3.715770664 3.064616681 2.813547201
v 3.489716931 3.398110287 2.814177189
v 3.529289843 3.029146793 2.814622997
v 3.141702769 2.987576421 2.816801396
v 2.648698368 2.934699591 2.819572283
v 2.692681058 2.905724791 2.819385408
v 2.860664560 1.339507506 2.821277822
v 2.537252815 0.622227670 2.824317702
v 2.406860735 0.608242562 2.825050559
v 2.426496170 0.425168882 2.825271761
v 1.613124375 -0.071504161 2.830576334
v 1.471511014 1.248847495 2.828980992
v 1.339866037 1.234728008 2.829720891
v 1.296793071 1.636324733 2.829235653
v 1.154310251 1.621042841 2.830036466
v 0.827482524 4.668266123 2.826354595
v 1.118950439 4.535994519 2.825009229
v 1.060211644 5.083653757 2.824347509
v 0.133725315 4.984284136 2.829554743
v -0.041339237 6.616522570 2.827582557
v -0.663054584 6.572168466 2.831036876
v -0.734611801 7.239342030 2.830230750
v -0.115263943 7.305769736 2.826749760
v -0.143374945 7.567866534 2.826433076
v 0.783111384 7.667236155 2.821225842
v 0.682440723 8.605852912 2.820091739
v 0.429093742 8.578680365 2.821515653
v -1.378041806 8.384857350 2.831672498
v -3.113786799 8.198691277 2.841428099
v -3.046911194 7.575167370 2.842181484
v -2.188037089 7.667285290 2.837354259
v -2.951924586 6.689546664 2.843251554
v -3.285920686 6.653724154 2.845128749
v -2.887471310 6.088607674 2.843977650
v -2.630311684 3.690944526 2.846874676
v -0.824269863 3.884650234 2.836723979
v -0.705672573 2.778892081 2.838060034
v -2.511714394 2.585186373 2.848210731
v -2.137388030 -0.904896976 2.852427696
v -1.880063860 -0.877297858 2.850981428
v -1.752538970 -2.066293718 2.852418057
v -1.672932721 -2.808513526 2.853314859
v -1.850129351 -3.077150414 2.854757740
v -1.901471509 -3.104497122 2.855085408
v -1.855164609 -3.536245877 2.855607077
v -1.828951935 -3.915673750 2.856144146
v -1.829015076 -3.780054645 2.855901664
v -1.829151772 -3.486447361 2.855376706
v -1.829272900 -3.226276632 2.854911532
v -0.074385202 -3.189521157 2.845319535
v -0.342535088 -4.069837452 2.848351348
v 0.430889051 -3.464203774 2.843068533
v 1.737905857 -4.601304454 2.838009521
v 2.080580114 -4.429892053 2.835842446
v 2.712761620 -4.113662432 2.831844523
v 2.770397454 -3.223841714 2.829938442
v 3.132011871 -2.886755933 2.827371916
v 2.712515539 -3.233670444 2.830270245
v 2.340230314 -3.111487602 2.832072382
v 2.369216054 -3.233278576 2.832133101
v 2.140221832 -3.045845473 2.833040571
v 1.924543198 -2.975060395 2.834084616
v 1.376850820 -2.795309477 2.836735853
v 0.673352513 -3.088001502 2.841078766
v 0.467548058 -2.934171807 2.841920519
v 0.398171981 -2.941612688 2.842310441
v 0.391257901 -2.877148310 2.842232551
v 0.054056432 -2.625105170 2.843611727
v 0.315429215 -2.170149129 2.841378305
v 0.302961423 -2.053903957 2.841237849
v 0.387416108 -2.044845831 2.840763179
v 0.615854305 -1.647217064 2.838811182
v 0.480849845 -1.661696870 2.839569963
v 0.427996877 -1.440069400 2.839460047
v 0.086249734 -1.476723243 2.841380807
v -0.074663275 -2.309230880 2.843744897
v -0.634314072 -2.228199861 2.846637805
v -0.858367197 -2.195759562 2.847795965
v -0.938328821 -1.586613674 2.847139359
v -0.961815513 -1.589132722 2.847271364
v -1.009996605 0.181325310 2.844362927
v 0.019581223 0.291751934 2.838576277
v 0.035731346 0.311871379 2.838452584
v 0.671860892 1.104346658 2.833580519
v 1.056091962 -0.085372351 2.833624945
v 1.049326963 -0.101676814 2.833690861
v 1.058285462 -0.110100392 2.833657313
v 1.065180571 -0.187829033 2.833759056
v 1.083547575 -0.394882132 2.834030079
v 1.087190145 -0.435945178 2.834083829
v 0.698430510 -1.142130619 2.837458577
v 1.373212623 -1.069757352 2.833666024
v 1.676979240 -0.666863778 2.831295690
v 1.835378123 -0.456775215 2.830059680
v 2.084604511 -0.430044619 2.828658926
v 1.736284015 -0.451814585 2.830588718
v 2.069075359 -0.416121290 2.828718294
v 2.430705610 0.385921589 2.825319183
v 2.480870733 -0.081799843 2.825884317
v 2.842060480 0.274248787 2.823286143
v 3.025343450 0.119696002 2.822567940
v 3.097286836 0.181940405 2.822065956
v 2.972276910 0.168532556 2.822768564
v 3.335794143 3.008393551 2.815710522
v -2.133169446 7.155719271 2.837972369
v -2.093050481 6.781664584 2.838424328
v -0.435956798 -2.883736346 2.846734777
v 2.148858266 -3.126368450 2.833137865
v -1.150093110 0.166299360 2.845150327
v 0.969342459 0.892563167 2.832344873
v 2.943737319 0.434625355 2.822447051
v 2.911887151 0.731584778 2.822088244
v -1.646463137 -3.055306341 2.853613052
v -1.107905608 -0.227041625 2.845625590
v -2.736195891 -3.715281897 2.860710206
v -3.126855344 -3.757181794 2.862905873
v -1.903787307 -3.082905459 2.855059320
v -2.546898874 -3.151881925 2.858673871
v -2.677699850 -1.932341031 2.857200336
v -2.803254479 -1.914162161 2.857849344
v -3.130540923 -1.537014135 2.858950699
v -3.433289264 -2.262597272 2.861893277
v -3.307542602 -3.435013570 2.863309873
v -3.705100968 -3.477653405 2.865544314
v -3.506801554 -3.859584224 2.865151713
v -3.749788535 -4.254348175 2.867177557
v -8.796835347 -2.536784059 2.891499537
v -9.408972212 -1.849947209 2.893592673
v -9.607948388 -2.391555122 2.895642532
v -9.569748991 -2.747712455 2.896072866
v -9.409228479 -2.876226988 2.895431604
v -4.215454193 3.463109745 2.855887357
v -5.517858139 2.770862072 2.864196753
v -5.650157441 2.474965950 2.865444721
v -5.082233570 2.287562170 2.862697362
v -4.961567412 1.162514647 2.864056724
v -6.993961322 0.076682725 2.877033486
v -7.593323803 0.012398536 2.880402149
v -7.502197659 -0.837228603 2.881428729
v -7.361979106 -0.780205865 2.880565471
v -6.621470956 -0.479063104 2.876006524
v -6.010533099 -0.822771097 2.873305530
v -4.718461794 -0.422398028 2.865574821
v -4.124892081 1.326575492 2.859221189
v -2.733422069 0.987733264 2.852274462
v -2.800297675 1.611257171 2.851521077
v -4.124325852 2.408103384 2.857281654
v -3.414571650 2.936909012 2.852482023
v -3.558347270 4.277420784 2.850862322
v -4.228205437 4.205575632 2.854627200
v -4.188854299 3.838679886 2.855070510
v -4.254975077 3.831588150 2.855442136
v -6.313165884 0.149700947 2.873207135
v -4.807359107 0.406448295 2.864573351
v -7.417726694 5.473668042 2.869670611
v -8.285830141 5.380560235 2.874549709
v -8.556390942 5.131933407 2.876463578
v -9.083799524 4.647281078 2.880194312
v -7.731857760 4.252202761 2.873562850
v -7.632946703 3.329991910 2.874677130
v -6.634970389 3.437029137 2.869068093
v -6.296358328 3.855425567 2.866480846
v -7.313340059 4.585736603 2.870693791
v -7.067399042 4.837646903 2.868907689
v -6.552417191 5.365127981 2.865167727
v -6.602453923 5.831652327 2.864604040
v -5.509422777 5.948884591 2.858460755
v -5.606040549 6.849713687 2.857372310
v -5.669546715 7.441822157 2.856656883
v -6.300030704 7.374200053 2.860200462
v -6.532807024 6.581354901 2.862883638
v -7.407384970 7.077315852 2.866743162
v -6.618776020 6.390800285 2.863691495
v -6.787390392 6.211068566 2.864928604
v -7.044599288 5.936900963 2.866815724
v -7.123933187 5.988759112 2.867153526
v -8.015409672 6.571489971 2.870949422
v -7.624027819 6.315655643 2.869282923
v -7.497174961 6.371012654 2.868495202
v -7.588119813 7.218949488 2.867470665
v -8.171573535 7.156371581 2.870749915
v -8.060953115 6.124986875 2.871996107
v -7.971697848 6.163936764 2.871441857
v 1.374484152 -6.713505720 2.843764179
v 1.738198145 -6.674495838 2.841719957
v 0.344020665 -5.290180439 2.846809475
v -0.073444030 -5.834202313 2.850049693
v 0.800052516 -6.983001454 2.847364937
v 1.199855159 -6.940120911 2.845117882
v 1.208720608 -7.022779143 2.845217755
v 3.214960702 -0.359397569 2.822396437
v 3.326866398 -0.450181352 2.821951518
v 3.658921851 -0.414566984 2.820085230
v 2.433149727 -0.392661654 2.826699958
v 0.314786035 -0.294356343 2.838023214
v 0.341693677 -0.155145612 2.837627894
v 0.291664782 -0.078782157 2.837762742
v 2.379852543 3.350617938 2.820286982
v 1.826812871 3.476139151 2.823064344
v 2.407413149 3.093652831 2.820597466
v 2.255860357 5.491542783 2.817126761
v 2.844148851 5.655056018 2.813640542
v 2.425154210 5.989508263 2.815316170
v 1.313978760 5.229749277 2.822708384
v 1.846559235 5.377778615 2.819552293
v 1.986496718 5.785034938 2.818063473
v 1.945268119 6.169435454 2.817599013
v 1.189441474 6.390889796 2.821305412
v 4.863870627 -7.639851280 2.826481094
v 4.850823861 -7.518207963 2.826334116
v 4.747664628 -7.573385154 2.826992897
v 4.362586341 -6.500230364 2.827161777
v 3.486464143 -6.594198217 2.832085944
v 3.130256592 -7.003821043 2.834752996
v 4.523526572 -7.693270688 2.828424256
v 4.232670348 -7.278824953 2.829261073
v 4.652021712 -7.002226888 2.826489431
v 4.615971345 -7.006093444 2.826692049
v 8.509814575 -5.432972829 2.802738161
v 9.022297920 -5.378006799 2.799857794
v 8.826472453 -5.134626624 2.800485039
v 8.352954794 -4.546118845 2.802001754
v 8.345747216 -4.537160962 2.802024841
v 7.923568534 -4.582441431 2.804397658
v 7.641802164 -5.416445725 2.807420465
v 7.926026842 -5.977233192 2.806881670
v 8.533892369 -5.657465459 2.803009409
v 4.296436484 -2.433694988 2.820239785
v 4.354205164 -2.427499050 2.819915101
v 4.336982376 -2.266920018 2.819721078
v 4.286080804 -2.252748374 2.819972017
v 4.248683264 -1.904067270 2.819550716
v 4.231780208 -1.905880195 2.819645718
v 4.078565239 -2.194973406 2.820995043
v 3.581142369 -2.056484564 2.823447278
v 3.460181214 -2.284725957 2.824512564
v 4.008293266 -3.049635800 2.822906768
v 4.046664863 -3.045520283 2.822691104
v 4.163692068 -3.266500350 2.822451498
v 3.518885778 -3.102126846 2.825657439
v 3.651773183 -4.341120853 2.827154479
v 4.173499049 -4.285163523 2.824222165
v 4.233830931 -4.436190817 2.824165073
v 4.314272953 -4.270064919 2.823430958
v 4.500306596 -4.250112016 2.822385372
v 4.424494336 -3.543265985 2.821531311
v 4.415545659 -3.544225769 2.821581606
v 8.285839294 -1.048253905 2.796103201
v 8.340775436 -3.245525502 2.799739173
v 9.041854542 -3.170331770 2.795798820
v 9.410974056 -1.912997831 2.791543862
v 3.743570698 -0.485946857 2.819753529
v 3.693812380 -0.443988344 2.819948510
v 3.729510821 -0.776827674 2.820350670
v 4.100024103 -1.077407524 2.818877570
v 4.119018093 -1.092816378 2.818802052
v 4.172633745 -1.195009113 2.818693981
v 4.165738286 -1.130718353 2.818616301
v 4.235799057 -1.187555304 2.818337751
v 4.543434676 -1.154560068 2.816608712
v 4.507144183 -0.816200659 2.816199882
v 4.100393025 -0.521462823 2.817880155
v 3.845203468 -0.336548739 2.818934333
v 8.816849528 1.659012858 2.788373354
v 7.956193441 1.566703812 2.793210595
v 8.053568844 0.658810844 2.794307575
v 8.762124412 0.560210812 2.790637813
v 8.767200555 2.768950980 2.786655537
v 8.862182397 2.569232013 2.786497534
v 8.870240131 2.731019786 2.786164115
v 5.172962612 2.208653477 2.807169609
v 5.195186940 2.001441896 2.807419977
v 5.230484498 2.005227710 2.807221590
v 5.083210999 3.378352437 2.805562484
v 3.822243020 3.243108229 2.812649643
v 4.418791519 2.420954520 2.810883410
v 4.527404044 2.271266457 2.810561835
v 4.651163082 2.152688246 2.810102337
v 5.114356346 2.202367704 2.807499001
v 7.330969358 2.910994192 2.794197610
v 8.144357535 2.998233553 2.789626034
v 7.314807649 3.303609588 2.793582369
v 7.030385060 2.340586286 2.796850602
v 7.388033840 2.378945647 2.794840469
v 4.850227587 7.366951804 2.799685670
v 5.922448663 6.393545365 2.795608125
v 6.620612627 6.723782627 2.791226945
v 4.362586341 -6.500230364 2.967759247
v 4.615971345 -7.006093444 2.968344423
v 4.652021712 -7.002226888 2.968165283
v 4.232670348 -7.278824953 2.971050502
v 4.747664586 -7.573385150 2.969701686
v 4.850823861 -7.518207963 2.969036442
v 4.863870627 -7.639851280 2.969397331
v 4.523526572 -7.693270688 2.971147084
v 3.130256592 -7.003821043 2.975167976
v 3.486464143 -6.594198217 2.972112838
v 3.086697413 -6.637074908 2.974099343
v 1.208720608 -7.022779143 2.984068921
v 1.340495485 -8.251400339 2.987713970
v -1.153003567 -8.518838775 3.000104567
v -3.083800787 -8.924054886 3.010384526
v 5.507227150 -8.002630403 2.967694330
v 5.350515777 -6.541510355 2.963359508
v 4.786004305 -6.913853917 2.967243457
v 4.500306596 -4.250112016 2.959340719
v 4.314272992 -4.270064915 2.960265150
v 4.233830931 -4.436190817 2.961209814
v 4.173499049 -4.285163523 2.960964678
v 3.651773183 -4.341120853 2.963557218
v 3.520725243 -3.119277348 2.959932276
v 3.225972977 -2.876678203 2.960448187
v 4.100024103 -1.077407524 2.950203868
v 3.729510821 -0.776827674 2.950867524
v 3.796917223 -1.405300537 2.952732065
v 2.399101282 -0.549688128 2.956198946
v 3.326866398 -0.450181352 2.951588732
v 3.214960702 -0.359397569 2.951789175
v 2.084604511 -0.430044619 2.957231063
v 1.835378123 -0.456775215 2.958469509
v 1.676979236 -0.666863740 2.959924732
v 1.718177325 -1.050979787 2.961064320
v 2.065296869 -0.801924313 2.958606524
v 2.350335096 -1.172439980 2.958577862
v 2.066585833 -1.961700580 2.962613357
v 2.340230314 -3.111487602 2.965333318
v 2.712515539 -3.233670444 2.964044272
v 3.132011871 -2.886755933 2.960915095
v 2.770397454 -3.223841714 2.963744120
v 2.712761620 -4.113662432 2.967087862
v 1.737905857 -4.601304454 2.973257528
v 0.430889051 -3.464203774 2.975332975
v -0.342535088 -4.069837452 2.980984688
v -0.074385202 -3.189521157 2.976705873
v -0.435956798 -2.883736346 2.977310406
v -1.148132371 -3.058821399 2.981190821
v -1.332177209 -3.433144714 2.983332208
v -1.829151772 -3.486447361 2.985801755
v -1.829015080 -3.780054604 2.986816991
v -1.828951935 -3.915673750 2.987285935
v -2.008647250 -3.947356928 2.988221808
v -2.113222539 -4.227467150 2.989671817
v -2.375293198 -4.012002513 2.990131340
v -3.749788535 -4.254348175 2.997289864
v -3.506801554 -3.859584224 2.994806733
v -3.705100968 -3.477653405 2.994397068
v -3.995397552 -3.508788955 2.995839598
v -3.537784082 -1.288325455 2.986052784
v -3.433289264 -2.262597272 2.988943235
v -3.130540923 -1.537014135 2.985040701
v -2.803254479 -1.914162161 2.984840727
v -2.677699850 -1.932341031 2.984326316
v -2.780499597 -0.973873442 2.981482753
v -2.137388030 -0.904896976 2.978287029
v -2.511714394 2.585186373 2.967932717
v -2.575747147 2.578318586 2.968250906
v -2.694344438 3.684076739 2.964970365
v -2.630311684 3.690944526 2.964652176
v -2.887471310 6.088607674 2.957538835
v -3.285920686 6.653724154 2.957415661
v -3.637691512 6.615995229 2.959163667
v -3.732678120 7.501615934 2.956536225
v -3.046911194 7.575167370 2.953128539
v -3.113786799 8.198691277 2.951278680
v -10.657024122 7.389646818 2.988762236
v -9.607948388 -2.391555122 3.017780916
v -9.083799524 4.647281078 2.991016873
v -8.556390942 5.131933407 2.986914944
v -8.800070737 5.364528835 2.987230633
v -8.431106388 5.935029500 2.983560211
v -8.060953115 6.124986875 2.981200980
v -8.171573535 7.156371581 2.978141088
v -7.624027819 6.315655643 2.978532265
v -8.015409672 6.571489971 2.979446693
v -7.971697848 6.163936764 2.980655814
v -8.370661335 5.371461727 2.985232193
v -7.417726694 5.473668042 2.980496908
v -7.123933222 5.988759125 2.977363840
v -6.909967147 6.363893453 2.975082066
v -6.787390426 6.211068528 2.975047216
v -6.618776020 6.390800285 2.973650054
v -7.407384970 7.077315852 2.974900826
v -6.532807024 6.581354901 2.972595455
v -6.300030704 7.374200053 2.968781935
v -5.669546715 7.441822157 2.965648959
v -5.606040549 6.849713687 2.967405615
v -5.149636160 4.664830760 2.972866607
v -7.067399042 4.837646903 2.981086675
v -7.313340059 4.585736603 2.983089123
v -6.296358328 3.855425567 2.980939808
v -6.634970389 3.437029137 2.983944396
v -7.632946703 3.329991910 2.988903501
v -7.731857760 4.252202761 2.986167503
v -9.408972212 -1.849947209 3.014992078
v -7.840002024 -0.979966933 3.004767766
v -7.951304957 0.057781276 3.001688995
v -7.060047772 0.692848832 2.995393638
v -6.993961322 0.076682725 2.997221667
v -6.313165884 0.149700947 2.993838685
v -4.961567412 1.162514647 2.984119668
v -5.082233570 2.287562170 2.980781899
v -5.650157441 2.474965950 2.982744844
v -5.517858139 2.770862072 2.981112740
v -4.215454193 3.463109745 2.972729062
v -4.254975077 3.831588150 2.971635867
v -4.188854299 3.838679886 2.971307303
v -4.228205437 4.205575632 2.970218803
v -3.414571650 2.936909012 2.970867175
v -3.662766762 2.751990104 2.972648202
v -3.617645853 2.331299098 2.973896300
v -3.876537243 2.592719425 2.974182200
v -4.124325852 2.408103384 2.975960310
v -2.800297675 1.611257171 2.972629382
v -2.733422069 0.987733264 2.974479241
v -4.124892081 1.326575492 2.979704938
v -4.807359107 0.406448295 2.986026554
v -4.718461794 -0.422398028 2.988485559
v -6.010533099 -0.822771097 2.995811857
v -6.621470956 -0.479063104 2.997431780
v -7.361979106 -0.780205865 3.001878623
v -7.321748777 -1.155298880 3.002991442
v -8.796835347 -2.536784059 3.014553848
v -9.409228479 -2.876226988 3.018544126
v -9.569748991 -2.747712455 3.018837557
v -9.251047434 -5.719170274 3.027653220
v -8.791383740 -5.669869377 3.025369077
v -8.723606432 -5.446607870 3.024284961
v -8.830711869 -4.447995591 3.021322297
v -8.319948840 -4.116941562 3.017828347
v -8.307355666 -4.075459077 3.017626915
v -8.278663530 -4.090182232 3.017545928
v -7.930219702 -3.864336353 3.015162346
v -6.531090106 -3.911699559 3.008892929
v -6.293593050 -3.485441470 3.006326073
v -6.293572702 -4.282685655 3.009084399
v -6.936370398 -4.778969944 3.013757141
v -5.647428312 -5.440380963 3.010118944
v -5.123221681 -4.986690973 3.006138865
v -5.161613035 -4.628743904 3.005076915
v -4.618130069 -4.570453032 3.002376261
v -5.230346344 -5.967407653 3.010024655
v -4.522032998 -6.639503929 3.009093198
v -5.230552430 -6.997906138 3.013591069
v -5.769689795 -6.758435573 3.015241504
v -6.092371737 -6.793044591 3.016844962
v -6.624462712 -7.684672770 3.022376534
v -7.399017969 -6.277046315 3.021067684
v -8.378701156 -6.716629051 3.027093264
v -9.199890955 -6.196134743 3.029068269
v -8.841081097 -9.541547818 3.038993375
v -3.935118232 -9.015362322 3.014614859
v -4.173155047 -8.893653142 3.015288261
v -4.224386175 -8.415992665 3.013871147
v -3.220979566 -7.347795237 3.005561515
v -2.772051734 -8.032022247 3.005864701
v -2.925688927 -8.180926093 3.007086334
v -1.293643893 -7.207559347 2.996214289
v 0.800052516 -6.983001454 2.985810375
v -0.073444030 -5.834202313 2.985851991
v 0.344020665 -5.290180439 2.982050176
v 1.738198145 -6.674495838 2.980429307
v 1.374484152 -6.713505720 2.982236661
v 2.898494465 -4.882338833 2.968893427
v 4.592859134 -6.475532623 2.966614984
v 3.581142369 -2.056484564 2.955977272
v 2.505722603 -1.543786681 2.959148218
v -7.588119813 7.218949488 2.975241813
v -7.497174961 6.371012654 2.977757455
v -6.009665143 -3.576481811 3.005335548
v -2.822770978 -7.559134398 3.004461747
v 4.404656186 -4.720796548 2.961409067
v 3.124363860 -1.929311628 2.957637559
v -4.225639032 -1.362100840 2.989470845
v -3.558347270 4.277420784 2.966890171
v 2.148858266 -3.126368450 2.966264747
v 2.369216054 -3.233278576 2.965621430
v 2.140221829 -3.045845445 2.966025853
v 0.054056432 -2.625105170 2.974162443
v 0.391257899 -2.877148300 2.973484023
v 0.315429215 -2.170149129 2.971386512
v 0.672717181 -1.188839116 2.966348401
v 0.698430496 -1.142130621 2.966068561
v 0.435987881 -1.170278714 2.967372680
v 0.956442517 -0.472496891 2.962565310
v 1.083547575 -0.394882132 2.961712330
v 1.065180566 -0.187829070 2.961080391
v 1.058285507 -0.110100397 2.960843158
v 1.049326963 -0.101676814 2.960855205
v 1.056091995 -0.085372395 2.960767686
v 0.969342459 0.892563167 2.957782965
v 0.671860892 1.104346658 2.958418047
v 0.035731346 0.311871379 2.964084932
v 0.019581264 0.291751939 2.964228803
v 0.046986737 0.294691293 2.964092621
v 0.249281068 0.316388225 2.963087388
v 0.291664780 -0.078782144 2.964259772
v 0.341693677 -0.155145612 2.964293949
v 0.314786035 -0.294356343 2.964899333
v 0.345921309 -0.584650355 2.965760572
v 0.417171960 -1.248965600 2.967731449
v 0.427996905 -1.440069397 2.968342884
v 0.480849845 -1.661696870 2.968866681
v 0.615854305 -1.647217064 2.968195822
v 1.768862713 -1.523551982 2.962466338
v 1.049899828 -1.530463502 2.965796091
v 0.437558666 -1.439043858 2.968295370
v 3.025343484 0.119696021 2.951003412
v 3.658921851 -0.414566984 2.949938695
v 3.690295903 -0.411201983 2.949782793
v 3.693812376 -0.443988309 2.949880063
v 3.743570698 -0.485946857 2.949796445
v 3.845203468 -0.336548739 2.948812221
v 4.100393025 -0.521462823 2.948278635
v 4.048507031 -0.037696613 2.946843407
v 4.198286619 0.991671501 2.942593155
v 4.316202418 1.083160469 2.941734424
v 4.206604956 2.105007486 2.938702828
v 4.651163082 2.152688246 2.936493748
v 4.527404044 2.271266457 2.936652526
v 4.418791519 2.420954520 2.936634022
v 4.104315452 2.491402513 2.937836258
v 3.715770664 3.064616681 2.937639524
v 3.925289430 1.111139635 2.943435062
v 4.179133560 1.138365503 2.942173670
v 3.314215790 0.205206963 2.949379294
v 3.097286836 0.181940405 2.950457249
v 4.273256401 0.292680420 2.944666909
v 4.268244158 0.307530585 2.944638574
v 4.014400028 0.280304717 2.945899967
v 3.222136080 1.063724811 2.946832260
v 3.193068029 1.032605758 2.947073587
v 3.225105192 1.036041881 2.946914390
v 1.846559235 5.377778615 2.938230875
v 1.450263688 4.224450257 2.944043518
v 1.706740365 4.006769088 2.943617386
v 1.741151170 3.977563375 2.943560213
v 2.255860357 5.491542783 2.935955263
v 2.425154210 5.989508263 2.933453907
v 2.440474344 6.034571318 2.933227548
v 3.221330196 6.550284756 2.927852782
v 2.440202358 6.762895646 2.930708838
v 1.733433237 7.504050414 2.931394257
v 0.961361296 7.421242397 2.935230806
v 1.039401456 6.693624232 2.937389490
v 1.882594785 6.753778908 2.933304299
v 1.986496718 5.785034938 2.936178349
v 1.945268119 6.169435454 2.935037917
v -0.041339237 6.616522570 2.942625575
v -0.115263943 7.305769736 2.940580730
v -0.734611801 7.239342030 2.943658368
v -0.663054584 6.572168466 2.945637726
v 9.222310787 -3.877620815 2.936339830
v 8.730133568 -3.930408926 2.938785538
v 8.767735766 -4.280998194 2.939825659
v 8.352954794 -4.546118845 2.942650152
v 8.826472453 -5.134626624 2.942509090
v 9.022297920 -5.378006799 2.942450753
v 9.289314187 -5.349368162 2.941123906
v 9.379128803 -5.339735161 2.940677603
v 4.508751692 -3.868434861 2.957981307
v 4.468324590 -3.951923383 2.958456059
v 4.645672877 -4.234520860 2.958618371
v 4.569860618 -3.527674830 2.956521313
v 4.473314339 -3.538029831 2.957001067
v 8.382546102 3.480384118 2.914742848
v 8.283696183 3.126725733 2.916421004
v 8.628129763 3.050120193 2.915102326
v 8.144357535 2.998233553 2.917506268
v 7.330969358 2.910994192 2.921548124
v 7.388033840 2.378945647 2.923126596
v 7.480620988 1.515696633 2.925687666
v 7.956193441 1.566703812 2.923324470
v 8.816849528 1.659012858 2.919047732
v 9.057278396 1.684799882 2.917853002
v 8.991607852 2.297088229 2.916036477
v 8.862182397 2.569232013 2.915689982
v 8.767200555 2.768950980 2.915435699
v 8.426611311 3.485110300 2.914523881
v 4.586261815 3.609172732 2.931752815
v 5.247370165 3.680079430 2.928467661
v 5.123515392 4.834856445 2.925041691
v 4.462407042 4.763949748 2.928326845
v 8.438571695 5.984941291 2.905819614
v 8.541460523 5.025643147 2.908665641
v 9.041630804 5.079288549 2.906180214
v 7.403168596 7.311789630 2.905989647
v 7.637327997 6.960859801 2.906127163
v 8.795609687 7.731878832 2.898133625
v 8.282621727 8.593284679 2.897511963
v 6.320604203 9.210570055 2.904397678
v 6.077498486 9.184495928 2.905605709
v 5.632554811 8.903242081 2.908624712
v 5.752226858 8.757070670 2.908580197
v 6.335181940 8.819595095 2.905683400
v 6.381284826 8.389748495 2.906958660
v 6.619675908 8.908943804 2.904066136
v -3.489374701 -8.967554423 2.740648932
v -3.658928904 -8.891575971 2.740964436
v -3.768175696 -8.997457022 2.741174115
v -5.769689795 -6.758435573 2.744843089
v -6.008434995 -6.652391267 2.745287382
v -6.092371708 -6.793044588 2.745450932
v -4.618130069 -4.570453032 2.742588622
v -5.161613035 -4.628743904 2.743612392
v -5.123221681 -4.986690973 2.743555025
v -5.647428312 -5.440380963 2.744558897
v -6.936370398 -4.778969944 2.746953884
v -6.951642866 -4.790761346 2.746983073
v -6.889628917 -5.368956931 2.746890406
v -6.972950506 -5.458541725 2.747050691
v -6.904549911 -6.096284086 2.746948481
v -6.311950137 -6.032725226 2.745832188
v -6.008435533 -6.325125060 2.745273869
v -5.558788023 -5.870179089 2.744410064
v -5.467000694 -6.725970873 2.744272907
v -5.230552430 -6.997906138 2.743839781
v -4.522032998 -6.639503929 2.742493466
v -5.230346344 -5.967407653 2.743796840
v -9.249266501 -5.735775041 2.751340003
v -9.210320606 -6.098892456 2.751281807
v -8.659976988 -6.039865750 2.750245113
v -8.679245789 -5.860210425 2.750273906
v -8.723606432 -5.446607870 2.750340193
v -8.791383740 -5.669869377 2.750476786
v -9.251047434 -5.719170274 2.751342664
v -2.375293198 -4.012002513 2.738350614
v -2.008647250 -3.947356928 2.737658910
v -1.855164609 -3.536245877 2.737353494
v -1.901471509 -3.104497122 2.737422690
v -3.126855344 -3.757181794 2.739752497
v -2.736195891 -3.715281897 2.739016603
v -1.903787307 -3.082905459 2.737426151
v -1.850129399 -3.077150419 2.737325074
v -7.840002024 -0.979966933 2.748495199
v -7.321748777 -1.155298880 2.747528489
v -7.361979106 -0.780205865 2.747588605
v -7.502197659 -0.837228603 2.747854471
v -7.593323803 0.012398536 2.747990640
v -6.993961322 0.076682725 2.746861608
v -7.060047772 0.692848832 2.746960360
v -7.951304957 0.057781276 2.748661517
v -3.662766762 2.751990104 2.740490845
v -3.876537243 2.592719425 2.740899159
v -3.617645853 2.331299098 2.740423421
v -6.552417191 5.365127981 2.745813438
v -7.067399042 4.837646903 2.746803022
v -5.149636160 4.664830760 2.743206120
v -5.606040549 6.849713687 2.743973616
v -5.509422777 5.948884591 2.743829241
v -6.602453923 5.831652327 2.745888208
v -8.556390942 5.131933407 2.749589121
v -8.285830141 5.380560235 2.749070392
v -8.370661335 5.371461727 2.749230190
v -8.431106388 5.935029500 2.749320512
v -8.800070737 5.364528835 2.750037462
v -7.123933222 5.988759125 2.746861732
v -7.044599288 5.936900963 2.746714782
v -6.787390426 6.211068528 2.746220090
v -6.909967147 6.363893453 2.746444137
v 4.508751692 -3.868434861 2.725407550
v 4.473314339 -3.538029831 2.725460503
v 4.424494336 -3.543265985 2.725552466
v 4.468324590 -3.951923383 2.725486972
v 4.008293283 -3.049635799 2.726314246
v 4.163692068 -3.266500350 2.726031162
v 4.046664863 -3.045520283 2.726241965
v -1.332177209 -3.433144714 2.736366391
v -1.148132371 -3.058821399 2.736005059
v -1.829272900 -3.226276632 2.737292037
v -1.829151772 -3.486447361 2.737302552
v 3.225972977 -2.876678203 2.727777313
v 3.520725243 -3.119277348 2.727233405
v 3.518885778 -3.102126846 2.727236154
v 3.460181214 -2.284725957 2.727312724
v 3.581142369 -2.056484564 2.727075977
v 3.124363860 -1.929311628 2.727929146
v 4.528876275 -1.874015371 2.725287373
v 4.119018066 -1.092816426 2.726025358
v 4.100024103 -1.077407524 2.726060417
v 4.078565239 -2.194973406 2.726146893
v 4.231780208 -1.905880195 2.725847019
v 4.248683264 -1.904067270 2.725815179
v 1.718177325 -1.050979787 2.730535513
v 1.676979240 -0.666863778 2.730597075
v 1.373212623 -1.069757352 2.731184578
v 0.698430510 -1.142130619 2.732455680
v 0.672717181 -1.188839116 2.732505932
v 1.049899828 -1.530463502 2.731811202
v 1.087190145 -0.435945178 2.731695926
v 1.083547605 -0.394882163 2.731701076
v 0.956442517 -0.472496891 2.731943148
v 0.435987881 -1.170278714 2.732950049
v 2.433149727 -0.392661654 2.729164687
v 3.025343450 0.119696002 2.728030624
v 2.842060480 0.274248787 2.728368684
v 2.480870733 -0.081799843 2.729062168
v 2.430705610 0.385921589 2.729137129
v 2.069075359 -0.416121290 2.729849858
v 1.736284015 -0.451814585 2.730476744
v 2.084604511 -0.430044619 2.729821249
v 2.425154224 5.989508264 2.728916170
v 2.844148851 5.655056018 2.728142567
v 1.706740367 4.006769064 2.730348154
v 1.450263688 4.224450257 2.730821160
v 1.498178756 4.363896203 2.730725356
v 1.846559235 5.377778615 2.730028780
v 1.313978760 5.229749277 2.731035767
v 1.189441474 6.390889796 2.731221862
v 1.945268119 6.169435454 2.729810587
v 1.882594785 6.753778908 2.729904239
v 1.039401456 6.693624232 2.731491330
v 1.210350554 5.099756797 2.731235883
v 1.060211644 5.083653757 2.731518703
v 1.118950439 4.535994519 2.731430930
v 0.827482524 4.668266123 2.731973222
v 1.154310251 1.621042841 2.731484847
v 1.296793071 1.636324733 2.731216449
v 1.339866037 1.234728008 2.731152086
v 1.471511014 1.248847495 2.730904104
v 1.613124375 -0.071504161 2.730692493
v 2.426496170 0.425168882 2.729143419
v 2.406860735 0.608242562 2.729172760
v 2.537252798 0.622227668 2.728927138
v 2.860664560 1.339507506 2.728289734
v 2.692681058 2.905724791 2.728540749
v 2.648698394 2.934699594 2.728622209
v 2.427011732 2.910922751 2.729039805
v 2.407413149 3.093652831 2.729069091
v 1.826812871 3.476139151 2.730144415
v 2.379852543 3.350617938 2.729110274
v 2.219623771 4.844532930 2.729349702
v 3.321901883 4.962756971 2.727273317
v 3.489716931 3.398110287 2.727022553
v 3.715770664 3.064616681 2.726611503
v 3.093711379 8.864472001 2.727541038
v 1.479867248 8.691380317 2.730581071
v 0.682440723 8.605852912 2.732083201
v 0.783111384 7.667236155 2.731932770
v 0.933250294 7.683339195 2.731649950
v 0.961361296 7.421242397 2.731607944
v 1.733433237 7.504050414 2.730153576
v 2.440202358 6.762895646 2.728855954
v 3.221330196 6.550284756 2.727396766
v 2.440474344 6.034571318 2.728885518
v 2.255860357 5.491542783 2.729254886
v 1.741151170 3.977563375 2.730284692
v 2.140221829 -3.045845445 3.078677895
v 2.340230314 -3.111487602 3.077978144
v 2.066585833 -1.961700580 3.075052468
v 2.350335096 -1.172439980 3.070827267
v 2.065296869 -0.801924313 3.070809881
v 1.718177325 -1.050979787 3.073354028
v 1.768862713 -1.523551982 3.074846950
v 0.615854305 -1.647217064 3.080720153
v 0.387416108 -2.044845831 3.083250665
v 0.977890507 -1.981514927 3.080242902
v 1.073101065 -2.869223657 3.083047299
v 0.467548058 -2.934171807 3.086131869
v 0.673352513 -3.088001502 3.085727933
v 1.376850820 -2.795309477 3.081348629
v -0.457007496 -1.534989904 3.085352444
v -0.938328821 -1.586613674 3.087804202
v -0.858367236 -2.195759532 3.089659815
v -0.634314097 -2.228199839 3.088725403
v -0.074663275 -2.309230880 3.086391384
v 0.086249734 -1.476723243 3.082585196
v 8.841943583 9.480994486 3.001283793
v 6.320604203 9.210570055 3.014127011
v 6.619675908 8.908943804 3.013826062
v 6.381284826 8.389748495 3.016848700
v 6.493791552 7.340776553 3.020162550
v 7.637327997 6.960859801 3.016178661
v 7.403168596 7.311789630 3.015993848
v 5.619903556 7.247048328 3.024613968
v 5.461293943 8.725866871 3.019942172
v 5.752226894 8.757070674 3.018460215
v 5.632554811 8.903242081 3.018487307
v 6.077498486 9.184495928 3.015365345
v 3.093711379 8.864472001 3.030564183
v 3.715770664 3.064616681 3.048886743
v 4.850227587 7.366951804 3.027792891
v 4.104315452 2.491402513 3.049160107
v 4.418791519 2.420954520 3.047939861
v 3.822243020 3.243108229 3.047732354
v 4.586261815 3.609172732 3.042799762
v 4.462407042 4.763949748 3.039151659
v 5.247370165 3.680079430 3.039432203
v 5.083210999 3.378352437 3.041309225
v 5.230484498 2.005227710 3.045647120
v 6.542261075 2.145921357 3.038965182
v 5.293374709 -0.188374720 3.053387374
v 5.152553091 1.124595013 3.049239518
v 4.321320454 1.035441759 3.053473657
v 4.316202418 1.083160469 3.053322907
v 4.198286619 0.991671501 3.054212372
v 4.273256401 0.292680420 3.056420583
v 4.048507031 -0.037696613 3.058687388
v 4.100393025 -0.521462823 3.060215674
v 4.507144183 -0.816200659 3.059383300
v 4.235799057 -1.187555304 3.062019262
v 4.165738286 -1.130718353 3.062140398
v 4.172633745 -1.195009113 3.062343502
v 4.528876275 -1.874015371 3.063156267
v 4.248683264 -1.904067270 3.064583516
v 4.286080804 -2.252748374 3.065685049
v 4.336982376 -2.266920018 3.065497681
v 4.354205164 -2.427499050 3.066004973
v 6.122264824 -2.237867091 3.056998817
v 6.241373999 -3.348397872 3.060507140
v 4.569860618 -3.527674830 3.069021508
v 4.645672877 -4.234520860 3.071254534
v 4.500306596 -4.250112016 3.071995002
v 4.786004305 -6.913853917 3.080410138
v 7.020762349 -4.275267387 3.060238745
v 8.346856809 -4.133038086 3.053483874
v 8.340775436 -3.245525502 3.050261208
v 8.285839294 -1.048253905 3.042470121
v 9.041854542 -3.170331770 3.046690046
v 5.350515777 -6.541510355 3.076392408
v 5.507227150 -8.002630403 3.081008292
v 8.748139568 -7.655028687 3.064499707
v 8.533892369 -5.657465459 3.058189123
v 7.926026842 -5.977233192 3.062218054
v 7.641802164 -5.416445725 3.061499814
v 8.352954806 -4.546118808 3.054968460
v 8.767735766 -4.280998194 3.052047391
v 8.730133568 -3.930408926 3.050939831
v 9.222310787 -3.877620815 3.048432774
v 9.379128803 -5.339735161 3.053051800
v 10.204097367 -5.251253755 3.048849568
v 10.442422359 -7.473309613 3.055869356
v 10.829005193 -7.431846951 3.053900177
v 10.283005493 -2.341143626 3.037817928
v 10.013275745 -0.387970180 3.031930777
v 9.392380655 4.742286772 3.016055705
v 9.530162897 3.603470927 3.019579866
v 8.426611311 3.485110300 3.025201146
v 8.767200555 2.768950980 3.026223599
v 8.870240131 2.731019786 3.025878175
v 8.862182397 2.569232013 3.026508736
v 8.991607852 2.297088229 3.026897273
v 9.057278396 1.684799882 3.028831579
v 8.816849528 1.659012858 3.030056277
v 8.762124412 0.560210812 3.034338812
v 8.053568844 0.658810844 3.037308456
v 7.956193441 1.566703812 3.034440294
v 7.480620988 1.515696633 3.036862768
v 7.388033840 2.378945647 3.034135643
v 7.030385060 2.340586286 3.035957437
v 7.314807649 3.303609588 3.031092521
v 8.144357535 2.998233553 3.028311584
v 8.628129763 3.050120193 3.025847341
v 8.283696183 3.126725733 3.027185857
v 8.382546102 3.480384118 3.025425605
v 7.254414979 3.359387231 3.031172089
v 7.092371473 4.870222150 3.026399148
v 8.541460523 5.025643147 3.019017767
v 8.438571695 5.984941291 3.015987209
v 9.041630804 5.079288549 3.016469996
v 9.347622689 5.112107487 3.014911332
v 9.201916081 6.316034446 3.011185899
v 5.123515392 4.834856445 3.035784100
v 4.543434676 -1.154560068 3.060452225
v 6.849782190 -2.681110345 3.055202578
v 7.923568534 -4.582441431 3.057120024
v 8.345747216 -4.537160962 3.054969527
v 6.620612627 6.723782627 3.021826631
v 5.922448663 6.393545365 3.026318399
v 6.775573863 -0.029402523 3.045837336
v 8.175876649 -2.538881044 3.048447707
v 8.282621727 8.593284679 3.007165085
v 8.795609687 7.731878832 3.007909196
v 9.410974056 -1.912997831 3.040348820
v -3.705100968 -3.477653405 3.145167197
v -3.307542602 -3.435013570 3.145167197
v -3.433289264 -2.262597272 3.145167197
v -3.537784082 -1.288325455 3.145167197
v -4.225639032 -1.362100840 3.145167197
v -3.995397552 -3.508788955 3.145167197
v -2.951924586 6.689546664 3.135432795
v -2.093050481 6.781664584 3.135432795
v -2.133169446 7.155719271 3.135432795
v -2.188037089 7.667285290 3.135432795
v -3.046911194 7.575167370 3.135432795
v -3.732678120 7.501615934 3.135432795
v -3.637691512 6.615995229 3.135432795
v -3.285920686 6.653724154 3.135432795
v -2.630311684 3.690944526 3.156528975
v -2.694344438 3.684076739 3.156528975
v -2.575747147 2.578318586 3.156528975
v -2.511714394 2.585186373 3.156528975
v -0.705672573 2.778892081 3.156528975
v -0.824269863 3.884650234 3.156528975
v -1.850129399 -3.077150419 3.156723066
v -1.646463137 -3.055306341 3.156723066
v -1.672932717 -2.808513570 3.156723066
v -1.752538970 -2.066293718 3.156723066
v -1.880063860 -0.877297858 3.156723066
v -2.137388030 -0.904896976 3.156723066
v -2.780499597 -0.973873442 3.156723066
v -2.677699850 -1.932341031 3.156723066
v -2.546898874 -3.151881925 3.156723066
v -1.903787307 -3.082905459 3.156723066
v 0.427996877 -1.440069400 3.167144250
v 0.437558666 -1.439043858 3.167144250
v 0.417171960 -1.248965600 3.167144250
v 0.345921313 -0.584650392 3.167144250
v 0.314786039 -0.294356376 3.167144250
v 0.291664780 -0.078782144 3.167144250
v 0.249281068 0.316388225 3.167144250
v 0.046986785 0.294691298 3.167144250
v 0.019581264 0.291751939 3.167144250
v -1.009996605 0.181325310 3.167144250
v -1.150093110 0.166299360 3.167144250
v -1.107905608 -0.227041625 3.167144250
v -0.961815513 -1.589132722 3.167144250
v -0.938328821 -1.586613674 3.167144250
v -0.457007496 -1.534989904 3.167144250
v 0.086249734 -1.476723243 3.167144250
v -1.293643893 -7.207559347 3.148869853
v -1.153003567 -8.518838775 3.148869853
v 1.340495485 -8.251400339 3.148869853
v 1.208720608 -7.022779143 3.148869853
v 1.199855159 -6.940120911 3.148869853
v 0.800052516 -6.983001454 3.148869853
v -0.041339237 6.616522570 3.102317914
v 0.133725315 4.984284136 3.102317914
v 1.060211644 5.083653757 3.102317914
v 1.210350554 5.099756797 3.102317914
v 1.039401456 6.693624232 3.102317914
v 0.961361296 7.421242397 3.102317914
v 0.933250294 7.683339195 3.102317914
v 0.783111384 7.667236155 3.102317914
v -0.143374945 7.567866534 3.102317914
v -0.115263943 7.305769736 3.102317914
v 0.391257899 -2.877148300 3.231358454
v 0.398171981 -2.941612688 3.231358454
v 0.467548058 -2.934171807 3.231358454
v 1.073101065 -2.869223657 3.231358454
v 0.977890507 -1.981514927 3.231358454
v 0.387416108 -2.044845831 3.231358454
v 0.302961423 -2.053903957 3.231358454
v 0.315429215 -2.170149129 3.231358454
v 3.335794143 3.008393551 3.163516245
v 3.529289843 3.029146793 3.163516245
v 3.489716931 3.398110287 3.163516245
v 3.321901883 4.962756971 3.163516245
v 2.219623771 4.844532930 3.163516245
v 2.379852543 3.350617938 3.163516245
v 2.407413149 3.093652831 3.163516245
v 2.427011732 2.910922751 3.163516245
v 2.648698368 2.934699591 3.163516245
v 3.141702769 2.987576421 3.163516245
v 2.898494465 -4.882338833 3.174131520
v 3.086697413 -6.637074908 3.174131520
v 3.486464143 -6.594198217 3.174131520
v 4.362586341 -6.500230364 3.174131520
v 4.592859134 -6.475532623 3.174131520
v 4.404656186 -4.720796548 3.174131520
v 2.399101282 -0.549688128 3.133521747
v 2.505722603 -1.543786681 3.133521747
v 3.796917223 -1.405300537 3.133521747
v 3.729510821 -0.776827674 3.133521747
v 3.693812380 -0.443988344 3.133521747
v 3.690295903 -0.411201983 3.133521747
v 3.658921851 -0.414566984 3.133521747
v 3.326866398 -0.450181352 3.133521747
v 4.305385161 -2.432735204 3.125519233
v 4.296436484 -2.433694988 3.125519233
v 4.358470514 -3.012077793 3.125519233
v 4.415545659 -3.544225769 3.125519233
v 4.424494336 -3.543265985 3.125519233
v 4.473314339 -3.538029831 3.125519233
v 4.569860618 -3.527674830 3.125519233
v 6.241373999 -3.348397872 3.125519233
v 6.122264824 -2.237867091 3.125519233
v 4.354205164 -2.427499050 3.125519233
v 2.943737319 0.434625355 3.059767233
v 2.972276910 0.168532556 3.059767233
v 3.097286836 0.181940405 3.059767233
v 3.314215790 0.205206963 3.059767233
v 4.014400028 0.280304717 3.059767233
v 4.268244158 0.307530585 3.059767233
v 4.179133560 1.138365503 3.059767233
v 3.925289430 1.111139635 3.059767233
v 3.225105192 1.036041881 3.059767233
v 3.193068035 1.032605759 3.059767233
v 2.883166312 0.999367474 3.059767233
v 2.911887151 0.731584778 3.059767233
v 4.316202418 1.083160469 3.119069446
v 4.321320454 1.035441759 3.119069446
v 5.152553091 1.124595013 3.119069446
v 5.087082702 1.735017188 3.119069446
v 5.060061921 1.986949160 3.119069446
v 5.195186940 2.001441896 3.119069446
v 5.172962612 2.208653477 3.119069446
v 5.114356346 2.202367704 3.119069446
v 4.651163082 2.152688246 3.119069446
v 4.206604956 2.105007486 3.119069446
v 5.461293943 8.725866871 3.021426830
v 5.619903556 7.247048328 3.021426830
v 6.493791552 7.340776553 3.021426830
v 6.381284826 8.389748495 3.021426830
v 6.335181940 8.819595095 3.021426830
v 5.752226894 8.757070674 3.021426830
v 5.293374709 -0.188374720 3.143450240
v 6.775573863 -0.029402523 3.143450240
v 6.542261075 2.145921357 3.143450240
v 5.230484498 2.005227710 3.143450240
v 5.195186940 2.001441896 3.143450240
v 5.060061921 1.986949160 3.143450240
v 5.087082702 1.735017188 3.143450240
v 5.152553091 1.124595013 3.143450240
v 8.175876649 -2.538881044 3.178371658
v 6.849782190 -2.681110345 3.178371658
v 7.020762349 -4.275267387 3.178371658
v 8.346856809 -4.133038086 3.178371658
v 8.541460523 5.025643147 3.185448508
v 7.092371473 4.870222150 3.185448508
v 7.144852511 4.380907976 3.185448508
v 7.225265952 3.631162189 3.185448508
v 7.254414979 3.359387231 3.185448508
v 8.382546102 3.480384118 3.185448508
v 8.426611289 3.485110298 3.185448508
v 9.530162897 3.603470927 3.185448508
v 9.392380655 4.742286772 3.185448508
v 9.347622689 5.112107487 3.185448508
v 9.041630804 5.079288549 3.185448508
v 8.533892369 -5.657465459 3.052839684
v 8.748139568 -7.655028687 3.052839684
v 10.442422359 -7.473309613 3.052839684
v 10.204097367 -5.251253755 3.052839684
v 9.289314216 -5.349368159 3.052839684
v 9.022297920 -5.378006799 3.052839684
v 8.509814575 -5.432972829 3.052839684
v -3.935118232 -9.015362322 -3.840763339
v -3.768175696 -8.997457022 -3.840763339
v -3.658928943 -8.891575962 -3.840763339
v -3.489374701 -8.967554423 -3.840763339
v -3.083800787 -8.924054886 -3.840763339
v -2.812925089 -7.650933901 3.004734096
v -2.815423321 -7.627641291 3.004664992
v -2.815423321 -7.627641291 -3.840763339
v -9.210320606 -6.098892456 -3.840763339
v -9.199890955 -6.196134743 -3.840763339
v -6.936370444 -4.778969913 -3.840763339
v -1.850129351 -3.077150414 -3.840763339
v -1.148132410 -3.058821377 2.850914220
v 2.080580116 -4.429892070 2.971088811
v 2.140221832 -3.045845473 -3.840763339
v 1.924543193 -2.975060356 3.079432470
v 0.391257901 -2.877148310 -3.840763339
v -0.858367197 -2.195759562 -3.840763339
v 1.058285462 -0.110100392 -3.840763339
v 1.065180571 -0.187829033 -3.840763339
v 0.682440723 8.605852912 -3.840763339
v 0.429093742 8.578680365 -3.840763339
v -1.378041806 8.384857350 -3.840763339
v -3.113786799 8.198691277 -3.840763339
v -9.607948388 -2.391555122 -3.840763339
v -9.569748991 -2.747712455 -3.840763339
v -3.876537258 2.592719405 2.855606012
v -3.662766763 2.751990112 2.854160414
v -6.787390392 6.211068566 -3.840763339
v -7.123933187 5.988759112 -3.840763339
v -8.285830166 5.380560232 2.984810653
v 0.291664782 -0.078782157 -3.840763339
v 4.314272953 -4.270064919 -3.840763339
v 4.468324593 -3.951923415 2.822025080
v 4.468324593 -3.951923415 -3.840763339
v 4.358470514 -3.012077793 2.820938628
v 4.305385161 -2.432735204 2.820189489
v 3.520725246 -3.119277383 2.825678161
v 4.119018093 -1.092816378 -3.840763339
v 4.172633746 -1.195009126 2.725928818
v -1.297843774 -8.732503359 3.001509819
v -1.297843774 -8.732503359 -3.840763339
v 2.498383749 -8.325341724 2.982645756
v 2.498383749 -8.325341724 -3.840763339
v 3.185741551 -8.251619661 2.979230165
v 3.185741551 -8.251619661 -3.840763339
v 4.909654405 -8.066722635 2.970663765
v 4.909654405 -8.066722635 -3.840763339
v 5.499571060 -8.003451551 2.967732375
v 5.499571060 -8.003451551 -3.840763339
v 5.502752812 -8.003110295 2.967716564
v 5.502752812 -8.003110295 -3.840763339
v 5.507227150 -8.002630403 -3.840763339
v 1.676979236 -0.666863740 -3.840763339
v -1.829015080 -3.780054604 -3.840763339
v -3.741785045 8.131335780 2.954399304
v -3.741785045 8.131335780 -3.840763339
v -10.657024122 7.389646818 -3.840763339
v -9.251047434 -5.719170274 -3.840763339
v -8.278663530 -4.090182232 -3.840763339
v -8.841081097 -9.541547818 -3.840763339
v -4.523344581 -9.078452114 3.017537850
v -4.523344581 -9.078452114 -3.840763339
v 4.652021686 -7.002226891 -3.840763339
v 4.863870625 -7.639851268 -3.840763339
v -8.285830166 5.380560232 -3.840763339
v -7.971697853 6.163936808 -3.840763339
v 0.427996905 -1.440069397 -3.840763339
v 0.698430496 -1.142130621 -3.840763339
v 1.056091995 -0.085372395 -3.840763339
v 0.345921309 -0.584650355 -3.840763339
v 3.025343484 0.119696021 -3.840763339
v 1.498178737 4.363896248 2.943340727
v 8.382546116 3.480384120 -3.840763339
v 6.320604203 9.210570055 -3.840763339
v 6.077498486 9.184495928 -3.840763339
v -6.092371708 -6.793044588 -3.840763339
v -8.679245789 -5.860210425 -3.840763339
v -9.249266501 -5.735775041 -3.840763339
v 4.008293283 -3.049635799 -3.840763339
v 1.083547605 -0.394882163 -3.840763339
v 1.706740367 4.006769064 -3.840763339
v 2.537252798 0.622227668 -3.840763339
v 2.648698394 2.934699594 -3.840763339
v 3.093711379 8.864472001 -3.840763339
v 1.479867248 8.691380317 -3.840763339
v 2.425154224 5.989508264 -3.840763339
v -0.634314097 -2.228199839 -3.840763339
v 3.831977208 8.943654168 3.026803599
v 3.831977208 8.943654168 -3.840763339
v 8.748139568 -7.655028687 -3.840763339
v 8.352954806 -4.546118808 -3.840763339
v 10.442422359 -7.473309613 -3.840763339
v 10.829005193 -7.431846951 -3.840763339
v 10.283005493 -2.341143626 -3.840763339
v 10.013275745 -0.387970180 -3.840763339
v 9.392380645 4.742286759 -3.840763339
v 7.225265949 3.631162222 3.030313513
v 7.144852507 4.380908010 3.027944960
v 9.347622647 5.112107482 -3.840763339
v 9.201916081 6.316034446 -3.840763339
v 8.841943583 9.480994486 -3.840763339
v 6.920364403 9.274896902 3.011071948
v 6.920364403 9.274896902 -3.840763339
v -1.672932717 -2.808513570 -3.840763339
v 0.314786039 -0.294356376 -3.840763339
v 0.046986785 0.294691298 -3.840763339
v 3.335794098 3.008393546 -3.840763339
v 3.193068035 1.032605759 -3.840763339
v 8.426611289 3.485110298 -3.840763339
v 9.289314216 -5.349368159 -3.840763339
g roof
f 1 2 3
g roof
f 1 3 4
g roof
f 1 4 5
g roof
f 1 5 6
g roof
f 1 6 7
g roof
f 1 7 8
g roof
f 1 8 9
g roof
f 1 9 10
g roof
f 10 11 12
g roof
f 10 12 13
g roof
f 10 13 1
g roof
f 14 15 16
g roof
f 14 16 17
g roof
f 14 17 18
g roof
f 18 19 20
g roof
f 18 20 21
g roof
f 21 22 23
g roof
f 21 23 24
g roof
f 21 24 25
g roof
f 21 25 26
g roof
f 21 26 27
g roof
f 28 29 30
g roof
f 31 32 33
g roof
f 31 33 34
g roof
f 31 34 35
g roof
f 31 35 36
g roof
f 31 36 37
g roof
f 37 38 39
g roof
f 37 39 40 41
g roof
f 37 41 42
g roof
f 37 42 14
g roof
f 37 14 18
g roof
f 18 21 27
g roof
f 18 27 28
g roof
f 18 28 30
g roof
f 30 31 37
g roof
f 30 37 18
g roof
f 43 44 45
g roof
f 46 47 48
g roof
f 48 49 50
g roof
f 48 50 51
g roof
f 51 52 53
g roof
f 54 55 56
g roof
f 54 56 57
g roof
f 58 59 60
g roof
f 61 62 63
g roof
f 63 64 65
g roof
f 66 67 68
g roof
f 66 68 69
g roof
f 69 70 71
g roof
f 72 73 74
g roof
f 74 75 76
g roof
f 74 76 77
g roof
f 74 77 78
g roof
f 74 78 79
g roof
f 79 80 81
g roof
f 82 83 84
g roof
f 84 85 86
g roof
f 87 88 89
g roof
f 87 89 90
g roof
f 87 90 91
g roof
f 87 91 92
g roof
f 93 94 95
g roof
f 95 45 96
g roof
f 95 96 97
g roof
f 95 97 98
g roof
f 95 98 99
g roof
f 100 101 102
g roof
f 102 103 104
g roof
f 102 104 105
g roof
f 106 107 108
g roof
f 108 109 110
g roof
f 111 112 113
g roof
f 111 112 113 114
g roof
f 114 115 116
g roof
f 118 119 120
g roof
f 120 121 122
g roof
f 120 122 123
g roof
f 120 123 124
g roof
f 120 124 125
g roof
f 120 125 126
g roof
f 126 127 128
g roof
f 128 129 130
g roof
f 131 132 133
g roof
f 131 133 134
g roof
f 135 136 137
g roof
f 135 137 138
g roof
f 138 139 140
g roof
f 140 141 142
g roof
f 140 142 143
g roof
f 140 143 144
g roof
f 144 145 146
g roof
f 146 147 148
g roof
f 148 149 150
g roof
f 151 152 153
g roof
f 46 48 51
g roof
f 46 51 53
g roof
f 46 53 154
g roof
f 46 154 54
g roof
f 46 54 57
g roof
f 46 57 58
g roof
f 46 58 60
g roof
f 61 63 65
g roof
f 65 66 69
g roof
f 65 69 71
g roof
f 72 74 79
g roof
f 72 79 81
g roof
f 72 81 155
g roof
f 72 155 156
g roof
f 156 82 84
g roof
f 156 84 86
g roof
f 93 95 99
g roof
f 157 100 102
g roof
f 157 102 105
g roof
f 105 106 108
g roof
f 105 108 110
g roof
f 105 110 158
g roof
f 158 111 114
g roof
f 116 117 118
g roof
f 118 120 126
g roof
f 118 126 127 128
g roof
f 159 131 134
g roof
f 160 135 137 138
g roof
f 140 144 146
g roof
f 140 146 148
g roof
f 150 151 153
g roof
f 150 153 161
g roof
f 150 161 162
g roof
f 150 162 46
g roof
f 150 46 60
g roof
f 61 65 71
g roof
f 71 72 156
g roof
f 71 156 86
g roof
f 71 86 87
g roof
f 163 93 99
g roof
f 163 99 1098 157
g roof
f 105 158 114
g roof
f 116 118 128
g roof
f 148 150 60
g roof
f 148 60 61
g roof
f 92 163 157
g roof
f 157 105 114
g roof
f 157 114 116
g roof
f 157 116 128
g roof
f 140 148 61
g roof
f 92 157 128
g roof
f 92 128 130
g roof
f 92 130 164
g roof
f 92 164 159
g roof
f 138 139 140 61
g roof
f 87 92 159
g roof
f 87 159 134
g roof
f 87 134 160
g roof
f 160 135 137 138 61
g roof
f 160 61 71
g roof
f 160 71 87
g roof
f 43 165 166
g roof
f 166 94 167
g roof
f 166 167 168
g roof
f 166 168 169
g roof
f 166 169 170
g roof
f 166 170 171
g roof
f 166 171 172
g roof
f 166 172 173
g roof
f 166 173 174
g roof
f 166 174 175
g roof
f 166 175 176
g roof
f 166 176 43
g roof
f 177 178 179
g roof
f 177 179 180
g roof
f 177 180 181
g roof
f 182 183 184
g roof
f 182 184 185
g roof
f 182 185 186
g roof
f 187 188 189
g roof
f 187 189 190
g roof
f 187 190 191
g roof
f 187 191 192
g roof
f 187 192 193
g roof
f 194 195 196
g roof
f 194 196 197
g roof
f 197 1112 1113 198 199
g roof
f 199 200 201
g roof
f 201 202 182
g roof
f 203 187 193
g roof
f 203 193 204
g roof
f 203 204 194
g roof
f 197 199 201
g roof
f 197 201 182
g roof
f 197 182 186
g roof
f 186 203 194
g roof
f 186 194 197
g roof
f 205 206 207
g roof
f 205 207 208
g roof
f 205 208 209
g roof
f 205 209 210
g roof
f 210 211 212
g roof
f 210 212 213
g roof
f 214 215 216
g roof
f 216 217 218
g roof
f 216 218 219
g roof
f 216 219 220
g roof
f 216 220 221
g roof
f 221 222 223
g roof
f 225 226 205
g roof
f 225 205 210
g roof
f 225 210 213
g roof
f 225 213 214
g roof
f 225 214 216
g roof
f 216 221 223
g roof
f 216 223 224 225
g roof
f 227 228 229
g roof
f 227 229 230
g roof
f 227 230 231
g roof
f 227 231 232
g roof
f 227 232 233
g roof
f 234 235 236
g roof
f 234 236 237
g roof
f 234 237 238
g roof
f 234 238 239
g roof
f 234 239 240
g roof
f 241 242 243
g roof
f 241 243 151
g roof
f 241 151 244
g roof
f 241 244 145
g roof
f 245 246 247
g roof
f 248 249 250
g roof
f 251 252 253
g roof
f 254 255 256
g roof
f 254 256 257
g roof
f 254 257 258
g roof
f 259 260 261
g roof
f 262 263 264
g roof
f 264 265 261
g roof
f 264 261 266
g roof
f 266 267 268
g roof
f 266 268 262
g roof
f 266 262 264
g roof
f 269 270 271
g roof
f 269 271 272
g roof
f 269 272 273
g roof
f 269 273 274
g roof
f 269 274 275
g roof
f 269 275 276
g roof
f 269 276 277
g roof
f 278 1122 279 280
g roof
f 278 280 281
g roof
f 278 281 282
g roof
f 278 282 283
g roof
f 278 283 284
g roof
f 278 284 285
g roof
f 278 285 286
g roof
f 278 286 287
g roof
f 278 287 288
g roof
f 278 288 289
g roof
f 289 287 290
g roof
f 289 290 1123 291
g roof
f 289 291 292
g roof
f 289 292 293
g roof
f 289 293 294
g roof
f 289 294 295
g roof
f 295 1119 296 297
g roof
f 297 1121 278 289
g roof
f 297 289 295
g roof
f 298 299 300
g roof
f 298 300 301
g roof
f 302 303 304
g roof
f 302 304 305
g roof
f 302 305 306
g roof
f 306 307 308
g roof
f 306 308 309
g roof
f 306 308 309 310
g roof
f 306 310 311
g roof
f 306 311 312
g roof
f 306 312 313
g roof
f 306 313 302
g roof
f 314 315 316
g roof
f 314 316 317
g roof
f 318 319 320
g roof
f 321 322 323
g roof
f 321 323 324
g roof
f 321 324 325
g roof
f 321 325 326
g roof
f 321 326 327
g roof
f 327 328 329
g roof
f 327 329 321
g roof
f 330 331 332
g roof
f 330 332 333
g roof
f 330 333 334
g roof
f 335 336 337
g roof
f 338 339 340
g roof
f 340 341 342
g roof
f 340 342 343
g roof
f 344 342 345
g roof
f 346 347 348
g roof
f 346 348 349
g roof
f 346 349 350
g roof
f 350 351 352
g roof
f 350 352 1126 1128 1130 1132 1134 1136 353
g roof
f 353 354 355
g roof
f 356 357 358
g roof
f 358 359 360
g roof
f 360 361 362
g roof
f 363 364 365
g roof
f 366 367 368
g roof
f 366 368 369
g roof
f 366 369 370
g roof
f 366 370 371
g roof
f 366 371 372
g roof
f 366 372 373
g roof
f 366 373 374
g roof
f 374 375 376
g roof
f 374 376 377
g roof
f 378 379 380
g roof
f 381 382 383
g roof
f 383 384 385
g roof
f 383 385 386
g roof
f 383 386 387
g roof
f 383 387 388
g roof
f 383 388 389
g roof
f 383 389 390
g roof
f 383 390 391
g roof
f 383 391 392
g roof
f 392 393 394
g roof
f 394 395 396
g roof
f 394 396 397
g roof
f 398 399 400
g roof
f 400 401 402
g roof
f 400 402 403
g roof
f 403 404 405
g roof
f 403 405 406
g roof
f 407 408 409
g roof
f 407 409 410
g roof
f 407 410 411
g roof
f 412 413 414
g roof
f 412 414 1141 415
g roof
f 415 416 417
g roof
f 417 418 419
g roof
f 420 421 422
g roof
f 423 424 425
g roof
f 423 425 421 420
g roof
f 423 420 426
g roof
f 423 426 1116 427
g roof
f 423 427 428
g roof
f 423 428 429
g roof
f 429 430 431
g roof
f 429 431 432
g roof
f 432 433 434
g roof
f 435 436 437
g roof
f 437 438 439
g roof
f 437 439 440
g roof
f 437 440 441
g roof
f 442 443 417
g roof
f 442 417 416
g roof
f 442 416 444
g roof
f 444 445 446
g roof
f 447 448 449
g roof
f 447 449 450
g roof
f 447 450 451
g roof
f 447 451 452
g roof
f 447 452 453
g roof
f 453 454 455
g roof
f 455 456 457
g roof
f 458 459 460
g roof
f 460 461 462
g roof
f 460 462 463
g roof
f 464 465 466
g roof
f 464 466 467
g roof
f 468 469 470
g roof
f 468 470 471
g roof
f 471 445 444
g roof
f 471 444 472
g roof
f 473 474 475
g roof
f 473 475 476
g roof
f 473 476 477
g roof
f 473 477 478
g roof
f 473 478 479
g roof
f 473 479 480
g roof
f 473 480 481
g roof
f 473 481 482
g roof
f 473 482 483
g roof
f 473 483 484
g roof
f 485 486 487
g roof
f 485 487 488
g roof
f 485 488 489
g roof
f 485 489 490
g roof
f 490 491 492
g roof
f 493 494 495
g roof
f 493 495 496
g roof
f 496 497 498
g roof
f 498 499 500
g roof
f 500 1147 501 502
g roof
f 500 502 503
g roof
f 500 503 504
g roof
f 505 506 352
g roof
f 505 352 351
g roof
f 505 351 507
g roof
f 507 508 509
g roof
f 507 509 510
g roof
f 511 512 349
g roof
f 511 349 348
g roof
f 511 348 513
g roof
f 514 338 340
g roof
f 514 340 343
g roof
f 345 346 350
g roof
f 345 350 353
g roof
f 515 363 365
g roof
f 515 365 516
g roof
f 516 366 374
g roof
f 516 374 377
g roof
f 516 377 378
g roof
f 381 383 392
g roof
f 381 392 394
g roof
f 398 400 403
g roof
f 406 407 411
g roof
f 415 417 419
g roof
f 415 419 420
g roof
f 415 420 422
g roof
f 415 422 517
g roof
f 518 423 429
g roof
f 518 429 432
g roof
f 441 442 444
g roof
f 441 444 446
g roof
f 441 446 447
g roof
f 441 447 453
g roof
f 441 453 455
g roof
f 441 455 457
g roof
f 458 460 463
g roof
f 468 471 472
g roof
f 472 473 484
g roof
f 472 484 519
g roof
f 519 485 490
g roof
f 496 498 500
g roof
f 496 500 504
g roof
f 520 1092 1091 505 507
g roof
f 520 507 510
g roof
f 510 511 513
g roof
f 521 514 343
g roof
f 344 345 353
g roof
f 522 515 516
g roof
f 522 516 378
g roof
f 523 398 403
g roof
f 517 518 432
g roof
f 517 432 434
g roof
f 437 441 457
g roof
f 437 457 524
g roof
f 524 458 463
g roof
f 467 468 472
g roof
f 467 472 519
g roof
f 467 519 490
g roof
f 467 490 492
g roof
f 493 496 504
g roof
f 504 520 510
g roof
f 343 344 353
g roof
f 343 353 355
g roof
f 362 522 378
g roof
f 362 378 380
g roof
f 415 517 434
g roof
f 415 434 435
g roof
f 435 437 524
g roof
f 492 493 504
g roof
f 492 504 510
g roof
f 521 343 355
g roof
f 521 355 356
g roof
f 521 356 358
g roof
f 521 358 360
g roof
f 360 362 380
g roof
f 360 380 1099 381
g roof
f 412 415 435
g roof
f 412 435 524
g roof
f 513 521 360
g roof
f 513 360 381
g roof
f 513 381 394
g roof
f 411 412 524
g roof
f 411 524 463
g roof
f 510 513 394
g roof
f 406 411 463
g roof
f 406 463 464
g roof
f 492 510 394
g roof
f 492 394 397
g roof
f 492 397 523
g roof
f 403 406 464
g roof
f 403 464 467
g roof
f 467 492 523
g roof
f 467 523 403
g roof
f 525 526 376
g roof
f 525 376 527
g roof
f 528 529 530
g roof
f 531 532 533
g roof
f 534 535 536
g roof
f 534 536 537
g roof
f 534 537 538
g roof
f 538 539 540
g roof
f 538 540 541
g roof
f 541 542 543
g roof
f 541 542 543 544
g roof
f 541 544 545
g roof
f 541 545 546
g roof
f 541 546 547
g roof
f 541 547 548
g roof
f 541 548 549
g roof
f 541 549 550
g roof
f 551 552 553
g roof
f 554 372 555
g roof
f 555 531 533
g roof
f 533 534 538
g roof
f 533 538 541
g roof
f 533 541 550
g roof
f 533 550 556
g roof
f 556 551 553
g roof
f 553 554 555
g roof
f 553 555 533
g roof
f 553 533 556
g roof
f 557 558 559
g roof
f 559 560 561
g roof
f 559 561 562
g roof
f 562 563 564
g roof
f 565 566 567
g roof
f 567 568 569
g roof
f 567 569 570
g roof
f 567 570 571
g roof
f 567 571 572
g roof
f 567 572 573
g roof
f 567 573 574
g roof
f 575 576 557
g roof
f 575 557 559
g roof
f 575 559 562
g roof
f 575 562 564 577
g roof
f 565 567 574
g roof
f 565 574 578
g roof
f 579 575 577
g roof
f 577 565 578
g roof
f 577 578 579
g roof
f 580 581 582
g roof
f 583 1158 584 585
g roof
f 583 585 586
g roof
f 583 586 587
g roof
f 583 587 588
g roof
f 583 588 589
g roof
f 589 590 591
g roof
f 589 591 592
g roof
f 592 593 594
g roof
f 592 594 595
g roof
f 596 583 589
g roof
f 589 592 595
g roof
f 589 595 597
g roof
f 589 597 596
g roof
f 598 599 600
g roof
f 598 600 601
g roof
f 602 603 604
g roof
f 604 605 606
g roof
f 604 606 607
g roof
f 604 607 608
g roof
f 604 608 609
g roof
f 604 609 602
g roof
f 610 611 356
g roof
f 610 356 612
g roof
f 610 612 613
g roof
f 610 613 614
g roof
f 615 616 617
g roof
f 618 619 620
g roof
f 618 620 621
g roof
f 618 621 622
g roof
f 618 622 623
g roof
f 618 623 624
g roof
f 618 624 625
g roof
f 618 625 626
g roof
f 618 626 627
g roof
f 617 618 627
g roof
f 617 627 628
g roof
f 617 628 615
g roof
f 629 630 631
g roof
f 629 631 632
g roof
f 633 634 635
g roof
f 636 637 638
g roof
f 636 638 639
g roof
f 640 641 642
g roof
f 640 642 643
g roof
f 640 643 644
g roof
f 640 644 645
g roof
f 640 645 646
g roof
f 647 648 649
g roof
f 650 651 652
g roof
f 653 654 655
g roof
f 653 655 656
g roof
f 656 657 658
g roof
f 656 658 659
g roof
f 656 659 660
g roof
f 656 660 661
g roof
f 656 661 662
g roof
f 656 662 663
g roof
f 656 663 664
g roof
f 665 650 666
g roof
f 665 666 667
g roof
f 665 667 668
g roof
f 668 653 656
g roof
f 668 656 664
g roof
f 668 664 665
g roof
f 669 670 671
g roof
f 669 671 672
g roof
f 672 673 674
g roof
f 672 674 675
g roof
f 672 675 669
g roof
f 676 677 678
g roof
f 676 678 679
g roof
f 679 680 681
g roof
f 679 681 676
g roof
f 682 679 683
g roof
f 684 685 686
g roof
f 684 686 687
g roof
f 684 687 688
g roof
f 688 689 690
g roof
f 688 690 691
g roof
f 688 691 684
g roof
f 692 693 694
g roof
f 695 696 697
g roof
f 697 698 699
g roof
f 697 699 700
g roof
f 697 700 695
g roof
f 701 702 703
g roof
f 701 703 704
g roof
f 701 704 705
g roof
f 706 707 708
g roof
f 706 708 709
g roof
f 710 711 712
g roof
f 710 712 713
g roof
f 714 715 716
g roof
f 717 718 719
g roof
f 717 719 720
g roof
f 721 722 723
g roof
f 721 723 714
g roof
f 721 714 724
g roof
f 724 725 726
g roof
f 724 726 721
g roof
f 727 1125 728 729
g roof
f 729 725 730
g roof
f 729 730 731
g roof
f 729 731 732
g roof
f 729 732 727
g roof
f 733 734 735
g roof
f 733 735 736
g roof
f 733 736 737
g roof
f 733 737 738
g roof
f 739 740 741
g roof
f 739 741 742
g roof
f 739 742 736
g roof
f 743 744 745
g roof
f 743 745 746
g roof
f 743 746 747
g roof
f 743 747 748
g roof
f 743 748 749
g roof
f 743 749 750
g roof
f 755 756 757
g roof
f 758 759 760
g roof
f 758 760 761
g roof
f 758 761 762
g roof
f 762 763 764
g roof
f 764 765 766
g roof
f 764 766 767
g roof
f 764 767 768
g roof
f 764 768 769
g roof
f 769 770 771
g roof
f 769 771 772
g roof
f 769 772 773
g roof
f 769 773 774
g roof
f 769 774 775
g roof
f 769 775 776
g roof
f 769 776 777
g roof
f 769 777 778
g roof
f 769 778 779
g roof
f 779 780 781
g roof
f 782 783 784
g roof
f 782 784 785
g roof
f 786 787 788
g roof
f 786 788 789
g roof
f 786 789 790
g roof
f 786 790 791
g roof
f 786 791 792
g roof
f 786 792 793
g roof
f 793 794 751
g roof
f 793 751 752
g roof
f 754 755 757
g roof
f 757 758 762
g roof
f 757 762 764
g roof
f 757 764 769
g roof
f 785 786 793
g roof
f 754 757 769
g roof
f 754 769 779
g roof
f 782 785 793
g roof
f 782 793 752
g roof
f 782 752 795
g roof
f 753 754 779
g roof
f 781 782 795
g roof
f 781 795 796
g roof
f 796 753 779
g roof
f 796 779 781
g roof
f 797 798 799
g roof
f 799 800 801
g roof
f 799 801 802
g roof
f 799 802 803
g roof
f 799 803 804
g roof
f 804 805 806
g roof
f 807 808 809
g roof
f 807 809 810
g roof
f 810 1101 797 799
g roof
f 799 804 806
g roof
f 799 806 807
g roof
f 799 807 810
g roof
f 811 812 813
g roof
f 811 813 814
g roof
f 811 814 815
g roof
f 811 815 816
g roof
f 817 1188 818 819
g roof
f 817 819 820
g roof
f 817 820 821
g roof
f 822 823 824
g roof
f 825 826 827
g roof
f 827 828 1174 829
g roof
f 829 830 831
g roof
f 830 832 833
g roof
f 830 833 834
g roof
f 834 835 836
g roof
f 837 835 834
g roof
f 837 834 838
g roof
f 837 838 839
g roof
f 837 839 840
g roof
f 841 842 843
g roof
f 843 844 845
g roof
f 843 845 846
g roof
f 846 847 848
g roof
f 846 848 849
g roof
f 850 851 852
g roof
f 850 852 853
g roof
f 853 854 855
g roof
f 853 855 856
g roof
f 853 856 857
g roof
f 853 857 858
g roof
f 859 860 861
g roof
f 861 862 863
g roof
f 861 863 864
g roof
f 865 866 867
g roof
f 868 866 865
g roof
f 865 864 863
g roof
f 865 863 869
g roof
f 869 870 871
g roof
f 871 872 873
g roof
f 871 873 874
g roof
f 875 876 877
g roof
f 878 879 880
g roof
f 880 881 882
g roof
f 880 882 883
g roof
f 880 883 884
g roof
f 884 885 886
g roof
f 886 887 888
g roof
f 886 888 889
g roof
f 886 889 890
g roof
f 886 890 891
g roof
f 886 891 892
g roof
f 892 893 894
g roof
f 895 896 897
g roof
f 897 898 899
g roof
f 900 901 902
g roof
f 900 902 903
g roof
f 900 903 904
g roof
f 900 904 905
g roof
f 906 907 908
g roof
f 908 909 910
g roof
f 908 910 911
g roof
f 825 827 829
g roof
f 825 829 831
g roof
f 831 830 834
g roof
f 831 834 836
g roof
f 831 836 912
g roof
f 912 837 840
g roof
f 841 843 846
g roof
f 841 846 849
g roof
f 841 849 913
g roof
f 913 850 853
g roof
f 913 853 858
g roof
f 859 861 864
g roof
f 859 864 914
g roof
f 869 871 874
g roof
f 869 874 915
g roof
f 916 875 877
g roof
f 878 880 884
g roof
f 884 886 892
g roof
f 884 892 894
g roof
f 884 894 895
g roof
f 899 900 905
g roof
f 899 905 1183 1184 906
g roof
f 824 825 831
g roof
f 824 831 917
g roof
f 918 831 912
g roof
f 918 912 840
g roof
f 919 841 913
g roof
f 919 913 858
g roof
f 919 858 859
g roof
f 919 859 914
g roof
f 919 914 920
g roof
f 865 869 915
g roof
f 865 915 916
g roof
f 865 916 877
g roof
f 821 824 823
g roof
f 821 823 921
g roof
f 822 824 917
g roof
f 822 917 918
g roof
f 840 919 920
g roof
f 920 865 867
g roof
f 868 865 877
g roof
f 868 877 878
g roof
f 868 878 884
g roof
f 817 821 921
g roof
f 817 921 922
g roof
f 918 840 920
g roof
f 923 868 884
g roof
f 923 884 895
g roof
f 923 895 897
g roof
f 911 817 922
g roof
f 911 922 822
g roof
f 911 822 918
g roof
f 867 923 897
g roof
f 867 897 899
g roof
f 908 911 918
g roof
f 920 867 899
g roof
f 906 908 918
g roof
f 918 920 899
g roof
f 918 899 906
g roof_fixture
f 924 925 926
g roof_fixture
f 924 926 927
g roof_fixture
f 924 927 928
g roof_fixture
f 924 928 929
g roof_fixture
f 930 931 932
g roof_fixture
f 930 932 933
g roof_fixture
f 930 933 934
g roof_fixture
f 930 934 935
g roof_fixture
f 935 936 937
g roof_fixture
f 935 937 930
g roof_fixture
f 938 939 940
g roof_fixture
f 938 940 941
g roof_fixture
f 938 941 942
g roof_fixture
f 938 942 943
g roof_fixture
f 944 945 946
g roof_fixture
f 944 946 947
g roof_fixture
f 944 947 948
g roof_fixture
f 944 948 949
g roof_fixture
f 944 949 950
g roof_fixture
f 944 950 951
g roof_fixture
f 951 952 953
g roof_fixture
f 951 953 944
g roof_fixture
f 954 955 956
g roof_fixture
f 954 956 957
g roof_fixture
f 954 957 958
g roof_fixture
f 954 958 959
g roof_fixture
f 954 959 960
g roof_fixture
f 954 960 961
g roof_fixture
f 954 961 962
g roof_fixture
f 954 962 963
g roof_fixture
f 954 963 964
g roof_fixture
f 954 964 965
g roof_fixture
f 965 966 967
g roof_fixture
f 965 967 968
g roof_fixture
f 965 968 969
g roof_fixture
f 965 969 954
g roof_fixture
f 970 971 972
g roof_fixture
f 970 972 973
g roof_fixture
f 973 974 975
g roof_fixture
f 973 975 970
g roof_fixture
f 976 977 978
g roof_fixture
f 976 978 979
g roof_fixture
f 976 979 980
g roof_fixture
f 976 980 981
g roof_fixture
f 976 981 982
g roof_fixture
f 976 982 983
g roof_fixture
f 983 984 985
g roof_fixture
f 983 985 976
g roof_fixture
f 986 987 988
g roof_fixture
f 986 988 989
g roof_fixture
f 986 989 990
g roof_fixture
f 986 990 991
g roof_fixture
f 991 992 993
g roof_fixture
f 991 993 986
g roof_fixture
f 994 995 996
g roof_fixture
f 994 996 997
g roof_fixture
f 994 997 998
g roof_fixture
f 994 998 999
g roof_fixture
f 994 999 1000
g roof_fixture
f 1000 1001 1002
g roof_fixture
f 1000 1002 1003
g roof_fixture
f 1000 1003 994
g roof_fixture
f 1004 1005 1006
g roof_fixture
f 1004 1006 1007
g roof_fixture
f 1004 1007 1008
g roof_fixture
f 1004 1008 1009
g roof_fixture
f 1010 1011 1012
g roof_fixture
f 1010 1012 1013
g roof_fixture
f 1010 1013 1014
g roof_fixture
f 1014 1015 1016
g roof_fixture
f 1014 1016 1017
g roof_fixture
f 1014 1017 1010
g roof_fixture
f 1018 1019 1020
g roof_fixture
f 1018 1020 1021
g roof_fixture
f 1018 1021 1022
g roof_fixture
f 1018 1022 1023
g roof_fixture
f 1018 1023 1024
g roof_fixture
f 1018 1024 1025
g roof_fixture
f 1025 1026 1027
g roof_fixture
f 1025 1027 1018
g roof_fixture
f 1028 1029 1030
g roof_fixture
f 1028 1030 1031
g roof_fixture
f 1028 1031 1032
g roof_fixture
f 1028 1032 1033
g roof_fixture
f 1028 1033 1034
g roof_fixture
f 1028 1034 1035
g roof_fixture
f 1028 1035 1036
g roof_fixture
f 1028 1036 1037
g roof_fixture
f 1037 1038 1039
g roof_fixture
f 1037 1039 1028
g roof_fixture
f 1040 1041 1042
g roof_fixture
f 1040 1042 1043
g roof_fixture
f 1040 1043 1044
g roof_fixture
f 1044 1045 1046
g roof_fixture
f 1044 1046 1047
g roof_fixture
f 1044 1047 1048
g roof_fixture
f 1044 1048 1049
g roof_fixture
f 1044 1049 1040
g roof_fixture
f 1050 1051 1052
g roof_fixture
f 1050 1052 1053
g roof_fixture
f 1053 1054 1055
g roof_fixture
f 1053 1055 1050
g roof_fixture
f 1056 1057 1058
g roof_fixture
f 1056 1058 1059
g roof_fixture
f 1056 1059 1060
g roof_fixture
f 1060 1061 1062
g roof_fixture
f 1060 1062 1063
g roof_fixture
f 1060 1063 1056
g roof_fixture
f 1064 1065 1066
g roof_fixture
f 1064 1066 1067
g roof_fixture
f 1068 1069 1070
g roof_fixture
f 1068 1070 1071
g roof_fixture
f 1068 1071 1072
g roof_fixture
f 1068 1072 1073
g roof_fixture
f 1068 1073 1074
g roof_fixture
f 1068 1074 1075
g roof_fixture
f 1068 1075 1076
g roof_fixture
f 1076 1077 1078
g roof_fixture
f 1076 1078 1068
g roof_fixture
f 1079 1080 1081
g roof_fixture
f 1079 1081 1082
g roof_fixture
f 1079 1082 879
g roof_fixture
f 1079 879 1083
g roof_fixture
f 1079 1083 1084
g roof_fixture
f 1079 1084 1085
g roof_step_or_fixture_side
f 503 502 4 3
g roof_step_or_fixture_side
f 502 501 5 4
g facade_completed
f 6 5 1086 1087 649
g roof_step_or_fixture_side
f 7 6 649 648
g roof_step_or_fixture_side
f 8 7 648 647
g facade_completed
f 9 8 647 1089 1090
g roof_step_or_fixture_side
f 352 506 10 9
g roof_step_or_fixture_side
f 506 505 11 10
g roof_step_or_fixture_side
f 505 1091 12 11
g roof_step_or_fixture_side
f 1091 1092 13 12
g roof_step_or_fixture_side
f 1092 520 1 13
g roof_step_or_fixture_side
f 520 504 2 1
g roof_step_or_fixture_side
f 504 503 3 2
g facade_completed
f 16 15 670 1094 1095
g roof_step_or_fixture_side
f 499 498 17 16
g roof_step_or_fixture_side
f 498 497 18 17
g roof_step_or_fixture_side
f 497 496 19 18
g roof_step_or_fixture_side
f 496 495 20 19
g roof_step_or_fixture_side
f 21 20 652 651
g roof_step_or_fixture_side
f 22 21 651 650
g roof_step_or_fixture_side
f 23 22 650 665
g roof_step_or_fixture_side
f 24 23 665 664
g roof_step_or_fixture_side
f 25 24 664 663
g roof_step_or_fixture_side
f 26 25 663 662
g roof_step_or_fixture_side
f 27 26 662 661
g roof_step_or_fixture_side
f 28 27 661 660
g roof_step_or_fixture_side
f 29 28 660 659
g roof_step_or_fixture_side
f 30 29 659 658
g roof_step_or_fixture_side
f 31 30 658 657
g roof_step_or_fixture_side
f 486 485 32 31
g roof_step_or_fixture_side
f 485 519 33 32
g roof_step_or_fixture_side
f 519 484 34 33
g roof_step_or_fixture_side
f 484 483 35 34
g roof_step_or_fixture_side
f 483 482 36 35
g roof_step_or_fixture_side
f 482 481 37 36
g roof_step_or_fixture_side
f 481 480 38 37
g roof_step_or_fixture_side
f 480 479 39 38
g roof_step_or_fixture_side
f 479 478 40 39
g roof_step_or_fixture_side
f 478 477 41 40
g roof_step_or_fixture_side
f 42 41 673 672
g roof_step_or_fixture_side
f 14 42 672 671
g roof_step_or_fixture_side
f 15 14 671 670
g roof_step_or_fixture_side
f 43 45 677 676
g roof_step_or_fixture_side
f 393 392 44 43
g roof_step_or_fixture_side
f 392 391 45 44
g roof_step_or_fixture_side
f 945 944 93 163
g roof_step_or_fixture_side
f 94 93 683 679
g roof_step_or_fixture_side
f 95 94 679 678
g roof_step_or_fixture_side
f 45 95 678 677
g roof_step_or_fixture_side
f 391 390 96 45
g roof_step_or_fixture_side
f 390 389 97 96
g roof_step_or_fixture_side
f 389 388 98 97
g roof_step_or_fixture_side
f 99 98 720 719
g roof_step_or_fixture_side
f 1098 99 719 718
g roof_step_or_fixture_side
f 386 385 157 1098
g roof_step_or_fixture_side
f 385 384 100 157
g roof_step_or_fixture_side
f 384 383 101 100
g roof_step_or_fixture_side
f 383 382 102 101
g roof_step_or_fixture_side
f 382 381 103 102
g roof_step_or_fixture_side
f 381 1099 104 103
g roof_step_or_fixture_side
f 1099 380 105 104
g roof_step_or_fixture_side
f 380 379 106 105
g roof_step_or_fixture_side
f 379 378 107 106
g roof_step_or_fixture_side
f 378 377 108 107
g roof_step_or_fixture_side
f 377 376 109 108
g roof_step_or_fixture_side
f 376 526 110 109
g roof_step_or_fixture_side
f 526 525 158 110
g roof_step_or_fixture_side
f 525 527 111 158
g roof_step_or_fixture_side
f 797 1101 112 111 527
g roof_step_or_fixture_side
f 1101 810 113 112
g roof_step_or_fixture_side
f 810 809 114 113
g roof_step_or_fixture_side
f 809 808 115 114
g roof_step_or_fixture_side
f 988 987 116 115 808
g roof_step_or_fixture_side
f 987 986 529 117 116
g roof_step_or_fixture_side
f 529 528 118 117
g roof_step_or_fixture_side
f 528 530 119 118
g roof_step_or_fixture_side
f 993 992 120 119 530
g roof_step_or_fixture_side
f 992 991 805 121 120
g roof_step_or_fixture_side
f 805 804 553 122 121
g roof_step_or_fixture_side
f 553 552 123 122
g roof_step_or_fixture_side
f 552 551 124 123
g roof_step_or_fixture_side
f 954 969 816 125 124 551
g roof_step_or_fixture_side
f 816 815 126 125
g roof_step_or_fixture_side
f 815 814 127 126
g roof_step_or_fixture_side
f 814 813 128 127
g roof_step_or_fixture_side
f 813 812 129 128
g roof_step_or_fixture_side
f 967 966 130 129 812
g roof_step_or_fixture_side
f 966 965 164 130
g roof_step_or_fixture_side
f 965 964 159 164
g roof_step_or_fixture_side
f 964 963 131 159
g roof_step_or_fixture_side
f 963 962 543 132 131
g roof_step_or_fixture_side
f 543 542 133 132
g roof_step_or_fixture_side
f 542 541 134 133
g roof_step_or_fixture_side
f 541 540 160 134
g roof_step_or_fixture_side
f 540 539 135 160
g roof_step_or_fixture_side
f 539 538 136 135
g roof_step_or_fixture_side
f 538 537 137 136
g roof_step_or_fixture_side
f 537 536 138 137
g roof_step_or_fixture_side
f 536 535 139 138
g roof_step_or_fixture_side
f 140 139 740 739
g roof_step_or_fixture_side
f 141 140 739 736
g roof_step_or_fixture_side
f 142 141 736 735
g roof_step_or_fixture_side
f 143 142 735 734
g roof_step_or_fixture_side
f 371 370 144 143
g roof_step_or_fixture_side
f 370 369 145 144
g roof_step_or_fixture_side
f 146 145 750 749
g roof_step_or_fixture_side
f 147 146 749 748
g roof_step_or_fixture_side
f 148 147 748 747
g roof_step_or_fixture_side
f 149 148 747 746
g roof_step_or_fixture_side
f 150 149 746 745
g roof_step_or_fixture_side
f 151 150 745 744
g roof_step_or_fixture_side
f 557 576 152 151
g roof_step_or_fixture_side
f 1030 1029 153 152 576
g roof_step_or_fixture_side
f 1029 1028 161 153
g roof_step_or_fixture_side
f 1028 1039 162 161
g roof_step_or_fixture_side
f 1039 1038 46 162
g roof_step_or_fixture_side
f 1038 1037 581 47 46
g roof_step_or_fixture_side
f 581 580 48 47
g roof_step_or_fixture_side
f 580 582 49 48
g roof_step_or_fixture_side
f 1036 1035 573 50 49 582
g roof_step_or_fixture_side
f 573 572 51 50
g roof_step_or_fixture_side
f 52 51 784 783
g roof_step_or_fixture_side
f 996 995 53 52
g roof_step_or_fixture_side
f 995 994 154 53
g roof_step_or_fixture_side
f 994 1003 54 154
g roof_step_or_fixture_side
f 1003 1002 55 54
g roof_step_or_fixture_side
f 56 55 776 775
g roof_step_or_fixture_side
f 57 56 775 774
g roof_step_or_fixture_side
f 58 57 774 773
g roof_step_or_fixture_side
f 59 58 773 772
g roof_step_or_fixture_side
f 60 59 772 771
g roof_step_or_fixture_side
f 61 60 771 770
g roof_step_or_fixture_side
f 62 61 770 769
g roof_step_or_fixture_side
f 63 62 769 768
g roof_step_or_fixture_side
f 64 63 768 767
g roof_step_or_fixture_side
f 65 64 767 766
g roof_step_or_fixture_side
f 66 65 766 765
g roof_step_or_fixture_side
f 67 66 765 764
g roof_step_or_fixture_side
f 68 67 764 763
g roof_step_or_fixture_side
f 978 977 69 68
g roof_step_or_fixture_side
f 977 976 598 70 69
g roof_step_or_fixture_side
f 598 601 71 70
g roof_step_or_fixture_side
f 601 600 72 71
g roof_step_or_fixture_side
f 600 599 73 72
g roof_step_or_fixture_side
f 985 984 74 73 599
g roof_step_or_fixture_side
f 984 983 75 74
g roof_step_or_fixture_side
f 76 75 788 787
g facade_completed
f 77 76 787 1106 1107
g facade_completed
f 78 77 1107 1108
g facade_completed
f 79 78 1108 1109
g roof_step_or_fixture_side
f 414 413 80 79
g roof_step_or_fixture_side
f 934 933 81 80 413
g roof_step_or_fixture_side
f 933 932 155 81
g roof_step_or_fixture_side
f 932 931 156 155
g roof_step_or_fixture_side
f 931 930 82 156
g roof_step_or_fixture_side
f 930 937 410 83 82
g roof_step_or_fixture_side
f 410 409 84 83
g roof_step_or_fixture_side
f 409 408 85 84
g roof_step_or_fixture_side
f 938 943 86 85 408
g roof_step_or_fixture_side
f 943 942 87 86
g roof_step_or_fixture_side
f 942 941 405 88 87
g roof_step_or_fixture_side
f 405 404 89 88
g roof_step_or_fixture_side
f 949 948 90 89 404
g roof_step_or_fixture_side
f 948 947 91 90
g roof_step_or_fixture_side
f 947 946 92 91
g roof_step_or_fixture_side
f 946 945 163 92
g roof_step_or_fixture_side
f 94 166 680 679
g roof_step_or_fixture_side
f 167 94 679 682
g roof_step_or_fixture_side
f 953 952 168 167
g roof_step_or_fixture_side
f 952 951 402 169 168
g roof_step_or_fixture_side
f 402 401 170 169
g roof_step_or_fixture_side
f 401 400 171 170
g roof_step_or_fixture_side
f 400 399 172 171
g roof_step_or_fixture_side
f 926 925 173 172 399
g roof_step_or_fixture_side
f 925 924 396 174 173
g roof_step_or_fixture_side
f 396 395 175 174
g roof_step_or_fixture_side
f 395 394 176 175
g roof_step_or_fixture_side
f 394 393 43 176
g roof_step_or_fixture_side
f 165 43 676 681
g roof_step_or_fixture_side
f 166 165 681 680
g facade_completed
f 180 179 1110 1111
g roof_step_or_fixture_side
f 474 473 181 180
g roof_step_or_fixture_side
f 473 472 177 181
g roof_step_or_fixture_side
f 472 444 178 177
g roof_step_or_fixture_side
f 444 416 179 178
g roof_step_or_fixture_side
f 452 451 185 184
g roof_step_or_fixture_side
f 451 450 186 185
g roof_step_or_fixture_side
f 450 449 203 186
g roof_step_or_fixture_side
f 449 448 187 203
g roof_step_or_fixture_side
f 188 187 689 688
g roof_step_or_fixture_side
f 189 188 688 687
g roof_step_or_fixture_side
f 190 189 687 686
g roof_step_or_fixture_side
f 470 469 191 190
g roof_step_or_fixture_side
f 469 468 192 191
g roof_step_or_fixture_side
f 468 467 193 192
g roof_step_or_fixture_side
f 467 466 204 193
g roof_step_or_fixture_side
f 466 465 194 204
g roof_step_or_fixture_side
f 465 464 195 194
g roof_step_or_fixture_side
f 464 463 196 195
g roof_step_or_fixture_side
f 463 462 197 196
g roof_step_or_fixture_side
f 462 461 1112 197
g roof_step_or_fixture_side
f 1113 1112 693 692
g roof_step_or_fixture_side
f 459 458 198 1113
g roof_step_or_fixture_side
f 458 524 199 198
g roof_step_or_fixture_side
f 524 457 200 199
g roof_step_or_fixture_side
f 457 456 201 200
g roof_step_or_fixture_side
f 456 455 202 201
g roof_step_or_fixture_side
f 455 454 182 202
g roof_step_or_fixture_side
f 454 453 183 182
g roof_step_or_fixture_side
f 453 452 184 183
g roof_step_or_fixture_side
f 418 417 208 207
g roof_step_or_fixture_side
f 417 443 209 208
g roof_step_or_fixture_side
f 443 442 210 209
g roof_step_or_fixture_side
f 442 441 211 210
g roof_step_or_fixture_side
f 441 440 212 211
g roof_step_or_fixture_side
f 440 439 213 212
g roof_step_or_fixture_side
f 439 438 214 213
g roof_step_or_fixture_side
f 215 214 696 695
g roof_step_or_fixture_side
f 216 215 695 700
g roof_step_or_fixture_side
f 217 216 700 699
g roof_step_or_fixture_side
f 218 217 699 698
g roof_step_or_fixture_side
f 436 435 219 218
g roof_step_or_fixture_side
f 435 434 220 219
g roof_step_or_fixture_side
f 434 433 221 220
g roof_step_or_fixture_side
f 433 432 222 221
g roof_step_or_fixture_side
f 432 431 223 222
g roof_step_or_fixture_side
f 431 430 224 223
g roof_step_or_fixture_side
f 225 224 708 707
g roof_step_or_fixture_side
f 226 225 707 706
g roof_step_or_fixture_side
f 428 427 205 226
g roof_step_or_fixture_side
f 427 1116 206 205
g roof_step_or_fixture_side
f 207 206 702 701
g roof_step_or_fixture_side
f 518 517 230 229
g roof_step_or_fixture_side
f 517 422 231 230
g roof_step_or_fixture_side
f 422 421 232 231
g roof_step_or_fixture_side
f 421 425 233 232
g roof_step_or_fixture_side
f 425 424 227 233
g roof_step_or_fixture_side
f 424 423 228 227
g roof_step_or_fixture_side
f 423 518 229 228
g roof_step_or_fixture_side
f 510 509 237 236
g roof_step_or_fixture_side
f 509 508 238 237
g roof_step_or_fixture_side
f 975 974 239 238 508
g roof_step_or_fixture_side
f 974 973 349 240 239
g roof_step_or_fixture_side
f 349 512 234 240
g roof_step_or_fixture_side
f 512 511 235 234
g roof_step_or_fixture_side
f 511 510 236 235
g roof_step_or_fixture_side
f 1017 1016 558 243 242 367
g roof_step_or_fixture_side
f 558 557 151 243
g roof_step_or_fixture_side
f 244 151 744 743
g roof_step_or_fixture_side
f 145 244 743 750
g roof_step_or_fixture_side
f 369 368 241 145
g roof_step_or_fixture_side
f 368 367 242 241
g roof_step_or_fixture_side
f 547 546 247 246
g roof_step_or_fixture_side
f 959 958 548 245 247 546
g roof_step_or_fixture_side
f 548 547 246 245
g roof_step_or_fixture_side
f 1000 999 248 250
g roof_step_or_fixture_side
f 249 248 780 779
g roof_step_or_fixture_side
f 250 249 779 778
g roof_step_or_fixture_side
f 588 587 251 253
g roof_step_or_fixture_side
f 252 251 795 752
g roof_step_or_fixture_side
f 253 252 752 751
g roof_step_or_fixture_side
f 596 597 257 256
g roof_step_or_fixture_side
f 258 257 759 758
g roof_step_or_fixture_side
f 254 258 758 757
g roof_step_or_fixture_side
f 255 254 757 756
g roof_step_or_fixture_side
f 583 596 256 255
g roof_step_or_fixture_side
f 343 342 261 260
g roof_step_or_fixture_side
f 342 344 259 261
g roof_step_or_fixture_side
f 344 343 260 259
g roof_step_or_fixture_side
f 346 345 265 264
g roof_step_or_fixture_side
f 345 342 261 265
g roof_step_or_fixture_side
f 342 341 266 261
g roof_step_or_fixture_side
f 341 340 267 266
g roof_step_or_fixture_side
f 340 339 268 267
g roof_step_or_fixture_side
f 339 338 262 268
g roof_step_or_fixture_side
f 1007 1006 347 263 262 338
g roof_step_or_fixture_side
f 347 346 264 263
g roof_step_or_fixture_side
f 607 606 271 270
g roof_step_or_fixture_side
f 606 605 272 271
g roof_step_or_fixture_side
f 875 916 273 272 605
g roof_step_or_fixture_side
f 916 915 274 273
g roof_step_or_fixture_side
f 915 874 275 274
g roof_step_or_fixture_side
f 874 873 276 275
g roof_step_or_fixture_side
f 873 872 1079 277 276
g roof_step_or_fixture_side
f 1079 1085 269 277
g roof_step_or_fixture_side
f 1085 1084 607 270 269
g roof_step_or_fixture_side
f 359 358 293 292
g roof_step_or_fixture_side
f 358 357 294 293
g roof_step_or_fixture_side
f 357 356 295 294
g roof_step_or_fixture_side
f 356 611 1119 295
g roof_step_or_fixture_side
f 296 1119 713 712
g roof_step_or_fixture_side
f 1022 1021 297 296
g roof_step_or_fixture_side
f 1021 1020 1121 297
g roof_step_or_fixture_side
f 1020 1019 278 1121
g roof_step_or_fixture_side
f 1019 1018 1122 278
g roof_step_or_fixture_side
f 1018 1027 857 279 1122
g roof_step_or_fixture_side
f 857 856 280 279
g roof_step_or_fixture_side
f 856 855 281 280
g roof_step_or_fixture_side
f 855 854 282 281
g roof_step_or_fixture_side
f 283 282 732 731
g roof_step_or_fixture_side
f 284 283 731 730
g roof_step_or_fixture_side
f 285 284 730 725
g roof_step_or_fixture_side
f 286 285 725 724
g roof_step_or_fixture_side
f 287 286 724 714
g roof_step_or_fixture_side
f 290 287 714 723
g roof_step_or_fixture_side
f 1123 290 723 722
g roof_step_or_fixture_side
f 361 360 291 1123
g roof_step_or_fixture_side
f 360 359 292 291
g roof_step_or_fixture_side
f 287 289 715 714
g roof_step_or_fixture_side
f 288 287 714 716
g roof_step_or_fixture_side
f 289 288 716 715
g roof_step_or_fixture_side
f 868 923 301 300
g roof_step_or_fixture_side
f 923 867 298 301
g roof_step_or_fixture_side
f 867 866 299 298
g roof_step_or_fixture_side
f 866 868 300 299
g roof_step_or_fixture_side
f 364 363 305 304
g roof_step_or_fixture_side
f 306 305 729 728
g roof_step_or_fixture_side
f 307 306 728 1125
g roof_step_or_fixture_side
f 852 851 308 307
g roof_step_or_fixture_side
f 851 850 309 308
g roof_step_or_fixture_side
f 850 913 310 309
g roof_step_or_fixture_side
f 913 849 311 310
g roof_step_or_fixture_side
f 849 848 563 312 311
g roof_step_or_fixture_side
f 563 562 313 312
g roof_step_or_fixture_side
f 562 561 302 313
g roof_step_or_fixture_side
f 561 560 303 302
g roof_step_or_fixture_side
f 1014 1013 364 304 303 560
g roof_step_or_fixture_side
f 895 894 317 316
g roof_step_or_fixture_side
f 894 893 623 314 317
g roof_step_or_fixture_side
f 623 622 315 314
g roof_step_or_fixture_side
f 896 895 316 315 622
g roof_step_or_fixture_side
f 889 888 627 318 320
g roof_step_or_fixture_side
f 627 626 319 318
g roof_step_or_fixture_side
f 890 889 320 319 626
g roof_step_or_fixture_side
f 1060 1059 839 323 322 1045
g roof_step_or_fixture_side
f 839 838 324 323
g roof_step_or_fixture_side
f 838 834 325 324
g roof_step_or_fixture_side
f 834 833 570 326 325
g roof_step_or_fixture_side
f 570 569 327 326
g roof_step_or_fixture_side
f 569 568 328 327
g roof_step_or_fixture_side
f 1048 1047 329 328 568
g roof_step_or_fixture_side
f 1047 1046 321 329
g roof_step_or_fixture_side
f 1046 1045 322 321
g roof_step_or_fixture_side
f 901 900 332 331 618
g roof_step_or_fixture_side
f 900 899 333 332
g roof_step_or_fixture_side
f 899 898 620 334 333
g roof_step_or_fixture_side
f 620 619 330 334
g roof_step_or_fixture_side
f 619 618 331 330
g roof_step_or_fixture_side
f 917 831 335 337
g roof_step_or_fixture_side
f 831 918 336 335
g roof_step_or_fixture_side
f 918 917 337 336
g facade_completed
f 1126 352 9 1090 1127
g facade_completed
f 1128 1126 1127 1129
g facade_completed
f 1130 1128 1129 1131
g facade_completed
f 1132 1130 1131 1133
g facade_completed
f 1134 1132 1133 1135
g facade_completed
f 1136 1134 1135 1137
g facade_completed
f 353 1136 1137 1138
g roof_step_or_fixture_side
f 870 869 354 353
g roof_step_or_fixture_side
f 869 863 355 354
g roof_step_or_fixture_side
f 863 862 356 355
g roof_step_or_fixture_side
f 362 361 1123 722 721
g roof_step_or_fixture_side
f 522 362 721 726
g roof_step_or_fixture_side
f 515 522 726 725 285
g roof_step_or_fixture_side
f 363 515 285 725 729 305
g roof_step_or_fixture_side
f 1013 1012 365 364
g roof_step_or_fixture_side
f 1012 1011 516 365
g roof_step_or_fixture_side
f 1011 1010 366 516
g roof_step_or_fixture_side
f 1010 1017 367 366
g roof_step_or_fixture_side
f 372 371 143 734 733
g roof_step_or_fixture_side
f 802 801 373 372
g roof_step_or_fixture_side
f 801 800 374 373
g roof_step_or_fixture_side
f 800 799 375 374
g roof_step_or_fixture_side
f 799 798 376 375
g roof_step_or_fixture_side
f 387 386 1098 718 717
g roof_step_or_fixture_side
f 388 387 717 720 98
g roof_step_or_fixture_side
f 924 929 397 396
g roof_step_or_fixture_side
f 929 928 523 397
g roof_step_or_fixture_side
f 928 927 398 523
g roof_step_or_fixture_side
f 927 926 399 398
g roof_step_or_fixture_side
f 951 950 403 402
g roof_step_or_fixture_side
f 950 949 404 403
g roof_step_or_fixture_side
f 941 940 406 405
g roof_step_or_fixture_side
f 940 939 407 406
g roof_step_or_fixture_side
f 939 938 408 407
g roof_step_or_fixture_side
f 937 936 411 410
g roof_step_or_fixture_side
f 936 935 412 411
g roof_step_or_fixture_side
f 935 934 413 412
g facade_completed
f 1141 414 79 1109 1142
g facade_completed
f 415 1141 1142 1143
g facade_completed
f 416 415 1143 1110 179
g facade_completed
f 475 474 180 1111 1144 675
g roof_step_or_fixture_side
f 476 475 675 674
g roof_step_or_fixture_side
f 477 476 674 673 41
g roof_step_or_fixture_side
f 487 486 31 657 656
g roof_step_or_fixture_side
f 488 487 656 655
g roof_step_or_fixture_side
f 489 488 655 654
g roof_step_or_fixture_side
f 490 489 654 653
g roof_step_or_fixture_side
f 491 490 653 668
g roof_step_or_fixture_side
f 492 491 668 667
g roof_step_or_fixture_side
f 493 492 667 666
g roof_step_or_fixture_side
f 494 493 666 650 22
g roof_step_or_fixture_side
f 495 494 22 650 652 20
g facade_completed
f 500 499 16 1095 1146
g facade_completed
f 1147 500 1146 1148
g facade_completed
f 501 1147 1148 1086 5
g roof_step_or_fixture_side
f 1006 1005 348 347
g roof_step_or_fixture_side
f 1005 1004 513 348
g roof_step_or_fixture_side
f 1004 1009 521 513
g roof_step_or_fixture_side
f 1009 1008 514 521
g roof_step_or_fixture_side
f 1008 1007 338 514
g roof_step_or_fixture_side
f 973 972 350 349
g roof_step_or_fixture_side
f 972 971 351 350
g roof_step_or_fixture_side
f 971 970 507 351
g roof_step_or_fixture_side
f 970 975 508 507
g roof_step_or_fixture_side
f 460 459 1113 692 694
g roof_step_or_fixture_side
f 461 460 694 693 1112
g roof_step_or_fixture_side
f 471 470 190 686 685
g roof_step_or_fixture_side
f 445 471 685 684
g roof_step_or_fixture_side
f 446 445 684 691
g roof_step_or_fixture_side
f 447 446 691 690
g roof_step_or_fixture_side
f 448 447 690 689 187
g roof_step_or_fixture_side
f 437 436 218 698 697
g roof_step_or_fixture_side
f 438 437 697 696 214
g roof_step_or_fixture_side
f 419 418 207 701 705
g roof_step_or_fixture_side
f 420 419 705 704
g roof_step_or_fixture_side
f 426 420 704 703
g roof_step_or_fixture_side
f 1116 426 703 702 206
g roof_step_or_fixture_side
f 429 428 226 706 709
g roof_step_or_fixture_side
f 430 429 709 708 224
g roof_step_or_fixture_side
f 798 797 527 376
g roof_step_or_fixture_side
f 986 993 530 529
g roof_step_or_fixture_side
f 956 955 556 550
g roof_step_or_fixture_side
f 955 954 551 556
g roof_step_or_fixture_side
f 804 803 554 553
g roof_step_or_fixture_side
f 803 802 372 554
g roof_step_or_fixture_side
f 555 372 733 738
g roof_step_or_fixture_side
f 531 555 738 737
g roof_step_or_fixture_side
f 532 531 737 736 141
g roof_step_or_fixture_side
f 533 532 141 736 742
g roof_step_or_fixture_side
f 534 533 742 741
g roof_step_or_fixture_side
f 535 534 741 740 139
g roof_step_or_fixture_side
f 962 961 544 543
g roof_step_or_fixture_side
f 961 960 545 544
g roof_step_or_fixture_side
f 960 959 546 545
g roof_step_or_fixture_side
f 958 957 549 548
g roof_step_or_fixture_side
f 957 956 550 549
g roof_step_or_fixture_side
f 1016 1015 559 558
g roof_step_or_fixture_side
f 1015 1014 560 559
g roof_step_or_fixture_side
f 848 847 564 563
g roof_step_or_fixture_side
f 847 846 577 564
g roof_step_or_fixture_side
f 846 845 565 577
g roof_step_or_fixture_side
f 845 844 566 565
g roof_step_or_fixture_side
f 1040 1049 567 566 844
g roof_step_or_fixture_side
f 1049 1048 568 567
g roof_step_or_fixture_side
f 833 832 571 570
g roof_step_or_fixture_side
f 832 830 572 571
g roof_step_or_fixture_side
f 1035 1034 574 573
g roof_step_or_fixture_side
f 1034 1033 578 574
g roof_step_or_fixture_side
f 1033 1032 579 578
g roof_step_or_fixture_side
f 1032 1031 575 579
g roof_step_or_fixture_side
f 1031 1030 576 575
g roof_step_or_fixture_side
f 1037 1036 582 581
g roof_step_or_fixture_side
f 1158 583 255 756 755
g roof_step_or_fixture_side
f 584 1158 755 754
g roof_step_or_fixture_side
f 585 584 754 753
g roof_step_or_fixture_side
f 586 585 753 796
g roof_step_or_fixture_side
f 587 586 796 795 251
g roof_step_or_fixture_side
f 589 588 253 751 794
g roof_step_or_fixture_side
f 590 589 794 793
g roof_step_or_fixture_side
f 591 590 793 792
g roof_step_or_fixture_side
f 592 591 792 791
g roof_step_or_fixture_side
f 593 592 791 790
g roof_step_or_fixture_side
f 981 980 594 593
g roof_step_or_fixture_side
f 595 594 761 760
g roof_step_or_fixture_side
f 597 595 760 759 257
g roof_step_or_fixture_side
f 976 985 599 598
g roof_step_or_fixture_side
f 876 875 605 604
g roof_step_or_fixture_side
f 1084 1083 608 607
g roof_step_or_fixture_side
f 1083 879 609 608
g roof_step_or_fixture_side
f 879 878 602 609
g roof_step_or_fixture_side
f 878 877 603 602
g roof_step_or_fixture_side
f 877 876 604 603
g roof_step_or_fixture_side
f 862 861 612 356
g roof_step_or_fixture_side
f 861 860 613 612
g roof_step_or_fixture_side
f 1024 1023 614 613 860
g roof_step_or_fixture_side
f 610 614 711 710
g roof_step_or_fixture_side
f 611 610 710 713 1119
g roof_step_or_fixture_side
f 902 901 618 617
g roof_step_or_fixture_side
f 898 897 621 620
g roof_step_or_fixture_side
f 897 896 622 621
g roof_step_or_fixture_side
f 893 892 624 623
g roof_step_or_fixture_side
f 892 891 625 624
g roof_step_or_fixture_side
f 891 890 626 625
g roof_step_or_fixture_side
f 888 887 628 627
g roof_step_or_fixture_side
f 1074 1073 904 615 628 887
g roof_step_or_fixture_side
f 904 903 616 615
g roof_step_or_fixture_side
f 903 902 617 616
g roof_step_or_fixture_side
f 912 836 632 631
g roof_step_or_fixture_side
f 836 835 629 632
g roof_step_or_fixture_side
f 835 837 630 629
g roof_step_or_fixture_side
f 837 912 631 630
g roof_step_or_fixture_side
f 909 908 633 635
g roof_step_or_fixture_side
f 908 907 634 633
g roof_step_or_fixture_side
f 1068 1078 909 635 634 907
g roof_step_or_fixture_side
f 922 921 639 638
g roof_step_or_fixture_side
f 921 823 636 639
g roof_step_or_fixture_side
f 823 822 637 636
g roof_step_or_fixture_side
f 822 922 638 637
g roof_step_or_fixture_side
f 827 826 643 642
g roof_step_or_fixture_side
f 1055 1054 644 643 826
g roof_step_or_fixture_side
f 1054 1053 820 645 644
g roof_step_or_fixture_side
f 820 819 646 645
g roof_step_or_fixture_side
f 819 818 640 646
g facade_completed
f 641 640 1160 1161
g roof_step_or_fixture_side
f 828 827 642 641
g facade_completed
f 647 649 1087 1089
g facade_completed
f 669 675 1144 1164
g facade_completed
f 670 669 1164 1094
g roof_step_or_fixture_side
f 944 953 167 682 683 93
g roof_step_or_fixture_side
f 1023 1022 296 712 711 614
g roof_step_or_fixture_side
f 854 853 727 732 282
g roof_step_or_fixture_side
f 853 852 307 1125 727
g roof_step_or_fixture_side
f 980 979 762 761 594
g roof_step_or_fixture_side
f 979 978 68 763 762
g roof_step_or_fixture_side
f 1002 1001 777 776 55
g roof_step_or_fixture_side
f 1001 1000 250 778 777
g roof_step_or_fixture_side
f 999 998 781 780 248
g roof_step_or_fixture_side
f 998 997 782 781
g roof_step_or_fixture_side
f 997 996 52 783 782
g roof_step_or_fixture_side
f 830 829 785 784 51 572
g facade_completed
f 786 785 1170 1171
g facade_completed
f 787 786 1171 1106
g roof_step_or_fixture_side
f 983 982 789 788 75
g roof_step_or_fixture_side
f 982 981 593 790 789
g roof_step_or_fixture_side
f 991 990 806 805
g roof_step_or_fixture_side
f 990 989 807 806
g roof_step_or_fixture_side
f 989 988 808 807
g roof_step_or_fixture_side
f 969 968 811 816
g roof_step_or_fixture_side
f 968 967 812 811
g facade_completed
f 1174 828 641 1161 1175
g facade_completed
f 829 1174 1175 1170 785
g roof_step_or_fixture_side
f 1059 1058 840 839
g roof_step_or_fixture_side
f 1058 1057 919 840
g roof_step_or_fixture_side
f 1057 1056 841 919
g roof_step_or_fixture_side
f 1056 1063 1042 842 841
g roof_step_or_fixture_side
f 1042 1041 843 842
g roof_step_or_fixture_side
f 1041 1040 844 843
g roof_step_or_fixture_side
f 1027 1026 858 857
g roof_step_or_fixture_side
f 1026 1025 859 858
g roof_step_or_fixture_side
f 1025 1024 860 859
g facade_completed
f 871 870 353 1138 1176 1080
g roof_step_or_fixture_side
f 872 871 1080 1079
g roof_step_or_fixture_side
f 879 1082 880
g roof_step_or_fixture_side
f 1082 1081 881 880
g facade_completed
f 882 881 1081 1178 1179
g facade_completed
f 883 882 1179 1180
g facade_completed
f 884 883 1180 1181
g facade_completed
f 885 884 1181 1182
g roof_step_or_fixture_side
f 1076 1075 886 885
g roof_step_or_fixture_side
f 1075 1074 887 886
g roof_step_or_fixture_side
f 1073 1072 905 904
g roof_step_or_fixture_side
f 1072 1071 1183 905
g roof_step_or_fixture_side
f 1071 1070 1184 1183
g roof_step_or_fixture_side
f 1070 1069 906 1184
g roof_step_or_fixture_side
f 1069 1068 907 906
g roof_step_or_fixture_side
f 1078 1077 910 909
g facade_completed
f 911 910 1185 1186
g facade_completed
f 817 911 1186 1187
g facade_completed
f 1188 817 1187 1189
g facade_completed
f 818 1188 1189 1160 640
g roof_step_or_fixture_side
f 1053 1052 821 820
g roof_step_or_fixture_side
f 824 821 1052 1051
g roof_step_or_fixture_side
f 825 824 1051 1050
g roof_step_or_fixture_side
f 1050 1055 826 825
g roof_step_or_fixture_side
f 1065 1064 920 914
g roof_step_or_fixture_side
f 1064 1067 865 920
g roof_step_or_fixture_side
f 1067 1066 864 865
g roof_step_or_fixture_side
f 1066 1065 914 864
g roof_step_or_fixture_side
f 1063 1062 1043 1042
g roof_step_or_fixture_side
f 1062 1061 1044 1043
g roof_step_or_fixture_side
f 1061 1060 1045 1044
g facade_completed
f 1077 1076 885 1182 1185 910
g facade_completed
f 1081 1080 1176 1178
g ground_assumed
f 1142 1110 1143
g ground_assumed
f 1142 1111 1110
g ground_assumed
f 1142 1144 1111
g ground_assumed
f 1142 1164 1144
g ground_assumed
f 1142 1094 1164
g ground_assumed
f 1142 1095 1094
g ground_assumed
f 1142 1146 1095
g ground_assumed
f 1142 1148 1146
g ground_assumed
f 1142 1086 1148
g ground_assumed
f 1142 1087 1086
g ground_assumed
f 1142 1089 1087
g ground_assumed
f 1142 1090 1089
g ground_assumed
f 1142 1127 1090
g ground_assumed
f 1142 1129 1127
g ground_assumed
f 1142 1131 1129
g ground_assumed
f 1142 1133 1131
g ground_assumed
f 1142 1135 1133
g ground_assumed
f 1142 1137 1135
g ground_assumed
f 1142 1138 1137
g ground_assumed
f 1142 1176 1138
g ground_assumed
f 1142 1178 1176
g ground_assumed
f 1142 1179 1178
g ground_assumed
f 1142 1180 1179
g ground_assumed
f 1142 1181 1180
g ground_assumed
f 1142 1182 1181
g ground_assumed
f 1142 1185 1182
g ground_assumed
f 1142 1186 1185
g ground_assumed
f 1186 1189 1187
g ground_assumed
f 1186 1160 1189
g ground_assumed
f 1186 1161 1160
g ground_assumed
f 1186 1175 1161
g ground_assumed
f 1186 1170 1175
g ground_assumed
f 1186 1171 1170
g ground_assumed
f 1186 1106 1171
g ground_assumed
f 1186 1107 1106
g ground_assumed
f 1186 1108 1107
g ground_assumed
f 1186 1109 1108
g ground_assumed
f 1186 1142 1109
