# Source coordinates; no display transform
v -0.137023642116 -0.356598482388 0.157098289305
v -0.15588082082 -0.346590510571 0.157182734021
v -0.203397168554 -0.397175029332 0.157531241406
v -0.20097111707 -0.419794654438 0.157558572028
v -0.189698877109 -0.425558196024 0.157507701648
v -0.181793308697 -0.424710290047 0.157463269088
v -0.176619925686 -0.419696289521 0.15742620857
v -0.168590679864 -0.423294251644 0.157389064896
v -0.149384715944 -0.421234329866 0.15728111949
v -0.141897324439 -0.38604344531 0.157177466295
v -0.134621830913 -0.378992099563 0.157125346878
v -0.136557389865 -0.360945649588 0.157103541877
v -0.136675693615 -0.359842628201 0.157102209117
v -0.413444694242 -0.284653473522 0.158469989527
v -0.439506231501 -0.287448684818 0.158616466062
v -0.439012335089 -0.292053596009 0.158622030041
v -0.400124869434 -0.316701618368 0.1584550663
v -0.353731945005 -0.29588516574 0.158165956611
v -0.317052859377 -0.362543355468 0.158086199426
v -0.291855676532 -0.320320278379 0.157873819846
v -0.287880849792 -0.313659636329 0.157840317206
v -0.27657506424 -0.318681367374 0.157787936531
v -0.262241213486 -0.317144000607 0.157707374359
v -0.266587804991 -0.276617956995 0.157658407934
v -0.287880875269 -0.29816193604 0.157812568912
v -0.30225381774 -0.28431533381 0.157865798425
v -0.330316396436 -0.287325165384 0.158023521685
v -0.333555508505 -0.257124858232 0.157987031558
v -0.329609812352 -0.252882567833 0.157958017038
v -0.332546484623 -0.225502099906 0.157924934058
v -0.331823258657 -0.22494371627 0.15792000833
v -0.301383553797 -0.2014421615 0.157712691002
v -0.287939103485 -0.167999858926 0.1575798315
v -0.301384517377 -0.163688641059 0.15764509904
v -0.312631197036 -0.183874104658 0.157742292062
v -0.37888701777 -0.181631218727 0.158097937554
v -0.395387584271 -0.192326156956 0.158206657926
v -0.396746301781 -0.191628941165 0.158212785193
v -0.397342651884 -0.19359334539 0.158219539677
v -0.421529849256 -0.209270418093 0.158378906393
v -0.416457868323 -0.256559730198 0.158436044685
v -0.414357169036 -0.276145889072 0.158459710076
v -0.115833319462 -0.18862395382 0.156682504159
v -0.103422956153 -0.198827287668 0.156633404998
v -0.0984707904488 -0.185562660354 0.156582772671
v 0.133181176142 0.0486896105844 0.154905853573
v 0.147856580526 0.050263610443 0.15482337177
v 0.149233098885 0.0517372540589 0.154813260998
v 0.149373701266 0.0504263281427 0.154814844929
v 0.182530945231 0.0539825843614 0.1546284876
v 0.17260917827 0.14648954393 0.154516714154
v 0.161904397489 0.16228214287 0.154546547254
v 0.163778373831 0.144809866402 0.154567658504
v 0.145424177217 0.142841300286 0.154670816649
v 0.122077940166 0.140337316538 0.154802032079
v 0.124160741668 0.138965214082 0.154793182609
v 0.132115605053 0.0647969512119 0.154882797926
v 0.11680043292 0.0308301447301 0.155026751527
v 0.110625712363 0.0301678795538 0.155061455991
v 0.111555548931 0.0214984203715 0.155071931018
v 0.0730383050716 -0.00202154532326 0.155323129219
v 0.0663322004429 0.0605037438823 0.155247581754
v 0.0600981489143 0.0598351151847 0.155282619692
v 0.0580584274175 0.0788527392097 0.155259641233
v 0.0513111495337 0.0781290647912 0.155297563755
v 0.0358342134779 0.22243040763 0.155123208652
v 0.049636684658 0.216166682163 0.155059498808
v 0.0468551073954 0.242101100533 0.155028163039
v 0.00298132164866 0.237395449381 0.155274751749
v -0.00530886505554 0.314690145589 0.155181358826
v -0.0347502125163 0.312589755766 0.155344938198
v -0.0381388065074 0.344183778351 0.155306764079
v -0.00880957155375 0.347329464207 0.155141921701
v -0.0101407688313 0.359741065329 0.155126925122
v 0.0337330169154 0.364446716481 0.154880336411
v 0.0289657549781 0.408894938981 0.154826630933
v 0.0169685016824 0.407608182266 0.154894060419
v -0.0686084521986 0.398429688027 0.155375038095
v -0.150804704372 0.389613788489 0.155837014851
v -0.147637808247 0.36008679662 0.155872691418
v -0.106965801239 0.36444904327 0.155644098045
v -0.143139714797 0.318148203581 0.155923364613
v -0.158956109354 0.316451827628 0.156012259234
v -0.140087528128 0.289690721081 0.155957748909
v -0.127909726923 0.176149316361 0.156094937655
v -0.0423845665144 0.185322255523 0.155614251118
v -0.0367683885647 0.13295904759 0.155677520039
v -0.122293548973 0.123786108428 0.156158206577
v -0.104567313648 -0.0414868851385 0.156357901071
v -0.0923817204573 -0.0401799281419 0.15628941301
v -0.0863427757626 -0.0964848599931 0.156357444616
v -0.0825730196384 -0.131632699539 0.156399912699
v -0.0909641709553 -0.144354006804 0.156468240369
v -0.0933954802681 -0.145649010918 0.156483757096
v -0.0912026157372 -0.166094485158 0.156508460746
v -0.0899613138346 -0.184062302583 0.156533893664
v -0.0899643038784 -0.177640056113 0.156522410922
v -0.0899707771213 -0.163736275055 0.156497551521
v -0.0899765131411 -0.151415882984 0.156475523194
v -0.00687375764253 -0.149675326448 0.15602129391
v -0.0195720029141 -0.191362728957 0.156164865499
v 0.0170535185898 -0.162682929377 0.155914697648
v 0.0789473356046 -0.216530363543 0.155675127995
v 0.095174684527 -0.208413124551 0.155572506098
v 0.125111657237 -0.193438062098 0.155383184344
v 0.127841003751 -0.151300577374 0.155292921826
v 0.144965264474 -0.135337870888 0.155171383916
v 0.125100004064 -0.151766017156 0.155308634366
v 0.107470426933 -0.145980045292 0.155393974613
v 0.108843047453 -0.151747460236 0.155396849963
v 0.0979990197333 -0.142871560456 0.15543982323
v 0.0877855520521 -0.139519531129 0.15548926401
v 0.0618495643367 -0.131007421433 0.155614813412
v 0.0285353825421 -0.144867860376 0.155820472177
v 0.0187895068807 -0.137583250913 0.155860333413
v 0.0155042008346 -0.137935614039 0.155878798181
v 0.0151767843849 -0.134882901635 0.155875109697
v -0.000791400510336 -0.122947391766 0.155940420615
v 0.0115859148611 -0.101402935855 0.155834656855
v 0.010995502226 -0.0958981425181 0.155828005557
v 0.0149948561711 -0.0954691947108 0.155805527546
v 0.0258125533112 -0.0766394734466 0.155713090674
v 0.0194194133721 -0.0773251650604 0.155749022769
v 0.01691655961 -0.0668299900859 0.155743817694
v 0.0007331141967 -0.0685657338354 0.155834775337
v -0.00688692579714 -0.107989156022 0.155946726884
v -0.0333892047753 -0.104151929875 0.156083720623
v -0.0439992467095 -0.102615718618 0.156138565321
v -0.0477858316266 -0.0737695982362 0.156107471726
v -0.0488980445762 -0.073888887824 0.156113722827
v -0.0511796615211 0.00995120127203 0.155975993712
v -0.0024239749865 0.0151804571072 0.155701966741
v -0.00165918546494 0.0161332139819 0.155696109256
v 0.0284647467883 0.0536609027476 0.155465392483
v 0.0466600197403 -0.00267827384446 0.155467496277
v 0.0463396630255 -0.00345037214099 0.155470617731
v 0.0467638929935 -0.00384927091027 0.155469029065
v 0.047090411071 -0.00753011285566 0.155473847107
v 0.0479601810536 -0.0173351180882 0.155486681409
v 0.0481326750568 -0.0192796597678 0.155489226742
v 0.0297229517839 -0.0527210908673 0.155649038027
v 0.061677277417 -0.0492938528059 0.155469441574
v 0.0760621539707 -0.0302148164606 0.155357194342
v 0.0835631374582 -0.0202660667463 0.155298663054
v 0.0953652599583 -0.0190002386331 0.15523233031
v 0.0788705332318 -0.0200311559754 0.155323715664
v 0.0946298765357 -0.018340899003 0.155235141683
v 0.111754887078 0.0196398637255 0.155074176688
v 0.114130457866 -0.00250909762926 0.155100938624
v 0.13123460833 0.0143515950967 0.154977902022
v 0.139913978446 0.00703274368634 0.154943891499
v 0.143320859481 0.00998032911278 0.154920120033
v 0.137401010976 0.00934540005237 0.154953392054
v 0.154615379604 0.143827096053 0.15461915828
v -0.104367542486 0.340223820285 0.155673368661
v -0.102467707788 0.322510450231 0.155694771192
v -0.0239959905762 -0.135194878262 0.156088312734
v 0.0984079983043 -0.14668472826 0.15544443059
v -0.057813935392 0.009239646994 0.156013281061
v 0.0425519946253 0.043631889671 0.155406878432
v 0.136049517854 0.0219462319121 0.154938166797
v 0.134541252267 0.0360087536055 0.154921175482
v -0.0813195517557 -0.143319580122 0.156414033637
v -0.0558161450674 -0.00938702623488 0.156035787153
v -0.132923876476 -0.174572740839 0.156750119561
v -0.151423565682 -0.176556911621 0.156854095433
v -0.0935051449465 -0.144626537119 0.156482521698
v -0.123959710997 -0.147892919575 0.156653688861
v -0.130153794835 -0.0901415267936 0.15658390957
v -0.136099437766 -0.0892806659017 0.156614643362
v -0.151598096378 -0.0714208106944 0.156666798059
v -0.165934752443 -0.105780820225 0.156806143921
v -0.159980015785 -0.161300626459 0.156873226864
v -0.178806403208 -0.163319837025 0.156979038879
v -0.16941592897 -0.181406181527 0.156960447248
v -0.180922584179 -0.20010023935 0.157056381147
v -0.419925625619 -0.11876494311 0.158208149183
v -0.4489133838 -0.0862397650729 0.158307269696
v -0.45833590612 -0.11188762278 0.158404340826
v -0.456526972618 -0.128753463139 0.158424719304
v -0.448925519331 -0.134839272406 0.158394352324
v -0.2029741943 0.165360194002 0.156521733413
v -0.264649569201 0.132578786292 0.156915225091
v -0.270914606308 0.118566617247 0.15697432265
v -0.244020555682 0.109692106059 0.156844221389
v -0.238306406431 0.0564154494763 0.156908594014
v -0.334550476278 0.00499584876377 0.157523108937
v -0.362933303151 0.00195166921486 0.157682632067
v -0.35861802208 -0.0382824474627 0.157731245791
v -0.351977968623 -0.0355821341268 0.157690366185
v -0.316911184689 -0.0213215103467 0.157474477123
v -0.287980205565 -0.037597811866 0.157346571478
v -0.226794133164 -0.0186381341047 0.156980483539
v -0.19868562298 0.064184555331 0.15667960712
v -0.132792522058 0.0481386722479 0.156350644671
v -0.135959418231 0.0776656641176 0.156314968103
v -0.19865880919 0.115400338584 0.156587760386
v -0.165048379314 0.14044194373 0.156360473728
v -0.171856877778 0.203921915787 0.156283772742
v -0.203578029812 0.200519686626 0.156462058644
v -0.201714555583 0.183145328422 0.156483051601
v -0.204845706855 0.182809499067 0.156500649961
v -0.302311389473 0.00845362868708 0.15734191198
v -0.231003867881 0.0206119064561 0.1569330589
v -0.354617897195 0.260570237791 0.157174439788
v -0.395726959949 0.256161115014 0.157405489609
v -0.408539374167 0.244387384695 0.157496120928
v -0.433514822162 0.221436660244 0.15767278994
v -0.369493582518 0.20272771561 0.157358756874
v -0.364809646677 0.159056395242 0.157411523634
v -0.317550450712 0.164125146089 0.157145907531
v -0.301515467193 0.183938320609 0.157023388378
v -0.349674665206 0.218522219927 0.157222892505
v -0.338028121541 0.230451439154 0.157138311596
v -0.313641141736 0.255430320199 0.156961205592
v -0.316010632565 0.277522593513 0.156934512178
v -0.2642501124 0.283074130619 0.156643596747
v -0.268825449667 0.325732917387 0.156592053404
v -0.271832785915 0.353772230368 0.156558174338
v -0.301689372661 0.350569983762 0.15672598062
v -0.312712501735 0.31302477965 0.156853042494
v -0.354128164569 0.336511024208 0.15703581036
v -0.31678356592 0.304001060537 0.156891298584
v -0.324768304172 0.29548986001 0.156949881915
v -0.336948438559 0.282506645583 0.157039246535
v -0.340705297541 0.284962389664 0.157055243158
v -0.382921191157 0.312557625617 0.157234997918
v -0.364387292678 0.300442583935 0.157156080812
v -0.358380172077 0.303064016723 0.157118778262
v -0.36268686806 0.34321808896 0.157070261284
v -0.39031633521 0.340254710443 0.157225550259
v -0.38507790216 0.291413459151 0.157284563715
v -0.380851216522 0.293257932222 0.157258317191
v 0.061737490708 -0.316553712942 0.155947639984
v 0.0789611769109 -0.3147063989 0.155850835794
v 0.012939863767 -0.249152104875 0.15609185006
v -0.00682918841643 -0.274914275772 0.156245290673
v 0.0345352646901 -0.329315690882 0.156118153979
v 0.0534679299123 -0.327285081582 0.156011744627
v 0.053887753495 -0.331199364446 0.156016474115
v 0.148893308661 -0.0156547456254 0.15493576997
v 0.154192605992 -0.0199538141815 0.154914700819
v 0.169917101157 -0.0182672947994 0.154826322699
v 0.111870628307 -0.0172299672911 0.155139563326
v 0.0115554570544 -0.0125747165684 0.155675776427
v 0.0128296691859 -0.00598238854982 0.155657056038
v 0.0104605494788 -0.00236619502523 0.155663441769
v 0.109346738684 0.160033141369 0.15483587667
v 0.0831575297127 0.165977201884 0.154967398725
v 0.110651871943 0.147864551616 0.154850579649
v 0.103475085285 0.261416696646 0.154686224317
v 0.131333503196 0.269159870414 0.15452113432
v 0.111492000378 0.28499786573 0.15460048373
v 0.0588722561956 0.249019457925 0.154950542229
v 0.0840926193264 0.256029391322 0.154801085452
v 0.0907193627061 0.275315025767 0.15473058234
v 0.0887669812596 0.293518322839 0.154708587824
v 0.052974789571 0.304005299332 0.154884104451
v 0.226977483787 -0.360420832568 0.155129199015
v 0.226359653822 -0.354660409926 0.155122238868
v 0.221474545489 -0.357273327333 0.155153435461
v 0.203239152552 -0.306454052557 0.155161432778
v 0.161750361623 -0.310903902836 0.155394616842
v 0.144882143188 -0.330301603096 0.155520915163
v 0.210860481645 -0.362950510112 0.155221217506
v 0.197086977109 -0.343324420863 0.155260844998
v 0.216945372555 -0.330226111841 0.155129593814
v 0.215238206428 -0.330409212708 0.155139188795
v 0.399631260332 -0.255914042454 0.154004851766
v 0.423899923316 -0.253311124583 0.153868451907
v 0.414626602907 -0.241785849661 0.153898155112
v 0.392203161062 -0.213917047502 0.153969979192
v 0.391861846007 -0.213492846705 0.153971072478
v 0.371869562838 -0.215637104567 0.154083437293
v 0.35852650859 -0.255131400987 0.154226582402
v 0.371985976082 -0.281687507005 0.15420106775
v 0.400771464933 -0.26654489716 0.154017696723
v 0.200106624244 -0.1138831573 0.154833641655
v 0.202842261684 -0.113589748485 0.154818266235
v 0.202026676081 -0.105985523981 0.154809078271
v 0.199616230731 -0.105314425387 0.154820961494
v 0.197845269189 -0.0888026220591 0.154801010773
v 0.197044824505 -0.0888884731726 0.154805509596
v 0.189789325408 -0.102578490179 0.154869406918
v 0.166233851635 -0.096020347234 0.154985532575
v 0.160505732793 -0.106828724715 0.155035979223
v 0.186461594182 -0.143051051496 0.154959936709
v 0.18827868222 -0.142856161075 0.154949723934
v 0.193820508751 -0.153320678263 0.154938377385
v 0.163285689045 -0.145536766432 0.15509019481
v 0.169578575786 -0.204209361918 0.155161087181
v 0.194284918607 -0.201559501008 0.15502222737
v 0.197141936549 -0.208711402694 0.155019523777
v 0.200951270727 -0.200844506197 0.154984759741
v 0.209760899039 -0.199899635924 0.154935245987
v 0.206170807369 -0.166426922566 0.154894801904
v 0.205747042522 -0.166472373164 0.154897183626
v 0.389024904703 -0.0482755564782 0.153690653052
v 0.391626407227 -0.152327413755 0.153862834606
v 0.424826027692 -0.148766612496 0.153676239081
v 0.442305692491 -0.0892255290224 0.153474745427
v 0.173925649649 -0.0216474906604 0.154810614989
v 0.171569343123 -0.0196605441163 0.154819848319
v 0.173259843785 -0.0354221597985 0.154838892617
v 0.190805510506 -0.0496561269126 0.154769133926
v 0.191704971429 -0.0503858136202 0.154765557769
v 0.194243942113 -0.0552251534139 0.154760440064
v 0.193917407461 -0.0521806626951 0.154756761525
v 0.19723513721 -0.0548721780825 0.154743570782
v 0.211803230461 -0.0533096877687 0.154661692093
v 0.21008469316 -0.0372866685927 0.154642331937
v 0.190822980818 -0.0233293502131 0.154721901311
v 0.178738472285 -0.0145727386485 0.154771821939
v 0.414170909027 0.0799271359969 0.153324605933
v 0.373414516212 0.0755558385693 0.153553673615
v 0.378025731116 0.0325625419472 0.153605621133
v 0.411579399645 0.0278933347034 0.153431839452
v 0.411819780537 0.132488286477 0.153243258662
v 0.416317648293 0.123030589269 0.153235776425
v 0.41669922251 0.130692053736 0.153219987359
v 0.24161454329 0.105955382719 0.154214703109
v 0.242666976957 0.0961428725668 0.154226559292
v 0.244338493793 0.0963221498935 0.154217164671
v 0.237364353172 0.161346509337 0.15413859766
v 0.177651179634 0.154942016124 0.154474210271
v 0.205900750312 0.116008904485 0.154390570258
v 0.211044099439 0.108920422119 0.154375342065
v 0.216904712108 0.103305147656 0.154353582524
v 0.238839241941 0.105657719764 0.154230301476
v 0.343807012461 0.139214746712 0.153600413737
v 0.38232503209 0.143345969066 0.153383926629
v 0.343041674284 0.157807059654 0.153571278983
v 0.329572834712 0.11220306454 0.153726046247
v 0.346509302585 0.114019573141 0.153630856343
v 0.22633141725 0.35022674273 0.15386030097
v 0.277106475974 0.304131053876 0.153667208714
v 0.310168049808 0.319769448556 0.153459737814
v 0.203239152552 -0.306454052557 0.16181942986
v 0.215238206428 -0.330409212708 0.161847140886
v 0.216945372555 -0.330226111841 0.161838657706
v 0.197086977109 -0.343324420863 0.161975287332
v 0.2214745435 -0.357273327143 0.161911414113
v 0.226359653822 -0.354660409926 0.161879911465
v 0.226977483787 -0.360420832568 0.161897001373
v 0.210860481645 -0.362950510112 0.161979860975
v 0.144882143188 -0.330301603096 0.162170270427
v 0.161750361623 -0.310903902836 0.162025594282
v 0.142819397062 -0.312934329724 0.162119665282
v 0.053887753495 -0.331199364446 0.162591774924
v 0.0601279564417 -0.38938075518 0.16276438632
v -0.0579517601637 -0.402045309717 0.163351143384
v -0.149384715944 -0.421234329866 0.163837951127
v 0.257443649736 -0.377600247977 0.161816355714
v 0.250022578331 -0.308408867673 0.161611080098
v 0.223290121954 -0.326041207354 0.16179500461
v 0.209760899039 -0.199899635924 0.161420770234
v 0.200951272574 -0.200844506008 0.161464546689
v 0.197141936549 -0.208711402694 0.161509281279
v 0.194284918607 -0.201559501008 0.161497672857
v 0.169578575786 -0.204209361918 0.16162044266
v 0.163372796961 -0.146348928929 0.161448783432
v 0.149414795249 -0.134860639705 0.161473214411
v 0.190805510506 -0.0496561269126 0.160988094402
v 0.173259843785 -0.0354221597985 0.16101952185
v 0.176451875817 -0.0651835096164 0.161107817241
v 0.110258263252 -0.0246659603124 0.161271991486
v 0.154192605992 -0.0199538141815 0.161053674675
v 0.148893308661 -0.0156547456254 0.161063166659
v 0.0953652599583 -0.0190002386331 0.161320867415
v 0.0835631374582 -0.0202660667463 0.16137951406
v 0.0760621537812 -0.0302148146611 0.161448426185
v 0.0780130904258 -0.0484046406957 0.161502391407
v 0.0944509460372 -0.0366106118328 0.161386002409
v 0.107948939164 -0.0541563914962 0.161384645119
v 0.094511984963 -0.0915318490489 0.161575746097
v 0.107470426933 -0.145980045292 0.161704549925
v 0.125100004064 -0.151766017156 0.161643507116
v 0.144965264474 -0.135337870888 0.161495324853
v 0.127841003751 -0.151300577374 0.16162929341
v 0.125111657237 -0.193438062098 0.161787636405
v 0.0789473356046 -0.216530363543 0.162079801109
v 0.0170535185898 -0.162682929377 0.162178083959
v -0.0195720029141 -0.191362728957 0.162445720985
v -0.00687375764253 -0.149675326448 0.162243097582
v -0.0239959905762 -0.135194878262 0.162271725259
v -0.0577210845424 -0.143486035791 0.162455482418
v -0.0664365329386 -0.161212126731 0.162556887859
v -0.0899707771213 -0.163736275055 0.162673833326
v -0.0899643040679 -0.177640054171 0.162721909854
v -0.0899613138346 -0.184062302583 0.162744116711
v -0.0984707904488 -0.185562660354 0.162788435002
v -0.103422956153 -0.198827287668 0.162857100219
v -0.115833319462 -0.18862395382 0.162878860943
v -0.180922584179 -0.20010023935 0.163217853045
v -0.16941592897 -0.181406181527 0.163100264308
v -0.178806403208 -0.163319837025 0.163080864611
v -0.192553405976 -0.164794261857 0.163149175659
v -0.170883107441 -0.0596441513715 0.162685720811
v -0.165934752443 -0.105780820225 0.162822598198
v -0.151598096378 -0.0714208106944 0.162637793592
v -0.136099437766 -0.0892806659017 0.162628323818
v -0.130153794835 -0.0901415267936 0.162603963871
v -0.135021879699 -0.0447532675946 0.162469306866
v -0.104567313648 -0.0414868851385 0.162317973268
v -0.122293548973 0.123786108428 0.161827644537
v -0.125325821764 0.123460884185 0.161842712386
v -0.130941999761 0.175824092118 0.161687362276
v -0.127909726923 0.176149316361 0.161672294427
v -0.140087528128 0.289690721081 0.161335441967
v -0.158956109354 0.316451827628 0.161329609059
v -0.175614226553 0.314665173341 0.161412385931
v -0.180112320004 0.356603766332 0.161287963343
v -0.147637808247 0.36008679662 0.161126592278
v -0.150804704372 0.389613788489 0.161038992154
v -0.508014916533 0.351301465746 0.162814026985
v -0.45833590612 -0.11188762278 0.16418820738
v -0.433514822162 0.221436660244 0.162920795383
v -0.408539374167 0.244387384695 0.162726548422
v -0.420078837602 0.255401947624 0.162741497883
v -0.402606520646 0.282418022401 0.162567684947
v -0.38507790216 0.291413459151 0.162455963498
v -0.39031633521 0.340254710443 0.162311062228
v -0.364387292678 0.300442583935 0.162329586426
v -0.382921191157 0.312557625617 0.162372889189
v -0.380851216522 0.293257932222 0.162430147147
v -0.399744143488 0.255730254916 0.162646861701
v -0.354617897195 0.260570237791 0.162422622149
v -0.340705299199 0.28496239028 0.162274255627
v -0.330572929796 0.302726886763 0.162166202156
v -0.324768305782 0.29548985821 0.162164551834
v -0.31678356592 0.304001060537 0.162098389189
v -0.354128164569 0.336511024208 0.162157619531
v -0.312712501735 0.31302477965 0.162048448624
v -0.301689372661 0.350569983762 0.161867859279
v -0.271832785915 0.353772230368 0.161719497113
v -0.268825449667 0.325732917387 0.161802683607
v -0.247212407197 0.222267725921 0.162061289034
v -0.338028121541 0.230451439154 0.162450550582
v -0.349674665206 0.218522219927 0.162545376562
v -0.301515467193 0.183938320609 0.162443595691
v -0.317550450712 0.164125146089 0.162585878039
v -0.364809646677 0.159056395242 0.162820716593
v -0.369493582518 0.20272771561 0.162691153332
v -0.4489133838 -0.0862397650729 0.164056141879
v -0.374614757132 -0.0450418250295 0.163571969301
v -0.379885510604 0.00410077012335 0.163426174015
v -0.337680001946 0.0341744118108 0.163128057211
v -0.334550476278 0.00499584876377 0.163214623574
v -0.302311389473 0.00845362868708 0.163054422368
v -0.238306406431 0.0564154494763 0.162594178049
v -0.244020555682 0.109692106059 0.162436117906
v -0.270914606308 0.118566617247 0.162529073221
v -0.264649569201 0.132578786292 0.162451784891
v -0.2029741943 0.165360194002 0.162054775587
v -0.204845706855 0.182809499067 0.162003007307
v -0.201714555583 0.183145328422 0.16198744815
v -0.203578029812 0.200519686626 0.161935902202
v -0.165048379314 0.14044194373 0.161966605876
v -0.176801665711 0.131685103725 0.162050946459
v -0.174664963817 0.111763269495 0.162110050175
v -0.186924772754 0.124142836314 0.162123588977
v -0.19865880919 0.115400338584 0.162207791425
v -0.135959418231 0.0776656641176 0.162050055238
v -0.132792522058 0.0481386722479 0.162137655362
v -0.19868562298 0.064184555331 0.162385118388
v -0.231003867881 0.0206119064561 0.162684478688
v -0.226794133164 -0.0186381341047 0.162800924938
v -0.287980205565 -0.037597811866 0.163147861983
v -0.316911184689 -0.0213215103467 0.163224573481
v -0.351977968623 -0.0355821341268 0.163435153855
v -0.35007286028 -0.0533446742314 0.163487851429
v -0.419925625619 -0.11876494311 0.164035389485
v -0.448925519331 -0.134839272406 0.16422434921
v -0.456526972618 -0.128753463139 0.164238244643
v -0.441434851568 -0.269466930382 0.164655710609
v -0.419667464619 -0.26713228504 0.164547544954
v -0.416457868323 -0.256559730198 0.164496206611
v -0.421529849256 -0.209270418093 0.164355909575
v -0.397342651884 -0.19359334539 0.164190453476
v -0.396746301781 -0.191628941165 0.164180914658
v -0.395387584887 -0.192326156577 0.164177079516
v -0.37888701777 -0.181631218727 0.164064204925
v -0.312631197036 -0.183874104658 0.163767316509
v -0.301384517377 -0.163688641059 0.163645762972
v -0.301383553797 -0.2014421615 0.163776383576
v -0.331823256478 -0.224943717738 0.163997661403
v -0.270785368329 -0.256264854845 0.163825374484
v -0.245961548813 -0.234780352814 0.163636897732
v -0.247779572444 -0.217829759457 0.163586609061
v -0.22204292155 -0.215069393601 0.163458719516
v -0.251034440193 -0.281222218333 0.163820909425
v -0.217492242094 -0.313049356081 0.163776800253
v -0.251044199402 -0.330021502606 0.163989797059
v -0.27657506424 -0.318681367374 0.164067953454
v -0.291855676532 -0.320320278379 0.164143885252
v -0.317052859377 -0.362543355468 0.164405832997
v -0.353731945005 -0.29588516574 0.164343852369
v -0.400124869434 -0.316701618368 0.164629193877
v -0.439012335089 -0.292053596009 0.164722720293
v -0.422020884335 -0.450475724748 0.165192723963
v -0.189698877109 -0.425558196024 0.164038278663
v -0.20097111707 -0.419794654438 0.164070167633
v -0.203397168554 -0.397175029332 0.16400306016
v -0.15588082082 -0.346590510571 0.163609557307
v -0.134621830913 -0.378992099563 0.163623914689
v -0.141897324439 -0.38604344531 0.163681765153
v -0.0646117866931 -0.339949636119 0.163166919161
v 0.0345352646901 -0.329315690882 0.162674241526
v -0.00682918841643 -0.274914275772 0.162676212253
v 0.012939863767 -0.249152104875 0.162496177198
v 0.0789611769109 -0.3147063989 0.162419420902
v 0.061737490708 -0.316553712942 0.162505008201
v 0.133907041251 -0.229838754337 0.161873138985
v 0.214143727037 -0.305284490348 0.161765243254
v 0.166233851635 -0.096020347234 0.161261494108
v 0.115307318858 -0.0717415247976 0.161411654343
v -0.36268686806 0.34321808896 0.16217376698
v -0.358380172077 0.303064016723 0.162292895277
v -0.287939103485 -0.167999858926 0.163598856634
v -0.137023642116 -0.356598482388 0.163557477763
v 0.205231371226 -0.222188914961 0.16151871691
v 0.144603092702 -0.0899980693307 0.161340117045
v -0.203456497632 -0.0631377867696 0.162847583184
v -0.171856877778 0.203921915787 0.161778274742
v 0.0984079983043 -0.14668472826 0.161748657771
v 0.108843047453 -0.151747460236 0.161718193477
v 0.0979990195912 -0.142871559131 0.161737344939
v -0.000791400510336 -0.122947391766 0.162122653384
v 0.0151767842902 -0.134882901161 0.162090526786
v 0.0115859148611 -0.101402935855 0.161991199094
v 0.0285052963776 -0.0549329730352 0.161752619209
v 0.029722951121 -0.052721090962 0.161739367378
v 0.0172949738255 -0.0540540446849 0.161801123969
v 0.0419411175149 -0.0210105671483 0.16157347083
v 0.0479601810536 -0.0173351180882 0.161533077938
v 0.0470904108342 -0.0075301146078 0.161503152449
v 0.0467638951245 -0.00384927114704 0.161491918274
v 0.0463396630255 -0.00345037214099 0.16149248876
v 0.046660021303 -0.00267827592808 0.161488344295
v 0.0425519946253 0.043631889671 0.16134700275
v 0.0284647467883 0.0536609027476 0.161377077076
v -0.00165918546494 0.0161332139819 0.161645432572
v -0.00242397304494 0.015180457344 0.161652245587
v -0.00112618611269 0.015319650534 0.161645796684
v 0.00845346752954 0.0163471093492 0.161598193848
v 0.0104605493841 -0.00236619440961 0.161653712125
v 0.0128296691859 -0.00598238854982 0.161655330577
v 0.0115554570544 -0.0125747165684 0.161683998553
v 0.0130298688162 -0.0263215975395 0.16172478255
v 0.0164039453659 -0.0577802643488 0.161818113485
v 0.0169165609359 -0.0668299899438 0.161847068006
v 0.0194194133721 -0.0773251650604 0.161871872428
v 0.0258125533112 -0.0766394734466 0.161840103881
v 0.0804132983771 -0.0707833100666 0.161568784008
v 0.0463667910634 -0.0711106052874 0.161726464553
v 0.0173693583927 -0.0667814255161 0.16184481798
v 0.139913980056 0.00703274458608 0.16102595683
v 0.169917101157 -0.0182672947994 0.160975537127
v 0.171402820258 -0.0181079450839 0.160968154383
v 0.171569342934 -0.0196605424589 0.160972760607
v 0.173925649649 -0.0216474906604 0.160968800874
v 0.178738472285 -0.0145727386485 0.16092219292
v 0.190822980818 -0.0233293502131 0.16089692494
v 0.188365918136 -0.000420587952224 0.160828959678
v 0.195458734671 0.0483251675701 0.160627688877
v 0.201042640595 0.0526576301813 0.160587023647
v 0.19585264975 0.101047223947 0.160443462334
v 0.216904712108 0.103305147656 0.16033885129
v 0.211044099439 0.108920422119 0.160346370226
v 0.205900750312 0.116008904485 0.160345493969
v 0.191008727457 0.119344971143 0.160402425888
v 0.17260917827 0.14648954393 0.160393109544
v 0.182530945231 0.0539825843614 0.160667557406
v 0.194551741032 0.055271866094 0.160607824153
v 0.1535935361 0.0110821176107 0.160949046677
v 0.143320859481 0.00998032911278 0.161000093266
v 0.199008930772 0.0152244255874 0.160725891555
v 0.198771575866 0.0159276555619 0.16072454975
v 0.186750780066 0.0146383738294 0.160784283051
v 0.149233098885 0.0517372540589 0.160828431812
v 0.147856580526 0.050263610443 0.160839859858
v 0.149373701266 0.0504263281427 0.16083232108
v 0.0840926193264 0.256029391322 0.160421112987
v 0.0653260327322 0.201413495015 0.160696370857
v 0.0774714928686 0.191105197234 0.160676191364
v 0.0791010174915 0.189722159886 0.160673483935
v 0.103475085285 0.261416696646 0.160313351318
v 0.111492000378 0.28499786573 0.160194899535
v 0.112217485747 0.287131827947 0.160184180298
v 0.149194936226 0.311553452074 0.159929658106
v 0.112204605843 0.321621646653 0.160064906717
v 0.0787355345607 0.3567190512 0.160097364752
v 0.0421740464306 0.352797675264 0.160279044636
v 0.0458696403668 0.318341296926 0.160381269177
v 0.0857990837938 0.321189923273 0.160187814844
v 0.0907193627061 0.275315025767 0.160323915561
v 0.0887669812596 0.293518322839 0.160269910372
v -0.00530886505554 0.314690145589 0.160629224127
v -0.00880957155375 0.347329464207 0.160532390435
v -0.0381388065074 0.344183778351 0.160678132068
v -0.0347502125163 0.312589755766 0.160771864621
v 0.433371538167 -0.182260304793 0.160331562499
v 0.410064472342 -0.18476008725 0.160447379069
v 0.411845125469 -0.201362251738 0.160496634027
v 0.392203161062 -0.213917047502 0.160630387971
v 0.414626602907 -0.241785849661 0.160623707977
v 0.423899923316 -0.253311124583 0.160620945426
v 0.436544486028 -0.251954941135 0.16055811255
v 0.440797659654 -0.251498770106 0.160536977859
v 0.210160816794 -0.181825303687 0.161356395241
v 0.20824639026 -0.185778904957 0.161378877135
v 0.216644723298 -0.1991613163 0.161386563424
v 0.213054631675 -0.16568860299 0.161287257184
v 0.208482679962 -0.166178964349 0.161309975948
v 0.393604458271 0.166178222414 0.159308836818
v 0.388923417622 0.149430719806 0.159388305942
v 0.405234079334 0.145803062339 0.159325859909
v 0.38232503209 0.143345969066 0.159439698649
v 0.343807012461 0.139214746712 0.159631100852
v 0.346509302585 0.114019573141 0.159705849437
v 0.350893769541 0.0731403921963 0.159827128978
v 0.373414516212 0.0755558385693 0.159715219766
v 0.414170909027 0.0799271359969 0.159512694719
v 0.425556424724 0.081148281232 0.159456118247
v 0.422446594296 0.110143212847 0.159370096655
v 0.416317648293 0.123030589269 0.159353688375
v 0.411819780537 0.132488286477 0.159341646797
v 0.395691167463 0.166402030893 0.15929846763
v 0.213831310813 0.172277010793 0.160114344276
v 0.245138115021 0.175634799439 0.159958775718
v 0.239272968818 0.230319296939 0.159796538814
v 0.20796616461 0.22696150834 0.159952107372
v 0.396257551778 0.284781596645 0.158886276825
v 0.401129855075 0.239354006491 0.159021050513
v 0.424815432572 0.241894385987 0.158903353048
v 0.347226009374 0.347614536454 0.158894328743
v 0.358314634288 0.330996244691 0.158900840817
v 0.413165095769 0.367507872239 0.158522306604
v 0.388872536728 0.40829976996 0.158492867782
v 0.295961142588 0.437531336021 0.158818941007
v 0.284448864632 0.436296595016 0.158876147348
v 0.263378544591 0.422977811308 0.159019112319
v 0.269045617688 0.416055860096 0.15901700431
v 0.296651471727 0.419016705972 0.158879826408
v 0.298834675169 0.398661308334 0.15894021638
v 0.310123691454 0.423247816559 0.158803240826
v -0.168590679864 -0.423294251644 0.151064614609
v -0.176619923839 -0.419696289947 0.151079555309
v -0.181793308697 -0.424710290047 0.151089484664
v -0.27657506424 -0.318681367374 0.15126322903
v -0.287880849792 -0.313659636329 0.151284268537
v -0.291855675159 -0.320320278237 0.151292013452
v -0.22204292155 -0.215069393601 0.151156468682
v -0.247779572444 -0.217829759457 0.151204949339
v -0.245961548813 -0.234780352814 0.151202232723
v -0.270785368329 -0.256264854845 0.15124977111
v -0.331823256478 -0.224943717738 0.151363185785
v -0.332546484623 -0.225502099906 0.151364568031
v -0.329609812352 -0.252882567833 0.151360179783
v -0.333555508505 -0.257124858232 0.151367770083
v -0.330316396436 -0.287325165384 0.151362929926
v -0.30225381774 -0.28431533381 0.15131006784
v -0.287880875269 -0.29816193604 0.151283628628
v -0.266587804991 -0.276617956995 0.151242723119
v -0.262241213486 -0.317144000607 0.151236228045
v -0.251044199402 -0.330021502606 0.151215717351
v -0.217492242094 -0.313049356081 0.151151962567
v -0.251034440193 -0.281222218333 0.151213683879
v -0.441350515436 -0.270253249583 0.151570890572
v -0.439506231501 -0.287448684818 0.151568134699
v -0.413444694242 -0.284653473522 0.151519042026
v -0.414357168846 -0.276145890635 0.151520405519
v -0.416457868323 -0.256559730198 0.151523544542
v -0.419667464619 -0.26713228504 0.151530012907
v -0.441434851568 -0.269466930382 0.151571016584
v -0.115833319462 -0.18862395382 0.150955777696
v -0.0984707904488 -0.185562660354 0.150923022034
v -0.0912026157372 -0.166094485158 0.150908559051
v -0.0933954802681 -0.145649010918 0.15091183583
v -0.151423565682 -0.176556911621 0.151022163905
v -0.132923876476 -0.174572740839 0.150987315624
v -0.0935051449465 -0.144626537119 0.150911999725
v -0.0909641732284 -0.144354007041 0.150907213221
v -0.374614757132 -0.0450418250295 0.1514361748
v -0.35007286028 -0.0533446742314 0.151390396221
v -0.351977968623 -0.0355821341268 0.151393243016
v -0.35861802208 -0.0382824474627 0.151405833108
v -0.362933303151 0.00195166921486 0.151412281394
v -0.334550476278 0.00499584876377 0.151358816053
v -0.337680001946 0.0341744118108 0.151363492456
v -0.379885510604 0.00410077012335 0.151444050793
v -0.176801665711 0.131685103725 0.151057128395
v -0.186924772754 0.124142836314 0.151076464115
v -0.174664963817 0.111763269495 0.151053935529
v -0.313641141736 0.255430320199 0.151309179933
v -0.338028121541 0.230451439154 0.151356041711
v -0.247212407197 0.222267725921 0.151185710317
v -0.268825449667 0.325732917387 0.151222055112
v -0.2642501124 0.283074130619 0.151215218229
v -0.316010632565 0.277522593513 0.151312720669
v -0.408539374167 0.244387384695 0.151487977506
v -0.395726959949 0.256161115014 0.15146341308
v -0.399744143488 0.255730254916 0.151470980319
v -0.402606520646 0.282418022401 0.15147525752
v -0.420078837602 0.255401947624 0.151509208707
v -0.340705299199 0.28496239028 0.151358821925
v -0.336948438559 0.282506645583 0.151351863103
v -0.324768305782 0.29548985821 0.15132843695
v -0.330572929796 0.302726886763 0.151339046702
v 0.210160816794 -0.181825303687 0.150342858542
v 0.208482679962 -0.166178964349 0.150345366133
v 0.206170807369 -0.166426922566 0.150349721044
v 0.20824639026 -0.185778904957 0.150346619573
v 0.186461594987 -0.143051051449 0.150385795157
v 0.193820508751 -0.153320678263 0.150372389706
v 0.18827868222 -0.142856161075 0.150382372288
v -0.0664365329386 -0.161212126731 0.150861814761
v -0.0577210845424 -0.143486035791 0.150844703874
v -0.0899765131411 -0.151415882984 0.150905648753
v -0.0899707771213 -0.163736275055 0.150906146691
v 0.149414795249 -0.134860639705 0.150455078735
v 0.163372796961 -0.146348928929 0.150429321956
v 0.163285689045 -0.145536766432 0.150429452135
v 0.160505732793 -0.106828724715 0.15043307811
v 0.166233851635 -0.096020347234 0.150421866949
v 0.144603092702 -0.0899980693307 0.150462268791
v 0.211113816978 -0.0873795135504 0.150337167557
v 0.19170497015 -0.0503858158932 0.150372114857
v 0.190805510506 -0.0496561269126 0.150373775077
v 0.189789325408 -0.102578490179 0.150377870151
v 0.197044824505 -0.0888884731726 0.150363669609
v 0.197845269189 -0.0888026220591 0.150362161825
v 0.0780130904258 -0.0484046406957 0.150585693372
v 0.0760621539707 -0.0302148164606 0.150588608642
v 0.061677277417 -0.0492938528059 0.150616429863
v 0.0297229517839 -0.0527210908673 0.150676622934
v 0.0285052963776 -0.0549329730352 0.150679002618
v 0.0463667910634 -0.0711106052874 0.15064610366
v 0.0481326750568 -0.0192796597678 0.150640644762
v 0.0479601824743 -0.0173351195562 0.15064088864
v 0.0419411175149 -0.0210105671483 0.150652351967
v 0.0172949738255 -0.0540540446849 0.150700033791
v 0.111870628307 -0.0172299672911 0.150520777869
v 0.139913978446 0.00703274368634 0.150467074284
v 0.13123460833 0.0143515950967 0.150483083125
v 0.114130457866 -0.00250909762926 0.150515923079
v 0.111754887078 0.0196398637255 0.150519472859
v 0.0946298765357 -0.018340899003 0.150553224161
v 0.0788705332318 -0.0200311559754 0.150582910365
v 0.0953652599583 -0.0190002386331 0.150551869381
v 0.111492001041 0.284997865778 0.15050900934
v 0.131333503196 0.269159870414 0.150472375348
v 0.0774714929633 0.191105196097 0.150576820982
v 0.0653260327322 0.201413495015 0.150599220194
v 0.0675950521032 0.208016961647 0.150594683393
v 0.0840926193264 0.256029391322 0.150561697017
v 0.0588722561956 0.249019457925 0.150609382914
v 0.052974789571 0.304005299332 0.150618195448
v 0.0887669812596 0.293518322839 0.150551364481
v 0.0857990837938 0.321189923273 0.150555799374
v 0.0458696403668 0.318341296926 0.150630956113
v 0.053964939633 0.242863660438 0.150618859413
v 0.0468551073954 0.242101100533 0.150632252362
v 0.049636684658 0.216166682163 0.150628095869
v 0.0358342134779 0.22243040763 0.150653776122
v 0.0513111495337 0.0781290647912 0.15063064911
v 0.0580584274175 0.0788527392097 0.150617939115
v 0.0600981489143 0.0598351151847 0.150614891204
v 0.0663322004429 0.0605037438823 0.150603148009
v 0.0730383050716 -0.00202154532326 0.150593127164
v 0.111555548931 0.0214984203715 0.150519770722
v 0.110625712363 0.0301678795538 0.150521160166
v 0.116800432115 0.0308301446354 0.15050952873
v 0.132115605053 0.0647969512119 0.150479344446
v 0.124160741668 0.138965214082 0.150491231268
v 0.122077941397 0.14033731668 0.150495088808
v 0.111579963384 0.139211363622 0.150514864078
v 0.110651871943 0.147864551616 0.150516250918
v 0.0831575297127 0.165977201884 0.150567172916
v 0.109346738684 0.160033141369 0.15051820114
v 0.101759100752 0.230777527153 0.150529539259
v 0.153957511247 0.236376029886 0.15043121199
v 0.161904397489 0.16228214287 0.150419337054
v 0.17260917827 0.14648954393 0.15039987177
v 0.143151543616 0.421141853097 0.150443889926
v 0.0667279101352 0.412945091612 0.150587850773
v 0.0289657549781 0.408894938981 0.15065898418
v 0.0337330169154 0.364446716481 0.150651860516
v 0.040842849153 0.365209276386 0.150638467567
v 0.0421740464306 0.352797675264 0.150636478372
v 0.0787355345607 0.3567190512 0.150567606735
v 0.112204605843 0.321621646653 0.150506157809
v 0.149194936226 0.311553452074 0.150437057921
v 0.112217485747 0.287131827947 0.150507557813
v 0.103475085285 0.261416696646 0.150525049245
v 0.0791010174915 0.189722159886 0.150573815737
v 0.0979990195912 -0.142871559131 0.167071985505
v 0.107470426933 -0.145980045292 0.167038848777
v 0.094511984963 -0.0915318490489 0.166900303309
v 0.107948939164 -0.0541563914962 0.166700218799
v 0.0944509460372 -0.0366106118328 0.166699395485
v 0.0780130904258 -0.0484046406957 0.166819873636
v 0.0804132983771 -0.0707833100666 0.166890570999
v 0.0258125533112 -0.0766394734466 0.167168696689
v 0.0149948561711 -0.0954691947108 0.167288529155
v 0.0429567876748 -0.0924701579994 0.167146096455
v 0.0474654862835 -0.134507629472 0.167278898753
v 0.0187895068807 -0.137583250913 0.16742496865
v 0.0285353825421 -0.144867860376 0.16740584025
v 0.0618495643367 -0.131007421433 0.167198458188
v -0.0249928469625 -0.0713249531794 0.167388058958
v -0.0477858316266 -0.0737695982362 0.167504162026
v -0.0439992485563 -0.102615717198 0.167592034631
v -0.0333892059591 -0.104151928833 0.167547785525
v -0.00688692579714 -0.107989156022 0.16743725799
v 0.0007331141967 -0.0685657338354 0.167257015852
v 0.415359238696 0.450337292434 0.163406985664
v 0.295961142588 0.437531336021 0.164015176607
v 0.310123691454 0.423247816559 0.164000925159
v 0.298834675169 0.398661308334 0.164144062265
v 0.304162434292 0.348987212995 0.164300989724
v 0.358314634288 0.330996244691 0.16411233255
v 0.347226009374 0.347614536454 0.164103580725
v 0.26277944406 0.344548710306 0.164511786746
v 0.255268481448 0.414578203331 0.164290553717
v 0.269045619393 0.416055860285 0.164220375603
v 0.263378544591 0.422977811308 0.164221658545
v 0.284448864632 0.436296595016 0.164073817948
v 0.143151543616 0.421141853097 0.164793559342
v 0.17260917827 0.14648954393 0.165661224678
v 0.22633141725 0.35022674273 0.164662324733
v 0.191008727457 0.119344971143 0.165674169838
v 0.205900750312 0.116008904485 0.165616385055
v 0.177651179634 0.154942016124 0.165606558555
v 0.213831310813 0.172277010793 0.165372975524
v 0.20796616461 0.22696150834 0.165200219506
v 0.245138115021 0.175634799439 0.165213504675
v 0.237364353172 0.161346509337 0.165302391103
v 0.244338493793 0.0963221498935 0.165507812241
v 0.306457709895 0.10298470144 0.165191388882
v 0.247316661475 -0.00755595387865 0.165874352184
v 0.240648049858 0.054619764159 0.165677930348
v 0.201285005332 0.0503979093488 0.165878438117
v 0.201042640595 0.0526576301813 0.165871299347
v 0.195458734671 0.0483251675701 0.165913419987
v 0.199008930772 0.0152244255874 0.16601798988
v 0.188365918136 -0.000420587952224 0.166125334493
v 0.190822980818 -0.0233293502131 0.166197706519
v 0.21008469316 -0.0372866685927 0.166158289425
v 0.19723513721 -0.0548721780825 0.166283115479
v 0.193917407461 -0.0521806626951 0.166288851877
v 0.194243942113 -0.0552251534139 0.166298469873
v 0.211113816978 -0.0873795135504 0.166336958382
v 0.197845269189 -0.0888026220591 0.166404545798
v 0.199616230731 -0.105314425387 0.166456708923
v 0.202026676081 -0.105985523981 0.166447836107
v 0.202842261684 -0.113589748485 0.166471858933
v 0.286568775807 -0.104609721819 0.166045372167
v 0.292209194085 -0.157198937683 0.166211508899
v 0.213054631675 -0.16568860299 0.166614707032
v 0.216644723298 -0.1991613163 0.16672045204
v 0.209760899039 -0.199899635924 0.166755516922
v 0.223290121954 -0.326041207354 0.167154015921
v 0.329117150966 -0.201090869213 0.166198799047
v 0.391914390814 -0.194355596729 0.165878921944
v 0.391626407227 -0.152327413755 0.165726312506
v 0.389024904703 -0.0482755564782 0.165357365366
v 0.424826027692 -0.148766612496 0.165557200031
v 0.250022578331 -0.308408867673 0.166963756205
v 0.257443649736 -0.377600247977 0.16718234152
v 0.41091714697 -0.361139559097 0.16640057702
v 0.400771464933 -0.26654489716 0.16610173914
v 0.371985976082 -0.281687507005 0.166292529279
v 0.35852650859 -0.255131400987 0.166258517004
v 0.392203161631 -0.21391704575 0.165949224555
v 0.411845125469 -0.201362251738 0.165810897251
v 0.410064472342 -0.18476008725 0.165758448717
v 0.433371538167 -0.182260304793 0.165639726963
v 0.440797659654 -0.251498770106 0.165858461067
v 0.47986406883 -0.247308730677 0.165659464255
v 0.491149955421 -0.352534247319 0.16599188651
v 0.509456596222 -0.350570781813 0.165898635984
v 0.48360076532 -0.109500384992 0.165137060637
v 0.47082770564 -0.01700780241 0.164858274439
v 0.441425201472 0.225935657512 0.164106509965
v 0.447949883355 0.17200700166 0.164273396707
v 0.395691167463 0.166402030893 0.164539592577
v 0.411819780537 0.132488286477 0.164588010867
v 0.41669922251 0.130692053736 0.164571653304
v 0.416317648293 0.123030589269 0.164601513537
v 0.422446594296 0.110143212847 0.164619912718
v 0.425556424724 0.081148281232 0.164711511832
v 0.414170909027 0.0799271359969 0.16476950744
v 0.411579399645 0.0278933347034 0.164972307003
v 0.378025731116 0.0325625419472 0.165112934577
v 0.373414516212 0.0755558385693 0.164977112686
v 0.350893769541 0.0731403921963 0.165091829009
v 0.346509302585 0.114019573141 0.164962685929
v 0.329572834712 0.11220306454 0.165048957035
v 0.343041674284 0.157807059654 0.164818578803
v 0.38232503209 0.143345969066 0.164686887454
v 0.405234079334 0.145803062339 0.164570193159
v 0.388923417622 0.149430719806 0.164633578621
v 0.393604458271 0.166178222414 0.164550221839
v 0.340181777725 0.160448411482 0.164822346748
v 0.332508203015 0.231994040877 0.164596323995
v 0.401129855075 0.239354006491 0.164246778493
v 0.396257551778 0.284781596645 0.164103266335
v 0.424815432572 0.241894385987 0.164126128727
v 0.439305686754 0.243448527704 0.16405231815
v 0.4324057463 0.300460522162 0.163875900167
v 0.239272968818 0.230319296939 0.165040748656
v 0.211803230461 -0.0533096877687 0.166208908398
v 0.321020380805 -0.125599518377 0.165960311219
v 0.371869562838 -0.215637104567 0.166051111928
v 0.391861846007 -0.213492846705 0.165949275083
v 0.310168049808 0.319769448556 0.164379792325
v 0.277106475974 0.304131053876 0.164592500123
v 0.317506243427 -2.78210907669e-05 0.165516819925
v 0.383817620606 -0.118864245893 0.165640434116
v 0.388872536728 0.40829976996 0.163685494409
v 0.413165095769 0.367507872239 0.163720731806
v 0.442305692491 -0.0892255290224 0.165256911098
v -0.178806403208 -0.163319837025 0.170220588241
v -0.159980015785 -0.161300626459 0.170220588241
v -0.165934752443 -0.105780820225 0.170220588241
v -0.170883107441 -0.0596441513715 0.170220588241
v -0.203456497632 -0.0631377867696 0.170220588241
v -0.192553405976 -0.164794261857 0.170220588241
v -0.143139714797 0.318148203581 0.169759615365
v -0.102467707788 0.322510450231 0.169759615365
v -0.104367542486 0.340223820285 0.169759615365
v -0.106965801239 0.36444904327 0.169759615365
v -0.147637808247 0.36008679662 0.169759615365
v -0.180112320004 0.356603766332 0.169759615365
v -0.175614226553 0.314665173341 0.169759615365
v -0.158956109354 0.316451827628 0.169759615365
v -0.127909726923 0.176149316361 0.170758625553
v -0.130941999761 0.175824092118 0.170758625553
v -0.125325821764 0.123460884185 0.170758625553
v -0.122293548973 0.123786108428 0.170758625553
v -0.0367683885647 0.13295904759 0.170758625553
v -0.0423845665144 0.185322255523 0.170758625553
v -0.0909641732284 -0.144354007041 0.170767816738
v -0.0813195517557 -0.143319580122 0.170767816738
v -0.082573019449 -0.131632701623 0.170767816738
v -0.0863427757626 -0.0964848599931 0.170767816738
v -0.0923817204573 -0.0401799281419 0.170767816738
v -0.104567313648 -0.0414868851385 0.170767816738
v -0.135021879699 -0.0447532675946 0.170767816738
v -0.130153794835 -0.0901415267936 0.170767816738
v -0.123959710997 -0.147892919575 0.170767816738
v -0.0935051449465 -0.144626537119 0.170767816738
v 0.01691655961 -0.0668299900859 0.171261312194
v 0.0173693583927 -0.0667814255161 0.171261312194
v 0.0164039453659 -0.0577802643488 0.171261312194
v 0.0130298690057 -0.0263215992916 0.171261312194
v 0.0115554572438 -0.0125747181312 0.171261312194
v 0.0104605493841 -0.00236619440961 0.171261312194
v 0.00845346752954 0.0163471093492 0.171261312194
v -0.00112618383965 0.0153196507707 0.171261312194
v -0.00242397304494 0.015180457344 0.171261312194
v -0.0511796615211 0.00995120127203 0.171261312194
v -0.057813935392 0.009239646994 0.171261312194
v -0.0558161450674 -0.00938702623488 0.171261312194
v -0.0488980445762 -0.073888887824 0.171261312194
v -0.0477858316266 -0.0737695982362 0.171261312194
v -0.0249928469625 -0.0713249531794 0.171261312194
v 0.0007331141967 -0.0685657338354 0.171261312194
v -0.0646117866931 -0.339949636119 0.170395927619
v -0.0579517601637 -0.402045309717 0.170395927619
v 0.0601279564417 -0.38938075518 0.170395927619
v 0.053887753495 -0.331199364446 0.170395927619
v 0.0534679299123 -0.327285081582 0.170395927619
v 0.0345352646901 -0.329315690882 0.170395927619
v -0.00530886505554 0.314690145589 0.168191459259
v 0.00298132164866 0.237395449381 0.168191459259
v 0.0468551073954 0.242101100533 0.168191459259
v 0.053964939633 0.242863660438 0.168191459259
v 0.0458696403668 0.318341296926 0.168191459259
v 0.0421740464306 0.352797675264 0.168191459259
v 0.040842849153 0.365209276386 0.168191459259
v 0.0337330169154 0.364446716481 0.168191459259
v -0.0101407688313 0.359741065329 0.168191459259
v -0.00880957155375 0.347329464207 0.168191459259
v 0.0151767842902 -0.134882901161 0.174302177602
v 0.0155042008346 -0.137935614039 0.174302177602
v 0.0187895068807 -0.137583250913 0.174302177602
v 0.0474654862835 -0.134507629472 0.174302177602
v 0.0429567876748 -0.0924701579994 0.174302177602
v 0.0149948561711 -0.0954691947108 0.174302177602
v 0.010995502226 -0.0958981425181 0.174302177602
v 0.0115859148611 -0.101402935855 0.174302177602
v 0.154615379604 0.143827096053 0.171089507917
v 0.163778373831 0.144809866402 0.171089507917
v 0.161904397489 0.16228214287 0.171089507917
v 0.153957511247 0.236376029886 0.171089507917
v 0.101759100752 0.230777527153 0.171089507917
v 0.109346738684 0.160033141369 0.171089507917
v 0.110651871943 0.147864551616 0.171089507917
v 0.111579963384 0.139211363622 0.171089507917
v 0.122077940166 0.140337316538 0.171089507917
v 0.145424177217 0.142841300286 0.171089507917
v 0.133907041251 -0.229838754337 0.171592194558
v 0.142819397062 -0.312934329724 0.171592194558
v 0.161750361623 -0.310903902836 0.171592194558
v 0.203239152552 -0.306454052557 0.171592194558
v 0.214143727037 -0.305284490348 0.171592194558
v 0.205231371226 -0.222188914961 0.171592194558
v 0.110258263252 -0.0246659603124 0.169669117634
v 0.115307318858 -0.0717415247976 0.169669117634
v 0.176451875817 -0.0651835096164 0.169669117634
v 0.173259843785 -0.0354221597985 0.169669117634
v 0.171569343123 -0.0196605441163 0.169669117634
v 0.171402820258 -0.0181079450839 0.169669117634
v 0.169917101157 -0.0182672947994 0.169669117634
v 0.154192605992 -0.0199538141815 0.169669117634
v 0.200530389091 -0.113837706703 0.169290158362
v 0.200106624244 -0.1138831573 0.169290158362
v 0.203044247451 -0.141272491036 0.169290158362
v 0.205747042522 -0.166472373164 0.169290158362
v 0.206170807369 -0.166426922566 0.169290158362
v 0.208482679962 -0.166178964349 0.169290158362
v 0.213054631675 -0.16568860299 0.169290158362
v 0.292209194085 -0.157198937683 0.169290158362
v 0.286568775807 -0.104609721819 0.169290158362
v 0.202842261684 -0.113589748485 0.169290158362
v 0.136049517854 0.0219462319121 0.166176470583
v 0.137401010976 0.00934540005237 0.166176470583
v 0.143320859481 0.00998032911278 0.166176470583
v 0.1535935361 0.0110821176107 0.166176470583
v 0.186750780066 0.0146383738294 0.166176470583
v 0.198771575866 0.0159276555619 0.166176470583
v 0.194551741032 0.055271866094 0.166176470583
v 0.182530945231 0.0539825843614 0.166176470583
v 0.149373701266 0.0504263281427 0.166176470583
v 0.14785658081 0.0502636104903 0.166176470583
v 0.133181176142 0.0486896105844 0.166176470583
v 0.134541252267 0.0360087536055 0.166176470583
v 0.201042640595 0.0526576301813 0.168984728521
v 0.201285005332 0.0503979093488 0.168984728521
v 0.240648049858 0.054619764159 0.168984728521
v 0.237547697775 0.0835263231472 0.168984728521
v 0.236268127943 0.0954565686525 0.168984728521
v 0.242666976957 0.0961428725668 0.168984728521
v 0.24161454329 0.105955382719 0.168984728521
v 0.238839241941 0.105657719764 0.168984728521
v 0.216904712108 0.103305147656 0.168984728521
v 0.19585264975 0.101047223947 0.168984728521
v 0.255268481448 0.414578203331 0.164360859738
v 0.26277944406 0.344548710306 0.164360859738
v 0.304162434292 0.348987212995 0.164360859738
v 0.298834675169 0.398661308334 0.164360859738
v 0.296651471727 0.419016705972 0.164360859738
v 0.269045619393 0.416055860285 0.164360859738
v 0.247316661475 -0.00755595387865 0.170139281695
v 0.317506243427 -2.78210907669e-05 0.170139281695
v 0.306457709895 0.10298470144 0.170139281695
v 0.244338493793 0.0963221498935 0.170139281695
v 0.242666976957 0.0961428725668 0.170139281695
v 0.236268127943 0.0954565686525 0.170139281695
v 0.237547697775 0.0835263231472 0.170139281695
v 0.240648049858 0.054619764159 0.170139281695
v 0.383817620606 -0.118864245893 0.171792986411
v 0.321020380805 -0.125599518377 0.171792986411
v 0.329117150966 -0.201090869213 0.171792986411
v 0.391914390814 -0.194355596729 0.171792986411
v 0.401129855075 0.239354006491 0.172128110838
v 0.332508203015 0.231994040877 0.172128110838
v 0.334993444021 0.208822554628 0.172128110838
v 0.338801424745 0.173318322138 0.172128110838
v 0.340181777725 0.160448411482 0.172128110838
v 0.393604458271 0.166178222414 0.172128110838
v 0.395691166421 0.166402030798 0.172128110838
v 0.447949883355 0.17200700166 0.172128110838
v 0.441425201472 0.225935657512 0.172128110838
v 0.439305686754 0.243448527704 0.172128110838
v 0.424815432572 0.241894385987 0.172128110838
v 0.400771464933 -0.26654489716 0.165848416308
v 0.41091714697 -0.361139559097 0.165848416308
v 0.491149955421 -0.352534247319 0.165848416308
v 0.47986406883 -0.247308730677 0.165848416308
v 0.436544487401 -0.251954940993 0.165848416308
v 0.423899923316 -0.253311124583 0.165848416308
v 0.399631260332 -0.255914042454 0.165848416308
v -0.189698877109 -0.425558196024 -0.1605983456
v -0.181793308697 -0.424710290047 -0.1605983456
v -0.176619925686 -0.419696289521 -0.1605983456
v -0.168590679864 -0.423294251644 -0.1605983456
v -0.149384715944 -0.421234329866 -0.1605983456
v -0.13655738977 -0.360945650393 0.163570374858
v -0.136675693615 -0.359842628201 0.163567102436
v -0.136675693615 -0.359842628201 -0.1605983456
v -0.439506231501 -0.287448684818 -0.1605983456
v -0.439012335089 -0.292053596009 -0.1605983456
v -0.331823258657 -0.22494371627 -0.1605983456
v -0.0909641709553 -0.144354006804 -0.1605983456
v -0.0577210863892 -0.143486034749 0.156286230373
v 0.0951746846217 -0.208413125356 0.161977101455
v 0.0979990197333 -0.142871560456 -0.1605983456
v 0.0877855518154 -0.139519529282 0.167107718425
v 0.0151767843849 -0.134882901635 -0.1605983456
v -0.0439992467095 -0.102615718618 -0.1605983456
v 0.0467638929935 -0.00384927091027 -0.1605983456
v 0.047090411071 -0.00753011285566 -0.1605983456
v 0.0289657549781 0.408894938981 -0.1605983456
v 0.0169685016824 0.407608182266 -0.1605983456
v -0.0686084521986 0.398429688027 -0.1605983456
v -0.150804704372 0.389613788489 -0.1605983456
v -0.45833590612 -0.11188762278 -0.1605983456
v -0.456526972618 -0.128753463139 -0.1605983456
v -0.186924773464 0.124142835367 0.156508410313
v -0.176801665758 0.131685104104 0.15643995398
v -0.324768304172 0.29548986001 -0.1605983456
v -0.340705297541 0.284962389664 -0.1605983456
v -0.395726961133 0.256161114872 0.162626899663
v 0.0104605494788 -0.00236619502523 -0.1605983456
v 0.200951270727 -0.200844506197 -0.1605983456
v 0.208246390402 -0.185778906472 0.154918184349
v 0.208246390402 -0.185778906472 -0.1605983456
v 0.203044247451 -0.141272491036 0.154866735385
v 0.200530389091 -0.113837706703 0.154831259887
v 0.163372797103 -0.146348930586 0.155091176101
v 0.191704971429 -0.0503858136202 -0.1605983456
v 0.19424394216 -0.0552251540295 0.150367543203
v -0.0648106721741 -0.412163402004 0.163417689131
v -0.0648106721741 -0.412163402004 -0.1605983456
v 0.114959787224 -0.392882251512 0.162524380906
v 0.114959787224 -0.392882251512 -0.1605983456
v 0.147509634957 -0.389391141179 0.162362635499
v 0.147509634957 -0.389391141179 -0.1605983456
v 0.229145575861 -0.380635337396 0.16195697339
v 0.229145575861 -0.380635337396 -0.1605983456
v 0.257081095382 -0.377639133463 0.161818157336
v 0.257081095382 -0.377639133463 -0.1605983456
v 0.257231767336 -0.377622973276 0.161817408605
v 0.257231767336 -0.377622973276 -0.1605983456
v 0.257443649736 -0.377600247977 -0.1605983456
v 0.0760621537812 -0.0302148146611 -0.1605983456
v -0.0899643040679 -0.177640054171 -0.1605983456
v -0.180543578689 0.386424167065 0.16118676939
v -0.180543578689 0.386424167065 -0.1605983456
v -0.508014916533 0.351301465746 -0.1605983456
v -0.441434851568 -0.269466930382 -0.1605983456
v -0.395387584887 -0.192326156577 -0.1605983456
v -0.422020884335 -0.450475724748 -0.1605983456
v -0.217554352143 -0.42854581487 0.164176696983
v -0.217554352143 -0.42854581487 -0.1605983456
v 0.216945371324 -0.330226111984 -0.1605983456
v 0.226977483692 -0.360420832 -0.1605983456
v -0.395726961133 0.256161114872 -0.1605983456
v -0.380851216758 0.293257934306 -0.1605983456
v 0.0169165609359 -0.0668299899438 -0.1605983456
v 0.029722951121 -0.052721090962 -0.1605983456
v 0.046660021303 -0.00267827592808 -0.1605983456
v 0.0130298688162 -0.0263215975395 -0.1605983456
v 0.139913980056 0.00703274458608 -0.1605983456
v 0.0675950512035 0.208016963778 0.16066309017
v 0.393604458934 0.166178222508 -0.1605983456
v 0.295961142588 0.437531336021 -0.1605983456
v 0.284448864632 0.436296595016 -0.1605983456
v -0.291855675159 -0.320320278237 -0.1605983456
v -0.414357168846 -0.276145890635 -0.1605983456
v -0.441350515436 -0.270253249583 -0.1605983456
v 0.186461594987 -0.143051051449 -0.1605983456
v 0.0479601824743 -0.0173351195562 -0.1605983456
v 0.0774714929633 0.191105196097 -0.1605983456
v 0.116800432115 0.0308301446354 -0.1605983456
v 0.122077941397 0.14033731668 -0.1605983456
v 0.143151543616 0.421141853097 -0.1605983456
v 0.0667279101352 0.412945091612 -0.1605983456
v 0.111492001041 0.284997865778 -0.1605983456
v -0.0333892059591 -0.104151928833 -0.1605983456
v 0.178112142377 0.424891526806 0.164615476783
v 0.178112142377 0.424891526806 -0.1605983456
v 0.41091714697 -0.361139559097 -0.1605983456
v 0.392203161631 -0.21391704575 -0.1605983456
v 0.491149955421 -0.352534247319 -0.1605983456
v 0.509456596222 -0.350570781813 -0.1605983456
v 0.48360076532 -0.109500384992 -0.1605983456
v 0.47082770564 -0.01700780241 -0.1605983456
v 0.441425200999 0.225935656897 -0.1605983456
v 0.338801424603 0.173318323701 0.164781688857
v 0.334993443832 0.208822556238 0.164669525965
v 0.439305684765 0.243448527468 -0.1605983456
v 0.4324057463 0.300460522162 -0.1605983456
v 0.415359238696 0.450337292434 -0.1605983456
v 0.324362803455 0.440577535641 0.163870504014
v 0.324362803455 0.440577535641 -0.1605983456
v -0.082573019449 -0.131632701623 -0.1605983456
v 0.0115554572438 -0.0125747181312 -0.1605983456
v -0.00112618383965 0.0153196507707 -0.1605983456
v 0.154615377473 0.143827095816 -0.1605983456
v 0.14785658081 0.0502636104903 -0.1605983456
v 0.395691166421 0.166402030798 -0.1605983456
v 0.436544487401 -0.251954940993 -0.1605983456
g roof
f 1 2 3
g roof
f 1 3 4
g roof
f 1 4 5
g roof
f 1 5 6
g roof
f 1 6 7
g roof
f 1 7 8
g roof
f 1 8 9
g roof
f 1 9 10
g roof
f 10 11 12
g roof
f 10 12 13
g roof
f 10 13 1
g roof
f 14 15 16
g roof
f 14 16 17
g roof
f 14 17 18
g roof
f 18 19 20
g roof
f 18 20 21
g roof
f 21 22 23
g roof
f 21 23 24
g roof
f 21 24 25
g roof
f 21 25 26
g roof
f 21 26 27
g roof
f 28 29 30
g roof
f 31 32 33
g roof
f 31 33 34
g roof
f 31 34 35
g roof
f 31 35 36
g roof
f 31 36 37
g roof
f 37 38 39
g roof
f 37 39 40 41
g roof
f 37 41 42
g roof
f 37 42 14
g roof
f 37 14 18
g roof
f 18 21 27
g roof
f 18 27 28
g roof
f 18 28 30
g roof
f 30 31 37
g roof
f 30 37 18
g roof
f 43 44 45
g roof
f 46 47 48
g roof
f 48 49 50
g roof
f 48 50 51
g roof
f 51 52 53
g roof
f 54 55 56
g roof
f 54 56 57
g roof
f 58 59 60
g roof
f 61 62 63
g roof
f 63 64 65
g roof
f 66 67 68
g roof
f 66 68 69
g roof
f 69 70 71
g roof
f 72 73 74
g roof
f 74 75 76
g roof
f 74 76 77
g roof
f 74 77 78
g roof
f 74 78 79
g roof
f 79 80 81
g roof
f 82 83 84
g roof
f 84 85 86
g roof
f 87 88 89
g roof
f 87 89 90
g roof
f 87 90 91
g roof
f 87 91 92
g roof
f 93 94 95
g roof
f 95 45 96
g roof
f 95 96 97
g roof
f 95 97 98
g roof
f 95 98 99
g roof
f 100 101 102
g roof
f 102 103 104
g roof
f 102 104 105
g roof
f 106 107 108
g roof
f 108 109 110
g roof
f 111 112 113
g roof
f 111 112 113 114
g roof
f 114 115 116
g roof
f 118 119 120
g roof
f 120 121 122
g roof
f 120 122 123
g roof
f 120 123 124
g roof
f 120 124 125
g roof
f 120 125 126
g roof
f 126 127 128
g roof
f 128 129 130
g roof
f 131 132 133
g roof
f 131 133 134
g roof
f 135 136 137
g roof
f 135 137 138
g roof
f 138 139 140
g roof
f 140 141 142
g roof
f 140 142 143
g roof
f 140 143 144
g roof
f 144 145 146
g roof
f 146 147 148
g roof
f 148 149 150
g roof
f 151 152 153
g roof
f 46 48 51
g roof
f 46 51 53
g roof
f 46 53 154
g roof
f 46 154 54
g roof
f 46 54 57
g roof
f 46 57 58
g roof
f 46 58 60
g roof
f 61 63 65
g roof
f 65 66 69
g roof
f 65 69 71
g roof
f 72 74 79
g roof
f 72 79 81
g roof
f 72 81 155
g roof
f 72 155 156
g roof
f 156 82 84
g roof
f 156 84 86
g roof
f 93 95 99
g roof
f 157 100 102
g roof
f 157 102 105
g roof
f 105 106 108
g roof
f 105 108 110
g roof
f 105 110 158
g roof
f 158 111 114
g roof
f 116 117 118
g roof
f 118 120 126
g roof
f 118 126 127 128
g roof
f 159 131 134
g roof
f 160 135 137 138
g roof
f 140 144 146
g roof
f 140 146 148
g roof
f 150 151 153
g roof
f 150 153 161
g roof
f 150 161 162
g roof
f 150 162 46
g roof
f 150 46 60
g roof
f 61 65 71
g roof
f 71 72 156
g roof
f 71 156 86
g roof
f 71 86 87
g roof
f 163 93 99
g roof
f 163 99 1098 157
g roof
f 105 158 114
g roof
f 116 118 128
g roof
f 148 150 60
g roof
f 148 60 61
g roof
f 92 163 157
g roof
f 157 105 114
g roof
f 157 114 116
g roof
f 157 116 128
g roof
f 140 148 61
g roof
f 92 157 128
g roof
f 92 128 130
g roof
f 92 130 164
g roof
f 92 164 159
g roof
f 138 139 140 61
g roof
f 87 92 159
g roof
f 87 159 134
g roof
f 87 134 160
g roof
f 160 135 137 138 61
g roof
f 160 61 71
g roof
f 160 71 87
g roof
f 43 165 166
g roof
f 166 94 167
g roof
f 166 167 168
g roof
f 166 168 169
g roof
f 166 169 170
g roof
f 166 170 171
g roof
f 166 171 172
g roof
f 166 172 173
g roof
f 166 173 174
g roof
f 166 174 175
g roof
f 166 175 176
g roof
f 166 176 43
g roof
f 177 178 179
g roof
f 177 179 180
g roof
f 177 180 181
g roof
f 182 183 184
g roof
f 182 184 185
g roof
f 182 185 186
g roof
f 187 188 189
g roof
f 187 189 190
g roof
f 187 190 191
g roof
f 187 191 192
g roof
f 187 192 193
g roof
f 194 195 196
g roof
f 194 196 197
g roof
f 197 1112 1113 198 199
g roof
f 199 200 201
g roof
f 201 202 182
g roof
f 203 187 193
g roof
f 203 193 204
g roof
f 203 204 194
g roof
f 197 199 201
g roof
f 197 201 182
g roof
f 197 182 186
g roof
f 186 203 194
g roof
f 186 194 197
g roof
f 205 206 207
g roof
f 205 207 208
g roof
f 205 208 209
g roof
f 205 209 210
g roof
f 210 211 212
g roof
f 210 212 213
g roof
f 214 215 216
g roof
f 216 217 218
g roof
f 216 218 219
g roof
f 216 219 220
g roof
f 216 220 221
g roof
f 221 222 223
g roof
f 225 226 205
g roof
f 225 205 210
g roof
f 225 210 213
g roof
f 225 213 214
g roof
f 225 214 216
g roof
f 216 221 223
g roof
f 216 223 224 225
g roof
f 227 228 229
g roof
f 227 229 230
g roof
f 227 230 231
g roof
f 227 231 232
g roof
f 227 232 233
g roof
f 234 235 236
g roof
f 234 236 237
g roof
f 234 237 238
g roof
f 234 238 239
g roof
f 234 239 240
g roof
f 241 242 243
g roof
f 241 243 151
g roof
f 241 151 244
g roof
f 241 244 145
g roof
f 245 246 247
g roof
f 248 249 250
g roof
f 251 252 253
g roof
f 254 255 256
g roof
f 254 256 257
g roof
f 254 257 258
g roof
f 259 260 261
g roof
f 262 263 264
g roof
f 264 265 261
g roof
f 264 261 266
g roof
f 266 267 268
g roof
f 266 268 262
g roof
f 266 262 264
g roof
f 269 270 271
g roof
f 269 271 272
g roof
f 269 272 273
g roof
f 269 273 274
g roof
f 269 274 275
g roof
f 269 275 276
g roof
f 269 276 277
g roof
f 278 1122 279 280
g roof
f 278 280 281
g roof
f 278 281 282
g roof
f 278 282 283
g roof
f 278 283 284
g roof
f 278 284 285
g roof
f 278 285 286
g roof
f 278 286 287
g roof
f 278 287 288
g roof
f 278 288 289
g roof
f 289 287 290
g roof
f 289 290 1123 291
g roof
f 289 291 292
g roof
f 289 292 293
g roof
f 289 293 294
g roof
f 289 294 295
g roof
f 295 1119 296 297
g roof
f 297 1121 278 289
g roof
f 297 289 295
g roof
f 298 299 300
g roof
f 298 300 301
g roof
f 302 303 304
g roof
f 302 304 305
g roof
f 302 305 306
g roof
f 306 307 308
g roof
f 306 308 309
g roof
f 306 308 309 310
g roof
f 306 310 311
g roof
f 306 311 312
g roof
f 306 312 313
g roof
f 306 313 302
g roof
f 314 315 316
g roof
f 314 316 317
g roof
f 318 319 320
g roof
f 321 322 323
g roof
f 321 323 324
g roof
f 321 324 325
g roof
f 321 325 326
g roof
f 321 326 327
g roof
f 327 328 329
g roof
f 327 329 321
g roof
f 330 331 332
g roof
f 330 332 333
g roof
f 330 333 334
g roof
f 335 336 337
g roof
f 338 339 340
g roof
f 340 341 342
g roof
f 340 342 343
g roof
f 344 342 345
g roof
f 346 347 348
g roof
f 346 348 349
g roof
f 346 349 350
g roof
f 350 351 352
g roof
f 350 352 1126 1128 1130 1132 1134 1136 353
g roof
f 353 354 355
g roof
f 356 357 358
g roof
f 358 359 360
g roof
f 360 361 362
g roof
f 363 364 365
g roof
f 366 367 368
g roof
f 366 368 369
g roof
f 366 369 370
g roof
f 366 370 371
g roof
f 366 371 372
g roof
f 366 372 373
g roof
f 366 373 374
g roof
f 374 375 376
g roof
f 374 376 377
g roof
f 378 379 380
g roof
f 381 382 383
g roof
f 383 384 385
g roof
f 383 385 386
g roof
f 383 386 387
g roof
f 383 387 388
g roof
f 383 388 389
g roof
f 383 389 390
g roof
f 383 390 391
g roof
f 383 391 392
g roof
f 392 393 394
g roof
f 394 395 396
g roof
f 394 396 397
g roof
f 398 399 400
g roof
f 400 401 402
g roof
f 400 402 403
g roof
f 403 404 405
g roof
f 403 405 406
g roof
f 407 408 409
g roof
f 407 409 410
g roof
f 407 410 411
g roof
f 412 413 414
g roof
f 412 414 1141 415
g roof
f 415 416 417
g roof
f 417 418 419
g roof
f 420 421 422
g roof
f 423 424 425
g roof
f 423 425 421 420
g roof
f 423 420 426
g roof
f 423 426 1116 427
g roof
f 423 427 428
g roof
f 423 428 429
g roof
f 429 430 431
g roof
f 429 431 432
g roof
f 432 433 434
g roof
f 435 436 437
g roof
f 437 438 439
g roof
f 437 439 440
g roof
f 437 440 441
g roof
f 442 443 417
g roof
f 442 417 416
g roof
f 442 416 444
g roof
f 444 445 446
g roof
f 447 448 449
g roof
f 447 449 450
g roof
f 447 450 451
g roof
f 447 451 452
g roof
f 447 452 453
g roof
f 453 454 455
g roof
f 455 456 457
g roof
f 458 459 460
g roof
f 460 461 462
g roof
f 460 462 463
g roof
f 464 465 466
g roof
f 464 466 467
g roof
f 468 469 470
g roof
f 468 470 471
g roof
f 471 445 444
g roof
f 471 444 472
g roof
f 473 474 475
g roof
f 473 475 476
g roof
f 473 476 477
g roof
f 473 477 478
g roof
f 473 478 479
g roof
f 473 479 480
g roof
f 473 480 481
g roof
f 473 481 482
g roof
f 473 482 483
g roof
f 473 483 484
g roof
f 485 486 487
g roof
f 485 487 488
g roof
f 485 488 489
g roof
f 485 489 490
g roof
f 490 491 492
g roof
f 493 494 495
g roof
f 493 495 496
g roof
f 496 497 498
g roof
f 498 499 500
g roof
f 500 1147 501 502
g roof
f 500 502 503
g roof
f 500 503 504
g roof
f 505 506 352
g roof
f 505 352 351
g roof
f 505 351 507
g roof
f 507 508 509
g roof
f 507 509 510
g roof
f 511 512 349
g roof
f 511 349 348
g roof
f 511 348 513
g roof
f 514 338 340
g roof
f 514 340 343
g roof
f 345 346 350
g roof
f 345 350 353
g roof
f 515 363 365
g roof
f 515 365 516
g roof
f 516 366 374
g roof
f 516 374 377
g roof
f 516 377 378
g roof
f 381 383 392
g roof
f 381 392 394
g roof
f 398 400 403
g roof
f 406 407 411
g roof
f 415 417 419
g roof
f 415 419 420
g roof
f 415 420 422
g roof
f 415 422 517
g roof
f 518 423 429
g roof
f 518 429 432
g roof
f 441 442 444
g roof
f 441 444 446
g roof
f 441 446 447
g roof
f 441 447 453
g roof
f 441 453 455
g roof
f 441 455 457
g roof
f 458 460 463
g roof
f 468 471 472
g roof
f 472 473 484
g roof
f 472 484 519
g roof
f 519 485 490
g roof
f 496 498 500
g roof
f 496 500 504
g roof
f 520 1092 1091 505 507
g roof
f 520 507 510
g roof
f 510 511 513
g roof
f 521 514 343
g roof
f 344 345 353
g roof
f 522 515 516
g roof
f 522 516 378
g roof
f 523 398 403
g roof
f 517 518 432
g roof
f 517 432 434
g roof
f 437 441 457
g roof
f 437 457 524
g roof
f 524 458 463
g roof
f 467 468 472
g roof
f 467 472 519
g roof
f 467 519 490
g roof
f 467 490 492
g roof
f 493 496 504
g roof
f 504 520 510
g roof
f 343 344 353
g roof
f 343 353 355
g roof
f 362 522 378
g roof
f 362 378 380
g roof
f 415 517 434
g roof
f 415 434 435
g roof
f 435 437 524
g roof
f 492 493 504
g roof
f 492 504 510
g roof
f 521 343 355
g roof
f 521 355 356
g roof
f 521 356 358
g roof
f 521 358 360
g roof
f 360 362 380
g roof
f 360 380 1099 381
g roof
f 412 415 435
g roof
f 412 435 524
g roof
f 513 521 360
g roof
f 513 360 381
g roof
f 513 381 394
g roof
f 411 412 524
g roof
f 411 524 463
g roof
f 510 513 394
g roof
f 406 411 463
g roof
f 406 463 464
g roof
f 492 510 394
g roof
f 492 394 397
g roof
f 492 397 523
g roof
f 403 406 464
g roof
f 403 464 467
g roof
f 467 492 523
g roof
f 467 523 403
g roof
f 525 526 376
g roof
f 525 376 527
g roof
f 528 529 530
g roof
f 531 532 533
g roof
f 534 535 536
g roof
f 534 536 537
g roof
f 534 537 538
g roof
f 538 539 540
g roof
f 538 540 541
g roof
f 541 542 543
g roof
f 541 542 543 544
g roof
f 541 544 545
g roof
f 541 545 546
g roof
f 541 546 547
g roof
f 541 547 548
g roof
f 541 548 549
g roof
f 541 549 550
g roof
f 551 552 553
g roof
f 554 372 555
g roof
f 555 531 533
g roof
f 533 534 538
g roof
f 533 538 541
g roof
f 533 541 550
g roof
f 533 550 556
g roof
f 556 551 553
g roof
f 553 554 555
g roof
f 553 555 533
g roof
f 553 533 556
g roof
f 557 558 559
g roof
f 559 560 561
g roof
f 559 561 562
g roof
f 562 563 564
g roof
f 565 566 567
g roof
f 567 568 569
g roof
f 567 569 570
g roof
f 567 570 571
g roof
f 567 571 572
g roof
f 567 572 573
g roof
f 567 573 574
g roof
f 575 576 557
g roof
f 575 557 559
g roof
f 575 559 562
g roof
f 575 562 564 577
g roof
f 565 567 574
g roof
f 565 574 578
g roof
f 579 575 577
g roof
f 577 565 578
g roof
f 577 578 579
g roof
f 580 581 582
g roof
f 583 1158 584 585
g roof
f 583 585 586
g roof
f 583 586 587
g roof
f 583 587 588
g roof
f 583 588 589
g roof
f 589 590 591
g roof
f 589 591 592
g roof
f 592 593 594
g roof
f 592 594 595
g roof
f 596 583 589
g roof
f 589 592 595
g roof
f 589 595 597
g roof
f 589 597 596
g roof
f 598 599 600
g roof
f 598 600 601
g roof
f 602 603 604
g roof
f 604 605 606
g roof
f 604 606 607
g roof
f 604 607 608
g roof
f 604 608 609
g roof
f 604 609 602
g roof
f 610 611 356
g roof
f 610 356 612
g roof
f 610 612 613
g roof
f 610 613 614
g roof
f 615 616 617
g roof
f 618 619 620
g roof
f 618 620 621
g roof
f 618 621 622
g roof
f 618 622 623
g roof
f 618 623 624
g roof
f 618 624 625
g roof
f 618 625 626
g roof
f 618 626 627
g roof
f 617 618 627
g roof
f 617 627 628
g roof
f 617 628 615
g roof
f 629 630 631
g roof
f 629 631 632
g roof
f 633 634 635
g roof
f 636 637 638
g roof
f 636 638 639
g roof
f 640 641 642
g roof
f 640 642 643
g roof
f 640 643 644
g roof
f 640 644 645
g roof
f 640 645 646
g roof
f 647 648 649
g roof
f 650 651 652
g roof
f 653 654 655
g roof
f 653 655 656
g roof
f 656 657 658
g roof
f 656 658 659
g roof
f 656 659 660
g roof
f 656 660 661
g roof
f 656 661 662
g roof
f 656 662 663
g roof
f 656 663 664
g roof
f 665 650 666
g roof
f 665 666 667
g roof
f 665 667 668
g roof
f 668 653 656
g roof
f 668 656 664
g roof
f 668 664 665
g roof
f 669 670 671
g roof
f 669 671 672
g roof
f 672 673 674
g roof
f 672 674 675
g roof
f 672 675 669
g roof
f 676 677 678
g roof
f 676 678 679
g roof
f 679 680 681
g roof
f 679 681 676
g roof
f 682 679 683
g roof
f 684 685 686
g roof
f 684 686 687
g roof
f 684 687 688
g roof
f 688 689 690
g roof
f 688 690 691
g roof
f 688 691 684
g roof
f 692 693 694
g roof
f 695 696 697
g roof
f 697 698 699
g roof
f 697 699 700
g roof
f 697 700 695
g roof
f 701 702 703
g roof
f 701 703 704
g roof
f 701 704 705
g roof
f 706 707 708
g roof
f 706 708 709
g roof
f 710 711 712
g roof
f 710 712 713
g roof
f 714 715 716
g roof
f 717 718 719
g roof
f 717 719 720
g roof
f 721 722 723
g roof
f 721 723 714
g roof
f 721 714 724
g roof
f 724 725 726
g roof
f 724 726 721
g roof
f 727 1125 728 729
g roof
f 729 725 730
g roof
f 729 730 731
g roof
f 729 731 732
g roof
f 729 732 727
g roof
f 733 734 735
g roof
f 733 735 736
g roof
f 733 736 737
g roof
f 733 737 738
g roof
f 739 740 741
g roof
f 739 741 742
g roof
f 739 742 736
g roof
f 743 744 745
g roof
f 743 745 746
g roof
f 743 746 747
g roof
f 743 747 748
g roof
f 743 748 749
g roof
f 743 749 750
g roof
f 755 756 757
g roof
f 758 759 760
g roof
f 758 760 761
g roof
f 758 761 762
g roof
f 762 763 764
g roof
f 764 765 766
g roof
f 764 766 767
g roof
f 764 767 768
g roof
f 764 768 769
g roof
f 769 770 771
g roof
f 769 771 772
g roof
f 769 772 773
g roof
f 769 773 774
g roof
f 769 774 775
g roof
f 769 775 776
g roof
f 769 776 777
g roof
f 769 777 778
g roof
f 769 778 779
g roof
f 779 780 781
g roof
f 782 783 784
g roof
f 782 784 785
g roof
f 786 787 788
g roof
f 786 788 789
g roof
f 786 789 790
g roof
f 786 790 791
g roof
f 786 791 792
g roof
f 786 792 793
g roof
f 793 794 751
g roof
f 793 751 752
g roof
f 754 755 757
g roof
f 757 758 762
g roof
f 757 762 764
g roof
f 757 764 769
g roof
f 785 786 793
g roof
f 754 757 769
g roof
f 754 769 779
g roof
f 782 785 793
g roof
f 782 793 752
g roof
f 782 752 795
g roof
f 753 754 779
g roof
f 781 782 795
g roof
f 781 795 796
g roof
f 796 753 779
g roof
f 796 779 781
g roof
f 797 798 799
g roof
f 799 800 801
g roof
f 799 801 802
g roof
f 799 802 803
g roof
f 799 803 804
g roof
f 804 805 806
g roof
f 807 808 809
g roof
f 807 809 810
g roof
f 810 1101 797 799
g roof
f 799 804 806
g roof
f 799 806 807
g roof
f 799 807 810
g roof
f 811 812 813
g roof
f 811 813 814
g roof
f 811 814 815
g roof
f 811 815 816
g roof
f 817 1188 818 819
g roof
f 817 819 820
g roof
f 817 820 821
g roof
f 822 823 824
g roof
f 825 826 827
g roof
f 827 828 1174 829
g roof
f 829 830 831
g roof
f 830 832 833
g roof
f 830 833 834
g roof
f 834 835 836
g roof
f 837 835 834
g roof
f 837 834 838
g roof
f 837 838 839
g roof
f 837 839 840
g roof
f 841 842 843
g roof
f 843 844 845
g roof
f 843 845 846
g roof
f 846 847 848
g roof
f 846 848 849
g roof
f 850 851 852
g roof
f 850 852 853
g roof
f 853 854 855
g roof
f 853 855 856
g roof
f 853 856 857
g roof
f 853 857 858
g roof
f 859 860 861
g roof
f 861 862 863
g roof
f 861 863 864
g roof
f 865 866 867
g roof
f 868 866 865
g roof
f 865 864 863
g roof
f 865 863 869
g roof
f 869 870 871
g roof
f 871 872 873
g roof
f 871 873 874
g roof
f 875 876 877
g roof
f 878 879 880
g roof
f 880 881 882
g roof
f 880 882 883
g roof
f 880 883 884
g roof
f 884 885 886
g roof
f 886 887 888
g roof
f 886 888 889
g roof
f 886 889 890
g roof
f 886 890 891
g roof
f 886 891 892
g roof
f 892 893 894
g roof
f 895 896 897
g roof
f 897 898 899
g roof
f 900 901 902
g roof
f 900 902 903
g roof
f 900 903 904
g roof
f 900 904 905
g roof
f 906 907 908
g roof
f 908 909 910
g roof
f 908 910 911
g roof
f 825 827 829
g roof
f 825 829 831
g roof
f 831 830 834
g roof
f 831 834 836
g roof
f 831 836 912
g roof
f 912 837 840
g roof
f 841 843 846
g roof
f 841 846 849
g roof
f 841 849 913
g roof
f 913 850 853
g roof
f 913 853 858
g roof
f 859 861 864
g roof
f 859 864 914
g roof
f 869 871 874
g roof
f 869 874 915
g roof
f 916 875 877
g roof
f 878 880 884
g roof
f 884 886 892
g roof
f 884 892 894
g roof
f 884 894 895
g roof
f 899 900 905
g roof
f 899 905 1183 1184 906
g roof
f 824 825 831
g roof
f 824 831 917
g roof
f 918 831 912
g roof
f 918 912 840
g roof
f 919 841 913
g roof
f 919 913 858
g roof
f 919 858 859
g roof
f 919 859 914
g roof
f 919 914 920
g roof
f 865 869 915
g roof
f 865 915 916
g roof
f 865 916 877
g roof
f 821 824 823
g roof
f 821 823 921
g roof
f 822 824 917
g roof
f 822 917 918
g roof
f 840 919 920
g roof
f 920 865 867
g roof
f 868 865 877
g roof
f 868 877 878
g roof
f 868 878 884
g roof
f 817 821 921
g roof
f 817 921 922
g roof
f 918 840 920
g roof
f 923 868 884
g roof
f 923 884 895
g roof
f 923 895 897
g roof
f 911 817 922
g roof
f 911 922 822
g roof
f 911 822 918
g roof
f 867 923 897
g roof
f 867 897 899
g roof
f 908 911 918
g roof
f 920 867 899
g roof
f 906 908 918
g roof
f 918 920 899
g roof
f 918 899 906
g roof_fixture
f 924 925 926
g roof_fixture
f 924 926 927
g roof_fixture
f 924 927 928
g roof_fixture
f 924 928 929
g roof_fixture
f 930 931 932
g roof_fixture
f 930 932 933
g roof_fixture
f 930 933 934
g roof_fixture
f 930 934 935
g roof_fixture
f 935 936 937
g roof_fixture
f 935 937 930
g roof_fixture
f 938 939 940
g roof_fixture
f 938 940 941
g roof_fixture
f 938 941 942
g roof_fixture
f 938 942 943
g roof_fixture
f 944 945 946
g roof_fixture
f 944 946 947
g roof_fixture
f 944 947 948
g roof_fixture
f 944 948 949
g roof_fixture
f 944 949 950
g roof_fixture
f 944 950 951
g roof_fixture
f 951 952 953
g roof_fixture
f 951 953 944
g roof_fixture
f 954 955 956
g roof_fixture
f 954 956 957
g roof_fixture
f 954 957 958
g roof_fixture
f 954 958 959
g roof_fixture
f 954 959 960
g roof_fixture
f 954 960 961
g roof_fixture
f 954 961 962
g roof_fixture
f 954 962 963
g roof_fixture
f 954 963 964
g roof_fixture
f 954 964 965
g roof_fixture
f 965 966 967
g roof_fixture
f 965 967 968
g roof_fixture
f 965 968 969
g roof_fixture
f 965 969 954
g roof_fixture
f 970 971 972
g roof_fixture
f 970 972 973
g roof_fixture
f 973 974 975
g roof_fixture
f 973 975 970
g roof_fixture
f 976 977 978
g roof_fixture
f 976 978 979
g roof_fixture
f 976 979 980
g roof_fixture
f 976 980 981
g roof_fixture
f 976 981 982
g roof_fixture
f 976 982 983
g roof_fixture
f 983 984 985
g roof_fixture
f 983 985 976
g roof_fixture
f 986 987 988
g roof_fixture
f 986 988 989
g roof_fixture
f 986 989 990
g roof_fixture
f 986 990 991
g roof_fixture
f 991 992 993
g roof_fixture
f 991 993 986
g roof_fixture
f 994 995 996
g roof_fixture
f 994 996 997
g roof_fixture
f 994 997 998
g roof_fixture
f 994 998 999
g roof_fixture
f 994 999 1000
g roof_fixture
f 1000 1001 1002
g roof_fixture
f 1000 1002 1003
g roof_fixture
f 1000 1003 994
g roof_fixture
f 1004 1005 1006
g roof_fixture
f 1004 1006 1007
g roof_fixture
f 1004 1007 1008
g roof_fixture
f 1004 1008 1009
g roof_fixture
f 1010 1011 1012
g roof_fixture
f 1010 1012 1013
g roof_fixture
f 1010 1013 1014
g roof_fixture
f 1014 1015 1016
g roof_fixture
f 1014 1016 1017
g roof_fixture
f 1014 1017 1010
g roof_fixture
f 1018 1019 1020
g roof_fixture
f 1018 1020 1021
g roof_fixture
f 1018 1021 1022
g roof_fixture
f 1018 1022 1023
g roof_fixture
f 1018 1023 1024
g roof_fixture
f 1018 1024 1025
g roof_fixture
f 1025 1026 1027
g roof_fixture
f 1025 1027 1018
g roof_fixture
f 1028 1029 1030
g roof_fixture
f 1028 1030 1031
g roof_fixture
f 1028 1031 1032
g roof_fixture
f 1028 1032 1033
g roof_fixture
f 1028 1033 1034
g roof_fixture
f 1028 1034 1035
g roof_fixture
f 1028 1035 1036
g roof_fixture
f 1028 1036 1037
g roof_fixture
f 1037 1038 1039
g roof_fixture
f 1037 1039 1028
g roof_fixture
f 1040 1041 1042
g roof_fixture
f 1040 1042 1043
g roof_fixture
f 1040 1043 1044
g roof_fixture
f 1044 1045 1046
g roof_fixture
f 1044 1046 1047
g roof_fixture
f 1044 1047 1048
g roof_fixture
f 1044 1048 1049
g roof_fixture
f 1044 1049 1040
g roof_fixture
f 1050 1051 1052
g roof_fixture
f 1050 1052 1053
g roof_fixture
f 1053 1054 1055
g roof_fixture
f 1053 1055 1050
g roof_fixture
f 1056 1057 1058
g roof_fixture
f 1056 1058 1059
g roof_fixture
f 1056 1059 1060
g roof_fixture
f 1060 1061 1062
g roof_fixture
f 1060 1062 1063
g roof_fixture
f 1060 1063 1056
g roof_fixture
f 1064 1065 1066
g roof_fixture
f 1064 1066 1067
g roof_fixture
f 1068 1069 1070
g roof_fixture
f 1068 1070 1071
g roof_fixture
f 1068 1071 1072
g roof_fixture
f 1068 1072 1073
g roof_fixture
f 1068 1073 1074
g roof_fixture
f 1068 1074 1075
g roof_fixture
f 1068 1075 1076
g roof_fixture
f 1076 1077 1078
g roof_fixture
f 1076 1078 1068
g roof_fixture
f 1079 1080 1081
g roof_fixture
f 1079 1081 1082
g roof_fixture
f 1079 1082 879
g roof_fixture
f 1079 879 1083
g roof_fixture
f 1079 1083 1084
g roof_fixture
f 1079 1084 1085
g roof_step_or_fixture_side
f 503 502 4 3
g roof_step_or_fixture_side
f 502 501 5 4
g facade_completed
f 6 5 1086 1087 649
g roof_step_or_fixture_side
f 7 6 649 648
g roof_step_or_fixture_side
f 8 7 648 647
g facade_completed
f 9 8 647 1089 1090
g roof_step_or_fixture_side
f 352 506 10 9
g roof_step_or_fixture_side
f 506 505 11 10
g roof_step_or_fixture_side
f 505 1091 12 11
g roof_step_or_fixture_side
f 1091 1092 13 12
g roof_step_or_fixture_side
f 1092 520 1 13
g roof_step_or_fixture_side
f 520 504 2 1
g roof_step_or_fixture_side
f 504 503 3 2
g facade_completed
f 16 15 670 1094 1095
g roof_step_or_fixture_side
f 499 498 17 16
g roof_step_or_fixture_side
f 498 497 18 17
g roof_step_or_fixture_side
f 497 496 19 18
g roof_step_or_fixture_side
f 496 495 20 19
g roof_step_or_fixture_side
f 21 20 652 651
g roof_step_or_fixture_side
f 22 21 651 650
g roof_step_or_fixture_side
f 23 22 650 665
g roof_step_or_fixture_side
f 24 23 665 664
g roof_step_or_fixture_side
f 25 24 664 663
g roof_step_or_fixture_side
f 26 25 663 662
g roof_step_or_fixture_side
f 27 26 662 661
g roof_step_or_fixture_side
f 28 27 661 660
g roof_step_or_fixture_side
f 29 28 660 659
g roof_step_or_fixture_side
f 30 29 659 658
g roof_step_or_fixture_side
f 31 30 658 657
g roof_step_or_fixture_side
f 486 485 32 31
g roof_step_or_fixture_side
f 485 519 33 32
g roof_step_or_fixture_side
f 519 484 34 33
g roof_step_or_fixture_side
f 484 483 35 34
g roof_step_or_fixture_side
f 483 482 36 35
g roof_step_or_fixture_side
f 482 481 37 36
g roof_step_or_fixture_side
f 481 480 38 37
g roof_step_or_fixture_side
f 480 479 39 38
g roof_step_or_fixture_side
f 479 478 40 39
g roof_step_or_fixture_side
f 478 477 41 40
g roof_step_or_fixture_side
f 42 41 673 672
g roof_step_or_fixture_side
f 14 42 672 671
g roof_step_or_fixture_side
f 15 14 671 670
g roof_step_or_fixture_side
f 43 45 677 676
g roof_step_or_fixture_side
f 393 392 44 43
g roof_step_or_fixture_side
f 392 391 45 44
g roof_step_or_fixture_side
f 945 944 93 163
g roof_step_or_fixture_side
f 94 93 683 679
g roof_step_or_fixture_side
f 95 94 679 678
g roof_step_or_fixture_side
f 45 95 678 677
g roof_step_or_fixture_side
f 391 390 96 45
g roof_step_or_fixture_side
f 390 389 97 96
g roof_step_or_fixture_side
f 389 388 98 97
g roof_step_or_fixture_side
f 99 98 720 719
g roof_step_or_fixture_side
f 1098 99 719 718
g roof_step_or_fixture_side
f 386 385 157 1098
g roof_step_or_fixture_side
f 385 384 100 157
g roof_step_or_fixture_side
f 384 383 101 100
g roof_step_or_fixture_side
f 383 382 102 101
g roof_step_or_fixture_side
f 382 381 103 102
g roof_step_or_fixture_side
f 381 1099 104 103
g roof_step_or_fixture_side
f 1099 380 105 104
g roof_step_or_fixture_side
f 380 379 106 105
g roof_step_or_fixture_side
f 379 378 107 106
g roof_step_or_fixture_side
f 378 377 108 107
g roof_step_or_fixture_side
f 377 376 109 108
g roof_step_or_fixture_side
f 376 526 110 109
g roof_step_or_fixture_side
f 526 525 158 110
g roof_step_or_fixture_side
f 525 527 111 158
g roof_step_or_fixture_side
f 797 1101 112 111 527
g roof_step_or_fixture_side
f 1101 810 113 112
g roof_step_or_fixture_side
f 810 809 114 113
g roof_step_or_fixture_side
f 809 808 115 114
g roof_step_or_fixture_side
f 988 987 116 115 808
g roof_step_or_fixture_side
f 987 986 529 117 116
g roof_step_or_fixture_side
f 529 528 118 117
g roof_step_or_fixture_side
f 528 530 119 118
g roof_step_or_fixture_side
f 993 992 120 119 530
g roof_step_or_fixture_side
f 992 991 805 121 120
g roof_step_or_fixture_side
f 805 804 553 122 121
g roof_step_or_fixture_side
f 553 552 123 122
g roof_step_or_fixture_side
f 552 551 124 123
g roof_step_or_fixture_side
f 954 969 816 125 124 551
g roof_step_or_fixture_side
f 816 815 126 125
g roof_step_or_fixture_side
f 815 814 127 126
g roof_step_or_fixture_side
f 814 813 128 127
g roof_step_or_fixture_side
f 813 812 129 128
g roof_step_or_fixture_side
f 967 966 130 129 812
g roof_step_or_fixture_side
f 966 965 164 130
g roof_step_or_fixture_side
f 965 964 159 164
g roof_step_or_fixture_side
f 964 963 131 159
g roof_step_or_fixture_side
f 963 962 543 132 131
g roof_step_or_fixture_side
f 543 542 133 132
g roof_step_or_fixture_side
f 542 541 134 133
g roof_step_or_fixture_side
f 541 540 160 134
g roof_step_or_fixture_side
f 540 539 135 160
g roof_step_or_fixture_side
f 539 538 136 135
g roof_step_or_fixture_side
f 538 537 137 136
g roof_step_or_fixture_side
f 537 536 138 137
g roof_step_or_fixture_side
f 536 535 139 138
g roof_step_or_fixture_side
f 140 139 740 739
g roof_step_or_fixture_side
f 141 140 739 736
g roof_step_or_fixture_side
f 142 141 736 735
g roof_step_or_fixture_side
f 143 142 735 734
g roof_step_or_fixture_side
f 371 370 144 143
g roof_step_or_fixture_side
f 370 369 145 144
g roof_step_or_fixture_side
f 146 145 750 749
g roof_step_or_fixture_side
f 147 146 749 748
g roof_step_or_fixture_side
f 148 147 748 747
g roof_step_or_fixture_side
f 149 148 747 746
g roof_step_or_fixture_side
f 150 149 746 745
g roof_step_or_fixture_side
f 151 150 745 744
g roof_step_or_fixture_side
f 557 576 152 151
g roof_step_or_fixture_side
f 1030 1029 153 152 576
g roof_step_or_fixture_side
f 1029 1028 161 153
g roof_step_or_fixture_side
f 1028 1039 162 161
g roof_step_or_fixture_side
f 1039 1038 46 162
g roof_step_or_fixture_side
f 1038 1037 581 47 46
g roof_step_or_fixture_side
f 581 580 48 47
g roof_step_or_fixture_side
f 580 582 49 48
g roof_step_or_fixture_side
f 1036 1035 573 50 49 582
g roof_step_or_fixture_side
f 573 572 51 50
g roof_step_or_fixture_side
f 52 51 784 783
g roof_step_or_fixture_side
f 996 995 53 52
g roof_step_or_fixture_side
f 995 994 154 53
g roof_step_or_fixture_side
f 994 1003 54 154
g roof_step_or_fixture_side
f 1003 1002 55 54
g roof_step_or_fixture_side
f 56 55 776 775
g roof_step_or_fixture_side
f 57 56 775 774
g roof_step_or_fixture_side
f 58 57 774 773
g roof_step_or_fixture_side
f 59 58 773 772
g roof_step_or_fixture_side
f 60 59 772 771
g roof_step_or_fixture_side
f 61 60 771 770
g roof_step_or_fixture_side
f 62 61 770 769
g roof_step_or_fixture_side
f 63 62 769 768
g roof_step_or_fixture_side
f 64 63 768 767
g roof_step_or_fixture_side
f 65 64 767 766
g roof_step_or_fixture_side
f 66 65 766 765
g roof_step_or_fixture_side
f 67 66 765 764
g roof_step_or_fixture_side
f 68 67 764 763
g roof_step_or_fixture_side
f 978 977 69 68
g roof_step_or_fixture_side
f 977 976 598 70 69
g roof_step_or_fixture_side
f 598 601 71 70
g roof_step_or_fixture_side
f 601 600 72 71
g roof_step_or_fixture_side
f 600 599 73 72
g roof_step_or_fixture_side
f 985 984 74 73 599
g roof_step_or_fixture_side
f 984 983 75 74
g roof_step_or_fixture_side
f 76 75 788 787
g facade_completed
f 77 76 787 1106 1107
g facade_completed
f 78 77 1107 1108
g facade_completed
f 79 78 1108 1109
g roof_step_or_fixture_side
f 414 413 80 79
g roof_step_or_fixture_side
f 934 933 81 80 413
g roof_step_or_fixture_side
f 933 932 155 81
g roof_step_or_fixture_side
f 932 931 156 155
g roof_step_or_fixture_side
f 931 930 82 156
g roof_step_or_fixture_side
f 930 937 410 83 82
g roof_step_or_fixture_side
f 410 409 84 83
g roof_step_or_fixture_side
f 409 408 85 84
g roof_step_or_fixture_side
f 938 943 86 85 408
g roof_step_or_fixture_side
f 943 942 87 86
g roof_step_or_fixture_side
f 942 941 405 88 87
g roof_step_or_fixture_side
f 405 404 89 88
g roof_step_or_fixture_side
f 949 948 90 89 404
g roof_step_or_fixture_side
f 948 947 91 90
g roof_step_or_fixture_side
f 947 946 92 91
g roof_step_or_fixture_side
f 946 945 163 92
g roof_step_or_fixture_side
f 94 166 680 679
g roof_step_or_fixture_side
f 167 94 679 682
g roof_step_or_fixture_side
f 953 952 168 167
g roof_step_or_fixture_side
f 952 951 402 169 168
g roof_step_or_fixture_side
f 402 401 170 169
g roof_step_or_fixture_side
f 401 400 171 170
g roof_step_or_fixture_side
f 400 399 172 171
g roof_step_or_fixture_side
f 926 925 173 172 399
g roof_step_or_fixture_side
f 925 924 396 174 173
g roof_step_or_fixture_side
f 396 395 175 174
g roof_step_or_fixture_side
f 395 394 176 175
g roof_step_or_fixture_side
f 394 393 43 176
g roof_step_or_fixture_side
f 165 43 676 681
g roof_step_or_fixture_side
f 166 165 681 680
g facade_completed
f 180 179 1110 1111
g roof_step_or_fixture_side
f 474 473 181 180
g roof_step_or_fixture_side
f 473 472 177 181
g roof_step_or_fixture_side
f 472 444 178 177
g roof_step_or_fixture_side
f 444 416 179 178
g roof_step_or_fixture_side
f 452 451 185 184
g roof_step_or_fixture_side
f 451 450 186 185
g roof_step_or_fixture_side
f 450 449 203 186
g roof_step_or_fixture_side
f 449 448 187 203
g roof_step_or_fixture_side
f 188 187 689 688
g roof_step_or_fixture_side
f 189 188 688 687
g roof_step_or_fixture_side
f 190 189 687 686
g roof_step_or_fixture_side
f 470 469 191 190
g roof_step_or_fixture_side
f 469 468 192 191
g roof_step_or_fixture_side
f 468 467 193 192
g roof_step_or_fixture_side
f 467 466 204 193
g roof_step_or_fixture_side
f 466 465 194 204
g roof_step_or_fixture_side
f 465 464 195 194
g roof_step_or_fixture_side
f 464 463 196 195
g roof_step_or_fixture_side
f 463 462 197 196
g roof_step_or_fixture_side
f 462 461 1112 197
g roof_step_or_fixture_side
f 1113 1112 693 692
g roof_step_or_fixture_side
f 459 458 198 1113
g roof_step_or_fixture_side
f 458 524 199 198
g roof_step_or_fixture_side
f 524 457 200 199
g roof_step_or_fixture_side
f 457 456 201 200
g roof_step_or_fixture_side
f 456 455 202 201
g roof_step_or_fixture_side
f 455 454 182 202
g roof_step_or_fixture_side
f 454 453 183 182
g roof_step_or_fixture_side
f 453 452 184 183
g roof_step_or_fixture_side
f 418 417 208 207
g roof_step_or_fixture_side
f 417 443 209 208
g roof_step_or_fixture_side
f 443 442 210 209
g roof_step_or_fixture_side
f 442 441 211 210
g roof_step_or_fixture_side
f 441 440 212 211
g roof_step_or_fixture_side
f 440 439 213 212
g roof_step_or_fixture_side
f 439 438 214 213
g roof_step_or_fixture_side
f 215 214 696 695
g roof_step_or_fixture_side
f 216 215 695 700
g roof_step_or_fixture_side
f 217 216 700 699
g roof_step_or_fixture_side
f 218 217 699 698
g roof_step_or_fixture_side
f 436 435 219 218
g roof_step_or_fixture_side
f 435 434 220 219
g roof_step_or_fixture_side
f 434 433 221 220
g roof_step_or_fixture_side
f 433 432 222 221
g roof_step_or_fixture_side
f 432 431 223 222
g roof_step_or_fixture_side
f 431 430 224 223
g roof_step_or_fixture_side
f 225 224 708 707
g roof_step_or_fixture_side
f 226 225 707 706
g roof_step_or_fixture_side
f 428 427 205 226
g roof_step_or_fixture_side
f 427 1116 206 205
g roof_step_or_fixture_side
f 207 206 702 701
g roof_step_or_fixture_side
f 518 517 230 229
g roof_step_or_fixture_side
f 517 422 231 230
g roof_step_or_fixture_side
f 422 421 232 231
g roof_step_or_fixture_side
f 421 425 233 232
g roof_step_or_fixture_side
f 425 424 227 233
g roof_step_or_fixture_side
f 424 423 228 227
g roof_step_or_fixture_side
f 423 518 229 228
g roof_step_or_fixture_side
f 510 509 237 236
g roof_step_or_fixture_side
f 509 508 238 237
g roof_step_or_fixture_side
f 975 974 239 238 508
g roof_step_or_fixture_side
f 974 973 349 240 239
g roof_step_or_fixture_side
f 349 512 234 240
g roof_step_or_fixture_side
f 512 511 235 234
g roof_step_or_fixture_side
f 511 510 236 235
g roof_step_or_fixture_side
f 1017 1016 558 243 242 367
g roof_step_or_fixture_side
f 558 557 151 243
g roof_step_or_fixture_side
f 244 151 744 743
g roof_step_or_fixture_side
f 145 244 743 750
g roof_step_or_fixture_side
f 369 368 241 145
g roof_step_or_fixture_side
f 368 367 242 241
g roof_step_or_fixture_side
f 547 546 247 246
g roof_step_or_fixture_side
f 959 958 548 245 247 546
g roof_step_or_fixture_side
f 548 547 246 245
g roof_step_or_fixture_side
f 1000 999 248 250
g roof_step_or_fixture_side
f 249 248 780 779
g roof_step_or_fixture_side
f 250 249 779 778
g roof_step_or_fixture_side
f 588 587 251 253
g roof_step_or_fixture_side
f 252 251 795 752
g roof_step_or_fixture_side
f 253 252 752 751
g roof_step_or_fixture_side
f 596 597 257 256
g roof_step_or_fixture_side
f 258 257 759 758
g roof_step_or_fixture_side
f 254 258 758 757
g roof_step_or_fixture_side
f 255 254 757 756
g roof_step_or_fixture_side
f 583 596 256 255
g roof_step_or_fixture_side
f 343 342 261 260
g roof_step_or_fixture_side
f 342 344 259 261
g roof_step_or_fixture_side
f 344 343 260 259
g roof_step_or_fixture_side
f 346 345 265 264
g roof_step_or_fixture_side
f 345 342 261 265
g roof_step_or_fixture_side
f 342 341 266 261
g roof_step_or_fixture_side
f 341 340 267 266
g roof_step_or_fixture_side
f 340 339 268 267
g roof_step_or_fixture_side
f 339 338 262 268
g roof_step_or_fixture_side
f 1007 1006 347 263 262 338
g roof_step_or_fixture_side
f 347 346 264 263
g roof_step_or_fixture_side
f 607 606 271 270
g roof_step_or_fixture_side
f 606 605 272 271
g roof_step_or_fixture_side
f 875 916 273 272 605
g roof_step_or_fixture_side
f 916 915 274 273
g roof_step_or_fixture_side
f 915 874 275 274
g roof_step_or_fixture_side
f 874 873 276 275
g roof_step_or_fixture_side
f 873 872 1079 277 276
g roof_step_or_fixture_side
f 1079 1085 269 277
g roof_step_or_fixture_side
f 1085 1084 607 270 269
g roof_step_or_fixture_side
f 359 358 293 292
g roof_step_or_fixture_side
f 358 357 294 293
g roof_step_or_fixture_side
f 357 356 295 294
g roof_step_or_fixture_side
f 356 611 1119 295
g roof_step_or_fixture_side
f 296 1119 713 712
g roof_step_or_fixture_side
f 1022 1021 297 296
g roof_step_or_fixture_side
f 1021 1020 1121 297
g roof_step_or_fixture_side
f 1020 1019 278 1121
g roof_step_or_fixture_side
f 1019 1018 1122 278
g roof_step_or_fixture_side
f 1018 1027 857 279 1122
g roof_step_or_fixture_side
f 857 856 280 279
g roof_step_or_fixture_side
f 856 855 281 280
g roof_step_or_fixture_side
f 855 854 282 281
g roof_step_or_fixture_side
f 283 282 732 731
g roof_step_or_fixture_side
f 284 283 731 730
g roof_step_or_fixture_side
f 285 284 730 725
g roof_step_or_fixture_side
f 286 285 725 724
g roof_step_or_fixture_side
f 287 286 724 714
g roof_step_or_fixture_side
f 290 287 714 723
g roof_step_or_fixture_side
f 1123 290 723 722
g roof_step_or_fixture_side
f 361 360 291 1123
g roof_step_or_fixture_side
f 360 359 292 291
g roof_step_or_fixture_side
f 287 289 715 714
g roof_step_or_fixture_side
f 288 287 714 716
g roof_step_or_fixture_side
f 289 288 716 715
g roof_step_or_fixture_side
f 868 923 301 300
g roof_step_or_fixture_side
f 923 867 298 301
g roof_step_or_fixture_side
f 867 866 299 298
g roof_step_or_fixture_side
f 866 868 300 299
g roof_step_or_fixture_side
f 364 363 305 304
g roof_step_or_fixture_side
f 306 305 729 728
g roof_step_or_fixture_side
f 307 306 728 1125
g roof_step_or_fixture_side
f 852 851 308 307
g roof_step_or_fixture_side
f 851 850 309 308
g roof_step_or_fixture_side
f 850 913 310 309
g roof_step_or_fixture_side
f 913 849 311 310
g roof_step_or_fixture_side
f 849 848 563 312 311
g roof_step_or_fixture_side
f 563 562 313 312
g roof_step_or_fixture_side
f 562 561 302 313
g roof_step_or_fixture_side
f 561 560 303 302
g roof_step_or_fixture_side
f 1014 1013 364 304 303 560
g roof_step_or_fixture_side
f 895 894 317 316
g roof_step_or_fixture_side
f 894 893 623 314 317
g roof_step_or_fixture_side
f 623 622 315 314
g roof_step_or_fixture_side
f 896 895 316 315 622
g roof_step_or_fixture_side
f 889 888 627 318 320
g roof_step_or_fixture_side
f 627 626 319 318
g roof_step_or_fixture_side
f 890 889 320 319 626
g roof_step_or_fixture_side
f 1060 1059 839 323 322 1045
g roof_step_or_fixture_side
f 839 838 324 323
g roof_step_or_fixture_side
f 838 834 325 324
g roof_step_or_fixture_side
f 834 833 570 326 325
g roof_step_or_fixture_side
f 570 569 327 326
g roof_step_or_fixture_side
f 569 568 328 327
g roof_step_or_fixture_side
f 1048 1047 329 328 568
g roof_step_or_fixture_side
f 1047 1046 321 329
g roof_step_or_fixture_side
f 1046 1045 322 321
g roof_step_or_fixture_side
f 901 900 332 331 618
g roof_step_or_fixture_side
f 900 899 333 332
g roof_step_or_fixture_side
f 899 898 620 334 333
g roof_step_or_fixture_side
f 620 619 330 334
g roof_step_or_fixture_side
f 619 618 331 330
g roof_step_or_fixture_side
f 917 831 335 337
g roof_step_or_fixture_side
f 831 918 336 335
g roof_step_or_fixture_side
f 918 917 337 336
g facade_completed
f 1126 352 9 1090 1127
g facade_completed
f 1128 1126 1127 1129
g facade_completed
f 1130 1128 1129 1131
g facade_completed
f 1132 1130 1131 1133
g facade_completed
f 1134 1132 1133 1135
g facade_completed
f 1136 1134 1135 1137
g facade_completed
f 353 1136 1137 1138
g roof_step_or_fixture_side
f 870 869 354 353
g roof_step_or_fixture_side
f 869 863 355 354
g roof_step_or_fixture_side
f 863 862 356 355
g roof_step_or_fixture_side
f 362 361 1123 722 721
g roof_step_or_fixture_side
f 522 362 721 726
g roof_step_or_fixture_side
f 515 522 726 725 285
g roof_step_or_fixture_side
f 363 515 285 725 729 305
g roof_step_or_fixture_side
f 1013 1012 365 364
g roof_step_or_fixture_side
f 1012 1011 516 365
g roof_step_or_fixture_side
f 1011 1010 366 516
g roof_step_or_fixture_side
f 1010 1017 367 366
g roof_step_or_fixture_side
f 372 371 143 734 733
g roof_step_or_fixture_side
f 802 801 373 372
g roof_step_or_fixture_side
f 801 800 374 373
g roof_step_or_fixture_side
f 800 799 375 374
g roof_step_or_fixture_side
f 799 798 376 375
g roof_step_or_fixture_side
f 387 386 1098 718 717
g roof_step_or_fixture_side
f 388 387 717 720 98
g roof_step_or_fixture_side
f 924 929 397 396
g roof_step_or_fixture_side
f 929 928 523 397
g roof_step_or_fixture_side
f 928 927 398 523
g roof_step_or_fixture_side
f 927 926 399 398
g roof_step_or_fixture_side
f 951 950 403 402
g roof_step_or_fixture_side
f 950 949 404 403
g roof_step_or_fixture_side
f 941 940 406 405
g roof_step_or_fixture_side
f 940 939 407 406
g roof_step_or_fixture_side
f 939 938 408 407
g roof_step_or_fixture_side
f 937 936 411 410
g roof_step_or_fixture_side
f 936 935 412 411
g roof_step_or_fixture_side
f 935 934 413 412
g facade_completed
f 1141 414 79 1109 1142
g facade_completed
f 415 1141 1142 1143
g facade_completed
f 416 415 1143 1110 179
g facade_completed
f 475 474 180 1111 1144 675
g roof_step_or_fixture_side
f 476 475 675 674
g roof_step_or_fixture_side
f 477 476 674 673 41
g roof_step_or_fixture_side
f 487 486 31 657 656
g roof_step_or_fixture_side
f 488 487 656 655
g roof_step_or_fixture_side
f 489 488 655 654
g roof_step_or_fixture_side
f 490 489 654 653
g roof_step_or_fixture_side
f 491 490 653 668
g roof_step_or_fixture_side
f 492 491 668 667
g roof_step_or_fixture_side
f 493 492 667 666
g roof_step_or_fixture_side
f 494 493 666 650 22
g roof_step_or_fixture_side
f 495 494 22 650 652 20
g facade_completed
f 500 499 16 1095 1146
g facade_completed
f 1147 500 1146 1148
g facade_completed
f 501 1147 1148 1086 5
g roof_step_or_fixture_side
f 1006 1005 348 347
g roof_step_or_fixture_side
f 1005 1004 513 348
g roof_step_or_fixture_side
f 1004 1009 521 513
g roof_step_or_fixture_side
f 1009 1008 514 521
g roof_step_or_fixture_side
f 1008 1007 338 514
g roof_step_or_fixture_side
f 973 972 350 349
g roof_step_or_fixture_side
f 972 971 351 350
g roof_step_or_fixture_side
f 971 970 507 351
g roof_step_or_fixture_side
f 970 975 508 507
g roof_step_or_fixture_side
f 460 459 1113 692 694
g roof_step_or_fixture_side
f 461 460 694 693 1112
g roof_step_or_fixture_side
f 471 470 190 686 685
g roof_step_or_fixture_side
f 445 471 685 684
g roof_step_or_fixture_side
f 446 445 684 691
g roof_step_or_fixture_side
f 447 446 691 690
g roof_step_or_fixture_side
f 448 447 690 689 187
g roof_step_or_fixture_side
f 437 436 218 698 697
g roof_step_or_fixture_side
f 438 437 697 696 214
g roof_step_or_fixture_side
f 419 418 207 701 705
g roof_step_or_fixture_side
f 420 419 705 704
g roof_step_or_fixture_side
f 426 420 704 703
g roof_step_or_fixture_side
f 1116 426 703 702 206
g roof_step_or_fixture_side
f 429 428 226 706 709
g roof_step_or_fixture_side
f 430 429 709 708 224
g roof_step_or_fixture_side
f 798 797 527 376
g roof_step_or_fixture_side
f 986 993 530 529
g roof_step_or_fixture_side
f 956 955 556 550
g roof_step_or_fixture_side
f 955 954 551 556
g roof_step_or_fixture_side
f 804 803 554 553
g roof_step_or_fixture_side
f 803 802 372 554
g roof_step_or_fixture_side
f 555 372 733 738
g roof_step_or_fixture_side
f 531 555 738 737
g roof_step_or_fixture_side
f 532 531 737 736 141
g roof_step_or_fixture_side
f 533 532 141 736 742
g roof_step_or_fixture_side
f 534 533 742 741
g roof_step_or_fixture_side
f 535 534 741 740 139
g roof_step_or_fixture_side
f 962 961 544 543
g roof_step_or_fixture_side
f 961 960 545 544
g roof_step_or_fixture_side
f 960 959 546 545
g roof_step_or_fixture_side
f 958 957 549 548
g roof_step_or_fixture_side
f 957 956 550 549
g roof_step_or_fixture_side
f 1016 1015 559 558
g roof_step_or_fixture_side
f 1015 1014 560 559
g roof_step_or_fixture_side
f 848 847 564 563
g roof_step_or_fixture_side
f 847 846 577 564
g roof_step_or_fixture_side
f 846 845 565 577
g roof_step_or_fixture_side
f 845 844 566 565
g roof_step_or_fixture_side
f 1040 1049 567 566 844
g roof_step_or_fixture_side
f 1049 1048 568 567
g roof_step_or_fixture_side
f 833 832 571 570
g roof_step_or_fixture_side
f 832 830 572 571
g roof_step_or_fixture_side
f 1035 1034 574 573
g roof_step_or_fixture_side
f 1034 1033 578 574
g roof_step_or_fixture_side
f 1033 1032 579 578
g roof_step_or_fixture_side
f 1032 1031 575 579
g roof_step_or_fixture_side
f 1031 1030 576 575
g roof_step_or_fixture_side
f 1037 1036 582 581
g roof_step_or_fixture_side
f 1158 583 255 756 755
g roof_step_or_fixture_side
f 584 1158 755 754
g roof_step_or_fixture_side
f 585 584 754 753
g roof_step_or_fixture_side
f 586 585 753 796
g roof_step_or_fixture_side
f 587 586 796 795 251
g roof_step_or_fixture_side
f 589 588 253 751 794
g roof_step_or_fixture_side
f 590 589 794 793
g roof_step_or_fixture_side
f 591 590 793 792
g roof_step_or_fixture_side
f 592 591 792 791
g roof_step_or_fixture_side
f 593 592 791 790
g roof_step_or_fixture_side
f 981 980 594 593
g roof_step_or_fixture_side
f 595 594 761 760
g roof_step_or_fixture_side
f 597 595 760 759 257
g roof_step_or_fixture_side
f 976 985 599 598
g roof_step_or_fixture_side
f 876 875 605 604
g roof_step_or_fixture_side
f 1084 1083 608 607
g roof_step_or_fixture_side
f 1083 879 609 608
g roof_step_or_fixture_side
f 879 878 602 609
g roof_step_or_fixture_side
f 878 877 603 602
g roof_step_or_fixture_side
f 877 876 604 603
g roof_step_or_fixture_side
f 862 861 612 356
g roof_step_or_fixture_side
f 861 860 613 612
g roof_step_or_fixture_side
f 1024 1023 614 613 860
g roof_step_or_fixture_side
f 610 614 711 710
g roof_step_or_fixture_side
f 611 610 710 713 1119
g roof_step_or_fixture_side
f 902 901 618 617
g roof_step_or_fixture_side
f 898 897 621 620
g roof_step_or_fixture_side
f 897 896 622 621
g roof_step_or_fixture_side
f 893 892 624 623
g roof_step_or_fixture_side
f 892 891 625 624
g roof_step_or_fixture_side
f 891 890 626 625
g roof_step_or_fixture_side
f 888 887 628 627
g roof_step_or_fixture_side
f 1074 1073 904 615 628 887
g roof_step_or_fixture_side
f 904 903 616 615
g roof_step_or_fixture_side
f 903 902 617 616
g roof_step_or_fixture_side
f 912 836 632 631
g roof_step_or_fixture_side
f 836 835 629 632
g roof_step_or_fixture_side
f 835 837 630 629
g roof_step_or_fixture_side
f 837 912 631 630
g roof_step_or_fixture_side
f 909 908 633 635
g roof_step_or_fixture_side
f 908 907 634 633
g roof_step_or_fixture_side
f 1068 1078 909 635 634 907
g roof_step_or_fixture_side
f 922 921 639 638
g roof_step_or_fixture_side
f 921 823 636 639
g roof_step_or_fixture_side
f 823 822 637 636
g roof_step_or_fixture_side
f 822 922 638 637
g roof_step_or_fixture_side
f 827 826 643 642
g roof_step_or_fixture_side
f 1055 1054 644 643 826
g roof_step_or_fixture_side
f 1054 1053 820 645 644
g roof_step_or_fixture_side
f 820 819 646 645
g roof_step_or_fixture_side
f 819 818 640 646
g facade_completed
f 641 640 1160 1161
g roof_step_or_fixture_side
f 828 827 642 641
g facade_completed
f 647 649 1087 1089
g facade_completed
f 669 675 1144 1164
g facade_completed
f 670 669 1164 1094
g roof_step_or_fixture_side
f 944 953 167 682 683 93
g roof_step_or_fixture_side
f 1023 1022 296 712 711 614
g roof_step_or_fixture_side
f 854 853 727 732 282
g roof_step_or_fixture_side
f 853 852 307 1125 727
g roof_step_or_fixture_side
f 980 979 762 761 594
g roof_step_or_fixture_side
f 979 978 68 763 762
g roof_step_or_fixture_side
f 1002 1001 777 776 55
g roof_step_or_fixture_side
f 1001 1000 250 778 777
g roof_step_or_fixture_side
f 999 998 781 780 248
g roof_step_or_fixture_side
f 998 997 782 781
g roof_step_or_fixture_side
f 997 996 52 783 782
g roof_step_or_fixture_side
f 830 829 785 784 51 572
g facade_completed
f 786 785 1170 1171
g facade_completed
f 787 786 1171 1106
g roof_step_or_fixture_side
f 983 982 789 788 75
g roof_step_or_fixture_side
f 982 981 593 790 789
g roof_step_or_fixture_side
f 991 990 806 805
g roof_step_or_fixture_side
f 990 989 807 806
g roof_step_or_fixture_side
f 989 988 808 807
g roof_step_or_fixture_side
f 969 968 811 816
g roof_step_or_fixture_side
f 968 967 812 811
g facade_completed
f 1174 828 641 1161 1175
g facade_completed
f 829 1174 1175 1170 785
g roof_step_or_fixture_side
f 1059 1058 840 839
g roof_step_or_fixture_side
f 1058 1057 919 840
g roof_step_or_fixture_side
f 1057 1056 841 919
g roof_step_or_fixture_side
f 1056 1063 1042 842 841
g roof_step_or_fixture_side
f 1042 1041 843 842
g roof_step_or_fixture_side
f 1041 1040 844 843
g roof_step_or_fixture_side
f 1027 1026 858 857
g roof_step_or_fixture_side
f 1026 1025 859 858
g roof_step_or_fixture_side
f 1025 1024 860 859
g facade_completed
f 871 870 353 1138 1176 1080
g roof_step_or_fixture_side
f 872 871 1080 1079
g roof_step_or_fixture_side
f 879 1082 880
g roof_step_or_fixture_side
f 1082 1081 881 880
g facade_completed
f 882 881 1081 1178 1179
g facade_completed
f 883 882 1179 1180
g facade_completed
f 884 883 1180 1181
g facade_completed
f 885 884 1181 1182
g roof_step_or_fixture_side
f 1076 1075 886 885
g roof_step_or_fixture_side
f 1075 1074 887 886
g roof_step_or_fixture_side
f 1073 1072 905 904
g roof_step_or_fixture_side
f 1072 1071 1183 905
g roof_step_or_fixture_side
f 1071 1070 1184 1183
g roof_step_or_fixture_side
f 1070 1069 906 1184
g roof_step_or_fixture_side
f 1069 1068 907 906
g roof_step_or_fixture_side
f 1078 1077 910 909
g facade_completed
f 911 910 1185 1186
g facade_completed
f 817 911 1186 1187
g facade_completed
f 1188 817 1187 1189
g facade_completed
f 818 1188 1189 1160 640
g roof_step_or_fixture_side
f 1053 1052 821 820
g roof_step_or_fixture_side
f 824 821 1052 1051
g roof_step_or_fixture_side
f 825 824 1051 1050
g roof_step_or_fixture_side
f 1050 1055 826 825
g roof_step_or_fixture_side
f 1065 1064 920 914
g roof_step_or_fixture_side
f 1064 1067 865 920
g roof_step_or_fixture_side
f 1067 1066 864 865
g roof_step_or_fixture_side
f 1066 1065 914 864
g roof_step_or_fixture_side
f 1063 1062 1043 1042
g roof_step_or_fixture_side
f 1062 1061 1044 1043
g roof_step_or_fixture_side
f 1061 1060 1045 1044
g facade_completed
f 1077 1076 885 1182 1185 910
g facade_completed
f 1081 1080 1176 1178
g ground_assumed
f 1142 1110 1143
g ground_assumed
f 1142 1111 1110
g ground_assumed
f 1142 1144 1111
g ground_assumed
f 1142 1164 1144
g ground_assumed
f 1142 1094 1164
g ground_assumed
f 1142 1095 1094
g ground_assumed
f 1142 1146 1095
g ground_assumed
f 1142 1148 1146
g ground_assumed
f 1142 1086 1148
g ground_assumed
f 1142 1087 1086
g ground_assumed
f 1142 1089 1087
g ground_assumed
f 1142 1090 1089
g ground_assumed
f 1142 1127 1090
g ground_assumed
f 1142 1129 1127
g ground_assumed
f 1142 1131 1129
g ground_assumed
f 1142 1133 1131
g ground_assumed
f 1142 1135 1133
g ground_assumed
f 1142 1137 1135
g ground_assumed
f 1142 1138 1137
g ground_assumed
f 1142 1176 1138
g ground_assumed
f 1142 1178 1176
g ground_assumed
f 1142 1179 1178
g ground_assumed
f 1142 1180 1179
g ground_assumed
f 1142 1181 1180
g ground_assumed
f 1142 1182 1181
g ground_assumed
f 1142 1185 1182
g ground_assumed
f 1142 1186 1185
g ground_assumed
f 1186 1189 1187
g ground_assumed
f 1186 1160 1189
g ground_assumed
f 1186 1161 1160
g ground_assumed
f 1186 1175 1161
g ground_assumed
f 1186 1170 1175
g ground_assumed
f 1186 1171 1170
g ground_assumed
f 1186 1106 1171
g ground_assumed
f 1186 1107 1106
g ground_assumed
f 1186 1108 1107
g ground_assumed
f 1186 1109 1108
g ground_assumed
f 1186 1142 1109
