# pointcloud_to_mesh 0.5.1; candidate requires geometry validation; coordinates preserved
v 0.774054232 -0.984927961 6.923028549
v 0.756869875 -0.974061819 6.930923688
v 0.703491628 -0.940309474 6.955447599
v 0.644961483 -0.903299472 6.982338475
v 0.267782479 -1.200624939 6.983130597
v -0.157165813 -1.535606387 6.984023023
v -0.147759278 -1.459133646 7.006234955
v -0.147759332 -1.459133628 7.006234974
v -0.107207433 -1.426683401 7.006305519
v -0.147585661 -1.457721715 7.006645072
v -0.122800150 -1.256220593 7.065172228
v -0.281473114 -1.378242839 7.066489810
v -0.262674684 -1.235701662 7.107567970
v -0.301399206 -1.268093067 7.107048785
v -0.463929786 -1.404042998 7.104869697
v -0.481974670 -1.419136716 7.104627784
v -0.626763572 -1.540246437 7.102686580
v -0.682092625 -1.586526822 7.101944775
v -0.701578704 -1.602826093 7.101683523
v -0.784101521 -1.569403870 7.133558462
v -0.972530634 -1.493088979 7.206340352
v -0.987647472 -1.611321372 7.172145880
v -1.007227797 -1.764463931 7.127854892
v -1.013157068 -1.810838117 7.114442826
v -0.958734649 -1.817926037 7.098235797
v -1.020689147 -1.869748324 7.097405165
v -1.031602614 -1.955105342 7.072718708
v -0.868501660 -1.829677901 7.071364356
v -0.819471895 -1.836063477 7.056763266
v -0.838275235 -1.977823110 7.015937964
v -0.839146265 -1.984390013 7.014046759
v -0.839873949 -1.989876416 7.012466721
v -0.839878140 -1.989907334 7.012457840
v -0.747655648 -2.001082174 6.985263099
v -0.735383651 -2.002569173 6.981644320
v -0.734722886 -1.997410182 6.983136078
v -0.733793465 -1.990154816 6.985233978
v -0.590383532 -1.931988211 6.967264797
v -0.665782870 -1.856079779 7.010994582
v -0.665811105 -1.856076102 7.011002991
v -0.573557797 -2.008916379 6.938194123
v -0.557242653 -2.010832733 6.933402590
v -0.557186957 -2.010839275 6.933386234
v -0.543006273 -1.999650822 6.933359671
v -0.544686621 -2.012307515 6.929715067
v -0.531590329 -2.013845813 6.925868859
v -0.378870425 -1.893494347 6.925536631
v -0.378864648 -1.893447716 6.925550164
v -0.404215168 -1.890146141 6.933099548
v -0.375665323 -1.867620550 6.933046063
v -0.372003062 -1.838056636 6.941626477
v -0.342523432 -1.841471935 6.932983955
v -0.316659013 -1.844468452 6.925401286
v -0.244786978 -1.787829409 6.925244944
v -0.190876044 -1.809663653 6.904421518
v -0.196864303 -1.858346977 6.890281168
v -0.170286487 -1.861426103 6.882489365
v -0.200126752 -1.884870120 6.882577365
v -0.203978540 -1.916184259 6.873481998
v -0.203983436 -1.916224068 6.873470435
v -0.220486121 -2.050387554 6.834501879
v -0.209514737 -2.051676261 6.831279728
v -0.221830264 -2.061360602 6.831313264
v -0.221836458 -2.061365473 6.831313281
v -0.222252358 -2.064746385 6.830331284
v -0.225617434 -2.064338633 6.831323583
v -0.388887721 -2.192726333 6.831768270
v -0.388889660 -2.192740718 6.831764134
v -0.394922871 -2.238488437 6.818580343
v -0.421206682 -2.235261908 6.826344371
v -0.439022168 -2.379080811 6.784603365
v -0.494005396 -2.372633893 6.800747533
v -0.591015425 -2.361259089 6.829231648
v -0.601627979 -2.360014749 6.832347702
v -0.601664773 -2.360043639 6.832347816
v -0.741643306 -2.470115821 6.832729075
v -0.801278530 -2.517010043 6.832891491
v -0.885064718 -3.171127377 6.643750629
v -0.821875521 -3.119538285 6.644190264
v -0.971339667 -4.329343784 6.292962361
v -0.979573971 -4.346625171 6.289505913
v -0.975402728 -4.362231460 6.283414484
v -0.896078912 -4.659014779 6.167574454
v -0.894745115 -4.664005066 6.165626653
v -0.776751704 -5.105467300 5.993315754
v -0.683764587 -4.354810960 6.211181073
v -0.295604891 -4.952264855 5.919523682
v -0.608890890 -5.208038642 5.917344016
v -0.619246447 -5.292226987 5.892891035
v -0.653154747 -5.567894719 5.812821755
v -0.698267654 -5.934653404 5.706294592
v -0.883286909 -5.965493185 5.743707773
v -0.886513809 -5.966031058 5.744360292
v -1.078566712 -7.422293510 5.324688005
v -1.106865603 -7.387631450 5.343087653
v -1.083347082 -7.458541191 5.314241985
v -1.226068924 -8.540745401 5.002367491
v -1.253715177 -8.628017959 4.981345832
v -0.919860041 -9.036942350 4.764276657
v 0.747714323 -7.822948094 4.728409831
v -1.046167301 -9.154521073 4.758743233
v -1.094352347 -9.154740977 4.771001685
v -1.278457214 -9.155581282 4.817838606
v -1.307171153 -9.155712310 4.825143542
v -1.466214666 -9.156438191 4.865604780
v -1.447745034 -9.011244718 4.907620921
v -1.490775397 -9.138303140 4.877727407
v -1.496964668 -9.156578585 4.873427674
v -1.493199470 -9.156561400 4.872469794
v -1.549144624 -9.577943536 4.751129425
v -1.261456233 -9.930320323 4.564077393
v 4.492068897 -5.233012069 4.604107141
v -0.856667155 -4.088679914 6.341097505
v -0.828359117 -4.029269595 6.352980163
v -0.423210766 -3.698497302 6.355798954
v -0.607289737 -3.848783545 6.354518238
v -0.555597798 -3.456823679 6.467475001
v -0.578474260 -3.504834650 6.457872333
v -0.318320770 -2.845763144 6.603480480
v 5.492186877 -4.416493094 4.611065392
v 5.442054082 -4.355087651 4.643661219
v 5.717235185 -3.918670983 4.713745113
v 5.929959823 -3.581305602 4.767922419
v 6.635646093 -3.005167345 4.772832182
v 4.827752790 -2.796074430 5.302736138
v 5.291455720 -3.364043640 5.001241265
v 4.896319649 -3.686641680 4.998492133
v 5.338318806 -4.228026899 4.711108829
v 4.338200826 -5.044545874 4.704150578
v 2.989481303 -3.392558981 5.581074135
v 2.110379476 -3.508345729 5.768737303
v 1.455154537 -2.465599488 6.272082054
v 1.328630301 -2.511856400 6.289564722
v 1.248850937 -2.576990080 6.289009663
v 1.605067652 -2.286166685 6.291488016
v 2.110489436 -3.183569310 5.873264182
v 2.110602360 -2.850038627 5.980608555
v 2.224951841 -2.834918133 5.956217354
v 2.215429841 -2.690324960 6.005202541
v 2.206706409 -2.557858185 6.050079554
v 2.202398217 -2.492437573 6.072242709
v 2.197817979 -2.422885589 6.095805483
v 2.193845370 -2.362561104 6.116242179
v 2.193510086 -2.357469530 6.117967096
v 2.191947920 -2.333748167 6.126003411
v 2.223738932 -2.337482233 6.116666849
v 2.191570690 -2.228218601 6.160072983
v 3.885774829 -2.448870025 5.655537977
v 3.677760962 -2.194083039 5.790786453
v 2.598505374 -2.059271962 6.110338296
v 3.048338614 -1.907460578 6.044110694
v 2.326007108 -1.697575381 6.296503902
v 1.977928142 -1.981754934 6.294082167
v 1.821740896 -1.962245403 6.340326933
v 1.893766513 -2.050466395 6.293496618
v 1.746970142 -2.170314277 6.292475292
v 0.174779692 -1.965553792 6.760674549
v -0.060950255 -1.934852564 6.830875068
v -0.178865313 -1.712347342 6.932677261
v 0.006395435 -1.881895221 6.830691648
v 0.272024371 -1.912669122 6.752817394
v 1.317208285 -1.344265721 6.668368845
v 1.853028617 -1.052870020 6.625075748
v 1.017891788 -0.952440711 6.871095729
v 1.005374174 -0.962313910 6.871120176
v 1.201381997 -0.783774794 6.878444048
v 1.848971818 -1.113275952 6.606667339
v 3.498548078 -1.974573103 5.907308827
v 3.956410117 -2.535388065 5.609611640
v 3.960982034 -2.458664935 5.633141227
v 3.968002063 -2.340859169 5.669270108
v 3.974539349 -2.231154024 5.702914684
v 6.935797200 -2.601048154 4.826129428
v 7.514569515 -1.382855336 5.070209143
v 7.501678406 -1.136395116 5.152850370
v 7.430684529 0.220909832 5.607971880
v 7.899409949 0.603587883 5.611233004
v 7.880240926 0.882256720 5.705849474
v 7.537173876 1.421550723 5.967245513
v 7.678021686 1.935490867 6.096658723
v 7.576505066 2.101140316 6.175961466
v 7.456436599 2.170997544 6.229172811
v 6.988079168 1.788619928 6.225914247
v 7.499644654 1.162025989 5.893299632
v 5.656864317 1.334479431 6.420334917
v 5.864534107 2.438293291 6.722547771
v 5.639582929 2.547764291 6.815348586
v 4.934907901 1.993642767 6.817267903
v 4.464521303 1.623754054 6.818549091
v 4.483094989 1.762328707 6.858407816
v 4.485851392 1.782893488 6.864322931
v 4.487915018 1.798289847 6.868751443
v 4.509420943 1.958741094 6.914902602
v 4.397836170 1.870806315 6.915145345
v 4.408913705 1.899677257 6.921605303
v 4.413143356 1.910700819 6.924071857
v 4.487425876 2.104300421 6.967390342
v 4.487894924 2.105522866 6.967663866
v 4.108452487 1.813849537 6.970854727
v 4.122960151 1.806742347 6.964854597
v 3.617238076 1.393859389 6.961336071
v 3.530044932 1.356753950 6.971701106
v 3.198474601 1.051971401 6.958422554
v 2.674648907 0.570465925 6.937444660
v 2.433367497 0.348677797 6.927781950
v 3.922986417 1.523971986 6.924990412
v 3.208196939 0.792879369 6.872525579
v 3.119269024 0.835103441 6.908872981
v 3.072554805 0.686312126 6.872925613
v 2.008591231 -0.149590858 6.876063439
v 1.927589739 -0.050375714 6.928729775
v 0.913848047 -0.850207606 6.930629522
v 0.868962047 -1.044940529 6.879424416
v -0.733727898 -1.990103093 6.985233852
v -0.675180364 -1.996979964 6.968039261
v -0.665779405 -1.856051735 7.011002724
v -0.342563477 -1.841467295 6.932995695
v 0.755906212 -7.832981976 4.723083549
v -0.497990116 -2.855110903 6.646443674
v -0.385601334 -2.763354156 6.647225611
v 1.601898889 -2.288753735 6.291465969
v 0.756338521 -2.183324362 6.541762718
v -0.178910058 -1.712382646 6.932677345
v -0.178905104 -1.712342372 6.932689042
v 7.261497377 -0.005906498 5.578243481
v 6.605179864 0.172929659 5.803749906
v 3.998497549 1.556106092 6.916014069
v -0.872076729 -4.064961643 6.352676001
v 4.393745654 1.724305721 6.869029177
v 1.240678033 -2.576031778 6.291409393
v -0.263449064 -2.399667424 6.733051540
v -0.245873947 -2.256785332 6.774552463
v 0.993165520 -0.947360070 6.879058117
v -0.675668426 -4.367272540 6.205097739
v 3.961476827 -2.541594053 5.606317317
v 3.956078091 -2.540959927 5.607902851
v 3.954298266 -2.570827909 5.598742884
v 3.953633613 -2.581981621 5.595322245
v 3.950377204 -2.636628756 5.578562963
v 3.674987270 -2.861463336 5.576646957
v 4.280599759 -2.932473619 5.398826870
v 4.171689966 -2.799074830 5.469638897
v 4.100577733 -2.711972601 5.515875339
v 3.988752548 -2.575002879 5.588582924
v 3.806338555 -2.754225172 5.577560825
v 3.888180376 -2.687407655 5.578130233
v 3.999076062 -2.587647693 5.581870682
v 3.723122672 -3.476674985 5.366275817
v 4.614898487 -3.916400292 4.996534165
v 4.324231457 -2.985916156 5.370457989
v -1.498022844 -6.908520246 5.597414067
v -1.498006695 -6.951582543 5.583546923
v -1.493095347 -6.914555720 5.594210258
v -1.203967613 -7.094863119 5.462184099
v -1.215042944 -7.061470339 5.475768087
v -1.283410858 -6.855337096 5.559621892
v -1.286698414 -6.845424838 5.563654133
v -1.352115544 -6.817387247 5.589418721
v -1.473316419 -6.765440907 5.637153781
v -1.378150555 -6.047979122 5.843775320
v -1.558753937 -6.078082847 5.880295557
v -1.634718324 -6.090744908 5.895656495
v -1.634986306 -6.120373666 5.886186702
v -1.638456087 -6.503993791 5.763576003
v -1.640173992 -6.693926238 5.702870766
v -1.533454020 -6.739666106 5.660839022
v -1.507717367 -6.896645854 5.603717345
v -1.381992989 -7.050640084 5.521972649
v -1.317325139 -7.129848873 5.479926278
v -1.237157981 -7.228042079 5.427802417
v -1.223099401 -7.245261812 5.418661672
v -1.717244666 -8.604432219 5.107543389
v -1.886729914 -8.643262073 5.138409601
v -1.944344614 -9.093880547 5.008084392
v -1.804832504 -9.264762761 4.917375054
v -1.684482755 -9.412173846 4.839124885
v -1.576900259 -8.572278665 5.081984231
v 6.867944324 2.513389180 6.489977883
v 7.507929819 2.213037776 6.229531072
v 7.703215036 2.027418985 6.119806774
v 7.715970735 2.073963310 6.131526914
v 7.460662308 2.386679310 6.297525826
v 6.668554791 3.356896776 6.812545984
v 6.595257177 3.446675781 6.860203339
v 5.648004198 2.699535167 6.862053289
v 5.734345783 2.726638612 6.848686211
v 5.930359184 2.788169084 6.818340156
v 5.927764128 2.774375736 6.814563679
v 6.208016515 2.271139852 6.580848369
v 4.098220854 1.818861951 6.975086366
v 3.441151971 1.300902728 6.976466264
v 5.404045608 2.662386968 6.913416446
v 5.453302424 2.638416446 6.933350680
v 5.626427119 2.692761917 6.959175263
v 5.517493595 2.607178295 6.959328822
v 5.525791160 2.603140301 6.962686858
v 5.561683714 2.585673388 6.977212583
v 5.639582873 2.547764292 7.008738360
v 5.864534107 2.438293291 7.099776092
v 5.927764119 2.774375699 7.008267706
v 5.930359184 2.788169084 7.004512048
v 5.734345783 2.726638612 6.975273220
v 5.648004243 2.699535142 6.962393881
v 6.595257177 3.446675781 6.960122898
v 6.591652376 3.451091142 6.957814623
v 6.530623733 3.525842428 6.918735937
v 6.517848825 3.541489847 6.910555736
v 6.503050170 3.559616066 6.901079660
v 6.455428856 3.617945307 6.870586137
v 6.426084513 3.653887895 6.851795970
v 6.362842396 3.731350367 6.811299923
v 6.264247936 3.852114361 6.748166585
v 5.566176112 4.737478046 6.291487769
v 5.242262388 4.473027544 6.295126011
v 5.243258614 4.469007323 6.296657670
v 5.585504293 4.395536405 6.405453583
v 5.510642416 4.271130957 6.426495175
v 5.995425389 4.086667848 6.606263156
v 6.045739998 3.573283801 6.782679468
v 5.018046091 2.734251214 6.794222663
v 5.020964841 2.699423387 6.806067364
v 5.033006067 2.555741556 6.854932542
v 5.033478082 2.550109812 6.856847870
v 4.487425904 2.104300444 6.862981201
v 4.413143356 1.910700829 6.906253682
v 4.513605983 1.989964821 6.906004965
v 4.522936663 2.059579119 6.886111189
v 5.314603130 2.705913557 6.877219085
v 5.402973759 2.662908576 6.912982669
v 4.505483066 2.119042720 6.862778381
v 5.380429362 2.673879657 6.903858954
v 2.578714454 2.298446672 6.325043339
v 5.030637034 4.300251811 6.297503016
v 4.726664227 4.341899283 6.208408930
v 3.713653046 5.713337929 5.518042359
v 3.678242584 5.684428026 5.518440095
v 3.182928345 5.529582450 5.444351576
v 2.852890567 6.442511125 5.070649264
v 4.676874012 4.590594824 6.116610605
v 4.666524978 4.592816482 6.113320768
v 4.036823218 5.364110319 5.710101622
v 3.782347479 5.769421621 5.517270774
v 4.372586615 6.251306223 5.510641129
v 3.090767252 7.877036236 4.672074482
v 3.121036864 7.712865099 4.732025278
v 3.012107342 7.809743577 4.673938863
v 2.273082569 7.259937256 4.665146724
v 2.890369145 8.131200924 4.540973975
v 1.761861158 9.562486296 3.802703680
v 0.061482428 8.174258582 3.821802562
v -0.154684538 7.010935636 4.139224658
v 0.116792583 7.026770679 4.201867306
v -0.073686829 5.536985245 4.629900160
v 0.146193371 5.444151546 4.714362807
v 0.214761509 5.415202017 4.740701898
v 0.231658598 5.408068033 4.747192586
v 0.378602570 5.346028128 4.803638209
v 0.429401481 5.324580749 4.823151615
v 0.496948254 5.296062441 4.849098369
v 0.442519317 5.423384579 4.794885076
v 0.400844083 5.520872828 4.753374946
v 0.280402423 5.802614281 4.633410480
v 0.433924861 7.045268750 4.275044763
v 0.595960345 7.054720148 4.312434035
v 0.659597749 7.058432063 4.327118203
v 0.730556961 7.062571063 4.343491857
v 0.832491390 7.068516816 4.367012965
v 0.901674957 7.072552257 4.382976889
v 0.691854900 6.002124844 4.672329907
v 0.599323599 6.003164493 4.648923913
v 0.582282736 6.003355938 4.644613397
v 0.591744447 5.941980265 4.666563626
v 0.510996987 5.290131049 4.854494913
v 0.593370104 5.255353071 4.886136905
v 0.574740107 5.114088925 4.926582015
v 0.641551472 4.957801397 4.993128666
v 0.879193663 4.401900153 5.229829344
v 0.701544204 3.536514297 5.461756391
v 0.470899657 3.570437093 5.393413543
v 0.401908709 3.009554830 5.555240315
v 0.284557432 2.913746589 5.556558421
v 0.238345647 2.563340607 5.656882583
v 0.364927909 2.708908551 5.641983326
v 0.274571905 1.974332723 5.853924483
v 0.009010081 2.299607656 5.683876345
v -0.011996902 2.275449897 5.686348955
v -0.085812105 1.695174266 5.853162987
v -0.221533515 1.739801412 5.805073951
v -0.179098116 2.083285651 5.706017472
v -0.217712997 2.038879035 5.710562606
v -0.408327699 1.819674581 5.732998760
v -0.385306171 1.793652210 5.747045750
v -0.344183274 1.747169011 5.772137594
v -0.266347807 1.659187694 5.819630286
v -0.235763836 1.624617121 5.838291633
v -0.112509968 1.485297184 5.913497146
v -0.231193475 0.552303112 6.181708484
v -0.464730871 0.838352740 6.032166660
v -0.550393311 0.192537900 6.216946178
v -0.617147655 -0.310727551 6.360939690
v -0.458902728 -0.181532807 6.359162262
v -0.419796455 0.135004535 6.267876925
v -0.368376853 0.112352054 6.287929772
v -0.277344057 0.189504434 6.286003593
v -0.249193646 0.213362493 6.285407972
v -0.282501598 -0.037514929 6.357180900
v -0.133937157 0.083776446 6.355512205
v -0.102482028 0.337704007 6.282303657
v 0.037230921 0.223521942 6.353589622
v -0.083197878 0.125201143 6.354942294
v -0.262674684 -1.235701662 6.744580145
v -0.103944860 -1.102930957 6.741782204
v -0.122800134 -1.256220562 6.786009603
v 0.277526644 -0.948362386 6.787570656
v 0.270732594 -1.124250653 6.842019090
v 0.267782479 -1.200624939 6.865661714
v 0.644961494 -0.903299416 6.864812475
v 0.703491628 -0.940309474 6.891221311
v 0.756869822 -0.974061831 6.915305588
v 0.868962047 -1.044940529 6.965881675
v 0.993165520 -0.947360070 6.965706590
v 0.061668723 0.243473518 6.353315133
v 0.056336150 0.200120791 6.365823341
v 0.913848047 -0.850207606 6.914916954
v 1.927589739 -0.050375714 6.912407214
v 1.903351764 -0.020687689 6.896886826
v 2.674648907 0.570465925 6.900528747
v 3.198474601 1.051971401 6.877458875
v 2.137388630 0.185676777 6.889377134
v 1.965095263 0.137345538 6.861840144
v 1.905837410 0.120722752 6.852369170
v 1.809877785 0.093804453 6.837032304
v 1.530988297 0.015571241 6.792458443
v 1.741549656 0.177496557 6.793279512
v 1.080525522 0.987155783 6.370003601
v 1.160653969 0.992896457 6.388152502
v 2.615316479 1.915355227 6.456451466
v 0.769899926 6.001247972 4.692071562
v 3.729559735 5.853498276 5.477270477
v 2.329275649 7.252264314 4.681608520
v -0.075003389 0.360992784 6.281722232
v 3.379315171 6.411343518 5.211870103
v 1.201381997 -0.783774794 6.965413076
v 1.005374174 -0.962313910 6.973524201
v 1.017891788 -0.952440711 6.973494191
v -1.807488056 -2.028671908 6.612468562
v -1.710627628 -2.039874383 6.640198014
v -1.750131565 -2.072126292 6.640641728
v -1.763260124 -2.082844746 6.640789189
v -1.635990242 -2.238731995 6.722284361
v -1.565312298 -2.325302284 6.767541818
v -1.483229763 -2.256643705 6.766094928
v -1.325024070 -2.124311464 6.763306243
v -1.261734497 -2.132080684 6.781568394
v -1.057487531 -2.157153604 6.840503752
v -1.069966133 -2.255155516 6.868673726
v -1.076257610 -2.304362675 6.882811521
v -1.076235813 -2.304365231 6.882817772
v -0.948236773 -2.319373572 6.919526942
v -1.092755608 -2.433397497 6.919884740
v -1.095979800 -2.458614956 6.927130021
v -1.114468994 -2.603223132 6.968677640
v -1.118892103 -2.637817336 6.978616961
v -0.903258683 -2.467737653 6.978099997
v -0.922430893 -2.612278221 7.019455715
v -0.801278577 -2.517010044 7.019257844
v -0.741643291 -2.470115867 7.019160464
v -0.601664801 -2.360043650 7.018931824
v -0.601660608 -2.360010894 7.018922414
v -0.726235914 -2.345403988 6.983195142
v -0.723868933 -2.326244967 6.977669924
v -0.719778269 -2.293134422 6.968121279
v -0.615723235 -2.211383525 6.967974578
v -0.708274863 -2.200022110 6.941268860
v -0.759810706 -2.193695694 6.926398224
v -0.759864259 -2.193689144 6.926382778
v -0.756595609 -2.168170674 6.919052503
v -0.754329043 -2.150475621 6.913969536
v -0.859561921 -2.138304854 6.883843208
v -0.859570240 -2.138303892 6.883840826
v -0.859560863 -2.138296699 6.883840868
v -0.852302260 -2.083573821 6.868183652
v -0.839878122 -1.989907380 6.841383958
v -0.839909378 -1.989903592 6.841374955
v -0.839874014 -1.989876409 6.841375096
v -0.839146291 -1.984390058 6.839805351
v -0.838275235 -1.977823110 6.837926426
v -0.819471895 -1.836063477 6.797366384
v -0.868501633 -1.829677894 6.783101798
v -1.031602614 -1.955105342 6.782465792
v -1.020689136 -1.869748378 6.757941733
v -0.958734644 -1.817926081 6.756849652
v -1.013157068 -1.810838117 6.741016118
v -1.007227810 -1.764463959 6.727692278
v -0.987647472 -1.611321417 6.683692627
v -1.159429690 -1.589863900 6.634006885
v -1.327799414 -1.727324757 6.635898036
v -1.372730632 -1.764007621 6.636402710
v -2.101003243 -1.669158137 6.424520949
v -1.957483370 -1.844949282 6.516421535
v -1.956206962 -1.846512698 6.517238861
v -1.948843683 -1.855531652 6.521953816
v -1.057436705 -2.157159844 6.840518418
v -1.563625673 1.198763004 5.643098751
v -1.875433505 1.150281057 5.580819728
v -2.557726784 0.593241368 5.588483338
v -1.693586494 -0.465205853 6.141821332
v -0.910281476 -0.550048643 6.364232208
v -0.889552038 -0.533124660 6.363999372
v -0.837564152 -0.437483458 6.346435190
v -0.754995291 0.208307413 6.160891891
v -0.745994079 0.278708185 6.140664918
v -0.849812156 0.324444397 6.100177474
v -1.357479774 0.946264010 5.775100880
v -3.219276463 -1.332566032 6.038223359
v -2.971704883 -1.130442985 6.035442602
v -3.441207516 -1.075478829 5.900820419
v -4.014849523 -1.233190071 5.808114339
v -4.237218552 -1.294325927 5.772177359
v -4.003784368 -1.417303979 5.869641830
v -3.407660154 -1.486366745 6.040339310
v -4.144464624 -1.589483570 5.889519831
v -4.758235164 -1.517391097 5.713454893
v -5.138716464 -1.828024649 5.717728510
v -3.179514418 -2.057748191 6.279613098
v -3.986473486 -1.608040948 5.934840839
v -3.105716754 -1.905717922 6.249488426
v -3.099805081 -1.893539308 6.247075244
v -3.134659742 -1.875177138 6.232522572
v -3.537306808 -1.663054180 6.064407595
v -3.542815020 -1.660152338 6.062107782
v -3.574822618 -1.643290061 6.048743828
v -3.590045540 -1.635270305 6.042387887
v -3.993602654 -1.422667915 5.873892942
v -4.284464886 -1.384786300 5.789270228
v -4.315742524 -1.381162706 5.780314022
v -4.014962718 -1.588410840 5.921470768
v -6.346887449 -1.145848527 5.198704837
v -6.325858561 -1.118917278 5.195352405
v -7.126660538 -1.014621643 4.962369137
v -6.945926011 -0.867065880 4.960339102
v -6.725152565 -0.894642973 5.024194919
v -4.894026655 -1.314166772 5.614724971
v -5.068966402 -1.456991545 5.616689917
v -4.735224237 -1.498604455 5.713196431
v -4.610823795 -1.397041116 5.711799149
v -4.557122483 -1.353198149 5.711195969
v -4.552979016 -1.349815328 5.711149429
v -4.465220302 -1.278167126 5.710163711
v -4.644672399 -1.154518159 5.625946374
v -4.673852774 -1.134411828 5.612251948
v -2.622044017 0.672020702 5.547298857
v -1.728901711 1.401202313 5.537266963
v -1.664584478 1.322422979 5.578451444
v -1.181760888 1.716611096 5.573028304
v -1.560009969 2.179911666 5.330822738
v -0.885816163 1.958227074 5.569704214
v -0.489931355 2.281436399 5.565257582
v -0.420365159 2.825530398 5.408932986
v -0.231785032 2.594546940 5.529687163
v -0.181642908 2.533130070 5.561794845
v -0.151223004 2.557965570 5.561453165
v -0.117002722 2.585903783 5.561068798
v 0.044240980 2.717546794 5.559257687
v 0.088022051 2.753290652 5.558765932
v 0.208980342 2.852043741 5.557407313
v 0.373060006 3.584827178 5.364422438
v 0.301065154 3.595416055 5.343089468
v 0.420539993 4.559899610 5.065024179
v 0.309706717 4.423032386 5.081073469
v 0.252149406 4.351955273 5.089408096
v 0.074003752 4.131964471 5.115204601
v 0.045954319 4.097326426 5.119266319
v -0.047811496 3.981535688 5.132844143
v 0.025595440 4.534955470 4.974500553
v -0.204924720 4.510542048 4.924809347
v -1.116444362 4.414006830 4.728321061
v -1.172805339 3.890261934 4.881443258
v -1.285537354 3.885241555 4.854934227
v -2.228624740 3.843242337 4.633166413
v -2.418543464 3.299484037 4.759372051
v -2.451852327 3.272289927 4.759746180
v -2.670757626 3.540417345 4.619573780
v -2.679650434 3.551309752 4.613879417
v -3.389593992 2.971695748 4.621853598
v -5.960263598 0.872942847 4.650727703
v -7.484879978 -0.371788503 4.667852399
v -7.899923904 -0.710639767 4.672514228
v -7.939507228 -0.742956489 4.672958833
v -8.114649877 -0.885946916 4.674926059
v -8.173753744 -0.934200651 4.675589921
v -8.317911405 -1.051894231 4.677209119
v -8.351917430 -1.079657521 4.677591080
v -8.368649324 -1.093317818 4.677779014
v -7.504642360 -1.194802648 4.925626251
v -7.441734765 -1.271855379 4.965908093
v -7.367138869 -1.210953599 4.965070221
v -6.480868419 -1.315053443 5.219303909
v -6.478911543 -1.314929052 5.219752182
v -6.472979839 -1.307332396 5.218806532
v -6.454905211 -1.284184653 5.215925085
v -2.074075090 1.119394948 5.541143997
v -4.884763405 -1.306604045 5.614620925
v -4.913609437 -1.120924919 5.548159881
v -4.811110103 -1.246471821 5.613793641
v -7.449616994 -1.557063147 5.054979398
v -6.733539646 -1.641025850 5.260345073
v -6.604819416 -1.476176528 5.239824435
v -6.934674542 -1.435684292 5.144644929
v -7.427282191 -1.375212965 5.002503284
v -7.446802809 -1.376453819 4.998031584
v -7.461068334 -1.377360607 4.994763692
v -1.679532454 4.367828727 4.602645958
v -1.658112096 4.341591878 4.616362131
v -1.636150915 4.358966892 4.616292483
v -1.067656385 4.867378210 4.595773284
v 3.530044932 1.356753950 6.980888425
v 3.617238052 1.393859369 6.990900530
v 4.122960151 1.806742347 6.985251571
v 4.108452487 1.813849537 6.979304559
v 4.487894935 2.105522911 6.980904592
v 4.505483066 2.119042720 6.980978758
v 5.033478082 2.550109812 6.975081009
v 5.033006114 2.555741534 6.973146678
v 5.020964856 2.699423367 6.923796202
v 5.018046076 2.734251201 6.911833859
v 4.965208737 3.364730108 6.695282920
v 5.003505457 3.428371579 6.684418968
v 5.369408747 4.036429125 6.580620229
v 5.510642365 4.271130957 6.540555345
v 5.269561397 4.362863840 6.450231573
v 5.243258614 4.469007323 6.409387660
v 5.238570859 4.470013696 6.407881917
v 2.578714454 2.298446672 6.437592739
v 2.615316479 1.915355227 6.570306639
v 1.160653969 0.992896457 6.501080468
v 1.080525522 0.987155783 6.482738229
v 1.741549656 0.177496557 6.910314159
v 1.530988294 0.015571296 6.909448500
v 1.809877785 0.093804453 6.954511431
v 1.905837393 0.120722744 6.970016567
v 1.965095218 0.137345565 6.979591436
v 2.137388630 0.185676777 7.007430574
v 3.198474601 1.051971401 6.995578153
v -0.784101521 -1.569403870 6.836953525
v -0.701578726 -1.602826121 6.868523370
v -0.682092643 -1.586526859 6.868179869
v -0.626763572 -1.540246437 6.867204507
v -0.481974698 -1.419136740 6.864652133
v -0.463929846 -1.404042993 6.864334033
v -0.301399206 -1.268093067 6.861468903
v -0.262674684 -1.235701662 6.860786257
v -0.083197878 0.125201143 6.467326526
v -0.133937130 0.083776468 6.467893288
v -0.282501598 -0.037514929 6.469552765
v -0.249193645 0.213362494 6.397075873
v -0.277344037 0.189504485 6.397672499
v -0.368376853 0.112352054 6.399601977
v -0.419796455 0.135004514 6.379341942
v -0.458902728 -0.181532807 6.471523181
v -0.617147655 -0.310727551 6.473290790
v -0.845158497 -0.496880768 6.475837691
v -0.972530634 -1.493088979 6.764868283
v -0.507174462 -0.220942945 6.472062380
v -2.166152285 -1.660673192 6.518090889
v -2.101003260 -1.669158116 6.537243882
v -2.129327166 -1.634465417 6.518922886
v -2.173005802 -1.580965388 6.490669858
v -2.047961464 -1.478876357 6.489273102
v -0.910281476 -0.550048643 6.476565120
v -1.693586494 -0.465205853 6.251819319
v -2.557726784 0.593241368 5.692860018
v -4.673852774 -1.134411828 5.716497325
v -4.644672431 -1.154518124 5.730332201
v -4.465220302 -1.278167126 5.815413411
v -4.552978993 -1.349815309 5.816393683
v -4.475671566 -1.359883750 5.839121100
v -4.383429812 -1.334523786 5.854191647
v -4.316547789 -1.380607898 5.885901510
v -4.315742550 -1.381162683 5.886283270
v -4.284464921 -1.384786309 5.895333462
v -4.003784341 -1.417303988 5.976548429
v -4.237218552 -1.294325927 5.878079755
v -3.420984550 -1.497245084 6.149185884
v -2.256261747 -1.648937428 6.491599834
v -2.640700779 -1.962802162 6.495894051
v -2.810056994 -2.101068413 6.497785774
v -1.635990242 -2.238731995 6.838032254
v -1.763260124 -2.082844746 6.755709181
v -1.750131565 -2.072126292 6.755562534
v -1.710627628 -2.039874383 6.755121272
v -1.807488041 -2.028671926 6.727100857
v -1.948843683 -1.855531652 6.635666570
v -1.956206954 -1.846512707 6.630903722
v -1.957483351 -1.844949305 6.630078100
v -2.022303549 -1.836867147 6.611137805
v -4.014849523 -1.233190071 5.914410595
v -3.441207516 -1.075478829 6.008132712
v -2.971704883 -1.130442985 6.144167392
v -3.407660154 -1.486366745 6.149037049
v -2.607982577 -1.936090281 6.495528585
v -3.219276463 -1.332566032 6.146932788
v -2.424954795 -1.786662253 6.493484150
v -2.430086163 -1.790851618 6.493541467
v -2.436876756 -1.796395612 6.493617319
v 0.274571875 1.974332760 5.961416294
v 0.364927919 2.708908589 5.747394999
v 0.238345647 2.563340607 5.762419684
v 0.284557432 2.913746589 5.661111462
v 0.208980354 2.852043751 5.661955664
v 0.088022084 2.753290679 5.663306778
v 0.044240992 2.717546804 5.663795817
v -0.117002684 2.585903814 5.665596923
v -0.151223004 2.557965570 5.665979166
v -0.181642908 2.533130070 5.666318959
v -0.231785032 2.594546940 5.633885098
v -0.420365159 2.825530398 5.511904191
v -0.489931355 2.281436399 5.669762567
v -0.885816163 1.958227074 5.674184634
v -1.560009969 2.179911666 5.432824253
v -1.181760888 1.716611096 5.677490362
v -1.664584478 1.322422979 5.682883543
v -1.563625673 1.198763004 5.748187595
v -1.226381404 1.251199977 5.816271643
v -1.357479774 0.946264010 5.881530722
v -0.849812156 0.324444397 6.209909737
v -0.745994063 0.278708194 6.250815517
v -0.550393311 0.192537900 6.327884948
v -0.464730871 0.838352740 6.141293060
v -0.350228885 0.698104321 6.215357365
v -0.231193475 0.552303112 6.292354064
v -0.112509968 1.485297184 6.021511053
v -0.235763792 1.624617119 5.945540540
v -0.266347807 1.659187694 5.926689354
v -0.344183290 1.747168986 5.878713557
v -0.385306190 1.793652160 5.853366479
v -0.408327699 1.819674581 5.839176588
v -0.217712997 2.038879035 5.816551573
v -0.179098128 2.083285627 5.811968184
v 0.176507669 2.094447269 5.897984580
v -0.384133909 0.739633086 6.193426286
v -0.321289407 1.919767497 5.828845577
v -0.011996902 2.275449897 5.792134097
v 0.009010081 2.299607656 5.789640673
v 0.123218930 2.159718289 5.863515366
v 0.025161851 2.279824068 5.800088262
v 3.090767252 7.877036236 4.768367071
v 2.890369145 8.131200924 4.635935477
v 2.273082569 7.259937256 4.761229250
v 2.329275649 7.252264314 4.777863558
v 3.012107342 7.809743577 4.770236270
v 3.121036864 7.712865099 4.828915932
v 2.852890567 6.442511125 5.170841996
v 3.182928345 5.529582450 5.548296816
v 3.678242584 5.684428026 5.623203711
v 3.713653022 5.713337910 5.622808173
v 3.729559750 5.853498233 5.581635887
v 3.379315171 6.411343518 5.313550438
v 0.442519317 5.423384579 4.891933622
v 0.496948254 5.296062441 4.946692428
v 0.510996990 5.290131078 4.952144759
v 0.591744425 5.941980234 4.762369097
v 0.582282736 6.003355938 4.740200170
v 0.599323587 6.003164476 4.744556264
v 0.691854876 6.002124814 4.768209729
v 0.769899926 6.001247972 4.788160107
v 0.901674993 7.072552241 4.476031764
v 0.832491414 7.068516818 4.459897994
v 0.730556976 7.062571122 4.436126630
v 0.659597772 7.058432070 4.419578798
v 0.595960395 7.054720153 4.404738416
v 0.433924861 7.045268750 4.366951356
v 0.280402423 5.802614281 4.728834212
v 0.400844065 5.520872835 4.850005796
v -1.285537354 3.885241555 4.952277413
v -1.172805339 3.890261934 4.979068096
v -1.116444362 4.414006830 4.824441500
v -1.636150915 4.358966892 4.711215151
v -1.658112092 4.341591873 4.711281689
v -1.679532454 4.367828727 4.697426172
v -2.679650434 3.551309752 4.708597575
v -2.670757643 3.540417366 4.714349775
v -2.451852327 3.272289927 4.855946184
v -2.418543464 3.299484037 4.855574121
v -2.228624740 3.843242337 4.728153372
v 5.467852588 -4.386687100 4.547943220
v 5.492186877 -4.416493094 4.532515990
v 6.029621510 -3.977719285 4.542877150
v 6.441489475 -3.641460948 4.550817521
v 6.646533001 -3.209887867 4.639310495
v 6.777568373 -2.934086236 4.695862926
v 6.805341502 -2.875629697 4.707849292
v 6.812331359 -2.860917491 4.710865997
v 6.898132918 -2.680323471 4.747896342
v 3.968002060 -2.340859111 5.565601712
v 3.960982044 -2.458664871 5.529600312
v 3.956410117 -2.535388065 5.506153732
v 3.961476823 -2.541594048 5.502941588
v 6.795698380 -2.874497032 4.710545331
v 6.417750450 -3.183062284 4.703258903
v 5.929959823 -3.581305602 4.693854825
v 5.717235185 -3.918670983 4.637368966
v 5.442054082 -4.355087651 4.564298722
v 6.752364658 -2.909875665 4.709709904
v 6.729978294 -2.928152399 4.709278319
v 6.635646122 -3.005167321 4.707459696
v 6.533028091 -3.088947007 4.705481331
v 3.674987245 -2.861463357 5.469905391
v 3.950377204 -2.636628756 5.475214612
v 3.953633614 -2.581981665 5.491914744
v 3.954298260 -2.570827979 5.495323307
v 3.956078046 -2.540959936 5.504450981
v 3.885774829 -2.448870025 5.550934448
v 2.191570690 -2.228218601 6.031532180
v 2.223738932 -2.337482233 5.988781162
v 2.191947924 -2.333748114 5.997669343
v 2.193510067 -2.357469510 5.989699997
v 2.193845364 -2.362561056 5.987989461
v 2.197817958 -2.422885563 5.967723077
v 2.202398187 -2.492437565 5.944356668
v 2.206706406 -2.557858134 5.922378224
v 2.215429841 -2.690324960 5.877875192
v 2.224951860 -2.834918087 5.829298250
v 2.110602360 -2.850038627 5.852131109
v 2.110489436 -3.183569310 5.745421967
v 2.110379476 -3.508345729 5.641513645
v 2.989481303 -3.392558981 5.465831571
v 4.338200826 -5.044545874 4.610782670
v 5.338318806 -4.228026899 4.630063866
v 3.186935360 -3.366552252 5.426371821
v 2.820055798 -3.185037173 5.573242407
v 3.155952522 -3.223753946 5.479567744
v 4.896319649 -3.686641680 4.910278460
v 4.614898487 -3.916400292 4.904852964
v 3.723122672 -3.476674985 5.261376985
v 4.324231457 -2.985916156 5.272965714
v 4.280599759 -2.932473619 5.300626940
v -0.834457292 -5.571306763 5.693953705
v -0.886513809 -5.966031058 5.580231352
v -0.883286911 -5.965493233 5.579622581
v -0.698267654 -5.934653404 5.544718649
v -0.653154747 -5.567894719 5.651171751
v -0.774254322 -5.114811039 5.825472766
v -1.046167301 -9.154521073 4.598485931
v 0.755906212 -7.832981976 4.585316326
v 0.747714343 -7.822948118 4.590509733
v -0.919860041 -9.036942350 4.605548043
v -1.058912617 -8.866623000 4.693703327
v -1.094352379 -9.154740998 4.610075983
v 7.576505113 2.101140324 6.113899046
v 7.678021686 1.935490867 6.036321657
v 7.824198785 1.696966891 5.924615451
v 7.805837784 1.963889136 6.014479118
v 7.799893025 1.971170609 6.018247922
v 7.715970735 2.073963310 6.071452210
v 7.703215036 2.027418985 6.059643883
v 3.498548078 -1.974573103 5.796424931
v 3.048338614 -1.907460578 5.926849640
v 2.598505374 -2.059271962 5.987123288
v 3.677760962 -2.194083039 5.682809182
v -0.975402742 -4.362231469 6.114989665
v -1.179577480 -6.014880133 5.635517915
v -1.073749547 -5.997240292 5.615553439
v -1.064138392 -5.995638289 5.613740283
v -0.894745115 -4.664005066 5.998897548
v -0.896078912 -4.659014834 6.000817290
v -1.176194654 -4.993967126 5.961411816
v -1.239515443 -5.002799929 5.973908306
v -1.424572077 -5.028614147 6.010429579
v -1.479176568 -5.455689048 5.886970978
v -1.440060711 -5.503600332 5.862172663
v -1.490575306 -5.544841591 5.861198796
v -1.558753937 -6.078082847 5.707049686
v -1.378150555 -6.047979122 5.672978795
v -1.250843678 -6.026759080 5.648962308
v -0.885064718 -3.171127377 6.474305593
v -1.010098131 -3.273207488 6.471895083
v -1.222279772 -3.446437386 6.467804450
v -1.325714693 -4.255426697 6.233942224
v -1.213743075 -4.808500169 6.029851381
v 7.507929819 2.213037776 6.166303176
v 7.456436599 2.170997544 6.165310442
v 5.656864317 1.334479431 6.333091154
v 6.605179864 0.172929659 5.731886713
v 7.261497377 -0.005906498 5.515831590
v 7.499644654 1.162025989 5.831963395
v 6.988079168 1.788619928 6.156281016
v 6.867944324 2.513389180 6.417293373
v 6.208016515 2.271139852 6.499466409
v 5.864534107 2.438293291 6.636079046
v 5.249352192 2.543823617 6.818720330
v 5.270644355 2.581078321 6.825490032
v 5.316907496 2.595600761 6.818942164
v 5.340829054 2.613935220 6.819020717
v 5.402973763 2.662908550 6.819654599
v 5.380429384 2.673879615 6.828621131
v 4.513605983 1.989964821 6.819519614
v 4.413143356 1.910700829 6.818464769
v 4.408913723 1.899677275 6.815960552
v 4.397836170 1.870806315 6.809401955
v 4.509420943 1.958741094 6.810540147
v 4.487915033 1.798289893 6.764396835
v 4.485851394 1.782893515 6.759969072
v 4.483095019 1.762328749 6.754054960
v 4.464521303 1.623754054 6.714202996
v 4.934907901 1.993642767 6.718744680
v 5.020967308 2.144220264 6.746106742
v 5.084178823 2.254820918 6.766204437
v 5.096547119 2.276461693 6.770136881
v 5.247296296 2.540226396 6.818066659
v 4.487894935 2.105522911 6.862722391
v -0.318320770 -2.845763144 6.441280790
v -0.385601334 -2.763354156 6.483934708
v -0.405070420 -2.779249159 6.483559365
v -0.473619507 -2.835214186 6.482237813
v -0.497990086 -2.855110879 6.481767974
v -0.578474269 -3.504834675 6.293319981
v -0.555597803 -3.456823717 6.303148509
v -0.607289737 -3.848783545 6.190222614
v -0.423210766 -3.698497302 6.193771458
v -0.872076729 -4.064961643 6.185117806
v -0.856667195 -4.088679937 6.173798486
v -0.828359156 -4.029269626 6.185960634
v 8.082922010 1.323751978 5.896990447
v 7.814122501 1.953741553 6.168281523
v 7.805837784 1.963889136 6.173663560
v 7.824198808 1.696966853 6.083167648
v 7.678021686 1.935490867 6.197247367
v 7.537173876 1.421550723 6.068098711
v 7.880240926 0.882256720 5.806952675
v 7.899409949 0.603587883 5.712474279
v 7.430684529 0.220909832 5.709430601
v 7.501678406 -1.136395116 5.254982863
v 7.514569515 -1.382855336 5.172463980
v 8.672252394 1.053821285 5.659399870
v 4.827752790 -2.796074430 5.405847742
v 6.635646093 -3.005167345 4.875946536
v 6.729978263 -2.928152425 4.876559084
v 6.752364639 -2.909875680 4.876704450
v 6.795698380 -2.874497032 4.876985839
v 3.961476827 -2.541594053 5.709350559
v 3.988752548 -2.575002879 5.691631314
v 3.999076032 -2.587647657 5.684924825
v 4.100577723 -2.711972590 5.618985843
v 4.171689952 -2.799074814 5.572788899
v 4.280599759 -2.932473619 5.502037351
v 4.324231457 -2.985916156 5.473692703
v 4.896319649 -3.686641680 5.102044582
v 5.291455720 -3.364043640 5.104610407
v 5.008824004 -3.017860551 5.288217669
v 4.903551020 -2.888916329 5.356606611
v 3.974539368 -2.231153976 5.805792185
v 3.968002060 -2.340859111 5.772202766
v 6.898132918 -2.680323471 4.913183041
v 6.935797200 -2.601048154 4.929025109
v 2.989481303 -3.392558981 5.684586958
v 3.186935360 -3.366552252 5.642412059
v 3.155952559 -3.223753947 5.696241098
v 2.820055798 -3.185037173 5.794651580
v 1.328630301 -2.511856400 6.392731162
v 1.455154537 -2.465599488 6.375218281
v 1.394420358 -2.458143907 6.393158371
v -0.245873947 -2.256785332 6.877680070
v -0.263449061 -2.399667360 6.836251503
v 1.240678033 -2.576031778 6.394612824
v 1.248850918 -2.576990096 6.392213113
v 5.517493597 2.607178294 6.966089764
v 5.626427119 2.692761917 6.965719638
v 5.453302471 2.638416442 6.992559015
v 5.404045608 2.662386968 7.012870122
v 5.402973763 2.662908550 7.013312090
v 5.340829054 2.613935220 7.013475239
v 5.316907488 2.595600817 7.013704239
v 5.270644355 2.581078321 7.020876357
v 5.249352229 2.543823647 7.014350867
v 5.247296296 2.540226396 7.013720776
v 5.096547119 2.276461693 6.967520026
v 5.084178826 2.254820984 6.963729462
v 5.020967308 2.144220264 6.944356755
v 4.934908005 1.993642849 6.917981757
v 5.639582929 2.547764291 6.915746117
v 5.561683745 2.585673413 6.947867909
v 5.380429362 2.673879657 7.022608300
v 5.314603130 2.705913557 7.049751800
v 4.522936663 2.059579119 7.044611096
v 4.513605984 1.989964870 7.024622990
v 0.006395467 -1.881895230 6.933617859
v -0.060950254 -1.934852564 6.933831520
v 0.174779638 -1.965553786 6.863633093
v 1.746970142 -2.170314277 6.395447661
v 1.840041640 -2.094328598 6.396052023
v 1.893766513 -2.050466395 6.396400886
v 1.821740896 -1.962245403 6.443191198
v 1.977928142 -1.981754934 6.396947392
v 2.326007108 -1.697575381 6.399207650
v 1.848971818 -1.113275952 6.709106144
v 1.853028641 -1.052870030 6.727484152
v 1.317208285 -1.344265721 6.770952896
v 0.487354930 -1.795565692 6.838275230
v 0.272024431 -1.912669125 6.855744030
v 1.601898889 -2.288753735 6.394505638
v 1.605067652 -2.286166685 6.394526214
v 0.756338521 -2.183324362 6.644797287
v 5.243258614 4.469007323 6.192722295
v 5.269561397 4.362863840 6.233776304
v 5.510642365 4.271130957 6.324255142
v 5.585504293 4.395536405 6.302759383
v 5.369408747 4.036429125 6.364808785
v 4.965208737 3.364730108 6.480870265
v 5.018046091 2.734251214 6.698681689
v 6.045739998 3.573283801 6.685391547
v 5.995425389 4.086667848 6.506196527
v 1.958308085 -0.088001257 6.843412203
v 3.119269024 0.835103441 6.836420128
v 3.998497549 1.556106092 6.824018290
v 3.922986417 1.523971986 6.815421329
v 2.433367497 0.348677797 6.821430269
v 2.674648907 0.570465925 6.810265703
v 1.903351764 -0.020687689 6.807735741
v 1.927589717 -0.050375687 6.823470499
v 1.940260195 -0.065895194 6.831695901
v 0.037230921 0.223521942 6.258478849
v 0.056336150 0.200120791 6.270881553
v 0.061668704 0.243473502 6.258162820
v -0.157165813 -1.535606387 6.780105619
v 0.267782479 -1.200624939 6.778488231
v 0.270258298 -1.136529509 6.758321811
v 0.270732575 -1.124250701 6.754458511
v 0.277526622 -0.948362435 6.699118579
v -0.122800150 -1.256220593 6.698139990
v -0.147585661 -1.457721715 6.757255975
v -0.107206171 -1.426682391 6.757358962
v -0.147759278 -1.459133646 6.757670218
v -0.147759332 -1.459133628 6.757670199
v -0.262674684 -1.235701662 6.656252381
v -0.281473114 -1.378242839 6.697752123
v -0.103944860 -1.102930957 6.653168192
v -0.204022552 -1.916218973 6.891758946
v -0.203978540 -1.916184259 6.891758772
v -0.196864255 -1.858346990 6.874790606
v -0.190876007 -1.809663681 6.860507994
v -0.244786962 -1.787829405 6.839846538
v -0.316658993 -1.844468407 6.840114631
v -0.346009615 -1.867598288 6.840224121
v -0.349915899 -1.897217942 6.848847644
v -0.234908491 -1.912196420 6.882674532
v -0.365413139 -2.014727397 6.883059595
v -0.367833548 -2.033080413 6.888402931
v -0.354212378 -2.034680356 6.892352836
v -0.220486132 -2.050387597 6.931131071
v -0.203983445 -1.916224083 6.891770454
v -0.221830287 -2.061360583 6.934351706
v -0.209514734 -2.051676280 6.934312582
v -0.221835761 -2.061359887 6.934350102
v -0.222252358 -2.064746385 6.935343614
v -0.225617434 -2.064338633 6.934363749
v -0.910281476 -0.550048643 6.270732083
v -2.047961464 -1.478876357 6.285444566
v -1.159429690 -1.589863900 6.545250978
v -0.987647472 -1.611321417 6.595480044
v -0.972530652 -1.493089028 6.560937781
v -0.845158497 -0.496880768 6.269889913
v -0.617147655 -0.310727551 6.266941276
v -0.550393311 0.192537900 6.120516058
v -0.745994063 0.278708194 6.043297216
v -0.754995305 0.208307429 6.063865194
v -0.837564137 -0.437483447 6.252536650
v -0.889552020 -0.533124645 6.270464010
v -2.101003243 -1.669158137 6.333804151
v -1.372730632 -1.764007621 6.548009386
v -1.327799446 -1.727324783 6.547428336
v -2.129327166 -1.634465417 6.315416870
v -2.022303565 -1.836867128 6.408025499
v -1.957483370 -1.844949282 6.426974164
v -2.166152285 -1.660673192 6.314642006
v 5.238570822 4.470013666 6.191215100
v 5.242262388 4.473027544 6.191167361
v 5.566176076 4.737478017 6.186978508
v 4.372586615 6.251306223 5.395306756
v 4.120086152 6.045159124 5.398572093
v 3.782347479 5.769421621 5.402939730
v 4.036823218 5.364110319 5.598505003
v 4.536841449 4.751660101 5.923106078
v 4.666524978 4.592816482 6.007293834
v 4.676874012 4.590594824 6.010621203
v 4.726664227 4.341899283 6.103829590
v 5.030637034 4.300251811 6.193904101
v 0.470899657 3.570437093 5.282105095
v 0.701544204 3.536514297 5.351203852
v 0.879193663 4.401900153 5.115253649
v 0.641551473 4.957801360 4.875083022
v 0.574740107 5.114088925 4.807560805
v 0.593370113 5.255353018 4.766432875
v 0.510996987 5.290131049 4.734403825
v 0.496948254 5.296062441 4.728941272
v 0.429401542 5.324580742 4.702677160
v 0.378602570 5.346028128 4.682925052
v 0.231658623 5.408068035 4.625789002
v 0.214761548 5.415202001 4.619218931
v 0.146193404 5.444151551 4.592557656
v -0.073686829 5.536985245 4.507061872
v 0.033978134 6.379058893 4.261045299
v 0.116792583 7.026770679 4.071812642
v -0.154684538 7.010935636 4.008568323
v -0.355649068 5.929426035 4.308747895
v -0.900414907 5.003917941 4.471728862
v -1.067656385 4.867378210 4.473891629
v -1.116444362 4.414006830 4.608658602
v -0.204924720 4.510542048 4.806943050
v 0.025595440 4.534955470 4.857088500
v -0.047811496 3.981535688 5.018106134
v 0.045954272 4.097326435 5.004166209
v 0.074003711 4.131964445 4.999996189
v 0.252149406 4.351955273 4.973511757
v 0.309706717 4.423032386 4.964954867
v 0.420539955 4.559899609 4.948477575
v 0.301065154 3.595416055 5.231224407
v 0.373060006 3.584827178 5.252793332
v 0.284557432 2.913746589 5.448173166
v 0.401908709 3.009554830 5.446655579
v -0.011996902 2.275449897 5.580514405
v -0.179098116 2.083285651 5.600754909
v -0.221533515 1.739801412 5.701478921
v -0.085812126 1.695174264 5.750140181
v -0.083197878 0.125201143 6.260036235
v -0.055286480 0.336842414 6.198418544
v -0.075003389 0.360992784 6.185618751
v -0.102482005 0.337704056 6.186251291
v -0.133937157 0.083776446 6.260692396
v -1.226381404 1.251199977 5.606857505
v -1.563625673 1.198763004 5.538919760
v -1.357479774 0.946264010 5.672745242
v -1.664584478 1.322422979 5.473379477
v -1.728901711 1.401202313 5.431626113
v -2.074075090 1.119394948 5.436089897
v -2.622044017 0.672020702 5.443176233
v -2.557726784 0.593241368 5.484929597
v -1.875433505 1.150281057 5.476106177
v -3.407660154 -1.486366745 5.945388606
v -4.003784341 -1.417303988 5.772833568
v -3.993602654 -1.422667915 5.777138013
v -3.420984583 -1.497245110 5.945560918
v -5.926156139 -1.559487548 5.334738756
v -5.290140754 -1.637563296 5.520265186
v -5.277610126 -1.627333008 5.520103140
v -5.094560239 -1.477886933 5.517735938
v -5.996538747 -1.371942005 5.256178142
v -6.015048247 -1.450607536 5.277031912
v -5.932613488 -1.551578226 5.330546784
v -6.325858509 -1.118917284 5.091156683
v -6.346887402 -1.145848541 5.094595295
v -6.255186914 -1.156472304 5.121139058
v -6.281087141 -1.124748262 5.104325188
v -4.884763405 -1.306604045 5.515022844
v -4.811110103 -1.246471821 5.514070359
v -4.913609437 -1.120924919 5.447529997
v -5.768302560 -1.014164202 5.197617996
v -6.725152524 -0.894642954 4.917835367
v -6.945926011 -0.867065880 4.853281268
v -7.126660538 -1.014621643 4.855618528
v -6.733539646 -1.641025850 5.157820063
v -6.077939661 -1.717897325 5.347888909
v -6.037452255 -1.545825138 5.302273561
v -6.604819362 -1.476176519 5.136771924
v -3.799644012 -4.391696441 5.310438072
v -4.075048857 -4.602777923 5.171032262
v -4.261762077 -4.620245365 5.107397804
v -5.064129398 -5.237016589 4.700808059
v -5.311655348 -4.687177148 4.757269057
v -5.287432529 -4.716198912 4.757835128
v -4.529861261 -4.645326586 5.016025894
v -3.954076872 -4.202538462 5.307843931
v -1.886729914 -8.643262073 4.873526733
v -1.637633034 -6.695015286 5.431502398
v -1.640173992 -6.693926238 5.430962472
v -1.638456093 -6.503993835 5.478186833
v -1.634986311 -6.120373724 5.573569270
v -1.634718360 -6.090744926 5.580936095
v -1.558753959 -6.078082800 5.608191152
v -1.490575344 -5.544841623 5.760910827
v -1.630816321 -5.659337533 5.688200263
v -1.627332990 -5.274218799 5.783955313
v -1.479176568 -5.455689048 5.786444023
v -1.424572077 -5.028614147 5.908757789
v -2.333281352 -3.721701113 5.941140795
v -2.945736732 -4.203305675 5.628128256
v -3.098640659 -4.016020417 5.625559798
v -2.486987977 -3.533432667 5.938558852
v -2.561215690 -3.442514424 5.937311986
v -3.102506909 -3.857382109 5.663318458
v -2.567089810 -3.435319474 5.937213313
v -1.176194654 -4.993967126 5.996212606
v -1.325714693 -4.255426697 6.130197796
v -1.222279794 -3.446437404 6.361891409
v -1.451594480 -3.633655108 6.242998911
v -1.557304300 -3.111511209 6.337725681
v -2.242098394 -3.649999352 5.987742409
v -2.249176423 -3.529322920 6.015150667
v -2.251117344 -3.496230910 6.022666594
v -2.258254299 -3.374549510 6.050303108
v -2.259464302 -3.353918852 6.054988796
v -2.267472853 -3.217377923 6.086000221
v -2.268495533 -3.199941378 6.089960450
v -1.634143966 -2.731968757 6.406581855
v -1.611698135 -2.842837877 6.386468101
v -1.607823715 -2.861975344 6.382996195
v -1.585317034 -2.973144895 6.362827945
v -1.114468994 -2.603223132 6.603387018
v -1.095979837 -2.458614977 6.644802630
v -1.092755590 -2.433397508 6.652024890
v -0.948236748 -2.319373585 6.725979057
v -1.076260340 -2.304384029 6.688974198
v -1.076235769 -2.304365241 6.688986624
v -1.069966133 -2.255155516 6.703073188
v -1.057436719 -2.157159873 6.731139025
v -1.057487531 -2.157153604 6.731124417
v -1.261734488 -2.132080740 6.672372185
v -1.325024035 -2.124311430 6.654166772
v -1.483229720 -2.256643720 6.571363101
v -1.431585607 -2.262699180 6.586288538
v -2.717248811 -3.251396354 5.934690963
v -3.317901142 -2.515683879 5.924601290
v -4.803808874 -3.728812613 5.154204567
v -4.749551837 -3.993135962 5.106487735
v -5.070948657 -3.946911583 5.015700938
v -5.716294209 -4.473786312 4.681109436
v -1.944344614 -9.093880547 4.744470114
v -5.432489356 -4.785828769 4.694620400
v -1.639744629 -2.704304812 6.411600616
v -0.774254322 -5.114811039 6.094259192
v -0.653154747 -5.567894719 6.021396081
v -0.619246425 -5.292227014 6.099921845
v -0.608890890 -5.208038642 6.123903458
v -0.295604891 -4.952264855 6.286332458
v -0.532566238 -4.587534871 6.300658049
v -0.675668415 -4.367272578 6.309309343
v -0.683764587 -4.354810960 6.309798805
v -0.776751704 -5.105467300 6.095761815
v -0.894745115 -4.664005066 6.166756012
v -1.064138364 -5.995638260 5.785652791
v -1.073749534 -5.997240342 5.782204415
v -1.179577454 -6.014880132 5.744234744
v -1.283410846 -6.855337052 5.504680899
v -1.203967613 -7.094863119 5.471063056
v -1.106865603 -7.387631450 5.429972581
v -1.078566731 -7.422293487 5.430447941
v -0.886513809 -5.966031058 5.849382175
v -0.885064718 -3.171127377 6.536726888
v -1.250843678 -6.026759080 5.718665349
v -0.975402742 -4.362231469 6.215286039
v -0.979573971 -4.346625171 6.217795782
v -0.971339649 -4.329343822 6.224659949
v -0.821875521 -3.119538285 6.569488512
v -1.440060711 -5.503600332 5.787101086
v -1.253715177 -8.628017959 5.078459307
v -1.226068924 -8.540745401 5.108694274
v -1.186314392 -8.239302247 5.195412747
v -1.083347082 -7.458541191 5.420020292
v -1.223099381 -7.245261837 5.428020102
v -1.447745034 -9.011244718 4.922609320
v -1.466214666 -9.156438191 4.881056065
v -1.307171191 -9.155712337 4.931782000
v -1.278457214 -9.155581282 4.940940147
v -1.218455505 -8.671205973 5.079051594
v -1.239822592 -8.645034373 5.078692673
v -0.378864648 -1.893447716 7.011615005
v -0.378870425 -1.893494347 7.011601709
v -0.378818826 -1.893453684 7.011628102
v -0.349915914 -1.897217970 7.019888967
v -0.346009651 -1.867598298 7.028409886
v -0.316659013 -1.844468452 7.043422632
v -0.342523432 -1.841471935 7.035938779
v -0.342568810 -1.841507738 7.035915558
v -0.342563477 -1.841467295 7.035927192
v -0.372003062 -1.838056636 7.027408853
v -0.375665335 -1.867620498 7.018979195
v -0.404215171 -1.890146090 7.004369465
v -0.395755304 -2.029800770 6.972736233
v -0.531590283 -2.013845806 6.933486003
v -0.801278577 -2.517010044 6.724113879
v -0.922430850 -2.612278228 6.662195595
v -0.903258683 -2.467737653 6.703811673
v -1.118892103 -2.637817336 6.593479278
v -1.137221869 -2.781179225 6.552420611
v -2.256261770 -1.648937446 6.475028128
v -3.420984583 -1.497245110 6.142133742
v -3.993602654 -1.422667915 5.978471330
v -3.590045540 -1.635270305 6.054480919
v -3.574822618 -1.643290061 6.057348141
v -3.542815039 -1.660152330 6.063376737
v -3.134659742 -1.875177138 6.140252389
v -3.099805081 -1.893539308 6.146817231
v -3.105716715 -1.905717905 6.141945333
v -3.179514418 -2.057748191 6.081127352
v -3.370518584 -2.451235102 5.923717430
v -2.810056994 -2.101068413 6.187902610
v -2.640700816 -1.962802192 6.275708496
v -2.607982604 -1.936090303 6.292671867
v -2.436876787 -1.796395638 6.381384885
v -2.430086176 -1.790851629 6.384905605
v -2.424954817 -1.786662271 6.387566055
v -4.758235202 -1.517391128 5.712174665
v -5.094560214 -1.477886913 5.614991789
v -5.290140743 -1.637563287 5.513589397
v -5.926156109 -1.559487584 5.330637722
v -5.767067494 -1.754348193 5.333310070
v -5.475115258 -1.788580671 5.417685891
v -5.633529171 -1.917913379 5.335553228
v -5.479661100 -2.106379574 5.338137882
v -5.138716464 -1.828024649 5.514907021
v -4.955713389 -1.678616794 5.609788396
v -4.940634571 -1.666306105 5.617606292
v -6.733539646 -1.641025850 5.053994216
v -7.275160794 -2.334668541 4.711383224
v -6.816738329 -2.883912139 4.722096256
v -6.063678280 -2.269096856 5.112534357
v -6.175427101 -2.132220667 5.110657216
v -6.077939661 -1.717897325 5.243466273
v -8.166167345 -1.473045060 4.639956812
v -7.366850226 -2.452093247 4.653383629
v -7.410389656 -2.172648587 4.708223014
v -7.449617024 -1.557063182 4.847043856
v -7.461068334 -1.377360607 4.887568635
v -7.427282191 -1.375212965 4.898834432
v -8.337237272 -1.263509072 4.637083204
v -8.328256891 -1.274508743 4.637234055
v -6.935286018 -2.980697158 4.660632983
v -6.493919282 -3.521307752 4.668047000
v -6.421229002 -3.357778457 4.731339049
v -0.683994283 -2.003735311 6.799249325
v -0.684028011 -2.003761162 6.799231946
v -0.394922901 -2.238488441 6.834044491
v -0.388889660 -2.192740718 6.847440395
v -0.388903926 -2.192739052 6.847436196
v -0.388887764 -2.192726342 6.847444605
v -0.225617451 -2.064338658 6.932382433
v -0.369654162 -2.046885422 6.890149920
v -0.369682100 -2.046882037 6.890141729
v -0.369650420 -2.046857050 6.890158228
v -0.220486132 -2.050387597 6.937532442
v -0.354212329 -2.034680339 6.898198805
v -0.367833548 -2.033080413 6.894192320
v -0.365413139 -2.014727397 6.899566472
v -0.234908491 -1.912196420 6.967435809
v -0.349915899 -1.897217942 6.933975738
v -0.378818799 -1.893453676 6.925566768
v -0.395755302 -2.029800734 6.885979547
v -0.531590283 -2.013845806 6.846025636
v -0.544686600 -2.012307546 6.842173539
v -0.543006279 -1.999650864 6.845883291
v -0.557186932 -2.010839270 6.838496749
v -0.573557784 -2.008916385 6.833681496
v -0.590383532 -1.931988211 6.847482053
v -0.675180352 -1.996979961 6.803790681
v -0.683075635 -1.996052602 6.801468395
v -0.733727861 -1.990103072 6.786569773
v -0.733793465 -1.990154816 6.786535605
v -0.734722832 -1.997410181 6.784419969
v -0.735383651 -2.002569173 6.782915632
v -0.747655639 -2.001082213 6.779317388
v -0.839878122 -1.989907380 6.752277158
v -0.852302261 -2.083573796 6.724826562
v -0.859560838 -2.138296685 6.708789054
v -0.859561970 -2.138304832 6.708786650
v -0.754329043 -2.150475621 6.739786854
v -0.756595624 -2.168170652 6.734627066
v -0.759864276 -2.193689118 6.727186016
v -0.759810764 -2.193695687 6.727201684
v -0.708274877 -2.200022123 6.742291902
v -0.615723260 -2.211383493 6.769391950
v -0.719778269 -2.293134422 6.715277801
v -0.723868918 -2.326244923 6.705671630
v -0.726235919 -2.345403931 6.700113133
v -0.601660608 -2.360010894 6.736761534
v -0.601627994 -2.360014718 6.736771128
v -0.591015444 -2.361259078 6.739893201
v -0.494005414 -2.372633856 6.768432273
v -0.583261063 -2.215368503 6.778897198
v -0.583290931 -2.215364836 6.778888453
v -0.583257221 -2.215338297 6.778905997
v -0.557242653 -2.010832733 6.838480357
v -0.684024354 -2.003731562 6.799240534
v -2.945736743 -4.203305661 5.517299559
v -2.333281352 -3.721701113 5.835916145
v -2.395876142 -3.645031523 5.834844886
v -2.413319922 -3.623665408 5.834546350
v -2.476370858 -3.546437105 5.833467284
v -2.486987945 -3.533432705 5.833285582
v -3.098640659 -4.016020417 5.514682733
v -3.088308072 -4.028676345 5.514859567
v -3.025988713 -4.105008572 5.515926112
v -3.007603344 -4.127527997 5.516240763
v -1.627332990 -5.274218799 5.675932813
v -1.630816321 -5.659337533 5.578466368
v -1.490575344 -5.544841623 5.652478679
v -1.479176568 -5.455689048 5.678468389
v -1.283410846 -6.855337052 5.391672735
v -1.250843678 -6.026759080 5.609482051
v -1.378150504 -6.047979128 5.562987635
v -1.473316419 -6.765440907 5.352722783
v -1.352115582 -6.817387264 5.378938829
v -1.286698414 -6.845424838 5.393088739
v -1.094352379 -9.154740998 4.877628370
v -1.058912617 -8.866623000 4.961168054
v -1.218455483 -8.671205999 4.958437607
v -1.327799446 -1.727324783 6.660112058
v -1.159429690 -1.589863900 6.748969360
v -2.173005802 -1.580965388 6.423284800
v -2.129327191 -1.634465386 6.424032324
v -4.144464624 -1.589483570 5.783350632
v -3.986473542 -1.608040942 5.829821436
v -4.014962684 -1.588410838 5.825515249
v -4.383429785 -1.334523742 5.769820567
v -4.475671560 -1.359883723 5.733634715
v -4.557122454 -1.353198124 5.708956287
v -4.610823795 -1.397041116 5.680615353
v -4.735224200 -1.498604424 5.614962919
v -6.281087141 -1.124748262 5.208369870
v -6.255186914 -1.156472304 5.208813131
v -6.346887402 -1.145848541 5.181803923
v -6.454905211 -1.284184653 5.112252646
v -6.472979811 -1.307332408 5.100614644
v -6.478911533 -1.314929015 5.096795291
v -6.480868391 -1.315053409 5.096131093
v -6.479164931 -1.315253500 5.096632140
v -6.603141615 -1.474027906 5.016805124
v -6.604819362 -1.476176519 5.015724855
v -6.037452255 -1.545825138 5.181855604
v -6.077939661 -1.717897325 5.125712398
v -6.175427101 -2.132220667 4.990528200
v -6.063678280 -2.269096856 4.992440690
v -5.636161568 -2.792743168 4.999757291
v -5.356522043 -2.564439125 5.147337321
v -4.985708472 -3.125037830 5.127065570
v -6.186505628 -2.829727833 4.812458922
v -6.421229002 -3.357778457 4.604426877
v -6.493919282 -3.521307752 4.540002497
v -5.716294209 -4.473786312 4.553310918
v -5.581566768 -4.363791776 4.624413456
v -5.070948657 -3.946911583 4.893892657
v -4.749551828 -3.993136009 4.986307171
v -4.803808874 -3.728812613 5.034875936
v -3.317901142 -2.515683879 5.819065177
v -3.370518584 -2.451235102 5.818164673
v -3.179514418 -2.057748191 5.978390912
v -5.138716464 -1.828024649 5.402019486
v -5.633529171 -1.917913379 5.219452298
v -5.475115258 -1.788580671 5.303055394
v -5.767067476 -1.754348215 5.217166898
v -5.068966402 -1.456991545 5.517400845
v -4.894026655 -1.314166772 5.609725466
v -4.960689631 -3.049276739 5.154111671
v -5.996538747 -1.371942005 5.238589679
v -5.479661100 -2.106379574 5.222085625
v -5.926156109 -1.559487584 5.214444226
v -5.932613475 -1.551578242 5.214333713
v -6.015048216 -1.450607574 5.212922910
v -3.102506909 -3.857382109 5.553116156
v -2.561215690 -3.442514424 5.832015234
v -2.567089778 -3.435319513 5.831914704
v -5.154821529 -5.125931809 4.571819984
v -5.064129398 -5.237016589 4.573372106
v -4.261762077 -4.620245365 4.987241376
v -4.529861226 -4.645326618 4.894232145
v -5.287432529 -4.716198912 4.631414767
v -5.311655348 -4.687177148 4.630838189
v -5.432489356 -4.785828769 4.567067925
v -7.366850226 -2.452093247 4.525062993
v -6.935286018 -2.980697158 4.532448864
v -6.816738329 -2.883912139 4.595012522
v -7.275160794 -2.334668541 4.584100638
v -1.118892103 -2.637817336 6.701558397
v -1.114469034 -2.603223163 6.711558878
v -1.585317034 -2.973144895 6.469496393
v -1.607823689 -2.861975349 6.489918393
v -1.611698136 -2.842837904 6.493433967
v -1.634143958 -2.731968807 6.513800776
v -1.639744629 -2.704304812 6.518882690
v -2.268495557 -3.199941342 6.195230712
v -2.267472844 -3.217377860 6.191227674
v -2.259464346 -3.353918834 6.159880854
v -2.258254356 -3.374549493 6.155144489
v -2.251117366 -3.496230887 6.127209118
v -2.249176405 -3.529322906 6.119611922
v -2.242098410 -3.649999309 6.091907260
v -1.557304300 -3.111511209 6.444078308
v -1.451594480 -3.633655108 6.348159747
v -1.533454020 -6.739666106 5.550852367
v -1.637632971 -6.695015288 5.528702524
v -1.886729914 -8.643262073 4.965502790
v -1.717244707 -8.604432200 5.029214710
v -1.610489478 -9.502804938 4.840215775
v -1.549144624 -9.577943536 4.841130448
v -1.493199470 -9.156561400 4.963603631
v -1.496964668 -9.156578585 4.962398153
v -1.490775438 -9.138303154 4.968910311
v -1.447745034 -9.011244718 5.014185646
v -1.223099401 -7.245261812 5.524330367
v -1.237157977 -7.228042085 5.524120748
v -1.317325122 -7.129848894 5.522925429
v -1.493095347 -6.914555720 5.520304634
v -1.498006695 -6.951582543 5.509544374
v -1.498022844 -6.908520246 5.520231163
v -1.507717367 -6.896645854 5.520086614
v -1.635990233 -2.238732006 6.635677567
v -2.810056994 -2.101068413 6.295295680
v -3.317901142 -2.515683879 6.030333306
v -2.717248811 -3.251396354 6.039289241
v -2.284975281 -2.918970556 6.259735449
v -1.689062568 -2.460703403 6.563632608
v -1.431585607 -2.262699180 6.694937941
v -1.483229720 -2.256643720 6.679965436
v -1.565312298 -2.325302284 6.636731399
v -3.954076848 -4.202538490 5.408544962
v -4.529861261 -4.645326586 5.114912629
v -4.261762123 -4.620245378 5.206671683
v -4.075048871 -4.602777966 5.270575777
v -3.799644012 -4.391696441 5.410847609
v -3.863187238 -4.313865154 5.409900158
v -8.433175563 -1.145998502 4.738487159
v -8.337237272 -1.263509072 4.739917633
v -6.603141654 -1.474027915 5.240876229
v -6.479164910 -1.315253534 5.319850621
v -6.480868391 -1.315053409 5.319356849
v -7.367138849 -1.210953583 5.062457035
v -7.441734765 -1.271855379 5.023537396
v -7.504642332 -1.194802683 5.022599422
v -8.368649324 -1.093317818 4.772153050
v -6.186505628 -2.829727833 5.037188726
v -4.985708472 -3.125037830 5.346956368
v -4.960689631 -3.049276739 5.373748854
v -5.356522043 -2.564439125 5.367846856
v -5.636161568 -2.792743168 5.221947858
v -6.063678280 -2.269096856 5.215573435
v -6.816738329 -2.883912139 4.822672229
v -6.421229002 -3.357778457 4.831195218
v -7.449617024 -1.557063182 4.950208449
v -7.410389656 -2.172648587 4.809879399
v -7.275160794 -2.334668541 4.812793500
v 5.467852575 -4.386687084 4.626887305
v 5.442054092 -4.355087663 -7.139721741
v 6.417750462 -3.183062275 4.771316188
v 6.533028099 -3.088947000 4.772118225
v 4.903551024 -2.888916335 5.253452907
v 5.008823979 -3.017860521 5.185005515
v 5.008823979 -3.017860521 -7.139721741
v 2.197817979 -2.422885589 -7.139721741
v 2.193845370 -2.362561104 -7.139721741
v 2.193510086 -2.357469530 -7.139721741
v 2.191947920 -2.333748167 -7.139721741
v 2.223738926 -2.337482227 -7.139721741
v 3.968002063 -2.340859169 -7.139721741
v 3.974539349 -2.231154024 -7.139721741
v 6.935797230 -2.601048132 -7.139721741
v 7.514569493 -1.382855367 -7.139721741
v 4.464521314 1.623754011 6.818549074
v 4.464521314 1.623754011 6.714202979
v 4.483094989 1.762328707 -7.139721741
v 4.487915018 1.798289847 -7.139721741
v 4.413143356 1.910700819 -7.139721741
v 4.487894924 2.105522866 -7.139721741
v 1.958308058 -0.088001223 6.908757040
v 1.940260212 -0.065895215 6.920491564
v 1.940260212 -0.065895215 -7.139721741
v 0.926046956 -0.865149509 6.922697917
v 0.926046956 -0.865149509 -7.139721741
v 0.993165498 -0.947360044 -7.139721741
v 0.868962092 -1.044940539 -7.139721741
v 0.756869875 -0.974061819 -7.139721741
v 0.703491659 -0.940309493 -7.139721741
v 0.644961483 -0.903299472 -7.139721741
v -0.301399223 -1.268093078 7.107048785
v -0.301399223 -1.268093078 6.861468902
v -0.463929786 -1.404042998 -7.139721741
v -0.481974670 -1.419136716 -7.139721741
v -0.987647472 -1.611321372 -7.139721741
v -1.007227797 -1.764463931 -7.139721741
v -0.868501660 -1.829677901 -7.139721741
v -0.839146265 -1.984390013 -7.139721741
v -0.839873949 -1.989876416 -7.139721741
v -0.839878140 -1.989907334 -7.139721741
v -0.734722886 -1.997410182 -7.139721741
v -0.733727898 -1.990103093 -7.139721741
v -0.683075635 -1.996052602 6.970357992
v -0.573557797 -2.008916379 -7.139721741
v -0.544686621 -2.012307515 -7.139721741
v -0.404215168 -1.890146141 -7.139721741
v -0.342563442 -1.841467270 -7.139721741
v -0.342523476 -1.841471948 -7.139721741
v -0.200126752 -1.884870120 -7.139721741
v -0.203978499 -1.916184286 -7.139721741
v -0.203983445 -1.916224083 -7.139721741
v -0.209514737 -2.051676261 -7.139721741
v -0.221830287 -2.061360583 -7.139721741
v -0.221836470 -2.061365501 -7.139721741
v -0.388887721 -2.192726333 -7.139721741
v -0.388889671 -2.192740705 -7.139721741
v -0.394922871 -2.238488437 -7.139721741
v -0.439022168 -2.379080811 -7.139721741
v -0.494005396 -2.372633893 -7.139721741
v -0.591015425 -2.361259089 -7.139721741
v -0.601627979 -2.360014749 -7.139721741
v -0.601664801 -2.360043650 -7.139721741
v -0.801278530 -2.517010043 -7.139721741
v -0.821875555 -3.119538313 -7.139721741
v -0.975402728 -4.362231460 -7.139721741
v -0.532566252 -4.587534928 6.097572880
v -0.619246447 -5.292226987 -7.139721741
v -1.186314351 -8.239302236 5.089238733
v -1.239822592 -8.645034373 4.972313015
v -1.058912634 -8.866622979 4.854687222
v -1.058912634 -8.866622979 -7.139721741
v -1.094352347 -9.154740977 -7.139721741
v -1.307171153 -9.155712310 -7.139721741
v -1.523784535 -9.609005988 4.734640556
v -1.549144624 -9.577943536 -7.139721741
v -1.523784535 -9.609005988 -7.139721741
v -1.388762615 -9.774388366 4.646850693
v -1.388762615 -9.774388366 -7.139721741
v -1.359544757 -9.810176028 4.627853542
v -1.359544757 -9.810176028 -7.139721741
v -1.261456233 -9.930320323 -7.139721741
v -1.181747349 -9.865244184 4.564631962
v -1.181747349 -9.865244184 -7.139721741
v 4.492068897 -5.233012069 -7.139721741
v 4.888909142 -4.909022703 4.606868130
v 4.888909142 -4.909022703 -7.139721741
v 5.309065592 -4.565997459 4.609791339
v 5.309065592 -4.565997459 -7.139721741
v 5.492186877 -4.416493094 -7.139721741
v 1.017891783 -0.952440664 -7.139721741
v -0.856667155 -4.088679914 -7.139721741
v -0.578474260 -3.504834650 -7.139721741
v -0.473619540 -2.835214213 6.646613230
v -0.473619540 -2.835214213 -7.139721741
v -0.405070442 -2.779249177 6.647090156
v -0.405070442 -2.779249177 -7.139721741
v -0.607289703 -3.848783517 -7.139721741
v 0.487354945 -1.795565740 6.735419141
v 1.840041640 -2.094328598 6.293122831
v 1.746970170 -2.170314254 -7.139721741
v 1.601898917 -2.288753712 -7.139721741
v 1.394420332 -2.458143928 6.290022452
v -0.178865292 -1.712347358 -7.139721741
v -0.178910078 -1.712382631 -7.139721741
v -0.178905090 -1.712342412 -7.139721741
v -0.665811129 -1.856076126 -7.139721741
v -0.665779385 -1.856051758 -7.139721741
v -0.665782856 -1.856079765 -7.139721741
v 3.988752579 -2.575002916 -7.139721741
v 3.954298266 -2.570827909 -7.139721741
v 3.953633613 -2.581981621 -7.139721741
v 3.888180339 -2.687407686 5.474015524
v 3.806338525 -2.754225196 5.472437702
v 3.674987270 -2.861463336 -7.139721741
v 4.100577733 -2.711972601 -7.139721741
v -1.106865618 -7.387631432 -7.139721741
v -1.283410858 -6.855337096 -7.139721741
v -1.634986306 -6.120373666 -7.139721741
v -1.637632971 -6.695015288 5.701869991
v -1.498022856 -6.908520231 -7.139721741
v -1.317325139 -7.129848873 -7.139721741
v -1.944344614 -9.093880547 -7.139721741
v -1.804832504 -9.264762761 -7.139721741
v -1.684482755 -9.412173846 -7.139721741
v 7.715970735 2.073963310 -7.139721741
v 7.460662308 2.386679310 -7.139721741
v 6.668554791 3.356896776 -7.139721741
v 6.595257177 3.446675781 -7.139721741
v 5.927764128 2.774375736 -7.139721741
v 4.098220854 1.818861951 -7.139721741
v 5.453302424 2.638416446 -7.139721741
v 5.561683714 2.585673388 -7.139721741
v 5.639582873 2.547764292 -7.139721741
v 5.648004243 2.699535142 -7.139721741
v 6.591652376 3.451091142 -7.139721741
v 6.530623733 3.525842428 -7.139721741
v 6.517848825 3.541489847 -7.139721741
v 6.503050170 3.559616066 -7.139721741
v 6.455428856 3.617945307 -7.139721741
v 6.426084513 3.653887895 -7.139721741
v 6.362842396 3.731350367 -7.139721741
v 6.264247936 3.852114361 -7.139721741
v 5.566176076 4.737478017 -7.139721741
v 5.510642416 4.271130957 -7.139721741
v 5.033006067 2.555741556 -7.139721741
v 1.965095263 0.137345538 -7.139721741
v 1.905837410 0.120722752 -7.139721741
v 2.704257877 2.400943167 6.436190408
v 2.704257877 2.400943167 6.323633218
v 2.704257877 2.400943167 -7.139721741
v 3.275147390 2.867030298 6.429813524
v 3.275147390 2.867030298 6.317220911
v 5.030637028 4.300251806 6.410204556
v 4.536841452 4.751660098 6.030280059
v 4.120086143 6.045159117 5.513477248
v 4.372586614 6.251306221 -7.139721741
v 3.090767220 7.877036255 -7.139721741
v 2.273082611 7.259937233 -7.139721741
v 2.890369147 8.131200898 -7.139721741
v 1.761861158 9.562486296 -7.139721741
v 1.146111966 9.059774706 3.809619858
v 1.146111966 9.059774706 -7.139721741
v 1.088944661 9.013102024 3.810261968
v 1.088944661 9.013102024 -7.139721741
v 0.959040095 8.907044994 3.811721074
v 0.959040095 8.907044994 -7.139721741
v 0.898464442 8.857589658 3.812401468
v 0.898464442 8.857589658 -7.139721741
v 0.816818996 8.790932466 3.813318520
v 0.816818996 8.790932466 -7.139721741
v 0.630831600 8.639088143 3.815407556
v 0.630831600 8.639088143 -7.139721741
v 0.627345789 8.636242248 3.815446709
v 0.627345789 8.636242248 -7.139721741
v 0.562587162 8.583371838 3.816174086
v 0.562587162 8.583371838 -7.139721741
v 0.287053148 8.358419627 3.819268921
v 0.287053148 8.358419627 -7.139721741
v 0.061482428 8.174258582 -7.139721741
v -0.154684540 7.010935697 -7.139721741
v 0.033978155 6.379058863 4.387962524
v 0.146193371 5.444151546 -7.139721741
v 0.231658598 5.408068033 -7.139721741
v 0.429401481 5.324580749 -7.139721741
v 0.400844083 5.520872828 -7.139721741
v 0.595960345 7.054720148 -7.139721741
v 0.659597749 7.058432063 -7.139721741
v 0.832491390 7.068516816 -7.139721741
v 0.901674957 7.072552257 -7.139721741
v 0.599323599 6.003164493 -7.139721741
v 0.591744447 5.941980265 -7.139721741
v 0.593370104 5.255353071 -7.139721741
v 0.641551472 4.957801397 -7.139721741
v 0.284557467 2.913746618 -7.139721741
v 0.364927909 2.708908551 -7.139721741
v 0.176507700 2.094447231 5.791130685
v 0.176507700 2.094447231 -7.139721741
v 0.123218943 2.159718272 5.757008108
v 0.123218943 2.159718272 -7.139721741
v 0.025161851 2.279824068 5.694218865
v -0.321289408 1.919767511 5.722753981
v -0.344183274 1.747169011 -7.139721741
v -0.350228867 0.698104299 6.105486132
v -0.350228867 0.698104299 -7.139721741
v -0.384133915 0.739633093 6.083775593
v -0.507174483 -0.220942962 6.359704456
v -0.507174483 -0.220942962 -7.139721741
v -0.458902736 -0.181532814 -7.139721741
v -0.055286479 0.336842412 6.294347630
v -0.122800134 -1.256220562 -7.139721741
v 0.270258254 -1.136529512 6.845820155
v 0.774054250 -0.984927903 -7.139721741
v 0.913848057 -0.850207618 -7.139721741
v 3.678242602 5.684428041 -7.139721741
v -0.759864259 -2.193689144 -7.139721741
v -0.859561970 -2.138304832 -7.139721741
v -0.859570257 -2.138303852 -7.139721741
v -0.859560863 -2.138296699 -7.139721741
v -0.852302260 -2.083573821 -7.139721741
v -0.839909383 -1.989903537 -7.139721741
v -1.020689136 -1.869748378 -7.139721741
v -0.958734644 -1.817926081 -7.139721741
v -1.327799414 -1.727324757 -7.139721741
v -1.807488056 -2.028671908 -7.139721741
v -1.750131552 -2.072126282 -7.139721741
v -1.483229763 -2.256643705 -7.139721741
v -1.261734497 -2.132080684 -7.139721741
v -1.076257613 -2.304362677 6.688980312
v -1.076257613 -2.304362677 -7.139721741
v -1.076235769 -2.304365241 -7.139721741
v -0.948236773 -2.319373572 -7.139721741
v -1.095979800 -2.458614956 -7.139721741
v -0.741643291 -2.470115867 -7.139721741
v -0.601660566 -2.360010888 -7.139721741
v -0.837564152 -0.437483458 -7.139721741
v -0.745994079 0.278708185 -7.139721741
v -1.563625647 1.198762973 -7.139721741
v -4.003784368 -1.417303979 -7.139721741
v -4.284464886 -1.384786300 -7.139721741
v -4.144464604 -1.589483558 -7.139721741
v -4.758235202 -1.517391128 5.602818840
v -4.940634536 -1.666306076 5.715503627
v -4.940634536 -1.666306076 -7.139721741
v -4.955713381 -1.678616787 5.715672995
v -4.955713381 -1.678616787 -7.139721741
v -2.679650434 3.551309752 -7.139721741
v -3.389593992 2.971695748 -7.139721741
v -5.960263598 0.872942847 -7.139721741
v -7.484879978 -0.371788503 -7.139721741
v -7.899923904 -0.710639767 -7.139721741
v -7.939507228 -0.742956489 -7.139721741
v -8.114649877 -0.885946916 -7.139721741
v -8.173753744 -0.934200651 -7.139721741
v -8.317911405 -1.051894231 -7.139721741
v -8.351917430 -1.079657521 -7.139721741
v -8.368649324 -1.093317818 -7.139721741
v -7.367138869 -1.210953599 -7.139721741
v -6.472979839 -1.307332396 -7.139721741
v -6.346887449 -1.145848527 -7.139721741
v -6.325858554 -1.118917269 -7.139721741
v -6.725152565 -0.894642973 -7.139721741
v -5.768302571 -1.014164211 5.300951162
v -4.894026630 -1.314166752 -7.139721741
v -4.557122483 -1.353198149 -7.139721741
v -4.552979016 -1.349815328 -7.139721741
v -0.231785053 2.594546966 -7.139721741
v -0.151223008 2.557965566 -7.139721741
v -0.117002722 2.585903783 -7.139721741
v -7.446802809 -1.376453819 4.892325391
v -7.446802809 -1.376453819 -7.139721741
v -7.449616994 -1.557063147 -7.139721741
v -1.067656385 4.867378210 -7.139721741
v -1.679532454 4.367828727 -7.139721741
v -1.658112096 4.341591878 -7.139721741
v 5.003505457 3.428371579 6.469873783
v 5.003505457 3.428371579 -7.139721741
v 5.238570859 4.470013696 -7.139721741
v 1.530988294 0.015571296 -7.139721741
v 3.617238052 1.393859369 -7.139721741
v 5.020964856 2.699423367 -7.139721741
v 5.018046076 2.734251201 -7.139721741
v 4.108452446 1.813849557 -7.139721741
v -0.682092643 -1.586526859 -7.139721741
v -0.133937130 0.083776468 -7.139721741
v -0.277344037 0.189504485 -7.139721741
v -0.419796455 0.135004514 -7.139721741
v -0.784101576 -1.569403869 -7.139721741
v -0.701578726 -1.602826121 -7.139721741
v -1.956206954 -1.846512707 -7.139721741
v -4.644672431 -1.154518124 -7.139721741
v -4.383429812 -1.334523786 -7.139721741
v -4.316547789 -1.380607898 5.779929927
v -4.316547789 -1.380607898 -7.139721741
v -4.315742550 -1.381162683 -7.139721741
v -3.420984550 -1.497245084 -7.139721741
v -2.430086163 -1.790851618 -7.139721741
v -2.436876756 -1.796395612 -7.139721741
v 0.208980354 2.852043751 -7.139721741
v 0.088022084 2.753290679 -7.139721741
v 0.044240992 2.717546804 -7.139721741
v -0.235763792 1.624617119 -7.139721741
v -0.385306190 1.793652160 -7.139721741
v -0.179098128 2.083285627 -7.139721741
v 0.025161851 2.279824068 -7.139721741
v 0.274571875 1.974332760 -7.139721741
v 3.713653022 5.713337910 -7.139721741
v 3.729559750 5.853498233 -7.139721741
v 0.691854876 6.002124814 -7.139721741
v 0.730556976 7.062571122 -7.139721741
v 0.510996996 5.290131075 -7.139721741
v -2.670757643 3.540417366 -7.139721741
v 6.029621510 -3.977719285 -7.139721741
v 6.441489475 -3.641460948 -7.139721741
v 6.646532978 -3.209887900 -7.139721741
v 6.777568417 -2.934086239 -7.139721741
v 6.805341520 -2.875629676 -7.139721741
v 6.812331359 -2.860917491 -7.139721741
v 6.898132907 -2.680323442 -7.139721741
v 3.960982044 -2.458664871 -7.139721741
v 3.961476823 -2.541594048 -7.139721741
v 6.729978294 -2.928152399 -7.139721741
v 6.635646122 -3.005167321 -7.139721741
v 6.417750462 -3.183062275 -7.139721741
v 5.467852575 -4.386687084 -7.139721741
v 3.888180339 -2.687407686 -7.139721741
v 3.956078046 -2.540959936 -7.139721741
v 2.202398187 -2.492437565 -7.139721741
v 2.206706406 -2.557858134 -7.139721741
v 2.224951860 -2.834918087 -7.139721741
v 4.280599771 -2.932473634 -7.139721741
v 3.806338525 -2.754225196 -7.139721741
v 3.155952522 -3.223753946 -7.139721741
v -0.883286911 -5.965493233 -7.139721741
v -0.834457292 -5.571306763 5.962935553
v -0.834457292 -5.571306763 -7.139721741
v 0.747714343 -7.822948118 -7.139721741
v 7.805837784 1.963889136 -7.139721741
v 7.799893025 1.971170609 -7.139721741
v 7.576505113 2.101140324 -7.139721741
v -1.064138392 -5.995638289 -7.139721741
v -0.896078912 -4.659014834 -7.139721741
v -1.010098131 -3.273207488 -7.139721741
v -1.222279772 -3.446437386 -7.139721741
v -1.239515443 -5.002799929 -7.139721741
v 5.380429384 2.673879615 -7.139721741
v 4.408913723 1.899677275 -7.139721741
v 4.485851394 1.782893515 -7.139721741
v 5.084178823 2.254820918 -7.139721741
v 5.249352192 2.543823617 -7.139721741
v -0.497990086 -2.855110879 -7.139721741
v -0.555597803 -3.456823717 -7.139721741
v 7.814122501 1.953741553 -7.139721741
v 8.672252394 1.053821285 -7.139721741
v 8.082922010 1.323751978 -7.139721741
v 6.752364639 -2.909875680 -7.139721741
v 3.999076032 -2.587647657 -7.139721741
v 4.171689952 -2.799074814 -7.139721741
v 4.827752817 -2.796074463 -7.139721741
v 2.989481284 -3.392558958 -7.139721741
v -0.263449061 -2.399667360 -7.139721741
v 1.248850918 -2.576990096 -7.139721741
v 1.328630293 -2.511856407 -7.139721741
v 5.525791180 2.603140299 -7.139721741
v 5.316907488 2.595600817 -7.139721741
v 5.247296298 2.540226403 -7.139721741
v 4.934907956 1.993642762 -7.139721741
v 4.513605984 1.989964870 -7.139721741
v 1.853028641 -1.052870030 -7.139721741
v 0.272024431 -1.912669125 -7.139721741
v 0.006395467 -1.881895230 -7.139721741
v 0.174779638 -1.965553786 -7.139721741
v 1.840041640 -2.094328598 -7.139721741
v 1.927589717 -0.050375687 -7.139721741
v 1.958308058 -0.088001223 -7.139721741
v 0.270732575 -1.124250701 -7.139721741
v 0.277526622 -0.948362435 -7.139721741
v -0.204022588 -1.916218990 -7.139721741
v -0.196864255 -1.858346990 -7.139721741
v -0.190876007 -1.809663681 -7.139721741
v -0.244786962 -1.787829405 -7.139721741
v -0.346009615 -1.867598288 -7.139721741
v -0.354212378 -2.034680356 -7.139721741
v -0.972530652 -1.493089028 -7.139721741
v -0.754995305 0.208307429 -7.139721741
v -0.889552020 -0.533124645 -7.139721741
v -0.910281442 -0.550048615 -7.139721741
v -2.022303565 -1.836867128 -7.139721741
v 0.214761548 5.415202001 -7.139721741
v -0.355649068 5.929426035 -7.139721741
v -0.900414907 5.003917941 -7.139721741
v 0.045954272 4.097326435 -7.139721741
v 0.074003711 4.131964445 -7.139721741
v 0.420539955 4.559899609 -7.139721741
v -0.085812126 1.695174264 -7.139721741
v -0.102482005 0.337704056 -7.139721741
v -0.083197894 0.125201130 -7.139721741
v -5.094560239 -1.477886933 -7.139721741
v -5.094560239 -1.477886933 5.503893673
v -6.015048247 -1.450607536 -7.139721741
v -5.926156139 -1.559487548 -7.139721741
v -2.249176423 -3.529322920 -7.139721741
v -2.259464302 -3.353918852 -7.139721741
v -2.268495533 -3.199941378 -7.139721741
v -1.634143966 -2.731968757 -7.139721741
v -1.607823715 -2.861975344 -7.139721741
v -1.092755590 -2.433397508 -7.139721741
v -1.076260337 -2.304384008 -7.139721741
v -1.325024035 -2.124311430 -7.139721741
v -1.689062581 -2.460703461 6.455794497
v -2.284975271 -2.918970531 6.153775086
v -4.749551837 -3.993135962 -7.139721741
v -5.581566752 -4.363791764 4.750961412
v -5.172664970 -5.139653723 4.690241244
v -5.716294209 -4.473786312 -7.139721741
v -5.172664970 -5.139653723 -7.139721741
v -5.081975774 -5.250734909 4.691764628
v -5.081975774 -5.250734909 -7.139721741
v -5.019808773 -5.326880519 4.692808900
v -5.019808773 -5.326880519 -7.139721741
v -4.999002116 -5.352365672 4.693158408
v -4.999002116 -5.352365672 -7.139721741
v -4.918052206 -5.451517637 4.694518193
v -4.918052206 -5.451517637 -7.139721741
v -4.908565889 -5.463137008 4.694677543
v -4.908565889 -5.463137008 -7.139721741
v -4.848422635 -5.536803819 4.695687821
v -4.848422635 -5.536803819 -7.139721741
v -4.827236526 -5.562753747 4.696043702
v -4.827236526 -5.562753747 -7.139721741
v -4.767535967 -5.635878321 4.697046543
v -4.767535967 -5.635878321 -7.139721741
v -1.638456093 -6.503993835 -7.139721741
v -1.634718360 -6.090744926 -7.139721741
v -1.558753959 -6.078082800 -7.139721741
v -1.479176593 -5.455689018 -7.139721741
v -3.025988713 -4.105008572 5.626780195
v -3.007603344 -4.127527997 5.627089030
v -3.088308065 -4.028676355 5.625733363
v -3.088308065 -4.028676355 -7.139721741
v -2.476370858 -3.546437105 5.938737197
v -2.413319922 -3.623665408 5.939796318
v -2.395876165 -3.645031495 5.940089336
v -2.395876165 -3.645031495 -7.139721741
v -5.154821551 -5.125931781 4.699284625
v -3.863187238 -4.313865154 5.309370682
v -3.799644025 -4.391696425 -7.139721741
v -4.075048857 -4.602777923 -7.139721741
v -0.675668415 -4.367272578 -7.139721741
v -1.073749534 -5.997240342 -7.139721741
v -1.179577454 -6.014880132 -7.139721741
v -1.078566731 -7.422293487 -7.139721741
v -0.971339649 -4.329343822 -7.139721741
v -1.223099381 -7.245261837 -7.139721741
v -1.239822592 -8.645034373 -7.139721741
v -0.342568818 -1.841507805 -7.139721741
v -0.375665335 -1.867620498 -7.139721741
v -0.922430850 -2.612278228 -7.139721741
v -1.137221869 -2.781179225 6.660115317
v -1.137221869 -2.781179225 -7.139721741
v -2.607982604 -1.936090303 -7.139721741
v -2.424954817 -1.786662271 -7.139721741
v -2.256261770 -1.648937446 -7.139721741
v -3.542815039 -1.660152330 -7.139721741
v -3.105716715 -1.905717905 -7.139721741
v -2.640700816 -1.962802192 -7.139721741
v -5.277610103 -1.627332989 -7.139721741
v -5.290140743 -1.637563287 -7.139721741
v -5.767067494 -1.754348193 -7.139721741
v -4.758235202 -1.517391128 -7.139721741
v -8.337237272 -1.263509072 -7.139721741
v -8.328256891 -1.274508743 -7.139721741
v -8.166167345 -1.473045060 -7.139721741
v -7.366850226 -2.452093247 -7.139721741
v -6.935286018 -2.980697158 -7.139721741
v -6.493919282 -3.521307752 -7.139721741
v -0.388903931 -2.192739051 -7.139721741
v -0.378818799 -1.893453676 -7.139721741
v -0.395755302 -2.029800734 -7.139721741
v -0.557186932 -2.010839270 -7.139721741
v -0.557242629 -2.010832717 -7.139721741
v -0.675180352 -1.996979961 -7.139721741
v -0.683075635 -1.996052602 -7.139721741
v -0.747655639 -2.001082213 -7.139721741
v -0.756595624 -2.168170652 -7.139721741
v -0.759810764 -2.193695687 -7.139721741
v -0.708274877 -2.200022123 -7.139721741
v -0.615723260 -2.211383493 -7.139721741
v -0.723868918 -2.326244923 -7.139721741
v -0.726235919 -2.345403931 -7.139721741
v -0.421206718 -2.235261920 -7.139721741
v -0.583257217 -2.215338294 -7.139721741
v -0.583261055 -2.215368538 -7.139721741
v -0.583290954 -2.215364805 -7.139721741
v -0.369650444 -2.046857039 -7.139721741
v -0.369654161 -2.046885376 -7.139721741
v -0.369682104 -2.046881984 -7.139721741
v -0.684024339 -2.003731520 -7.139721741
v -0.683994299 -2.003735267 -7.139721741
v -0.684028043 -2.003761138 -7.139721741
v -2.945736743 -4.203305661 -7.139721741
v -2.413319922 -3.623665408 -7.139721741
v -2.476370858 -3.546437105 -7.139721741
v -2.486987945 -3.533432705 -7.139721741
v -3.025988713 -4.105008572 -7.139721741
v -3.007603344 -4.127527997 -7.139721741
v -1.378150504 -6.047979128 -7.139721741
v -1.352115582 -6.817387264 -7.139721741
v -1.218455483 -8.671205999 -7.139721741
v -2.129327191 -1.634465386 -7.139721741
v -4.014962684 -1.588410838 -7.139721741
v -4.475671560 -1.359883723 -7.139721741
v -4.735224200 -1.498604424 -7.139721741
v -4.884763435 -1.306604070 -7.139721741
v -6.478911533 -1.314929015 -7.139721741
v -6.479164931 -1.315253500 -7.139721741
v -6.603141615 -1.474027906 -7.139721741
v -4.985708429 -3.125037835 -7.139721741
v -5.932613475 -1.551578242 -7.139721741
v -2.567089778 -3.435319513 -7.139721741
v -4.529861226 -4.645326618 -7.139721741
v -1.114469032 -2.603223150 -7.139721741
v -1.611698136 -2.842837904 -7.139721741
v -2.267472844 -3.217377860 -7.139721741
v -2.258254356 -3.374549493 -7.139721741
v -2.251117366 -3.496230887 -7.139721741
v -2.242098410 -3.649999309 -7.139721741
v -1.717244707 -8.604432200 -7.139721741
v -1.610489478 -9.502804938 -7.139721741
v -1.490775438 -9.138303154 -7.139721741
v -1.237157977 -7.228042085 -7.139721741
v -1.637632971 -6.695015288 -7.139721741
v -1.635990233 -2.238732006 -7.139721741
v -4.261762123 -4.620245378 -7.139721741
v -3.863187238 -4.313865154 -7.139721741
v -3.954076848 -4.202538490 -7.139721741
v -7.504642332 -1.194802683 -7.139721741
v -8.433175563 -1.145998502 -7.139721741
g roof
f 2 3 4
g roof
f 4 5 6
g roof
f 6 7 8
g roof
f 8 7 9 10
g roof
f 10 11 12
g roof
f 12 13 14 1572
g roof
f 12 14 1572 15
g roof
f 15 16 17
g roof
f 15 16 17 18
g roof
f 15 16 17 18 19
g roof
f 20 21 22
g roof
f 20 22 23
g roof
f 20 23 24
g roof
f 20 24 25
g roof
f 25 26 27
g roof
f 29 30 31
g roof
f 32 33 34
g roof
f 32 34 35
g roof
f 38 39 40
g roof
f 38 41 42
g roof
f 38 42 43
g roof
f 38 43 44
g roof
f 44 45 46
g roof
f 44 46 47
g roof
f 44 47 48
g roof
f 44 48 49
g roof
f 44 49 50 51
g roof
f 52 53 54
g roof
f 55 56 57
g roof
f 57 58 59
g roof
f 57 59 60
g roof
f 57 60 61
g roof
f 57 61 62
g roof
f 63 64 65
g roof
f 65 66 67
g roof
f 67 68 69
g roof
f 69 70 71
g roof
f 74 75 76
g roof
f 74 75 76 77
g roof
f 77 78 79
g roof
f 80 81 82
g roof
f 82 83 84
g roof
f 82 83 84 85
g roof
f 82 83 84 85 86
g roof
f 87 88 89
g roof
f 87 89 90
g roof
f 87 90 91
g roof
f 92 93 94
g roof
f 94 95 96
g roof
f 97 98 1610 1611 99
g roof
f 97 99 100
g roof
f 105 106 107
g roof
f 107 108 109
g roof
f 109 110 1615 1618 1620 111
g roof
f 114 113 112
g roof
f 112 115 116
g roof
f 116 117 118
g roof
f 119 115 112
g roof
f 112 1626 1628 120 1540 121
g roof
f 112 121 122
g roof
f 112 122 123
g roof
f 123 1542 1543 124 125
g roof
f 123 125 1544 1545 126
g roof
f 123 126 127
g roof
f 123 127 128
g roof
f 129 130 131
g roof
f 132 133 134
g roof
f 135 136 137
g roof
f 135 137 138
g roof
f 135 138 139
g roof
f 135 139 140
g roof
f 135 140 141
g roof
f 135 141 142
g roof
f 135 142 143
g roof
f 135 143 144
g roof
f 135 144 145
g roof
f 145 146 147
g roof
f 147 148 149
g roof
f 147 149 150
g roof
f 150 151 152
g roof
f 150 152 153
g roof
f 150 153 154 155
g roof
f 150 155 1640 156
g roof
f 156 157 158
g roof
f 159 160 161
g roof
f 159 161 1639 162
g roof
f 163 164 165
g roof
f 166 164 163
g roof
f 163 167 152
g roof
f 163 152 151
g roof
f 163 151 168
g roof
f 168 149 148 169 170
g roof
f 168 170 171
g roof
f 168 171 172
g roof
f 168 172 173
g roof
f 168 173 174
g roof
f 168 174 175
g roof
f 176 177 178
g roof
f 176 178 179
g roof
f 179 180 181
g roof
f 179 181 182
g roof
f 179 182 183
g roof
f 179 183 184
g roof
f 185 186 187
g roof
f 185 187 188
g roof
f 185 188 189 1556
g roof
f 190 191 192
g roof
f 192 193 194
g roof
f 197 198 199
g roof
f 197 199 200
g roof
f 201 202 203
g roof
f 201 203 204
g roof
f 201 204 205
g roof
f 201 205 206
g roof
f 207 208 209
g roof
f 210 1562 1563 211 212
g roof
f 213 1 2 3 4
g roof
f 213 1 2 3 4 5 6
g roof
f 6 7 8 10 12
g roof
f 6 12 15
g roof
f 6 15 16 17 18 19
g roof
f 19 20 25
g roof
f 19 25 27
g roof
f 19 27 28
g roof
f 19 28 29
g roof
f 19 29 30 31
g roof
f 19 31 32
g roof
f 19 32 35
g roof
f 19 35 36
g roof
f 19 36 37
g roof
f 19 37 214
g roof
f 19 214 1584 215
g roof
f 216 39 38
g roof
f 38 44 51
g roof
f 217 52 54
g roof
f 62 63 65
g roof
f 65 67 68 69
g roof
f 72 73 74
g roof
f 72 73 74 75 76 77
g roof
f 72 77 79
g roof
f 72 79 80
g roof
f 72 80 82
g roof
f 91 92 94
g roof
f 91 94 96
g roof
f 91 96 1609 97
g roof
f 91 97 100
g roof
f 91 100 218
g roof
f 105 107 109
g roof
f 105 109 111
g roof
f 114 112 116
g roof
f 114 116 118
g roof
f 114 118 219
g roof
f 220 119 112
g roof
f 112 123 128
g roof
f 112 128 129
g roof
f 112 129 131
g roof
f 131 136 135
g roof
f 131 135 221
g roof
f 222 135 145
g roof
f 222 145 147
g roof
f 147 150 156
g roof
f 147 156 157 158
g roof
f 158 160 159
g roof
f 158 159 223
g roof
f 224 159 162
g roof
f 163 168 175
g roof
f 176 179 184
g roof
f 176 184 225
g roof
f 226 185 189 1556
g roof
f 190 191 192 194
g roof
f 195 196 197 200
g roof
f 195 200 201
g roof
f 195 201 206 227
g roof
f 215 38 40
g roof
f 216 38 51
g roof
f 51 217 54
g roof
f 65 69 71
g roof
f 71 72 82
g roof
f 87 91 218
g roof
f 103 104 105 111
g roof
f 228 114 219
g roof
f 220 112 131
g roof
f 132 131 221
g roof
f 132 221 222
g roof
f 222 147 156 157 158
g roof
f 224 162 163
g roof
f 224 163 165
g roof
f 166 163 175
g roof
f 175 176 225
g roof
f 175 225 226
g roof
f 175 226 189 1556
g roof
f 189 190 194
g roof
f 194 195 227
g roof
f 194 227 229
g roof
f 19 215 40
g roof
f 19 40 216
g roof
f 19 216 51
g roof
f 19 51 54
g roof
f 62 65 71
g roof
f 101 102 103 111
g roof
f 101 111 1623 112
g roof
f 131 132 134
g roof
f 131 134 230
g roof
f 131 230 231
g roof
f 232 1643 132 222
g roof
f 232 222 158
g roof
f 166 175 189 1556
g roof
f 189 194 229
g roof
f 189 229 207 209
g roof
f 189 1556 209 210
g roof
f 6 19 54
g roof
f 218 101 112
g roof
f 220 131 231
g roof
f 220 231 232
g roof
f 166 189 1556 210
g roof
f 166 210 212
g roof
f 87 218 112
g roof
f 219 1634 1636 220 232
g roof
f 233 166 212 1565
g roof
f 234 1607 87 112
g roof
f 234 112 113 86
g roof
f 82 86 113 228
g roof
f 82 228 219
g roof
f 71 82 219
g roof
f 71 219 232
g roof
f 71 232 158
g roof
f 62 71 158
g roof
f 57 62 158
g roof
f 57 158 223
g roof
f 55 57 223
g roof
f 54 55 223
g roof
f 54 223 224
g roof
f 6 54 224
g roof
f 213 6 224
g roof
f 213 224 165
g roof
f 233 213 165
g roof
f 235 169 236
g roof
f 235 236 237
g roof
f 235 237 238
g roof
f 235 238 239
g roof
f 240 241 242
g roof
f 240 242 243
g roof
f 244 235 239
g roof
f 245 240 243
g roof
f 246 245 243
g roof
f 247 244 239
g roof
f 239 246 243
g roof
f 239 243 247
g roof
f 248 249 127
g roof
f 248 127 250
g roof
f 251 252 253
g roof
f 95 254 255
g roof
f 95 254 255 256
g roof
f 256 257 258
g roof
f 256 258 259
g roof
f 259 260 261
g roof
f 259 261 262
g roof
f 259 262 263
g roof
f 259 263 264
g roof
f 259 264 265 1660 266
g roof
f 266 267 251
g roof
f 266 251 253
g roof
f 266 253 268
g roof
f 266 268 269
g roof
f 266 269 270
g roof
f 266 270 271
g roof
f 266 271 95
g roof
f 266 95 254 255 256
g roof
f 266 256 259
g roof
f 272 273 274
g roof
f 272 274 275
g roof
f 272 275 276
g roof
f 272 276 277
g roof
f 278 182 279
g roof
f 279 181 280
g roof
f 279 280 281
g roof
f 279 281 282
g roof
f 279 282 283
g roof
f 279 283 284
g roof
f 284 285 286
g roof
f 284 286 287
g roof
f 284 287 288
g roof
f 284 288 186
g roof
f 284 186 289
g roof
f 284 289 278
g roof
f 284 278 279
g roof
f 199 290 291
g roof
f 292 293 294
g roof
f 294 295 296
g roof
f 294 296 297
g roof
f 294 297 298
g roof
f 294 298 299
g roof
f 294 299 300
g roof
f 300 301 302
g roof
f 300 302 303
g roof
f 303 304 305
g roof
f 303 305 306
g roof
f 303 306 307
g roof
f 303 307 308
g roof
f 303 308 309
g roof
f 303 309 310
g roof
f 303 310 311
g roof
f 303 311 312
g roof
f 313 314 315
g roof
f 313 315 316
g roof
f 319 320 321
g roof
f 319 321 322
g roof
f 319 322 323
g roof
f 324 325 326
g roof
f 324 326 327
g roof
f 324 327 328
g roof
f 329 292 294
g roof
f 294 300 303
g roof
f 294 303 312
g roof
f 316 317 318
g roof
f 330 324 328
g roof
f 331 329 294
g roof
f 331 294 312
g roof
f 313 316 318
g roof
f 323 330 328
g roof
f 312 313 318
g roof
f 312 318 319
g roof
f 319 323 328
g roof
f 319 328 331
g roof
f 319 331 312
g roof
f 332 1690 1693 333 334
g roof
f 332 334 335
g roof
f 332 335 336
g roof
f 332 336 337
g roof
f 332 337 338
g roof
f 334 339 340
g roof
f 334 340 1695 341
g roof
f 342 1696 343 344
g roof
f 342 344 345
g roof
f 342 345 346
g roof
f 347 348 349
g roof
f 347 349 1702 1704 1706 1708 1710 1712 1714 1716 1718 350
g roof
f 347 350 351
g roof
f 347 351 352
g roof
f 352 1722 353 354
g roof
f 352 354 355
g roof
f 352 355 356
g roof
f 358 359 360
g roof
f 358 360 361
g roof
f 358 361 362
g roof
f 366 367 368
g roof
f 369 370 371 372
g roof
f 369 372 373
g roof
f 369 373 374
g roof
f 374 375 376
g roof
f 378 379 380
g roof
f 380 381 382
g roof
f 380 382 383
g roof
f 384 1737 1739 1741 385 386
g roof
f 384 386 387
g roof
f 388 389 390
g roof
f 388 390 1742 391
g roof
f 388 391 392
g roof
f 388 392 393
g roof
f 388 393 394
g roof
f 388 394 395
g roof
f 388 395 396
g roof
f 397 1744 1746 398 399
g roof
f 399 400 1747 401
g roof
f 399 401 402
g roof
f 399 402 403 404
g roof
f 399 404 405
g roof
f 405 406 407
g roof
f 405 407 408
g roof
f 409 410 411
g roof
f 409 411 412
g roof
f 415 1752 416 417
g roof
f 418 419 1
g roof
f 1 420 421
g roof
f 422 423 424
g roof
f 422 424 425
g roof
f 426 427 428
g roof
f 426 428 429
g roof
f 426 429 430
g roof
f 426 430 431
g roof
f 426 431 432
g roof
f 426 432 433
g roof
f 433 434 435
g roof
f 435 436 437
g roof
f 435 437 332
g roof
f 435 332 338
g roof
f 335 334 341
g roof
f 335 341 342
g roof
f 357 358 362
g roof
f 363 364 365 366 367 368
g roof
f 438 369 374
g roof
f 438 374 376
g roof
f 438 376 377
g roof
f 378 380 383
g roof
f 378 383 384
g roof
f 387 388 396
g roof
f 397 399 405
g roof
f 412 413 414
g roof
f 414 415 417
g roof
f 417 418 1
g roof
f 417 1 421
g roof
f 425 426 433
g roof
f 439 335 342
g roof
f 439 342 346
g roof
f 440 347 352
g roof
f 356 357 362
g roof
f 368 438 377
g roof
f 384 387 396
g roof
f 384 396 397
g roof
f 384 397 405
g roof
f 384 405 408 441
g roof
f 409 412 414
g roof
f 409 414 417
g roof
f 409 417 421 424 423
g roof
f 422 425 433
g roof
f 422 433 435
g roof
f 422 435 338
g roof
f 442 439 346
g roof
f 442 346 440
g roof
f 352 356 362 363
g roof
f 352 363 364 365 366 367 368
g roof
f 378 384 441
g roof
f 409 422 338
g roof
f 338 442 440
g roof
f 440 352 363 364 365 366 367 368
g roof
f 440 368 377
g roof
f 440 377 378
g roof
f 440 378 441
g roof
f 409 338 440
g roof
f 409 440 441 1750
g roof
f 443 421 444
g roof
f 443 444 445
g roof
f 448 449 450
g roof
f 448 450 451
g roof
f 448 451 452
g roof
f 448 452 453
g roof
f 448 453 454
g roof
f 456 457 458
g roof
f 456 458 459
g roof
f 459 460 461
g roof
f 461 462 463
g roof
f 461 462 463 464
g roof
f 464 465 466
g roof
f 464 466 467
g roof
f 464 467 468
g roof
f 464 468 469
g roof
f 464 469 470
g roof
f 464 470 471
g roof
f 464 471 472
g roof
f 472 473 474
g roof
f 472 474 475
g roof
f 472 475 476
g roof
f 477 478 479
g roof
f 477 479 480
g roof
f 481 482 483
g roof
f 481 482 483 484
g roof
f 484 485 486
g roof
f 484 486 487
g roof
f 484 487 488
g roof
f 484 488 489
g roof
f 484 489 490
g roof
f 491 492 493
g roof
f 494 495 496
g roof
f 494 496 497
g roof
f 494 497 498
g roof
f 498 499 500
g roof
f 498 500 501
g roof
f 498 501 502
g roof
f 498 502 446
g roof
f 498 446 447
g roof
f 454 455 503
g roof
f 503 456 459
g roof
f 459 461 464
g roof
f 459 464 472
g roof
f 459 472 476
g roof
f 459 476 477
g roof
f 459 477 479 480
g roof
f 480 481 484
g roof
f 480 484 490
g roof
f 491 493 494 498
g roof
f 491 498 447
g roof
f 491 447 448
g roof
f 491 448 453 454
g roof
f 491 454 455 503 490
g roof
f 503 459 480
g roof
f 503 480 490
g roof
f 504 505 506
g roof
f 504 506 507
g roof
f 504 507 508
g roof
f 504 508 509
g roof
f 504 509 510
g roof
f 510 511 512
g roof
f 510 511 512 513
g roof
f 510 513 514
g roof
f 510 514 504
g roof
f 515 516 517
g roof
f 515 517 518
g roof
f 515 518 519
g roof
f 515 519 520
g roof
f 515 520 521
g roof
f 522 523 1783 1785 524
g roof
f 522 524 525
g roof
f 526 525 527
g roof
f 526 527 528
g roof
f 526 528 529
g roof
f 526 529 530
g roof
f 526 530 531
g roof
f 526 531 532
g roof
f 526 532 533
g roof
f 526 533 534
g roof
f 526 534 520
g roof
f 526 520 535
g roof
f 535 536 537
g roof
f 526 535 537
g roof
f 522 525 526
g roof
f 538 539 540
g roof
f 543 544 545
g roof
f 543 545 546
g roof
f 543 546 547
g roof
f 543 547 548
g roof
f 543 548 549
g roof
f 543 549 550
g roof
f 551 506 552
g roof
f 553 554 555
g roof
f 553 555 556
g roof
f 556 557 558
g roof
f 556 558 559
g roof
f 560 561 562
g roof
f 560 562 563
g roof
f 560 563 564
g roof
f 560 564 565
g roof
f 560 565 566
g roof
f 560 566 381
g roof
f 560 381 567
g roof
f 560 567 568
g roof
f 560 568 569
g roof
f 560 569 570
g roof
f 560 570 571
g roof
f 560 571 572
g roof
f 560 572 573
g roof
f 560 573 574
g roof
f 560 574 575 576
g roof
f 560 576 577
g roof
f 560 577 578
g roof
f 579 580 581
g roof
f 579 581 582
g roof
f 583 584 585
g roof
f 583 585 586
g roof
f 583 586 587
g roof
f 583 587 588
g roof
f 583 588 589
g roof
f 583 589 590
g roof
f 583 590 591
g roof
f 583 591 592
g roof
f 583 592 593
g roof
f 583 593 594
g roof
f 583 594 595
g roof
f 583 595 596
g roof
f 583 596 597
g roof
f 597 598 599
g roof
f 597 599 600
g roof
f 600 601 538
g roof
f 600 601 538 540
g roof
f 602 553 556
g roof
f 578 579 582
g roof
f 582 583 597
g roof
f 597 600 540
g roof
f 603 543 550
g roof
f 552 602 556
g roof
f 559 560 578
g roof
f 559 578 582
g roof
f 582 597 540
g roof
f 582 540 541
g roof
f 582 541 542 1803 604
g roof
f 582 604 605
g roof
f 605 603 550
g roof
f 605 550 551
g roof
f 605 551 552
g roof
f 605 552 556
g roof
f 556 559 582
g roof
f 556 582 605
g roof
f 606 607 608
g roof
f 606 608 609
g roof
f 606 609 610
g roof
f 606 610 611
g roof
f 606 611 612
g roof
f 613 614 615
g roof
f 613 615 577
g roof
f 613 577 616
g roof
f 617 618 619
g roof
f 617 619 620
g roof
f 617 620 291
g roof
f 290 620 621
g roof
f 290 621 622
g roof
f 290 622 623
g roof
f 290 623 624
g roof
f 290 624 625
g roof
f 290 625 626
g roof
f 628 629 630
g roof
f 628 629 630 631
g roof
f 628 631 632
g roof
f 628 632 633
g roof
f 628 633 1694 1692 1689 634
g roof
f 628 634 635
g roof
f 628 635 636
g roof
f 636 637 638
g roof
f 638 639 640
g roof
f 638 640 641
g roof
f 638 641 642
g roof
f 638 642 643
g roof
f 638 643 644
g roof
f 638 644 617
g roof
f 638 617 291
g roof
f 638 291 290
g roof
f 638 290 626
g roof
f 638 626 627
g roof
f 638 627 628
g roof
f 638 628 636
g roof
f 645 646 647
g roof
f 645 647 648
g roof
f 645 648 649
g roof
f 645 649 650
g roof
f 645 650 651 1573
g roof
f 645 651 652
g roof
f 645 652 653
g roof
f 645 653 654
g roof
f 645 654 655
g roof
f 645 655 656
g roof
f 645 656 657
g roof
f 645 657 658
g roof
f 661 662 663
g roof
f 661 663 645
g roof
f 658 659 660
g roof
f 664 661 645
g roof
f 645 658 660
g roof
f 645 660 664
g roof
f 665 666 667
g roof
f 665 667 668
g roof
f 669 670 671
g roof
f 669 671 672
g roof
f 672 673 674
g roof
f 672 674 675
g roof
f 675 676 677
g roof
f 675 677 678
g roof
f 678 679 680
g roof
f 680 681 682
g roof
f 680 681 682 683
g roof
f 686 687 688
g roof
f 686 688 689
g roof
f 686 689 690
g roof
f 686 690 691
g roof
f 686 691 692
g roof
f 686 692 693
g roof
f 686 693 694
g roof
f 686 694 695
g roof
f 686 695 696
g roof
f 686 696 665
g roof
f 668 669 672
g roof
f 672 675 678
g roof
f 672 678 679 680
g roof
f 672 680 683
g roof
f 672 683 697
g roof
f 672 697 698
g roof
f 672 698 699
g roof
f 700 684 685
g roof
f 701 686 665
g roof
f 665 668 672
g roof
f 665 672 699
g roof
f 665 699 702
g roof
f 665 702 700
g roof
f 665 700 685
g roof
f 665 685 703
g roof
f 665 703 704
g roof
f 665 704 705
g roof
f 665 705 701
g roof
f 706 707 708
g roof
f 708 709 710
g roof
f 708 710 711
g roof
f 708 711 712
g roof
f 708 712 713
g roof
f 708 713 714
g roof
f 708 714 715
g roof
f 716 717 718
g roof
f 719 720 721
g roof
f 721 722 723
g roof
f 721 723 724
g roof
f 724 725 726
g roof
f 724 726 727
g roof
f 724 727 728
g roof
f 724 728 729
g roof
f 730 731 732
g roof
f 730 732 733
g roof
f 730 733 734
g roof
f 730 734 735
g roof
f 730 735 736
g roof
f 740 706 708
g roof
f 715 716 718
g roof
f 719 721 724
g roof
f 719 724 729
g roof
f 719 729 741
g roof
f 719 741 730
g roof
f 719 730 736
g roof
f 719 736 737
g roof
f 719 737 742
g roof
f 719 742 738
g roof
f 719 738 739 743
g roof
f 719 743 744
g roof
f 745 740 708
g roof
f 708 715 718
g roof
f 708 718 719
g roof
f 708 719 744
g roof
f 708 744 746
g roof
f 708 746 745
g roof
f 747 748 749
g roof
f 747 749 750
g roof
f 747 750 751
g roof
f 747 751 752
g roof
f 753 754 755
g roof
f 753 755 756
g roof
f 753 756 757
g roof
f 753 757 758
g roof
f 759 760 761
g roof
f 759 761 762
g roof
f 759 762 763
g roof
f 764 765 766 767
g roof
f 764 767 768
g roof
f 764 768 769
g roof
f 764 769 770
g roof
f 764 770 771
g roof
f 764 771 772
g roof
f 772 773 774
g roof
f 772 774 759
g roof
f 772 759 763
g roof
f 772 763 764
g roof
f 775 776 777
g roof
f 775 777 778
g roof
f 775 778 779
g roof
f 779 780 781
g roof
f 779 781 782
g roof
f 782 783 784
g roof
f 782 784 785
g roof
f 785 775 779
g roof
f 785 779 782
g roof
f 786 787 788
g roof
f 786 788 789
g roof
f 786 789 790
g roof
f 786 790 791
g roof
f 786 791 792
g roof
f 786 792 793
g roof
f 793 794 795
g roof
f 793 795 796
g roof
f 793 796 797
g roof
f 793 797 798
g roof
f 793 798 799
g roof
f 800 801 802
g roof
f 800 802 803
g roof
f 800 803 786
g roof
f 786 793 799
g roof
f 786 799 804
g roof
f 786 804 805
g roof
f 786 805 806
g roof
f 786 806 807
g roof
f 786 807 800
g roof
f 808 1654 1653 809 810
g roof
f 808 810 811
g roof
f 808 811 812
g roof
f 812 797 813
g roof
f 812 813 814
g roof
f 812 814 815
g roof
f 812 815 816
g roof
f 812 815 816 817
g roof
f 812 817 818
g roof
f 812 818 819
g roof
f 812 819 820
g roof
f 812 820 821
g roof
f 812 821 822
g roof
f 812 822 823
g roof
f 823 824 825
g roof
f 823 825 826
g roof
f 827 828 829
g roof
f 827 829 830
g roof
f 829 833 834
g roof
f 835 836 837
g roof
f 835 837 808
g roof
f 808 812 823
g roof
f 830 829 834
g roof
f 830 834 835
g roof
f 830 835 808
g roof
f 823 826 827
g roof
f 823 827 831
g roof
f 823 831 832
g roof
f 832 830 808
g roof
f 832 808 823
g roof
f 839 840 841 842
g roof
f 842 843 838
g roof
f 842 838 839
g roof
f 844 845 846
g roof
f 844 846 847
g roof
f 844 847 848
g roof
f 844 848 849
g roof
f 850 851 852
g roof
f 850 851 852 853
g roof
f 854 855 856
g roof
f 856 850 853
g roof
f 856 853 854
g roof
f 857 858 859
g roof
f 857 859 860
g roof
f 861 862 863
g roof
f 861 863 864
g roof
f 864 865 866
g roof
f 864 866 861
g roof
f 867 868 869 870
g roof
f 867 870 871
g roof
f 872 873 874
g roof
f 872 874 875
g roof
f 875 876 877
g roof
f 878 879 880
g roof
f 878 880 867
g roof
f 871 872 875
g roof
f 877 878 867
g roof
f 867 871 875
g roof
f 867 875 877
g roof
f 881 882 850
g roof
f 883 884 885
g roof
f 883 885 886
g roof
f 883 886 887
g roof
f 883 887 882
g roof
f 883 882 888
g roof
f 883 888 889
g roof
f 883 889 890
g roof
f 892 893 894
g roof
f 892 894 895
g roof
f 892 895 896
g roof
f 892 896 897
g roof
f 892 897 898
g roof
f 892 898 899
g roof
f 892 899 900
g roof
f 892 900 901
g roof
f 892 901 902
g roof
f 892 902 903
g roof
f 892 903 904
g roof
f 892 904 1557 905
g roof
f 1557 905 906 907
g roof
f 1557 905 907 908
g roof
f 1557 905 908 909
g roof
f 1557 905 909 910
g roof
f 1557 905 910 891
g roof
f 1557 905 891 892
g roof
f 330 911 324
g roof
f 912 913 914
g roof
f 912 914 915
g roof
f 912 915 916
g roof
f 912 916 917
g roof
f 918 919 920
g roof
f 918 920 912
g roof
f 918 912 917
g roof
f 921 922 923
g roof
f 924 925 926
g roof
f 924 926 927
g roof
f 927 928 929
g roof
f 927 929 930
g roof
f 931 932 933
g roof
f 931 933 934
g roof
f 931 934 935
g roof
f 931 935 924
g roof
f 924 927 930
g roof
f 924 930 931
g roof
f 936 937 938
g roof
f 936 938 939
g roof
f 936 939 940
g roof
f 936 940 941
g roof
f 936 941 942
g roof
f 936 942 943
g roof
f 936 943 944
g roof
f 936 944 945
g roof
f 936 945 946
g roof
f 936 946 947
g roof
f 936 947 948
g roof
f 948 949 950
g roof
f 948 950 951
g roof
f 948 951 936
g roof
f 952 953 954
g roof
f 952 954 955
g roof
f 956 957 958
g roof
f 958 959 956
g roof
f 960 961 962
g roof
f 960 962 963
g roof
f 960 963 964
g roof
f 960 964 965
g roof
f 965 966 960
g roof
f 967 968 969
g roof
f 969 970 971
g roof
f 973 974 975
g roof
f 973 975 976
g roof
f 973 976 977
g roof
f 973 977 978
g roof
f 973 978 979
g roof
f 973 979 980
g roof
f 973 980 981
g roof
f 973 981 982
g roof
f 973 982 296
g roof
f 973 296 967
g roof
f 973 967 969
g roof
f 969 970 971 972
g roof
f 969 972 973
g roof
f 983 984 985
g roof
f 983 985 986
g roof
f 987 988 989
g roof
f 987 989 990
g roof
f 987 990 991 1000
g roof
f 991 992 993
g roof
f 993 994 995
g roof
f 993 995 996
g roof
f 996 997 998
g roof
f 996 998 999
g roof
f 996 999 1000
g roof
f 1000 987 991
g roof
f 993 996 1000
g roof
f 1000 991 993
g roof
f 1001 1002 1003
g roof
f 1004 1005 1006
g roof
f 1004 1006 1007
g roof
f 1008 1816 1009 1010
g roof
f 1008 1010 1011
g roof
f 1008 1011 1012
g roof
f 1008 1012 1006
g roof
f 1013 210 209
g roof
f 1013 209 1014
g roof
f 1014 207 229
g roof
f 1014 229 1015
g roof
f 1014 1015 1016
g roof
f 1014 1016 1017
g roof
f 1017 1018 1019
g roof
f 1017 1019 1020
g roof
f 1017 1020 1021
g roof
f 1017 1021 1013
g roof
f 1017 1013 1014
g roof
f 1022 1023 1024
g roof
f 1025 1026 1027
g roof
f 1025 1027 1028
g roof
f 1025 1028 1029
g roof
f 1029 1030 1031
g roof
f 1029 1031 1032
g roof
f 1033 1034 1025
g roof
f 1025 1029 1032
g roof
f 1025 1032 1033
g roof
f 1035 1036 1030
g roof
f 1035 1030 1037
g roof
f 1038 1039 58
g roof
f 1040 1041 1042
g roof
f 1040 1042 1043
g roof
f 1040 1043 1044
g roof
f 1040 1044 1045
g roof
f 1040 1045 1046
g roof
f 1046 1047 1048
g roof
f 1046 1048 1049
g roof
f 1046 1049 1050
g roof
f 1046 1050 1051 1038
g roof
f 1046 1038 1051
g roof
f 1046 1038 58
g roof
f 1046 58 57
g roof
f 1046 57 1040
g roof
f 1052 1053 1050
g roof
f 1052 1050 1054
g roof
f 1054 1056 1055
g roof
f 1057 1058 1059
g roof
f 1057 1059 1060
g roof
f 1057 1060 1061
g roof
f 1062 1063 1064
g roof
f 1064 1065 1066
g roof
f 1064 1066 1067
g roof
f 1062 1064 1067
g roof
f 1062 1067 1068
g roof
f 1068 1057 1061
g roof
f 1061 1062 1068
g roof
f 1069 1070 1071
g roof
f 1071 1072 1069
g roof
f 1073 1074 1069
g roof
f 1073 1069 1075
g roof
f 1076 1004 1077
g roof
f 1078 1079 1080
g roof
f 1078 1080 1081
g roof
f 1078 1081 1082
g roof
f 1078 1082 1083
g roof
f 1078 1083 1084
g roof
f 1078 1084 1085
g roof
f 1078 1085 1086
g roof
f 1086 1087 1076
g roof
f 1086 1076 1077
g roof
f 1086 1077 1078
g roof
f 1088 1089 1090
g roof
f 1088 1090 1091
g roof
f 1088 1091 1092
g roof
f 1092 1093 1094
g roof
f 1092 1094 1095
g roof
f 1092 1095 1096
g roof
f 1092 1096 1097
g roof
f 1092 1097 1098
g roof
f 1092 1098 1099
g roof
f 1092 1099 1100
g roof
f 1092 1100 1101
g roof
f 1102 1103 1104
g roof
f 1102 1104 1105
g roof
f 1102 1105 1106
g roof
f 1106 1107 1108
g roof
f 1106 1108 1109
g roof
f 1106 1109 1110
g roof
f 1110 1111 1112
g roof
f 1110 1112 1113
g roof
f 1110 1113 1114
g roof
f 1110 1114 1115
g roof
f 1110 1115 1116
g roof
f 1116 1117 1118
g roof
f 1118 1119 1120
g roof
f 1118 1120 1088
g roof
f 1118 1088 1092
g roof
f 1101 1102 1106
g roof
f 1101 1106 1110
g roof
f 1101 1110 1116
g roof
f 1116 1118 1092
g roof
f 1116 1092 1101
g roof
f 1121 1122 1123
g roof
f 1121 1123 1124
g roof
f 1125 1022 1126
g roof
f 1125 1126 1127
g roof
f 1125 1127 1128
g roof
f 1128 1129 1125
g roof
f 1130 1131 1132
g roof
f 1133 1134 1135
g roof
f 1133 1135 1136
g roof
f 1136 1137 1138
g roof
f 1138 1131 1133
g roof
f 1138 1133 1136
g roof
f 1139 1140 1141
g roof
f 1139 1141 1142
g roof
f 1143 1144 1145
g roof
f 1143 1145 1146
g roof
f 1143 1146 1147
g roof
f 1147 1148 1149
g roof
f 1147 1149 1143
g roof
f 1150 1151 1152
g roof
f 1150 1152 1153
g roof
f 1153 1154 1155
g roof
f 1153 1155 1156
g roof
f 1153 1156 1157
g roof
f 1153 1157 1158
g roof
f 1153 1158 1159
g roof
f 1153 1159 1160 1150
g roof
f 1161 1162 1163
g roof
f 1161 1163 1164
g roof
f 1166 1167 1168
g roof
f 1169 1170 1171
g roof
f 1169 1171 1172
g roof
f 1173 1174 1175
g roof
f 1173 1175 1176
g roof
f 1176 1177 1178
g roof
f 1179 1180 1181
g roof
f 1182 1183 1184
g roof
f 1184 868 1185
g roof
f 1184 1185 1186
g roof
f 1187 1188 1189
g roof
f 1187 1189 1190
g roof
f 1191 1189 1188 1981 1982 1983 1185 868
g roof
f 1191 868 1192
g roof
f 1191 1192 880
g roof
f 1191 880 1193
g roof
f 1193 1194 1195
g roof
f 1193 1195 1196 1197
g roof
f 1198 1199 1200
g roof
f 1206 1207 1208
g roof
f 1206 1208 1209
g roof
f 1206 1209 1210
g roof
f 1210 1211 1212
g roof
f 1212 1211 1213
g roof
f 1212 1769 1214 1215
g roof
f 1215 1216 1217
g roof
f 1217 1218 1219
g roof
f 1217 1219 1220
g roof
f 1221 1222 1223
g roof
f 1221 1223 1224
g roof
f 1224 1225 1953 1226
g roof
f 1165 1173 1176
g roof
f 1165 1176 1177 1178
g roof
f 1165 1178 1179
g roof
f 1165 1179 1181
g roof
f 1165 1181 1182
g roof
f 1165 1182 1184
g roof
f 1165 1184 1186
g roof
f 1165 1186 1978 1977 1979 1187
g roof
f 1165 1187 1190
g roof
f 1165 1190 1191
g roof
f 1191 1193 1197
g roof
f 1191 1197 1198
g roof
f 1191 1198 1199 1200
g roof
f 1191 1200 1201
g roof
f 1191 1201 1202
g roof
f 1191 1202 1203
g roof
f 1204 1205 1206
g roof
f 1204 1205 1206 1210
g roof
f 1204 1210 1212
g roof
f 1212 1769 1214 1215 1216 1217
g roof
f 1212 1217 1220
g roof
f 1212 1220 1950 1951 1221
g roof
f 1221 1224 1226
g roof
f 1227 1173 1165
g roof
f 1227 1165 1166
g roof
f 1227 1166 1168
g roof
f 1227 1168 1985 1228
g roof
f 1172 1986 1165 1191
g roof
f 1172 1191 1203
g roof
f 1172 1203 1229
g roof
f 1229 1204 1212
g roof
f 1226 1954 1957 1959 1961 1963 1965 1967 1969 1971 1227 1228
g roof
f 1226 1228 1169
g roof
f 1226 1169 1172
g roof
f 1172 1229 1212
g roof
f 1221 1226 1172
g roof
f 1221 1172 1212
g roof
f 1230 1231 1232
g roof
f 1230 1232 1233
g roof
f 1230 1233 1234
g roof
f 1230 1234 1235
g roof
f 1230 1235 1236
g roof
f 1230 1236 1237
g roof
f 1230 1237 1238
g roof
f 1230 1238 1239 1240
g roof
f 1242 1243 255
g roof
f 1242 255 1244
g roof
f 1242 1244 1245
g roof
f 1242 1245 1246
g roof
f 1247 1875 1230 1240
g roof
f 1247 1240 1241
g roof
f 1241 1242 1246
g roof
f 1241 1246 1247 1240
g roof
f 1248 1249 1242
g roof
f 1242 1250 1251
g roof
f 1251 1252 1253
g roof
f 1251 1253 1248
g roof
f 1251 1248 1242
g roof
f 1254 1183 1180
g roof
f 1255 1256 1257
g roof
f 1255 1257 1258
g roof
f 1255 1258 1245
g roof
f 1255 1245 1259
g roof
f 1255 1259 1260
g roof
f 1255 1260 1261
g roof
f 1261 1262 1263
g roof
f 1261 1262 1263 1264
g roof
f 1261 1264 1265
g roof
f 1261 1265 1255
g roof
f 1266 1267 1268
g roof
f 1268 1269 1270
g roof
f 1270 1271 1272
g roof
f 1270 1272 1273
g roof
f 1270 1273 1274 1275
g roof
f 1270 1275 1276
g roof
f 1270 1276 1277
g roof
f 1270 1277 1266
g roof
f 1270 1266 1268
g roof
f 1278 1267 1279
g roof
f 877 1248 1280
g roof
f 877 1280 1281
g roof
f 1281 1282 1283
g roof
f 1281 1283 1284
g roof
f 1284 1194 877
g roof
f 1284 877 1281
g roof
f 1285 1286 1287
g roof
f 1285 1286 1287 1288
g roof
f 1285 1288 1289
g roof
f 1285 1289 1290
g roof
f 1285 1290 530
g roof
f 1285 530 1291
g roof
f 1285 1291 1292
g roof
f 1285 1292 1293
g roof
f 1285 1293 1294
g roof
f 1285 1294 1295
g roof
f 1295 1222 1296
g roof
f 1295 1296 1297
g roof
f 1295 1297 1298
g roof
f 1295 1298 1299
g roof
f 1295 1299 1300
g roof
f 1295 1300 1301
g roof
f 1295 1301 1285
g roof
f 1302 1303 1145
g roof
f 1302 1145 1304
g roof
f 1304 1305 1306
g roof
f 1304 1306 1307
g roof
f 1307 1308 1309
g roof
f 1307 1309 1310
g roof
f 1307 1310 1311
g roof
f 1307 1311 1312
g roof
f 1307 1312 1302
g roof
f 1307 1302 1304
g roof
f 1313 1314 1315
g roof
f 1313 1315 1316
g roof
f 1313 1316 1317
g roof
f 1313 1317 1318
g roof
f 1319 1320 1314
g roof
f 1319 1314 1321
g roof
f 1319 1321 1322
g roof
f 1319 1322 1323
g roof
f 1323 1810 1324 1325
g roof
f 1323 1325 1326
g roof
f 1323 1326 1319
g roof
f 1327 1328 1329
g roof
f 1327 1329 1315
g roof
f 71 1330 1331
g roof
f 1330 71 70
g roof
f 1330 70 1332
g roof
f 1332 1333 1334
g roof
f 1334 1335 1336
g roof
f 1334 1335 1336 1337
g roof
f 1334 1337 1338
g roof
f 1339 1337 1336
g roof
f 1339 1336 1054
g roof
f 1339 1054 1340
g roof
f 1339 1340 1341
g roof
f 1339 1341 1342
g roof
f 1343 1344 1345
g roof
f 1343 1345 1346
g roof
f 1343 1346 47
g roof
f 1343 47 1347
g roof
f 1349 1350 1351
g roof
f 1352 1353 1354
g roof
f 1352 1354 1355
g roof
f 1355 1356 1357
g roof
f 1357 1358 1359
g roof
f 1360 1361 1362
g roof
f 1360 1362 1363
g roof
f 1360 1363 1364
g roof
f 1360 1364 1365
g roof
f 1365 1366 1367 1368
g roof
f 1365 1368 1369
g roof
f 1365 1369 1370
g roof
f 1372 1373 1374
g roof
f 1372 1374 1375
g roof
f 1372 1375 1376
g roof
f 1372 1376 1377
g roof
f 1372 1377 71
g roof
f 1372 71 1378
g roof
f 1372 1378 1379
g roof
f 1380 1378 71
g roof
f 1330 1332 1334
g roof
f 1330 1334 1338
g roof
f 1330 1338 1339
g roof
f 1339 1342 1343 1347
g roof
f 1339 1347 1348
g roof
f 1339 1348 1349
g roof
f 1339 1349 1351
g roof
f 1339 1351 1381
g roof
f 1339 1381 1352
g roof
f 1339 1352 1354 1355
g roof
f 1339 1355 1357
g roof
f 1359 1360 1365
g roof
f 1359 1365 1370
g roof
f 1370 1371 1372
g roof
f 1370 1372 1379
g roof
f 1330 1339 1357
g roof
f 1357 1358 1359 1370
g roof
f 1357 1370 1379
g roof
f 1382 1330 1357
g roof
f 1331 1382 1357
g roof
f 1331 1357 1379
g roof
f 1331 1379 1380
g roof
f 1380 71 1331
g roof
f 1383 1384 1385
g roof
f 1383 1385 1386
g roof
f 1383 1386 1387
g roof
f 1383 1387 1388
g roof
f 1388 1389 1390
g roof
f 1388 1390 1391
g roof
f 1388 1391 1392
g roof
f 1388 1392 1383
g roof
f 1393 1394 1395
g roof
f 1393 1395 1396
g roof
f 1397 862 1398
g roof
f 1397 1398 1399
g roof
f 1399 1400 1401
g roof
f 1399 1401 1402
g roof
f 1399 1402 1397
g roof
f 103 1403 1404
g roof
f 103 1404 1405
g roof
f 1406 1407 669
g roof
f 1406 669 1408
g roof
f 1406 1408 1409
g roof
f 536 1413 1414
g roof
f 536 1414 548
g roof
f 536 548 1415
g roof
f 536 1415 1416
g roof
f 536 1416 1417
g roof
f 603 1418 1419
g roof
f 1419 1420 1421
g roof
f 1419 1421 1422
g roof
f 1419 1422 1423
g roof
f 1423 1424 1425
g roof
f 1423 1425 1426
g roof
f 1426 1427 1428
g roof
f 1429 1430 1431
g roof
f 1429 1431 1432
g roof
f 1429 1432 1433
g roof
f 1434 1435 1436
g roof
f 1434 1436 1437
g roof
f 1434 1437 1438
g roof
f 1434 1438 1439
g roof
f 1434 1439 1440
g roof
f 1434 1440 1441
g roof
f 1434 1441 1442
g roof
f 1442 1443 1444
g roof
f 1442 1444 1445
g roof
f 1442 1445 1446
g roof
f 1447 1448 1449
g roof
f 1410 1411 536
g roof
f 1410 536 1417
g roof
f 1410 1417 1450
g roof
f 1451 603 1419
g roof
f 1451 1419 1423
g roof
f 1423 1425 1426 1428
g roof
f 1428 1429 1433
g roof
f 1428 1433 1452
g roof
f 1453 1939 1782 1410 1450
g roof
f 1453 1450 1451
g roof
f 1453 1451 1423
g roof
f 1453 1423 1428 1457
g roof
f 1452 1434 1442
g roof
f 1452 1442 1446
g roof
f 1452 1446 1454
g roof
f 1452 1454 1447
g roof
f 1452 1447 1449
g roof
f 1452 1449 1455
g roof
f 1452 1455 1456
g roof
f 1452 1456 1457
g roof
f 1457 1428 1452
g roof
f 1458 1459 1460
g roof
f 1461 1462 1463
g roof
f 1461 1463 1464
g roof
f 1461 1464 1465
g roof
f 1461 1465 1466
g roof
f 1461 1466 1467
g roof
f 1468 1469 1470
g roof
f 1468 1470 1471
g roof
f 878 1999 1472 1473
g roof
f 878 1999 1472 1473 1474
g roof
f 1474 1475 1476
g roof
f 1476 1477 1478
g roof
f 1476 1477 1478 1479
g roof
f 1476 1479 1480
g roof
f 1476 1480 1481
g roof
f 1476 1481 1482
g roof
f 1476 1482 1483
g roof
f 1476 1483 1484
g roof
f 1476 1484 1485
g roof
f 1476 1485 1486 1474 1475
g roof
f 1486 1487 878
g roof
f 1486 878 1474
g roof
f 1486 1474 1475 1476
g roof
f 1488 1489 1490
g roof
f 1488 1490 1491
g roof
f 1488 1491 277
g roof
f 277 276 1492
g roof
f 277 1492 1493
g roof
f 1493 1494 1495
g roof
f 1496 1497 1498
g roof
f 1496 1498 1499
g roof
f 1496 1499 1500
g roof
f 1496 1500 268
g roof
f 1496 268 1501
g roof
f 1496 1501 1502
g roof
f 1502 1503 1504
g roof
f 1504 1488 277
g roof
f 1504 277 1493
g roof
f 1504 1493 1495
g roof
f 1504 1495 1496
g roof
f 1504 1496 1502
g roof
f 1505 1506 1507
g roof
f 1505 1507 1508
g roof
f 1505 1508 1509
g roof
f 1505 1509 1510
g roof
f 1510 1511 1512
g roof
f 1510 1512 1513
g roof
f 1510 1513 1505
g roof
f 1514 1515 1516
g roof
f 1514 1516 1517
g roof
f 1517 1518 1519
g roof
f 1517 1519 1514
g roof
f 1520 1521 610
g roof
f 1520 610 609
g roof
f 1520 609 608
g roof
f 1520 608 1522
g roof
f 1522 1523 1524
g roof
f 1522 1524 1525
g roof
f 1522 1525 1526
g roof
f 1527 1528 1520
g roof
f 1520 1522 1526
g roof
f 1520 1526 1527
g roof
f 1529 1530 1531
g roof
f 1531 1532 1533
g roof
f 1534 1535 1536
g roof
f 1534 1536 1529
g roof
f 1529 1531 1533
g roof
f 1529 1533 1534
g roof
f 1537 1538 1539
g roof
f 1537 1539 1161
g roof_step_or_fixture_side
f 121 1540 786 803
g roof_step_or_fixture_side
f 122 121 803 802
g roof_step_or_fixture_side
f 123 122 802 801
g roof_step_or_fixture_side
f 1542 123 801 800
g roof_step_or_fixture_side
f 1543 1542 800 807
g roof_step_or_fixture_side
f 124 1543 807 806
g roof_step_or_fixture_side
f 937 936 125 124
g roof_step_or_fixture_side
f 936 951 1544 125
g roof_step_or_fixture_side
f 951 950 1545 1544
g roof_step_or_fixture_side
f 950 949 126 1545
g roof_step_or_fixture_side
f 949 948 127 126
g roof_step_or_fixture_side
f 128 127 833 829
g roof_step_or_fixture_side
f 129 128 829 828
g roof_step_or_fixture_side
f 130 129 828 827
g roof_step_or_fixture_side
f 131 130 827 826
g roof_step_or_fixture_side
f 136 131 826 825
g roof_step_or_fixture_side
f 137 136 825 824
g roof_step_or_fixture_side
f 138 137 824 823
g roof_step_or_fixture_side
f 139 138 823 822
g roof_step_or_fixture_side
f 140 139 822 821
g roof_step_or_fixture_side
f 141 140 821 820
g roof_step_or_fixture_side
f 142 141 820 819
g roof_step_or_fixture_side
f 143 142 819 818
g roof_step_or_fixture_side
f 144 143 818 817
g roof_step_or_fixture_side
f 145 144 817 816
g roof_step_or_fixture_side
f 146 145 816 815
g roof_step_or_fixture_side
f 147 146 815 814
g roof_step_or_fixture_side
f 148 147 814 813
g roof_step_or_fixture_side
f 169 148 813 797
g roof_step_or_fixture_side
f 170 169 797 796
g roof_step_or_fixture_side
f 171 170 796 795
g roof_step_or_fixture_side
f 953 952 172 171
g roof_step_or_fixture_side
f 952 955 173 172
g facade_completed
f 174 173 1554 1555
g roof_step_or_fixture_side
f 934 933 175 174
g roof_step_or_fixture_side
f 933 932 176 175
g roof_step_or_fixture_side
f 932 931 177 176
g roof_step_or_fixture_side
f 931 930 178 177
g roof_step_or_fixture_side
f 930 929 179 178
g roof_step_or_fixture_side
f 929 928 180 179
g roof_step_or_fixture_side
f 181 180 851 850
g roof_step_or_fixture_side
f 182 181 850 882
g roof_step_or_fixture_side
f 183 182 882 887
g roof_step_or_fixture_side
f 184 183 887 886
g roof_step_or_fixture_side
f 225 184 886 885
g roof_step_or_fixture_side
f 226 225 885 884
g roof_step_or_fixture_side
f 185 226 884 883
g roof_step_or_fixture_side
f 186 185 883 890
g roof_step_or_fixture_side
f 299 298 981 187 186
g roof_step_or_fixture_side
f 981 980 188 187
g roof_step_or_fixture_side
f 1556 189 188 906 1557 905
g roof_step_or_fixture_side
f 190 189 1556 905 1557 904
g roof_step_or_fixture_side
f 191 190 904 903
g roof_step_or_fixture_side
f 192 191 903 902
g roof_step_or_fixture_side
f 193 192 902 901
g roof_step_or_fixture_side
f 194 193 901 900
g roof_step_or_fixture_side
f 195 194 900 899
g roof_step_or_fixture_side
f 196 195 899 898 325
g roof_step_or_fixture_side
f 197 196 325 324
g roof_step_or_fixture_side
f 198 197 324 911
g roof_step_or_fixture_side
f 621 620 199 198
g roof_step_or_fixture_side
f 620 619 200 199
g roof_step_or_fixture_side
f 619 618 201 200
g roof_step_or_fixture_side
f 618 617 202 201
g roof_step_or_fixture_side
f 617 644 203 202
g roof_step_or_fixture_side
f 204 203 428 427
g roof_step_or_fixture_side
f 205 204 427 1018 1017
g roof_step_or_fixture_side
f 206 205 1017 1016
g roof_step_or_fixture_side
f 227 206 1016 1015
g roof_step_or_fixture_side
f 229 227 1015
g roof_step_or_fixture_side
f 208 207 1014
g roof_step_or_fixture_side
f 209 208 1014
g roof_step_or_fixture_side
f 1562 210 1013
g roof_step_or_fixture_side
f 1563 1562 1013 1021
g roof_step_or_fixture_side
f 211 1563 1021 1020 425
g roof_step_or_fixture_side
f 212 211 425 424
g roof_step_or_fixture_side
f 1565 212 424
g roof_step_or_fixture_side
f 1565 421 233
g roof_step_or_fixture_side
f 421 420 213 233
g roof_step_or_fixture_side
f 420 1 213
g roof_step_or_fixture_side
f 2 1 419
g roof_step_or_fixture_side
f 3 2 419 418
g roof_step_or_fixture_side
f 4 3 418 417
g roof_step_or_fixture_side
f 5 4 417 416
g roof_step_or_fixture_side
f 6 5 416 1026 1025
g roof_step_or_fixture_side
f 7 6 1025 1034 1033
g roof_step_or_fixture_side
f 9 8 7 1033 1032
g roof_step_or_fixture_side
f 10 9 1032 1031
g roof_step_or_fixture_side
f 11 10 1031 1030 413
g roof_step_or_fixture_side
f 12 11 413 1030 1036
g roof_step_or_fixture_side
f 13 12 1036 1035 411 652
g roof_step_or_fixture_side
f 1572 14 13 652 651 1573
g roof_step_or_fixture_side
f 15 1572 14 651 1573 650
g roof_step_or_fixture_side
f 16 15 650 649
g roof_step_or_fixture_side
f 17 16 649 648
g roof_step_or_fixture_side
f 18 17 648 647
g roof_step_or_fixture_side
f 19 18 647 646
g roof_step_or_fixture_side
f 20 19 646 645
g roof_step_or_fixture_side
f 21 20 645 663
g roof_step_or_fixture_side
f 22 21 663 1061 1060 495
g roof_step_or_fixture_side
f 23 22 495 494
g roof_step_or_fixture_side
f 24 23 494 493
g roof_step_or_fixture_side
f 25 24 493 492
g roof_step_or_fixture_side
f 26 25 492 491
g roof_step_or_fixture_side
f 27 26 491 490
g roof_step_or_fixture_side
f 28 27 490 489
g roof_step_or_fixture_side
f 29 28 489 488
g roof_step_or_fixture_side
f 30 29 488 487
g roof_step_or_fixture_side
f 31 30 487 486
g roof_step_or_fixture_side
f 32 31 486 485
g facade_completed
f 33 32 485 1580 1581 1361 483
g roof_step_or_fixture_side
f 34 33 483 1361 1360
g roof_step_or_fixture_side
f 35 34 1360 1359
g roof_step_or_fixture_side
f 36 35 1359 1358
g roof_step_or_fixture_side
f 37 36 1358 1357
g roof_step_or_fixture_side
f 214 37 1357 1356
g roof_step_or_fixture_side
f 1584 214 1356 1355
g roof_step_or_fixture_side
f 215 1584 1355 1354
g roof_step_or_fixture_side
f 38 215 1354 1353
g roof_step_or_fixture_side
f 41 38 1353 1352
g roof_step_or_fixture_side
f 42 41 1352 1381
g roof_step_or_fixture_side
f 43 42 1381 1351
g roof_step_or_fixture_side
f 44 43 1351 1350
g roof_step_or_fixture_side
f 45 44 1350 1349
g roof_step_or_fixture_side
f 46 45 1349 1348
g roof_step_or_fixture_side
f 1279 1267 47 46
g roof_step_or_fixture_side
f 1267 1266 48 47
g roof_step_or_fixture_side
f 1266 1277 49 48
g roof_step_or_fixture_side
f 1277 1276 50 49
g roof_step_or_fixture_side
f 1276 1275 51 50
g roof_step_or_fixture_side
f 1275 1274 217 51
g facade_completed
f 52 217 1588 1589
g roof_step_or_fixture_side
f 1272 1271 53 52
g roof_step_or_fixture_side
f 54 53 1043 1042
g roof_step_or_fixture_side
f 55 54 1042 1041
g roof_step_or_fixture_side
f 56 55 1041 1040
g roof_step_or_fixture_side
f 57 56 1040
g roof_step_or_fixture_side
f 58 1039 59
g facade_completed
f 60 59 1591 1592
g roof_step_or_fixture_side
f 1051 1050 61 60
g roof_step_or_fixture_side
f 1050 1053 62 61
g roof_step_or_fixture_side
f 1053 1052 63 62
g facade_completed
f 64 63 1594 1595
g roof_step_or_fixture_side
f 1054 1055 65 64
g roof_step_or_fixture_side
f 1055 1056 1336 66 65
g roof_step_or_fixture_side
f 1336 1335 67 66
g facade_completed
f 68 67 1596 1597
g roof_step_or_fixture_side
f 1333 1332 69 68
g roof_step_or_fixture_side
f 1332 70 69
g roof_step_or_fixture_side
f 72 71 1377
g roof_step_or_fixture_side
f 73 72 1377 1376
g roof_step_or_fixture_side
f 74 73 1376 1375
g facade_completed
f 75 74 1375 1602 1603
g roof_step_or_fixture_side
f 468 467 76 75
g roof_step_or_fixture_side
f 467 466 77 76
g roof_step_or_fixture_side
f 78 77 1280 1248
g roof_step_or_fixture_side
f 79 78 1248 1253
g roof_step_or_fixture_side
f 80 79 1253 1252
g roof_step_or_fixture_side
f 81 80 1252 1251
g roof_step_or_fixture_side
f 82 81 1251 1250
g roof_step_or_fixture_side
f 83 82 1250 861 866
g roof_step_or_fixture_side
f 84 83 866 865
g roof_step_or_fixture_side
f 1239 1238 85 84
g roof_step_or_fixture_side
f 1238 1237 86 85
g roof_step_or_fixture_side
f 1237 1236 234 86
g roof_step_or_fixture_side
f 1236 1235 1607 234
g roof_step_or_fixture_side
f 1235 1234 87 1607
g roof_step_or_fixture_side
f 1234 1233 88 87
g roof_step_or_fixture_side
f 1233 1232 89 88
g roof_step_or_fixture_side
f 1232 1231 90 89
g roof_step_or_fixture_side
f 91 90 842 841
g roof_step_or_fixture_side
f 92 91 841 840
g roof_step_or_fixture_side
f 93 92 840 839
g roof_step_or_fixture_side
f 1247 1246 94 93
g roof_step_or_fixture_side
f 1246 1245 95 94
g roof_step_or_fixture_side
f 1245 1258 96 95
g roof_step_or_fixture_side
f 1258 1257 1609 96
g roof_step_or_fixture_side
f 1257 1256 97 1609
g roof_step_or_fixture_side
f 1256 1255 98 97
g roof_step_or_fixture_side
f 1255 1265 1610 98
g roof_step_or_fixture_side
f 1265 1264 1405 1610
g roof_step_or_fixture_side
f 1405 1404 1611
g roof_step_or_fixture_side
f 99 1611 848 847
g roof_step_or_fixture_side
f 100 99 847 846
g roof_step_or_fixture_side
f 218 100 846 845
g roof_step_or_fixture_side
f 101 218 845 844
g roof_step_or_fixture_side
f 102 101 844 849
g roof_step_or_fixture_side
f 1403 103 102
g roof_step_or_fixture_side
f 1263 1262 104 103
g roof_step_or_fixture_side
f 1262 1261 105 104
g roof_step_or_fixture_side
f 1261 1260 106 105
g roof_step_or_fixture_side
f 1497 1496 107 106 1260
g roof_step_or_fixture_side
f 1496 1495 108 107
g roof_step_or_fixture_side
f 1495 1494 109 108
g roof_step_or_fixture_side
f 1494 1493 110 109
g facade_completed
f 1615 110 1616 1617
g facade_completed
f 1618 1615 1617 1619
g facade_completed
f 1620 1618 1619 1621
g facade_completed
f 111 1620 1621 1622
g facade_completed
f 1623 111 1622 1624
g facade_completed
f 112 1623 1624 1625
g facade_completed
f 1626 112 1625 1627
g facade_completed
f 1628 1626 1627 1629
g facade_completed
f 120 1628 1629 1630 787
g roof_step_or_fixture_side
f 1540 120 787 786
g roof_step_or_fixture_side
f 444 421 233 165
g roof_step_or_fixture_side
f 421 443 166 233
g roof_step_or_fixture_side
f 443 445 164 166
g roof_step_or_fixture_side
f 445 444 165 164
g roof_step_or_fixture_side
f 113 114 923 922
g roof_step_or_fixture_side
f 228 113 922 921
g roof_step_or_fixture_side
f 114 228 921 923
g roof_step_or_fixture_side
f 118 117 918 917
g roof_step_or_fixture_side
f 219 118 917 916
g roof_step_or_fixture_side
f 1634 219 916 915
g roof_step_or_fixture_side
f 1636 1634 915 914
g roof_step_or_fixture_side
f 220 1636 914 913
g roof_step_or_fixture_side
f 119 220 913 912
g roof_step_or_fixture_side
f 115 119 912 920
g roof_step_or_fixture_side
f 116 115 920 919
g roof_step_or_fixture_side
f 117 116 919 918
g roof_step_or_fixture_side
f 989 988 158 157
g roof_step_or_fixture_side
f 988 987 160 158
g roof_step_or_fixture_side
f 987 1000 161 160
g roof_step_or_fixture_side
f 1000 999 1639 161
g roof_step_or_fixture_side
f 999 998 162 1639
g roof_step_or_fixture_side
f 998 997 163 162
g roof_step_or_fixture_side
f 997 996 167 163
g roof_step_or_fixture_side
f 996 995 152 167
g roof_step_or_fixture_side
f 995 994 153 152
g roof_step_or_fixture_side
f 994 993 154 153
g roof_step_or_fixture_side
f 993 992 155 154
g roof_step_or_fixture_side
f 992 991 1640 155
g roof_step_or_fixture_side
f 991 990 156 1640
g roof_step_or_fixture_side
f 990 989 157 156
g roof_step_or_fixture_side
f 1003 1002 135 222
g roof_step_or_fixture_side
f 1002 1001 221 135
g roof_step_or_fixture_side
f 1001 1003 222 221
g roof_step_or_fixture_side
f 149 168 857 860
g roof_step_or_fixture_side
f 150 149 860 859
g roof_step_or_fixture_side
f 151 150 859 858
g roof_step_or_fixture_side
f 168 151 858 857
g roof_step_or_fixture_side
f 961 960 133 132
g roof_step_or_fixture_side
f 960 966 134 133
g roof_step_or_fixture_side
f 966 965 230 134
g roof_step_or_fixture_side
f 965 964 231 230
g roof_step_or_fixture_side
f 964 963 232 231
g roof_step_or_fixture_side
f 963 962 1643 232
g roof_step_or_fixture_side
f 962 961 132 1643
g facade_completed
f 223 159 1644 1645
g facade_completed
f 224 223 1645 1646
g facade_completed
f 159 224 1646 1644
g facade_completed
f 216 40 1647 1648
g facade_completed
f 39 216 1648 1649
g facade_completed
f 40 39 1649 1647
g roof_step_or_fixture_side
f 944 943 247 243
g roof_step_or_fixture_side
f 943 942 244 247
g roof_step_or_fixture_side
f 942 941 235 244
g roof_step_or_fixture_side
f 169 235 798 797
g roof_step_or_fixture_side
f 236 169 797 812
g roof_step_or_fixture_side
f 237 236 812 811
g roof_step_or_fixture_side
f 238 237 811 810
g roof_step_or_fixture_side
f 239 238 810 809
g roof_step_or_fixture_side
f 246 239 809 1653
g roof_step_or_fixture_side
f 245 246 1653 1654
g roof_step_or_fixture_side
f 240 245 1654 808
g roof_step_or_fixture_side
f 241 240 808 837
g roof_step_or_fixture_side
f 946 945 242 241
g roof_step_or_fixture_side
f 945 944 243 242
g roof_step_or_fixture_side
f 948 947 250 127
g roof_step_or_fixture_side
f 248 250 836 835
g roof_step_or_fixture_side
f 249 248 835 834
g roof_step_or_fixture_side
f 127 249 834 833
g roof_step_or_fixture_side
f 1499 1498 1259 271 270
g roof_step_or_fixture_side
f 1259 1245 95 271
g roof_step_or_fixture_side
f 1245 1244 254 95
g roof_step_or_fixture_side
f 1244 255 254
g roof_step_or_fixture_side
f 256 255 1243
g roof_step_or_fixture_side
f 257 256 1243 1397 1402
g roof_step_or_fixture_side
f 258 257 1402 1401
g roof_step_or_fixture_side
f 259 258 1401 1400
g roof_step_or_fixture_side
f 260 259 1400 1399 874
g roof_step_or_fixture_side
f 261 260 874 873
g roof_step_or_fixture_side
f 262 261 873 1179 1178
g roof_step_or_fixture_side
f 263 262 1178 1177
g roof_step_or_fixture_side
f 264 263 1177 1176
g roof_step_or_fixture_side
f 265 264 1176 1175
g roof_step_or_fixture_side
f 1660 265 1175 1174 1489
g roof_step_or_fixture_side
f 266 1660 1489 1488
g roof_step_or_fixture_side
f 267 266 1488 1504
g roof_step_or_fixture_side
f 251 267 1504 1503
g roof_step_or_fixture_side
f 252 251 1503 1502
g roof_step_or_fixture_side
f 253 252 1502 1501
g roof_step_or_fixture_side
f 268 253 1501
g roof_step_or_fixture_side
f 268 1500 269
g roof_step_or_fixture_side
f 1500 1499 270 269
g facade_completed
f 275 274 1227 1663 1664
g facade_completed
f 276 275 1664 1665
g roof_step_or_fixture_side
f 272 277 1491
g roof_step_or_fixture_side
f 273 272 1491 1490
g roof_step_or_fixture_side
f 274 273 1490 1173 1227
g roof_step_or_fixture_side
f 181 279 881 850
g roof_step_or_fixture_side
f 280 181 850 856
g roof_step_or_fixture_side
f 281 280 856 855
g facade_completed
f 282 281 855 1666 1667
g facade_completed
f 283 282 1667 1668
g facade_completed
f 284 283 1668 1669
g roof_step_or_fixture_side
f 304 303 285 284
g roof_step_or_fixture_side
f 303 302 286 285
g roof_step_or_fixture_side
f 302 301 287 286
g roof_step_or_fixture_side
f 301 300 288 287
g roof_step_or_fixture_side
f 300 299 186 288
g roof_step_or_fixture_side
f 289 186 890 889
g roof_step_or_fixture_side
f 278 289 889 888
g roof_step_or_fixture_side
f 182 278 888 882
g roof_step_or_fixture_side
f 279 182 882 881
g roof_step_or_fixture_side
f 291 620 199
g roof_step_or_fixture_side
f 620 290 199
g roof_step_or_fixture_side
f 984 983 331 328
g roof_step_or_fixture_side
f 329 331 896 895
g roof_step_or_fixture_side
f 971 970 292 329
g roof_step_or_fixture_side
f 970 969 293 292
g roof_step_or_fixture_side
f 969 968 294 293
g roof_step_or_fixture_side
f 968 967 295 294
g roof_step_or_fixture_side
f 967 296 295
g roof_step_or_fixture_side
f 297 296 982
g roof_step_or_fixture_side
f 298 297 982 981
g facade_completed
f 305 304 284 1669 1676
g facade_completed
f 306 305 1676 1677
g facade_completed
f 307 306 1677 1678
g facade_completed
f 308 307 1678 1679
g facade_completed
f 309 308 1679 1680
g facade_completed
f 310 309 1680 1681
g facade_completed
f 311 310 1681 1682
g facade_completed
f 312 311 1682 1683
g facade_completed
f 313 312 1683 1684 1078
g roof_step_or_fixture_side
f 314 313 1078 1077
g roof_step_or_fixture_side
f 315 314 1077 1004
g roof_step_or_fixture_side
f 316 315 1004 1007
g roof_step_or_fixture_side
f 317 316 1007 1006
g roof_step_or_fixture_side
f 318 317 1006 1012
g roof_step_or_fixture_side
f 319 318 1012 1011
g roof_step_or_fixture_side
f 320 319 1011 1010
g roof_step_or_fixture_side
f 626 625 321 320
g roof_step_or_fixture_side
f 625 624 322 321
g roof_step_or_fixture_side
f 624 623 323 322
g roof_step_or_fixture_side
f 623 622 330 323
g roof_step_or_fixture_side
f 326 325 898 897
g roof_step_or_fixture_side
f 986 985 327 326
g roof_step_or_fixture_side
f 985 984 328 327
g roof_step_or_fixture_side
f 643 642 430 429
g roof_step_or_fixture_side
f 642 641 431 430
g roof_step_or_fixture_side
f 641 640 432 431
g roof_step_or_fixture_side
f 640 639 433 432
g roof_step_or_fixture_side
f 639 638 434 433
g roof_step_or_fixture_side
f 638 637 435 434
g roof_step_or_fixture_side
f 637 636 436 435
g roof_step_or_fixture_side
f 636 635 437 436
g roof_step_or_fixture_side
f 635 634 332 437
g roof_step_or_fixture_side
f 634 1689 1690 332
g roof_step_or_fixture_side
f 1689 1692 1693 1690
g roof_step_or_fixture_side
f 1692 1694 333 1693
g roof_step_or_fixture_side
f 334 333 1087 1086
g roof_step_or_fixture_side
f 339 334 1086 1085
g roof_step_or_fixture_side
f 340 339 1085 1084
g roof_step_or_fixture_side
f 1695 340 1084 1083
g roof_step_or_fixture_side
f 341 1695 1083 1082
g roof_step_or_fixture_side
f 342 341 1082 1081
g roof_step_or_fixture_side
f 1696 342 1081 1080
g roof_step_or_fixture_side
f 343 1696 1080 1079
g facade_completed
f 344 343 1079 1697 1698
g roof_step_or_fixture_side
f 747 752 345 344
g roof_step_or_fixture_side
f 752 751 346 345
g roof_step_or_fixture_side
f 751 750 440 346
g roof_step_or_fixture_side
f 750 749 347 440
g roof_step_or_fixture_side
f 749 748 348 347
g facade_completed
f 349 348 1700 1701
g facade_completed
f 1702 349 1701 1703
g facade_completed
f 1704 1702 1703 1705
g facade_completed
f 1706 1704 1705 1707
g facade_completed
f 1708 1706 1707 1709
g facade_completed
f 1710 1708 1709 1711
g facade_completed
f 1712 1710 1711 1713
g facade_completed
f 1714 1712 1713 1715
g facade_completed
f 1716 1714 1715 1717
g facade_completed
f 1718 1716 1717 1719
g facade_completed
f 350 1718 1719 1720
g facade_completed
f 351 350 1720 1721 1104
g roof_step_or_fixture_side
f 352 351 1104 1103
g roof_step_or_fixture_side
f 1722 352 1103 1102
g roof_step_or_fixture_side
f 353 1722 1102 1101
g roof_step_or_fixture_side
f 354 353 1101 1100
g roof_step_or_fixture_side
f 355 354 1100 1099
g roof_step_or_fixture_side
f 356 355 1099 1098
g roof_step_or_fixture_side
f 357 356 1098 1097
g roof_step_or_fixture_side
f 358 357 1097 1096
g roof_step_or_fixture_side
f 359 358 1096 1095
g roof_step_or_fixture_side
f 760 759 360 359
g roof_step_or_fixture_side
f 759 774 361 360
g roof_step_or_fixture_side
f 774 773 362 361
g roof_step_or_fixture_side
f 773 772 363 362
g roof_step_or_fixture_side
f 772 771 364 363
g roof_step_or_fixture_side
f 771 770 365 364
g roof_step_or_fixture_side
f 770 769 366 365
g roof_step_or_fixture_side
f 769 768 367 366
g roof_step_or_fixture_side
f 768 767 368 367
g roof_step_or_fixture_side
f 767 766 438 368
g roof_step_or_fixture_side
f 766 765 369 438
g roof_step_or_fixture_side
f 765 764 370 369
g roof_step_or_fixture_side
f 764 763 371 370
g roof_step_or_fixture_side
f 763 762 372 371
g roof_step_or_fixture_side
f 762 761 373 372
g roof_step_or_fixture_side
f 374 373 1094 1093
g roof_step_or_fixture_side
f 375 374 1093 1092
g roof_step_or_fixture_side
f 376 375 1092 1091
g roof_step_or_fixture_side
f 377 376 1091 1090
g roof_step_or_fixture_side
f 378 377 1090 1089
g roof_step_or_fixture_side
f 379 378 1089 1088
g roof_step_or_fixture_side
f 380 379 1088 1120
g roof_step_or_fixture_side
f 381 380 1120 1119
g roof_step_or_fixture_side
f 709 708 382 381
g roof_step_or_fixture_side
f 708 707 383 382
g roof_step_or_fixture_side
f 707 706 384 383
g roof_step_or_fixture_side
f 706 740 1737 384
g roof_step_or_fixture_side
f 740 745 1739 1737
g roof_step_or_fixture_side
f 745 746 1741 1739
g roof_step_or_fixture_side
f 746 744 385 1741
g roof_step_or_fixture_side
f 744 743 386 385
g roof_step_or_fixture_side
f 387 386 1121 1124
g roof_step_or_fixture_side
f 388 387 1124 1123
g roof_step_or_fixture_side
f 389 388 1123 1122
g roof_step_or_fixture_side
f 739 738 390 389
g roof_step_or_fixture_side
f 738 742 1742 390
g roof_step_or_fixture_side
f 742 737 391 1742
g roof_step_or_fixture_side
f 737 736 392 391
g roof_step_or_fixture_side
f 736 735 393 392
g roof_step_or_fixture_side
f 735 734 394 393
g roof_step_or_fixture_side
f 734 733 395 394
g roof_step_or_fixture_side
f 733 732 396 395
g roof_step_or_fixture_side
f 732 731 397 396
g roof_step_or_fixture_side
f 731 730 1744 397
g roof_step_or_fixture_side
f 730 741 1746 1744
g roof_step_or_fixture_side
f 741 729 398 1746
g roof_step_or_fixture_side
f 729 728 399 398
g roof_step_or_fixture_side
f 400 399 1064 1063
g roof_step_or_fixture_side
f 661 664 1747 400
g roof_step_or_fixture_side
f 664 660 401 1747
g roof_step_or_fixture_side
f 660 659 402 401
g roof_step_or_fixture_side
f 659 658 403 402
g roof_step_or_fixture_side
f 658 657 404 403
g roof_step_or_fixture_side
f 657 656 405 404
g roof_step_or_fixture_side
f 656 655 406 405
g roof_step_or_fixture_side
f 655 654 407 406
g roof_step_or_fixture_side
f 408 407 1129 1128
g roof_step_or_fixture_side
f 441 408 1128 1127
g roof_step_or_fixture_side
f 1750 441 1127 1126
g roof_step_or_fixture_side
f 409 1750 1126 1022
g roof_step_or_fixture_side
f 410 409 1022 1125
g roof_step_or_fixture_side
f 653 652 411 410
g roof_step_or_fixture_side
f 412 411 1035 1037
g roof_step_or_fixture_side
f 413 412 1037 1030
g roof_step_or_fixture_side
f 414 413 1030 1029
g roof_step_or_fixture_side
f 415 414 1029 1028
g roof_step_or_fixture_side
f 1752 415 1028 1027
g roof_step_or_fixture_side
f 416 1752 1027 1026
g roof_step_or_fixture_side
f 426 425 1020 1019
g roof_step_or_fixture_side
f 427 426 1019 1018
g roof_step_or_fixture_side
f 644 643 429 428 203
g roof_step_or_fixture_side
f 409 423 1023 1022
g roof_step_or_fixture_side
f 422 409 1022 1024
g roof_step_or_fixture_side
f 423 422 1024 1023
g roof_step_or_fixture_side
f 757 756 335 439
g roof_step_or_fixture_side
f 756 755 336 335
g roof_step_or_fixture_side
f 755 754 337 336
g roof_step_or_fixture_side
f 754 753 338 337
g roof_step_or_fixture_side
f 753 758 442 338
g roof_step_or_fixture_side
f 758 757 439 442
g roof_step_or_fixture_side
f 474 473 1370 1369
g roof_step_or_fixture_side
f 475 474 1369 1368
g roof_step_or_fixture_side
f 476 475 1368 1367
g roof_step_or_fixture_side
f 477 476 1367 1366
g roof_step_or_fixture_side
f 478 477 1366 1365
g roof_step_or_fixture_side
f 479 478 1365 1364
g facade_completed
f 480 479 1364 1757 1758
g facade_completed
f 481 480 1758 1759 1363
g roof_step_or_fixture_side
f 482 481 1363 1362
g roof_step_or_fixture_side
f 483 482 1362 1361
g facade_completed
f 484 483 1361 1581 1761
g facade_completed
f 485 484 1761 1580
g roof_step_or_fixture_side
f 496 495 1060 1059
g roof_step_or_fixture_side
f 1407 1406 497 496
g roof_step_or_fixture_side
f 498 497 1071 1070
g roof_step_or_fixture_side
f 499 498 1070 1069
g roof_step_or_fixture_side
f 500 499 1069 1074
g roof_step_or_fixture_side
f 695 694 501 500
g roof_step_or_fixture_side
f 694 693 502 501
g roof_step_or_fixture_side
f 693 692 446 502
g roof_step_or_fixture_side
f 692 691 447 446
g roof_step_or_fixture_side
f 691 690 448 447
g roof_step_or_fixture_side
f 690 689 449 448
g roof_step_or_fixture_side
f 689 688 450 449
g roof_step_or_fixture_side
f 451 450 1505 1513
g roof_step_or_fixture_side
f 452 451 1513 1512
g roof_step_or_fixture_side
f 453 452 1512 1219 1218
g roof_step_or_fixture_side
f 454 453 1218 1217
g roof_step_or_fixture_side
f 455 454 1217 1216
g roof_step_or_fixture_side
f 503 455 1216 1215
g roof_step_or_fixture_side
f 456 503 1215 1214
g roof_step_or_fixture_side
f 457 456 1214 1769
g facade_completed
f 458 457 1769 1770 1771 1213
g roof_step_or_fixture_side
f 459 458 1213 1211
g roof_step_or_fixture_side
f 460 459 1211 1210
g roof_step_or_fixture_side
f 461 460 1210 1209
g roof_step_or_fixture_side
f 462 461 1209 1208 1473
g roof_step_or_fixture_side
f 463 462 1473 1472
g roof_step_or_fixture_side
f 464 463 1472 1283 1282
g roof_step_or_fixture_side
f 465 464 1282 1281
g roof_step_or_fixture_side
f 466 465 1281 1280 77
g facade_completed
f 469 468 75 1603 1775 1374
g roof_step_or_fixture_side
f 470 469 1374 1373
g roof_step_or_fixture_side
f 471 470 1373 1372
g roof_step_or_fixture_side
f 472 471 1372 1371
g roof_step_or_fixture_side
f 473 472 1371 1370
g roof_step_or_fixture_side
f 672 671 507 506
g roof_step_or_fixture_side
f 671 670 508 507
g roof_step_or_fixture_side
f 509 508 1057 1068
g roof_step_or_fixture_side
f 510 509 1068 1067
g roof_step_or_fixture_side
f 511 510 1067 1066
g roof_step_or_fixture_side
f 512 511 1066 1065
g roof_step_or_fixture_side
f 727 726 513 512
g roof_step_or_fixture_side
f 726 725 514 513
g roof_step_or_fixture_side
f 504 514 1132 1131
g roof_step_or_fixture_side
f 505 504 1131 1138
g roof_step_or_fixture_side
f 506 505 1138 1137
g roof_step_or_fixture_side
f 698 697 518 517
g roof_step_or_fixture_side
f 697 683 519 518
g roof_step_or_fixture_side
f 683 682 520 519
g roof_step_or_fixture_side
f 521 520 1140 1139
g roof_step_or_fixture_side
f 700 702 515 521
g roof_step_or_fixture_side
f 702 699 516 515
g roof_step_or_fixture_side
f 699 698 517 516
g roof_step_or_fixture_side
f 530 529 1291
g roof_step_or_fixture_side
f 530 1290 531
g roof_step_or_fixture_side
f 1290 1289 532 531
g roof_step_or_fixture_side
f 1289 1288 533 532
g roof_step_or_fixture_side
f 1288 1287 534 533
g roof_step_or_fixture_side
f 520 534 1141 1140
g roof_step_or_fixture_side
f 682 681 535 520
g roof_step_or_fixture_side
f 681 680 536 535
g roof_step_or_fixture_side
f 537 536 1412
g roof_step_or_fixture_side
f 526 537 1412 1411
g roof_step_or_fixture_side
f 522 526 1411 1410
g roof_step_or_fixture_side
f 523 522 1410 1782 1302
g roof_step_or_fixture_side
f 1783 523 1302 1312
g roof_step_or_fixture_side
f 1785 1783 1312 1311
g roof_step_or_fixture_side
f 524 1785 1311 1310
g roof_step_or_fixture_side
f 525 524 1310 1446 1445 1294
g roof_step_or_fixture_side
f 527 525 1294 1293
g roof_step_or_fixture_side
f 528 527 1293 1292
g roof_step_or_fixture_side
f 529 528 1292 1291
g roof_step_or_fixture_side
f 567 381 1119 1118
g roof_step_or_fixture_side
f 568 567 1118 1117
g roof_step_or_fixture_side
f 569 568 1117 1116
g roof_step_or_fixture_side
f 570 569 1116 1115
g roof_step_or_fixture_side
f 571 570 1115 1114
g roof_step_or_fixture_side
f 572 571 1114 1113
g roof_step_or_fixture_side
f 573 572 1113 1112
g roof_step_or_fixture_side
f 574 573 1112 1111
g roof_step_or_fixture_side
f 575 574 1111 1110
g roof_step_or_fixture_side
f 576 575 1110 1109
g roof_step_or_fixture_side
f 577 576 1109 1108
g roof_step_or_fixture_side
f 777 776 578 577
g roof_step_or_fixture_side
f 776 775 579 578
g roof_step_or_fixture_side
f 775 785 580 579
g roof_step_or_fixture_side
f 785 784 581 580
g roof_step_or_fixture_side
f 784 783 582 581
g roof_step_or_fixture_side
f 783 782 583 582
g roof_step_or_fixture_side
f 782 781 584 583
g facade_completed
f 585 584 1787 1788
g facade_completed
f 586 585 1788 1789
g facade_completed
f 587 586 1789 1790
g facade_completed
f 588 587 1790 1791
g facade_completed
f 589 588 1791 1792
g facade_completed
f 590 589 1792 1793
g facade_completed
f 591 590 1793 1794
g facade_completed
f 592 591 1794 1795
g facade_completed
f 593 592 1795 1796
g facade_completed
f 594 593 1796 1797
g roof_step_or_fixture_side
f 1528 1527 595 594
g roof_step_or_fixture_side
f 1527 1526 596 595
g roof_step_or_fixture_side
f 1526 1525 597 596
g roof_step_or_fixture_side
f 1525 1524 598 597
g roof_step_or_fixture_side
f 599 598 1424 1423
g roof_step_or_fixture_side
f 600 599 1423 1422
g roof_step_or_fixture_side
f 601 600 1422 1421
g roof_step_or_fixture_side
f 538 601 1421 1420
g roof_step_or_fixture_side
f 539 538 1420 1151 1150
g roof_step_or_fixture_side
f 540 539 1150 1160
g roof_step_or_fixture_side
f 541 540 1160 1159
g roof_step_or_fixture_side
f 542 541 1159 1158
g roof_step_or_fixture_side
f 1803 542 1158 1157
g roof_step_or_fixture_side
f 604 1803 1157 1156
g roof_step_or_fixture_side
f 605 604 1156 1155
g roof_step_or_fixture_side
f 603 605 1155 1154
g roof_step_or_fixture_side
f 543 603 1451
g roof_step_or_fixture_side
f 544 543 1451 1450
g roof_step_or_fixture_side
f 545 544 1450 1417
g roof_step_or_fixture_side
f 546 545 1417 1416
g roof_step_or_fixture_side
f 547 546 1416 1415
g roof_step_or_fixture_side
f 548 547 1415
g roof_step_or_fixture_side
f 676 675 549 548
g roof_step_or_fixture_side
f 675 674 550 549
g roof_step_or_fixture_side
f 674 673 551 550
g roof_step_or_fixture_side
f 673 672 506 551
g roof_step_or_fixture_side
f 552 506 1137 1136
g roof_step_or_fixture_side
f 602 552 1136 1135
g roof_step_or_fixture_side
f 553 602 1135 1134
g roof_step_or_fixture_side
f 554 553 1134 1133
g roof_step_or_fixture_side
f 722 721 555 554
g roof_step_or_fixture_side
f 721 720 556 555
g roof_step_or_fixture_side
f 720 719 557 556
g roof_step_or_fixture_side
f 719 718 558 557
g roof_step_or_fixture_side
f 718 717 559 558
g roof_step_or_fixture_side
f 717 716 560 559
g roof_step_or_fixture_side
f 716 715 561 560
g roof_step_or_fixture_side
f 715 714 562 561
g roof_step_or_fixture_side
f 714 713 563 562
g roof_step_or_fixture_side
f 713 712 564 563
g roof_step_or_fixture_side
f 712 711 565 564
g roof_step_or_fixture_side
f 711 710 566 565
g roof_step_or_fixture_side
f 710 709 381 566
g roof_step_or_fixture_side
f 608 607 1161 1164
g roof_step_or_fixture_side
f 611 610 1324 1810
g roof_step_or_fixture_side
f 612 611 1810 1323
g roof_step_or_fixture_side
f 606 612 1323 1322 1537
g roof_step_or_fixture_side
f 607 606 1537 1161
g roof_step_or_fixture_side
f 778 777 577 615
g roof_step_or_fixture_side
f 616 577 1108 1107
g facade_completed
f 613 616 1107 1813 1814
g roof_step_or_fixture_side
f 780 779 614 613
g roof_step_or_fixture_side
f 779 778 615 614
g roof_step_or_fixture_side
f 628 627 1009 1816
g roof_step_or_fixture_side
f 629 628 1816 1008
g roof_step_or_fixture_side
f 630 629 1008 1006 317
g roof_step_or_fixture_side
f 631 630 317 1006 1005
g roof_step_or_fixture_side
f 632 631 1005 1004 315
g roof_step_or_fixture_side
f 633 632 315 1004 1076
g roof_step_or_fixture_side
f 1694 633 1076 1087 333
g roof_step_or_fixture_side
f 622 621 198 911 330
g roof_step_or_fixture_side
f 627 626 320 1010 1009
g roof_step_or_fixture_side
f 654 653 410 1125 1129 407
g roof_step_or_fixture_side
f 662 661 400 1063 1062
g roof_step_or_fixture_side
f 663 662 1062 1061
g roof_step_or_fixture_side
f 696 695 500 1074 1073
g roof_step_or_fixture_side
f 665 696 1073 1075
g roof_step_or_fixture_side
f 666 665 1075 1069 499
g roof_step_or_fixture_side
f 667 666 499 1069 1072 1409
g roof_step_or_fixture_side
f 668 667 1409 1408
g roof_step_or_fixture_side
f 669 668 1408
g roof_step_or_fixture_side
f 670 669 1058 1057 508
g roof_step_or_fixture_side
f 677 676 548 1414
g roof_step_or_fixture_side
f 678 677 1414 1413
g roof_step_or_fixture_side
f 679 678 1413 1833
g roof_step_or_fixture_side
f 680 679 1833 536
g roof_step_or_fixture_side
f 684 700 521 1139 1142 1286
g roof_step_or_fixture_side
f 685 684 1286 1285
g roof_step_or_fixture_side
f 703 685 1285 1301
g roof_step_or_fixture_side
f 704 703 1301 1300
g roof_step_or_fixture_side
f 705 704 1300 1299
g roof_step_or_fixture_side
f 701 705 1299 1298
g roof_step_or_fixture_side
f 686 701 1298 1297
g roof_step_or_fixture_side
f 687 686 1297 1296 1506
g roof_step_or_fixture_side
f 688 687 1506 1505 450
g roof_step_or_fixture_side
f 723 722 554 1133 1131 504
g roof_step_or_fixture_side
f 724 723 504 1131 1130
g roof_step_or_fixture_side
f 725 724 1130 1132 514
g roof_step_or_fixture_side
f 728 727 512 1065 1064 399
g roof_step_or_fixture_side
f 743 739 389 1122 1121 386
g facade_completed
f 748 747 344 1698 1700 348
g roof_step_or_fixture_side
f 761 760 359 1095 1094 373
g facade_completed
f 781 780 613 1814 1787 584
g facade_completed
f 789 788 1853 1854
g facade_completed
f 790 789 1854 1855
g facade_completed
f 791 790 1855 1856
g facade_completed
f 792 791 1856 1857
g facade_completed
f 793 792 1857 1858
g facade_completed
f 794 793 1858 1859
g roof_step_or_fixture_side
f 954 953 171 795 794
g roof_step_or_fixture_side
f 941 940 799 798 235
g roof_step_or_fixture_side
f 940 939 804 799
g roof_step_or_fixture_side
f 939 938 805 804
g roof_step_or_fixture_side
f 938 937 124 806 805
g facade_completed
f 788 787 1630 1853
g roof_step_or_fixture_side
f 947 946 241 837 836 250
g roof_step_or_fixture_side
f 957 956 130 827 830
g roof_step_or_fixture_side
f 956 959 831 827 130
g roof_step_or_fixture_side
f 959 958 832 831
g roof_step_or_fixture_side
f 958 957 830 832
g roof_step_or_fixture_side
f 1231 1230 843 842 90
g roof_step_or_fixture_side
f 1230 1875 838 843
g roof_step_or_fixture_side
f 1875 1247 93 839 838
g roof_step_or_fixture_side
f 1404 1403 102 849 848 1611
g roof_step_or_fixture_side
f 927 926 853 852
g facade_completed
f 854 853 1878 1879
g facade_completed
f 855 854 1879 1666
g roof_step_or_fixture_side
f 928 927 852 851 180
g roof_step_or_fixture_side
f 1241 1240 864 863
g roof_step_or_fixture_side
f 1240 1239 84 865 864
g roof_step_or_fixture_side
f 1250 1242 862 861
g roof_step_or_fixture_side
f 1242 1241 863 862
g roof_step_or_fixture_side
f 869 868 1184
g roof_step_or_fixture_side
f 870 869 1184 1183
g roof_step_or_fixture_side
f 871 870 1183 1254
g roof_step_or_fixture_side
f 872 871 1254 1180
g roof_step_or_fixture_side
f 873 872 1180 1179
g roof_step_or_fixture_side
f 875 874 1399 1398
g roof_step_or_fixture_side
f 1249 1248 876 875
g roof_step_or_fixture_side
f 1248 877 876
g roof_step_or_fixture_side
f 878 877 1194
g roof_step_or_fixture_side
f 879 878 1194 1193
g roof_step_or_fixture_side
f 880 879 1193
g roof_step_or_fixture_side
f 880 1192 867
g roof_step_or_fixture_side
f 1192 868 867
g roof_step_or_fixture_side
f 974 973 893 892
g roof_step_or_fixture_side
f 973 972 894 893
g roof_step_or_fixture_side
f 972 971 329 895 894
g roof_step_or_fixture_side
f 983 986 326 897 896 331
g roof_step_or_fixture_side
f 980 979 907 906 188
g roof_step_or_fixture_side
f 979 978 908 907
g roof_step_or_fixture_side
f 978 977 909 908
g roof_step_or_fixture_side
f 977 976 910 909
g roof_step_or_fixture_side
f 976 975 891 910
g roof_step_or_fixture_side
f 975 974 892 891
g facade_completed
f 926 925 1893 1878 853
g facade_completed
f 935 934 174 1555 1894
g facade_completed
f 924 935 1894 1895
g facade_completed
f 925 924 1895 1893
g facade_completed
f 955 954 794 1859 1554 173
g facade_completed
f 1038 1051 60 1592 1918
g facade_completed
f 1039 1038 1918 1591 59
g roof_step_or_fixture_side
f 1271 1270 1044 1043 53
g roof_step_or_fixture_side
f 1270 1269 1345 1045 1044
g roof_step_or_fixture_side
f 1345 1344 1046 1045
g roof_step_or_fixture_side
f 1344 1343 1047 1046
g roof_step_or_fixture_side
f 1343 1342 1048 1047
g roof_step_or_fixture_side
f 1342 1341 1049 1048
g roof_step_or_fixture_side
f 1341 1340 1050 1049
g roof_step_or_fixture_side
f 1340 1054 1050
g facade_completed
f 1052 1054 1595 1594 63
g roof_step_or_fixture_side
f 1056 1054 1336
g roof_step_or_fixture_side
f 669 1407 496 1059 1058
g roof_step_or_fixture_side
f 1406 1409 1072 1071 497
g facade_completed
f 1079 1078 1684 1697
g facade_completed
f 1105 1104 1721 1930
g facade_completed
f 1106 1105 1930 1931
g facade_completed
f 1107 1106 1931 1813
g roof_step_or_fixture_side
f 1287 1286 1142 1141 534
g roof_step_or_fixture_side
f 1145 1144 1304
g roof_step_or_fixture_side
f 1145 1303 1146
g roof_step_or_fixture_side
f 1147 1146 1939 1453
g roof_step_or_fixture_side
f 1148 1147 1453 1457
g roof_step_or_fixture_side
f 1149 1148 1457 1456
g roof_step_or_fixture_side
f 1143 1149 1456 1455 1305
g roof_step_or_fixture_side
f 1144 1143 1305 1304
g roof_step_or_fixture_side
f 1420 1419 1152 1151
g roof_step_or_fixture_side
f 1419 1418 1153 1152
g roof_step_or_fixture_side
f 1418 603 1154 1153
g roof_step_or_fixture_side
f 1164 1163 1428 1427
g roof_step_or_fixture_side
f 1162 1161 1313 1318
g roof_step_or_fixture_side
f 1163 1162 1318 1429 1428
g roof_step_or_fixture_side
f 878 1487 1195 1194
g roof_step_or_fixture_side
f 1487 1486 1196 1195
g roof_step_or_fixture_side
f 1486 1485 1197 1196
g roof_step_or_fixture_side
f 1485 1484 1198 1197
g roof_step_or_fixture_side
f 1484 1483 1199 1198
g roof_step_or_fixture_side
f 1483 1482 1200 1199
g roof_step_or_fixture_side
f 1482 1481 1201 1200
g roof_step_or_fixture_side
f 1481 1480 1202 1201
g roof_step_or_fixture_side
f 1480 1479 1203 1202
g roof_step_or_fixture_side
f 1479 1478 1229 1203
g roof_step_or_fixture_side
f 1478 1477 1204 1229
g roof_step_or_fixture_side
f 1477 1476 1205 1204
g roof_step_or_fixture_side
f 1476 1475 1206 1205
g roof_step_or_fixture_side
f 1475 1474 1207 1206
g roof_step_or_fixture_side
f 1474 1473 1208 1207
g facade_completed
f 1212 1213 1771 1948
g facade_completed
f 1769 1212 1948 1770
g roof_step_or_fixture_side
f 1512 1511 1220 1219
g roof_step_or_fixture_side
f 1511 1510 1950 1220
g roof_step_or_fixture_side
f 1510 1509 1951 1950
g roof_step_or_fixture_side
f 1509 1508 1221 1951
g roof_step_or_fixture_side
f 1508 1507 1222 1221
g roof_step_or_fixture_side
f 1223 1222 1443 1442
g roof_step_or_fixture_side
f 1224 1223 1442 1441
g roof_step_or_fixture_side
f 1225 1224 1441 1440
g roof_step_or_fixture_side
f 1953 1225 1440 1439
g roof_step_or_fixture_side
f 1226 1953 1439 1438
g facade_completed
f 1954 1226 1438 1955 1956
g facade_completed
f 1957 1954 1956 1958
g facade_completed
f 1959 1957 1958 1960
g facade_completed
f 1961 1959 1960 1962
g facade_completed
f 1963 1961 1962 1964
g facade_completed
f 1965 1963 1964 1966
g facade_completed
f 1967 1965 1966 1968
g facade_completed
f 1969 1967 1968 1970
g facade_completed
f 1971 1969 1970 1972
g facade_completed
f 1227 1971 1972 1663
g roof_step_or_fixture_side
f 1490 1489 1174 1173
g roof_step_or_fixture_side
f 1181 1180 1395 1394
g roof_step_or_fixture_side
f 1182 1181 1394 1393
g roof_step_or_fixture_side
f 1183 1182 1393 1396
g roof_step_or_fixture_side
f 1977 1978 1392 1391
g roof_step_or_fixture_side
f 1979 1977 1391 1390
g roof_step_or_fixture_side
f 1187 1979 1390 1389
g roof_step_or_fixture_side
f 1188 1187 1389 1388
g roof_step_or_fixture_side
f 1981 1188 1388 1387
g roof_step_or_fixture_side
f 1982 1981 1387 1386
g roof_step_or_fixture_side
f 1983 1982 1386 1385
g roof_step_or_fixture_side
f 1185 1983 1385 1384
g roof_step_or_fixture_side
f 1186 1185 1384 1383
g roof_step_or_fixture_side
f 1978 1186 1383 1392
g roof_step_or_fixture_side
f 1517 1516 1167 1166
g roof_step_or_fixture_side
f 1168 1167 1463 1462
g roof_step_or_fixture_side
f 1985 1168 1462 1461
g roof_step_or_fixture_side
f 1228 1985 1461 1467
g roof_step_or_fixture_side
f 1169 1228 1467 1466
g roof_step_or_fixture_side
f 1170 1169 1466 1465
g roof_step_or_fixture_side
f 1171 1170 1465 1464
g roof_step_or_fixture_side
f 1515 1514 1172 1171
g roof_step_or_fixture_side
f 1514 1519 1986 1172
g roof_step_or_fixture_side
f 1519 1518 1165 1986
g roof_step_or_fixture_side
f 1518 1517 1166 1165
g roof_step_or_fixture_side
f 1190 1189 1459 1458
g roof_step_or_fixture_side
f 1191 1190 1458 1460
g roof_step_or_fixture_side
f 1189 1191 1460 1459
g roof_step_or_fixture_side
f 1243 1242 862 1397
g roof_step_or_fixture_side
f 1242 1249 875 1398 862
g roof_step_or_fixture_side
f 1180 1183 1396 1395
g roof_step_or_fixture_side
f 1498 1497 1260 1259
g roof_step_or_fixture_side
f 1264 1263 103 1405
g roof_step_or_fixture_side
f 1269 1268 1346 1345
g facade_completed
f 1273 1272 52 1589 1996
g facade_completed
f 1274 1273 1996 1588 217
g roof_step_or_fixture_side
f 1268 1267 47 1346
g roof_step_or_fixture_side
f 1278 1279 46 1348 1347
g roof_step_or_fixture_side
f 1267 1278 1347 47
g roof_step_or_fixture_side
f 1472 1999 1284 1283
g roof_step_or_fixture_side
f 1999 878 1194 1284
g roof_step_or_fixture_side
f 1295 1294 1445 1444
g roof_step_or_fixture_side
f 1222 1295 1444 1443
g roof_step_or_fixture_side
f 1507 1506 1296 1222
g roof_step_or_fixture_side
f 1303 1302 1782 1939 1146
g roof_step_or_fixture_side
f 1306 1305 1455 1449
g roof_step_or_fixture_side
f 1307 1306 1449 1448
g roof_step_or_fixture_side
f 1308 1307 1448 1447
g roof_step_or_fixture_side
f 1309 1308 1447 1454
g roof_step_or_fixture_side
f 1310 1309 1454 1446
g roof_step_or_fixture_side
f 1535 1534 1316 1315
g roof_step_or_fixture_side
f 1317 1316 1431 1430
g roof_step_or_fixture_side
f 1318 1317 1430 1429
g roof_step_or_fixture_side
f 1161 1539 1314 1313
g roof_step_or_fixture_side
f 1315 1314 1471 1470
g roof_step_or_fixture_side
f 1539 1538 1321 1314
g roof_step_or_fixture_side
f 1538 1537 1322 1321
g roof_step_or_fixture_side
f 610 1521 1325 1324
g facade_completed
f 1326 1325 2011 2012
g facade_completed
f 1319 1326 2012 2013
g facade_completed
f 1320 1319 2013 2014 1468
g roof_step_or_fixture_side
f 1314 1320 1468 1471
g roof_step_or_fixture_side
f 1536 1535 1315 1329
g roof_step_or_fixture_side
f 1327 1315 1470 1469
g facade_completed
f 1328 1327 1469 2015 2016 1437
g roof_step_or_fixture_side
f 1329 1328 1437 1436
g facade_completed
f 1335 1334 2017 1596 67
g facade_completed
f 1364 1363 1759 1757
g facade_completed
f 1375 1374 1775 1602
g facade_completed
f 1334 1333 68 1597 2017
g facade_completed
f 1378 1380 2032 2033
g facade_completed
f 1379 1378 2033 2034
g facade_completed
f 1380 1379 2034 2032
g facade_completed
f 1337 1339 2035 2036
g facade_completed
f 1338 1337 2036 2037
g facade_completed
f 1339 1338 2037 2035
g facade_completed
f 1330 1382 2038 2039
g facade_completed
f 1331 1330 2039 2040
g facade_completed
f 1382 1331 2040 2038
g roof_step_or_fixture_side
f 1524 1523 1425 1424 598
g roof_step_or_fixture_side
f 1523 1522 1426 1425
g roof_step_or_fixture_side
f 1522 608 1164 1427 1426
g roof_step_or_fixture_side
f 1534 1533 1432 1431 1316
g roof_step_or_fixture_side
f 1533 1532 1433 1432
g roof_step_or_fixture_side
f 1532 1531 1452 1433
g roof_step_or_fixture_side
f 1531 1530 1434 1452
g roof_step_or_fixture_side
f 1530 1529 1435 1434
g roof_step_or_fixture_side
f 1529 1536 1329 1436 1435
g facade_completed
f 1438 1437 2016 1955
g roof_step_or_fixture_side
f 1516 1515 1171 1464 1463 1167
g facade_completed
f 1469 1468 2014 2015
g facade_completed
f 1492 276 1665 2069
g facade_completed
f 1493 1492 2069 1616 110
g facade_completed
f 1520 1528 594 1797 2078
g facade_completed
f 1521 1520 2078 2011 1325
g ground_assumed
f 1621 1624 1622
g ground_assumed
f 1621 1625 1624
g ground_assumed
f 1621 1627 1625
g ground_assumed
f 1621 1629 1627
g ground_assumed
f 1621 1630 1629
g ground_assumed
f 1621 1853 1630
g ground_assumed
f 1621 1854 1853
g ground_assumed
f 1621 1855 1854
g ground_assumed
f 1621 1856 1855
g ground_assumed
f 1621 1857 1856
g ground_assumed
f 1621 1858 1857
g ground_assumed
f 1621 1859 1858
g ground_assumed
f 1621 1554 1859
g ground_assumed
f 1621 1555 1554
g ground_assumed
f 1621 1894 1555
g ground_assumed
f 1621 1895 1894
g ground_assumed
f 1621 1893 1895
g ground_assumed
f 1621 1878 1893
g ground_assumed
f 1621 1879 1878
g ground_assumed
f 1621 1666 1879
g ground_assumed
f 1621 1667 1666
g ground_assumed
f 1621 1668 1667
g ground_assumed
f 1621 1669 1668
g ground_assumed
f 1621 1676 1669
g ground_assumed
f 1621 1677 1676
g ground_assumed
f 1621 1678 1677
g ground_assumed
f 1621 1679 1678
g ground_assumed
f 1621 1680 1679
g ground_assumed
f 1621 1681 1680
g ground_assumed
f 1621 1682 1681
g ground_assumed
f 1621 1683 1682
g ground_assumed
f 1621 1684 1683
g ground_assumed
f 1621 1697 1684
g ground_assumed
f 1621 1698 1697
g ground_assumed
f 1621 1700 1698
g ground_assumed
f 1621 1701 1700
g ground_assumed
f 1621 1703 1701
g ground_assumed
f 1621 1705 1703
g ground_assumed
f 1621 2049 1874 1876 1633 1891 1599 2031 2019 1997 1825 1936 1740 1839 1934 1851 1732 1731 1850 1707 1705
g ground_assumed
f 1621 1709 1707 1850 1731 1732 1851 1934 1839 1740 1936 1825 1997 2019 2031 1599 1891 1633 1876 1874 2049
g ground_assumed
f 1621 1711 1709
g ground_assumed
f 1621 1713 1711
g ground_assumed
f 1621 1715 1713
g ground_assumed
f 1621 1717 1715
g ground_assumed
f 1621 1719 1717
g ground_assumed
f 1621 1720 1719
g ground_assumed
f 1621 1721 1720
g ground_assumed
f 1621 1930 1721
g ground_assumed
f 1621 1931 1930
g ground_assumed
f 1621 1813 1931
g ground_assumed
f 1621 1814 1813
g ground_assumed
f 1621 1787 1814
g ground_assumed
f 1621 1788 1787
g ground_assumed
f 1621 1789 1788
g ground_assumed
f 1621 1790 1789
g ground_assumed
f 1621 1791 1790
g ground_assumed
f 1621 1792 1791
g ground_assumed
f 1621 1793 1792
g ground_assumed
f 1621 1794 1793
g ground_assumed
f 1621 1795 1794
g ground_assumed
f 1621 1796 1795
g ground_assumed
f 1621 1797 1796
g ground_assumed
f 1797 2011 2078
g ground_assumed
f 1797 2012 2011
g ground_assumed
f 1797 2013 2012
g ground_assumed
f 1797 2014 2013
g ground_assumed
f 1797 2015 2014
g ground_assumed
f 1797 2016 2015
g ground_assumed
f 1797 1955 2016
g ground_assumed
f 1797 1956 1955
g ground_assumed
f 1797 1958 1956
g ground_assumed
f 1797 1960 1958
g ground_assumed
f 1797 1962 1960
g ground_assumed
f 1797 1964 1962
g ground_assumed
f 1797 1966 1964
g ground_assumed
f 1797 1968 1966
g ground_assumed
f 1797 1970 1968
g ground_assumed
f 1797 1972 1970
g ground_assumed
f 1797 1663 1972
g ground_assumed
f 1797 1664 1663
g ground_assumed
f 1797 1665 1664
g ground_assumed
f 1797 2069 1665
g ground_assumed
f 1797 1616 2069
g ground_assumed
f 1797 1617 1616
g ground_assumed
f 1797 1619 1617
g ground_assumed
f 1797 1621 1619
