# Source coordinates; no display transform
v 0.0375306087206 -0.0538747130192 0.36215210426
v 0.0366435509514 -0.0533138019719 0.362559651914
v 0.033888161925 -0.0515715034466 0.363825577999
v 0.0308668315458 -0.049661044428 0.365213686991
v 0.011396823686 -0.0650090068491 0.365254576387
v -0.0105390383252 -0.0823007737722 0.365300643483
v -0.0100534722983 -0.078353245271 0.366447225042
v -0.0100534750858 -0.0783532443419 0.366447226023
v -0.00796018308419 -0.0766781612433 0.366450867561
v -0.0100445101761 -0.0782803612892 0.366468395312
v -0.00876508027975 -0.0678788585876 0.369489571399
v -0.0169557903231 -0.0741776558788 0.369557585078
v -0.0159854139873 -0.0668196698639 0.371678042711
v -0.0179843766541 -0.0684917165665 0.371651242343
v -0.0263742171185 -0.0755094619793 0.371538757661
v -0.0273056953545 -0.0762886008099 0.371526270094
v -0.0347797090988 -0.0825402934936 0.371426065001
v -0.0376357988741 -0.0849292903629 0.371387772973
v -0.0386416717018 -0.0857706599278 0.371374287125
v -0.0429015055699 -0.0840454023243 0.373019673815
v -0.0526282302079 -0.0801060220517 0.376776680317
v -0.0534085624946 -0.086209186853 0.375011559163
v -0.0544193003077 -0.0941144169846 0.372725255113
v -0.0547253697117 -0.0965082558683 0.372032923282
v -0.05191608045 -0.0968741348187 0.371196315256
v -0.0551141761823 -0.0995492050758 0.371153437971
v -0.0556775301496 -0.103955340608 0.36987912125
v -0.0472582469375 -0.0974807669007 0.3698092095
v -0.0447273268709 -0.0978103908023 0.369055500163
v -0.0456979566613 -0.105128033459 0.366948095079
v -0.0457429192938 -0.105467017473 0.366850470938
v -0.0457804823953 -0.105750225999 0.36676890926
v -0.045780698735 -0.105751821988 0.366768450822
v -0.0410201669317 -0.106328668049 0.365364656297
v -0.0403866855461 -0.106405427046 0.365177854659
v -0.0403525768084 -0.106139119552 0.365254859317
v -0.0403046000282 -0.105764597027 0.365363153069
v -0.0329017687648 -0.102762032609 0.364435582627
v -0.0367938881244 -0.0988436337801 0.366692917337
v -0.0367953456171 -0.0988434439731 0.36669335141
v -0.0320332230896 -0.106733070286 0.362934952302
v -0.0311910341593 -0.10683199262 0.362687613017
v -0.0311881591277 -0.106832330318 0.362686768719
v -0.0304561511792 -0.106254781553 0.362685397535
v -0.0305428908663 -0.106908120975 0.362497262809
v -0.0298668593123 -0.10698752803 0.36229872127
v -0.0219834466629 -0.100774976525 0.362281571636
v -0.0219831484538 -0.10077256943 0.362282270211
v -0.0232917441561 -0.100602141886 0.362671969967
v -0.0218179990625 -0.0994393692259 0.362669209067
v -0.021628952881 -0.0979132778161 0.363112130667
v -0.0201072122175 -0.0980895758011 0.362666003048
v -0.0187720890111 -0.0982442562284 0.362274585118
v -0.0150620492912 -0.0953205446732 0.362266514732
v -0.0122791629227 -0.0964476299505 0.361191607954
v -0.0125882772916 -0.0989606667072 0.36046168205
v -0.0112163284797 -0.0991196114172 0.360059468607
v -0.0127566851484 -0.100329793295 0.360064011174
v -0.0129555147275 -0.101946231448 0.359594507662
v -0.0129557674594 -0.101948286391 0.359593910779
v -0.0138076372699 -0.108873815382 0.357582351059
v -0.0132412936229 -0.108940338532 0.357416023388
v -0.0138770220302 -0.109440244925 0.357417754519
v -0.0138773417649 -0.109440496366 0.357417755396
v -0.0138988105534 -0.109615019292 0.357367064639
v -0.0140725160235 -0.109593971103 0.357418287186
v -0.0225005402174 -0.116221353597 0.357441241962
v -0.0225006403087 -0.116222096152 0.357441028461
v -0.0228120751032 -0.118583596763 0.356760480203
v -0.0241688473554 -0.118417043099 0.357161259898
v -0.0250884840499 -0.125840985424 0.355006586105
v -0.0279267223133 -0.125508195044 0.355839949242
v -0.0329343871278 -0.124921026827 0.357310301348
v -0.033482207944 -0.124856793905 0.357471152284
v -0.0334841072529 -0.124858285209 0.357471158169
v -0.0407098093965 -0.130540219319 0.357490838786
v -0.0437881840348 -0.1329609025 0.357499222712
v -0.0481132332067 -0.166726487273 0.347735757539
v -0.0448514022214 -0.164063454559 0.34775845153
v -0.052566752404 -0.22651370318 0.329628041408
v -0.0529918077806 -0.227405769645 0.329449619308
v -0.0527764879109 -0.228211367428 0.329135179296
v -0.048681786709 -0.243531344129 0.323155508449
v -0.04861293601 -0.24378894311 0.323054962818
v -0.0425221074771 -0.266577256019 0.314160261569
v -0.0377221056752 -0.227828320673 0.325406485321
v -0.0176852736887 -0.258668934568 0.310351109399
v -0.0338571199426 -0.271871996219 0.31023859488
v -0.0343916745548 -0.276217804764 0.308976330206
v -0.0361420234886 -0.290447793316 0.304843148098
v -0.0384707550578 -0.309379903544 0.299344208128
v -0.0480214625756 -0.310971855302 0.301275479277
v -0.0481880353904 -0.310999620346 0.301309162355
v -0.058101820334 -0.386171994963 0.279645648109
v -0.0595626111637 -0.384382736883 0.280595439289
v -0.0583485833842 -0.388043102916 0.27910642379
v -0.0657158953396 -0.443906563636 0.263007439528
v -0.0671429969478 -0.448411579483 0.261922299948
v -0.0499093703328 -0.469520286549 0.250717173209
v 0.0361709406855 -0.406853813985 0.248865725019
v -0.0564293603611 -0.475589708857 0.250431537456
v -0.0589166759709 -0.475601060318 0.251064319647
v -0.0684201827131 -0.475644436924 0.253482044946
v -0.069902398351 -0.475651200599 0.253859126278
v -0.0781122361609 -0.475688670629 0.255947738352
v -0.077158832402 -0.4681937729 0.258116614633
v -0.0793800628972 -0.474752537966 0.256573509247
v -0.0796995535203 -0.475695917778 0.256351556714
v -0.0795051937233 -0.475695030687 0.256302110879
v -0.0823930866774 -0.497446807464 0.250038512128
v -0.0675425908265 -0.515636523062 0.240382872512
v 0.229454798516 -0.273161126353 0.242449211041
v -0.0466473489211 -0.214090616553 0.332112781072
v -0.0451860859226 -0.211023851527 0.33272616475
v -0.0242722983186 -0.193949361494 0.332871670948
v -0.0337744683073 -0.201707148384 0.332805560295
v -0.0311061266235 -0.181474151343 0.338636396688
v -0.0322870112704 -0.183952481189 0.338140706261
v -0.0188578690293 -0.149931161694 0.345657009493
v 0.281080962021 -0.231012356956 0.242808396468
v 0.278493103465 -0.227842603483 0.24449099545
v 0.292697972192 -0.205314743061 0.2481087312
v 0.303678833613 -0.187899917342 0.250905367711
v 0.340106410646 -0.158159618245 0.251158810037
v 0.246782825701 -0.147366226631 0.278512491124
v 0.270719204969 -0.176684838923 0.262949303659
v 0.250322251994 -0.193337373417 0.262807393264
v 0.273138280907 -0.221283718142 0.247972646026
v 0.221512117402 -0.263432487539 0.247613460599
v 0.15189111667 -0.178156802918 0.292880318951
v 0.106511815861 -0.184133723345 0.302567505452
v 0.0726890564365 -0.130307085879 0.328550198428
v 0.0661578660912 -0.13269487107 0.329452655033
v 0.0620396494682 -0.13605707641 0.329424002847
v 0.0804275824318 -0.121044751423 0.32955193561
v 0.106517492004 -0.167368740767 0.307963190615
v 0.106523321149 -0.15015186244 0.313504315025
v 0.112426049748 -0.14937134143 0.312245239439
v 0.11193452341 -0.141907431231 0.314773858386
v 0.11148421921 -0.135069486587 0.31709041309
v 0.111261830023 -0.131692469795 0.318234476777
v 0.111025397801 -0.128102191278 0.3194507889
v 0.110820331433 -0.124988236937 0.320505732647
v 0.110803024048 -0.124725409513 0.320594772989
v 0.110722384925 -0.123500911015 0.321009608159
v 0.112363439297 -0.123693663776 0.320527654143
v 0.110702912285 -0.118053467075 0.322768281965
v 0.198157854242 -0.129443509771 0.296724147938
v 0.187420163166 -0.11629138686 0.303705684192
v 0.131708910529 -0.109332429175 0.320200973773
v 0.154929335382 -0.101495914394 0.316782300099
v 0.117642530045 -0.090661625126 0.329810856014
v 0.0996746682821 -0.105330994502 0.329685845875
v 0.0916122711842 -0.10432391108 0.332073004089
v 0.0953302388182 -0.10887788516 0.329655619793
v 0.0877525993769 -0.115064441622 0.32960289887
v 0.00659601299749 -0.104494690363 0.353771378868
v -0.00557238416197 -0.102909890721 0.357395134809
v -0.0116591681073 -0.0914241548366 0.362650171481
v -0.00209599470307 -0.10017622879 0.357385666655
v 0.0116157904622 -0.101764779818 0.35336579195
v 0.0655682607872 -0.0724237545547 0.349006551655
v 0.0932273456378 -0.0573818870896 0.346771758811
v 0.0501175212515 -0.0521977187906 0.359471328281
v 0.0494713610984 -0.0527073740474 0.359472590237
v 0.0595892993026 -0.0434911717802 0.359850649047
v 0.0930179333758 -0.0605000457314 0.345821515388
v 0.178169180945 -0.104960267859 0.309720577687
v 0.201804052991 -0.133909577344 0.294353427053
v 0.202040055682 -0.129949123744 0.29556802606
v 0.202402430094 -0.12386798146 0.297433001548
v 0.202739885277 -0.118204993826 0.299169737029
v 0.355600232811 -0.137298955955 0.253910017786
v 0.385476502175 -0.0744157533123 0.266509430582
v 0.384811062183 -0.0616934586733 0.270775376783
v 0.381146353043 0.00837072232682 0.294268782521
v 0.405341993614 0.0281245913962 0.294437121981
v 0.40435248724 0.0425094972079 0.299321231105
v 0.386643340949 0.0703478932103 0.312814513816
v 0.393913915235 0.096877521151 0.319494833211
v 0.388673619862 0.105428357862 0.323588446623
v 0.382475676786 0.109034393097 0.326335220156
v 0.358299031835 0.089296032504 0.326167012844
v 0.384706079756 0.0569512074001 0.308997422014
v 0.289581623556 0.0658532667289 0.336203022093
v 0.300301553353 0.122832219168 0.35180327179
v 0.28868955704 0.12848312022 0.356593656669
v 0.252314180393 0.0998793264955 0.356692731953
v 0.228032789692 0.080785643992 0.356758866972
v 0.228991564726 0.087938877747 0.358816377281
v 0.229133850451 0.0890004332511 0.359121715951
v 0.229240374977 0.0897951944323 0.359350316066
v 0.230350512403 0.0980776995746 0.361732642279
v 0.224590498234 0.0935384998309 0.361745172691
v 0.225162321404 0.0950288199752 0.362078636197
v 0.225380656299 0.0955978570544 0.362205959895
v 0.229215125431 0.105591482714 0.364442063269
v 0.229239337723 0.105654585414 0.364456182598
v 0.209652491286 0.0905983867717 0.364620895077
v 0.210401377966 0.0902315131024 0.364311167926
v 0.18429596735 0.0689184645176 0.364129541356
v 0.179795050859 0.067003079034 0.364664585223
v 0.162679366046 0.0512701814929 0.363979145394
v 0.135639445289 0.0264148334941 0.362896264967
v 0.123184481202 0.0149661140544 0.362397475168
v 0.200078719145 0.075634886321 0.362253375772
v 0.163181233847 0.0378958317917 0.359545137243
v 0.15859076835 0.0400754414863 0.361421392801
v 0.156179376938 0.0323948228893 0.359565787027
v 0.101257499186 -0.0107545504743 0.359727761836
v 0.0970761962259 -0.00563305746171 0.362446401964
v 0.0447467757075 -0.0469204384098 0.362544467043
v 0.0424297570942 -0.0569725661824 0.359901255715
v -0.0403012154548 -0.105761927082 0.365363146564
v -0.0372789874541 -0.106116911668 0.364475560515
v -0.0367937092608 -0.0988421861468 0.366693337628
v -0.0201092793434 -0.0980893362839 0.362666609067
v 0.0365938065967 -0.40737176371 0.248590781951
v -0.0281324138521 -0.150413693699 0.347874772719
v -0.0223308966793 -0.145677203687 0.347915136365
v 0.0802640106532 -0.121178295134 0.329550797543
v 0.036616122419 -0.115736023164 0.34247113409
v -0.0116614778475 -0.0914259772317 0.362650175817
v -0.0116612221216 -0.0914238982849 0.362650779617
v 0.372412899844 -0.00333755326912 0.292734200384
v 0.33853374167 0.00589398227629 0.304374858587
v 0.203976609319 0.0772936512303 0.361790016287
v -0.0474427922616 -0.212866277664 0.332710463885
v 0.224379345498 0.08597612842 0.359364652715
v 0.061617763564 -0.136007608791 0.329547877085
v -0.0160253875397 -0.126903667898 0.352345477117
v -0.0151181587107 -0.119528083825 0.354487757807
v 0.0488411494832 -0.0519354557295 0.359882347334
v -0.0373041812504 -0.228471588347 0.325092463173
v 0.202065596933 -0.1342299309 0.294183373858
v 0.201786913785 -0.134197197269 0.294265219239
v 0.201695039088 -0.135738984691 0.29379238107
v 0.201660729651 -0.136314740123 0.293615807434
v 0.20149263358 -0.139135629241 0.292750692068
v 0.187276984981 -0.150741606757 0.292651787698
v 0.218538746097 -0.154407162775 0.28347270176
v 0.212916814592 -0.1475211075 0.287128023789
v 0.209245995907 -0.143024884048 0.289514752318
v 0.203473571652 -0.135954496949 0.29326792319
v 0.19405734795 -0.145205964863 0.292698961631
v 0.198282028755 -0.141756839733 0.292728354514
v 0.204006472203 -0.136607223175 0.292921436765
v 0.189761737964 -0.182498877216 0.281792414016
v 0.235795270963 -0.205197529825 0.262706322812
v 0.220791017549 -0.157165870456 0.282008298041
v -0.079754176643 -0.35965098138 0.293723787439
v -0.0797533430305 -0.361873860311 0.293007964449
v -0.0794998188864 -0.359962532991 0.293558406584
v -0.0645750240442 -0.369270014156 0.28674320657
v -0.065146733443 -0.367546276403 0.287444413027
v -0.0686758901798 -0.356905663275 0.291772952593
v -0.0688455940617 -0.35639399179 0.291981097169
v -0.0722224311119 -0.354946689286 0.293311067092
v -0.0784788291719 -0.352265215403 0.295775154392
v -0.0735663602899 -0.315229785422 0.306440973395
v -0.0828891201195 -0.316783741915 0.308326150708
v -0.0868104073499 -0.317437358433 0.309119083455
v -0.0868242406004 -0.318966797095 0.308630252045
v -0.0870033509502 -0.338769296093 0.302301078767
v -0.0870920293323 -0.348573622943 0.299167469979
v -0.0815831365477 -0.350934718285 0.29699778827
v -0.0802546086316 -0.359038024394 0.294049163112
v -0.0737647070149 -0.366987217845 0.289829495907
v -0.0704265478533 -0.371075981345 0.287659059151
v -0.0662883132755 -0.376144721843 0.284968421622
v -0.0655626083445 -0.377033605724 0.284496575695
v -0.0910704231788 -0.447194081854 0.2684366271
v -0.0998192641156 -0.449198481767 0.270029943228
v -0.102793339157 -0.472459440456 0.263302546377
v -0.0955917138026 -0.48128039288 0.258620123694
v -0.0893792509293 -0.488889763903 0.25458084423
v -0.0838258345925 -0.445534313038 0.267117261488
v 0.352097662374 0.126708674468 0.339797997108
v 0.385133760581 0.111204512957 0.326353713615
v 0.39521439781 0.101622857347 0.320689737302
v 0.395872847928 0.104025478818 0.321294731789
v 0.382693808195 0.120167901682 0.329863607806
v 0.341805160051 0.170250598461 0.356448986148
v 0.338021531839 0.174884997286 0.35890906231
v 0.289124263563 0.136317543974 0.359004556865
v 0.293581222516 0.137716625794 0.358314547318
v 0.303699448657 0.140892833273 0.356748081732
v 0.303565491676 0.140180819637 0.356553139712
v 0.318032140455 0.114203746383 0.344488738262
v 0.20912433364 0.0908571279501 0.364839332593
v 0.175206389691 0.0641200348566 0.364910563029
v 0.276531103249 0.134399951216 0.361655926797
v 0.279073743704 0.133162591112 0.362684933419
v 0.288010453162 0.135967908312 0.364018000288
v 0.282387296661 0.131550075466 0.364025927015
v 0.282815617575 0.131341633919 0.36419926908
v 0.284668393846 0.130439990588 0.36494908807
v 0.288689554149 0.128483120272 0.366576450992
v 0.300301553353 0.122832219168 0.371275825397
v 0.303565491211 0.140180817727 0.366552155798
v 0.303699448657 0.140892833273 0.366358288456
v 0.293581222516 0.137716625794 0.36484897801
v 0.289124265886 0.136317542684 0.364184145586
v 0.338021531839 0.174884997286 0.364066917277
v 0.337835451746 0.175112918545 0.363947763952
v 0.334685148717 0.178971585413 0.361930519313
v 0.334025707029 0.179779306329 0.361508256737
v 0.333261799372 0.180714983084 0.361019100999
v 0.330803583649 0.183725942784 0.359445023104
v 0.329288826511 0.185581301814 0.358475073305
v 0.326024263791 0.189579920302 0.356384664388
v 0.320934810532 0.195813766532 0.353125716848
v 0.28490029176 0.241516304911 0.32955192286
v 0.268179841562 0.227865350595 0.329739729179
v 0.268231266821 0.227657826492 0.329818793529
v 0.285898013882 0.223865252314 0.335434846541
v 0.282033638298 0.217443433961 0.336521015063
v 0.307058170933 0.20792143474 0.345800651432
v 0.309655414741 0.181420512568 0.354907274401
v 0.256605779861 0.138109588868 0.355503134974
v 0.25675644595 0.136311773883 0.356114559309
v 0.257378014919 0.128894907224 0.358636983382
v 0.257402380368 0.128604196186 0.358735852754
v 0.229215126876 0.105591483901 0.35905245575
v 0.225380656299 0.0955978575706 0.361286184394
v 0.230566544475 0.0996894706532 0.361273345604
v 0.231048194861 0.103282965823 0.360246427428
v 0.271914075972 0.136646796934 0.359787416367
v 0.276475774325 0.13442687666 0.361633535197
v 0.230147238904 0.10635248127 0.359041986167
v 0.275312030897 0.134993204666 0.361162568359
v 0.130687301787 0.115613326435 0.331284063846
v 0.257255725262 0.218946654581 0.329862430352
v 0.241564626662 0.221096500141 0.325263387096
v 0.189272915175 0.291890263669 0.289626614049
v 0.187445024529 0.290397932355 0.289647145211
v 0.161876867171 0.282404792361 0.285822690424
v 0.144840292856 0.329530237545 0.26653214966
v 0.238994452111 0.233934182214 0.320524750824
v 0.238460234217 0.234048864363 0.320354929197
v 0.205954983165 0.273863108818 0.299540727296
v 0.192818926847 0.294785307965 0.289586784775
v 0.223287114353 0.319660226476 0.289244562013
v 0.157119504788 0.403580529025 0.24595769017
v 0.158682024381 0.395106002888 0.249052354658
v 0.153059074463 0.400106877031 0.246053929654
v 0.114910561459 0.371725834402 0.245600078794
v 0.146774939802 0.416700528868 0.23919027238
v 0.0885212747153 0.490583584783 0.201080705586
v 0.000747599917278 0.418923168333 0.202066591276
v -0.0104109547276 0.358872352508 0.218451943161
v 0.00360271417644 0.35968975859 0.221685561246
v -0.00622984704632 0.282786925182 0.243780648574
v 0.00512038501011 0.277994842829 0.248140616609
v 0.00865987732446 0.276500466018 0.249500242419
v 0.00953210629837 0.27613220924 0.24983529221
v 0.0171173649142 0.272929704792 0.252749019411
v 0.0197396084271 0.271822589515 0.25375630286
v 0.0232263778052 0.270350472363 0.255095676205
v 0.0204167520838 0.276922850468 0.252297182043
v 0.0182654734471 0.281955201034 0.250154426087
v 0.0120482661212 0.296498715509 0.24396185155
v 0.0199731056345 0.360644630372 0.225462986946
v 0.028337389207 0.36113251223 0.22739302391
v 0.0316223566706 0.361324121555 0.228151021739
v 0.0352852764002 0.361537777038 0.22899623096
v 0.040547139104 0.361844697244 0.230210392281
v 0.0441183999085 0.362053007005 0.231034451209
v 0.0332874731719 0.306797465409 0.245970875228
v 0.0285110006253 0.306851132167 0.2447626561
v 0.0276313500269 0.306861014572 0.244540146948
v 0.028119764243 0.303692797829 0.245673219379
v 0.0239515744334 0.270044293473 0.255374246203
v 0.0282036807766 0.268249051697 0.257007608151
v 0.0272419989646 0.260956986116 0.259095387697
v 0.0306908065278 0.252889412454 0.262530530704
v 0.0429579138628 0.224193749453 0.274749037069
v 0.0337876357552 0.179522468073 0.286721128251
v 0.0218817473169 0.181273565292 0.283193265423
v 0.0183204295193 0.152320781724 0.291546775267
v 0.0122627479906 0.147375153294 0.291614815995
v 0.00987729225837 0.129287170795 0.296793556599
v 0.0164114779101 0.136801398744 0.296024455859
v 0.0117472943542 0.0988825406075 0.306964873933
v -0.00196102648472 0.115673256514 0.298186976573
v -0.00304540848844 0.114426231222 0.298314612883
v -0.00685575468307 0.0844723605755 0.306925565454
v -0.013861703825 0.0867760171263 0.304443205887
v -0.0116711854152 0.104506698745 0.299329903174
v -0.0136644884056 0.102214425969 0.299564523324
v -0.0235040333081 0.0908990759703 0.30072267924
v -0.0223156603436 0.0895557992701 0.301447785894
v -0.0201928933833 0.0871563331272 0.302743028722
v -0.0161750208661 0.0826147310886 0.305194604968
v -0.0145962740391 0.0808301955739 0.306157905069
v -0.00823390032993 0.0736384902042 0.310040019168
v -0.014360351669 0.0254772677545 0.323885108114
v -0.026415569185 0.0402431705391 0.316165748188
v -0.0308374706227 0.00690616111535 0.325704080464
v -0.0342833347577 -0.0190724383895 0.333137036118
v -0.0261147200157 -0.0124033962253 0.333045285154
v -0.0240960513342 0.00393628459288 0.328333129361
v -0.0214417677064 0.00276696186166 0.329368258794
v -0.0167426480979 0.00674957337787 0.329268829293
v -0.0152895218167 0.0079811281339 0.329238083293
v -0.0170088807427 -0.00496918279642 0.332943007102
v -0.0093399733982 0.00129188688013 0.332856868944
v -0.00771625733139 0.0143996462094 0.329077838325
v -0.000504264653376 0.00850555963667 0.332757625069
v -0.00672080809352 0.00343023277857 0.332827450096
v -0.0159854139873 -0.0668196698639 0.352940584552
v -0.00779176882655 -0.0599660363305 0.352796154633
v -0.00876507945383 -0.0678788569874 0.355079176214
v 0.0118998181982 -0.0519871953549 0.355159757884
v 0.0115491088387 -0.0610665606022 0.357970390042
v 0.011396823686 -0.0650090068491 0.359190824028
v 0.0308668321136 -0.0496610415373 0.359146986248
v 0.033888161925 -0.0515715034466 0.3605102123
v 0.0366435482156 -0.0533138025914 0.361753444446
v 0.0424297570942 -0.0569725661824 0.364364185768
v 0.0488411494832 -0.0519354557295 0.364355147867
v 0.000757216478846 0.00953546145362 0.332743455926
v 0.000481948669339 0.00729759050513 0.333389130541
v 0.0447467757075 -0.0469204384098 0.361733383131
v 0.0970761962259 -0.00563305746171 0.361603830168
v 0.0958250301781 -0.00410055943302 0.3608026666
v 0.135639445289 0.0264148334941 0.36099066283
v 0.162679366046 0.0512701814929 0.359799794344
v 0.107906030372 0.0065519894427 0.360415015748
v 0.0990122341266 0.00405712733949 0.358993554304
v 0.095953339407 0.00319905790657 0.358504661931
v 0.090999896524 0.00180953333722 0.357712971783
v 0.0766036006916 -0.00222887080613 0.355412065808
v 0.0874727934919 0.00612972588612 0.35545444945
v 0.053350679196 0.0479243945363 0.333604915869
v 0.0574869155091 0.0482207285494 0.33454176347
v 0.132576701003 0.0958381179369 0.338067361003
v 0.0373161631401 0.306752201213 0.246989940907
v 0.190094019629 0.299125351065 0.287521966509
v 0.117811252372 0.371329756573 0.246449837911
v -0.00629780797012 0.0156018145868 0.329047825124
v 0.172014369538 0.327921363385 0.273821979731
v 0.0595892993026 -0.0434911717802 0.364339996653
v 0.0494713610984 -0.0527073740474 0.364758693521
v 0.0501175212515 -0.0521977187906 0.364757144402
v -0.0957287935917 -0.107752852142 0.346120974945
v -0.0907288511918 -0.108331124723 0.347552371292
v -0.0927680473181 -0.109995970632 0.347575275841
v -0.0934457444969 -0.110549258014 0.347582887789
v -0.0868760638504 -0.118596169245 0.351789674547
v -0.0832276631955 -0.123064933915 0.354125867797
v -0.0789905567165 -0.119520773029 0.354051179229
v -0.0708239672364 -0.11268977304 0.353907227105
v -0.0675569548346 -0.113090820746 0.35484992068
v -0.0570137114643 -0.114385086716 0.357892168184
v -0.057657857815 -0.119443952604 0.359346304308
v -0.0579826243194 -0.121984029762 0.360076098324
v -0.0579814991566 -0.121984161703 0.360076421001
v -0.0513741793206 -0.122758893366 0.361971351049
v -0.0588342521866 -0.128644816741 0.361989820608
v -0.0590006852142 -0.129946543824 0.362363822545
v -0.059955098765 -0.137411228479 0.364508513686
v -0.0601834199761 -0.139196983828 0.365021582165
v -0.0490524070148 -0.130417458113 0.364994896446
v -0.0500420779017 -0.137878652838 0.367129681643
v -0.0437881864609 -0.132960902551 0.367119467528
v -0.0407098086222 -0.130540221694 0.367114440765
v -0.0334841086983 -0.124858285777 0.367102638351
v -0.0334838922553 -0.124856594909 0.367102152607
v -0.039914478691 -0.12410258535 0.365257908205
v -0.0397922949582 -0.12311359528 0.364972696046
v -0.0395811345823 -0.121404426518 0.364479794291
v -0.0342098060928 -0.117184439217 0.364472221574
v -0.0389873279206 -0.116597962141 0.363093670452
v -0.0416476119174 -0.116271392083 0.36232604713
v -0.0416503763272 -0.116271053972 0.362325249807
v -0.0414816483744 -0.114953788678 0.361946860473
v -0.0413646480712 -0.114040368744 0.361684477344
v -0.0467967769544 -0.113412112858 0.360129354082
v -0.0467972063818 -0.1134120632 0.360129231123
v -0.0467967223404 -0.113411691897 0.360129233291
v -0.0464220327209 -0.110586892919 0.359321006652
v -0.0457806978058 -0.105751824363 0.357937604482
v -0.0457823112429 -0.105751628826 0.357937139746
v -0.0457804857506 -0.105750225637 0.357937147025
v -0.0457429206359 -0.105467019796 0.357856116673
v -0.0456979566613 -0.105128033459 0.357759126426
v -0.0447273268709 -0.0978103908023 0.355665414083
v -0.0472582455437 -0.0974807665393 0.354929075107
v -0.0556775301496 -0.103955340608 0.35489624443
v -0.0551141756145 -0.0995492078633 0.353630310705
v -0.0519160801919 -0.09687413709 0.353573937404
v -0.0547253697117 -0.0965082558683 0.352756609217
v -0.0544193009787 -0.0941144184299 0.352068831619
v -0.0534085624946 -0.0862091891759 0.349797566406
v -0.0622759731912 -0.0851015505741 0.347232784759
v -0.0709672306973 -0.0921972900978 0.347330406112
v -0.073286583467 -0.0940908622289 0.347356457421
v -0.11088006908 -0.0891947249058 0.336419105372
v -0.103471562705 -0.0982690767083 0.341163020364
v -0.103405674431 -0.098349780357 0.341205210793
v -0.103025581429 -0.0988153394241 0.341448597116
v -0.0570110878224 -0.114385408825 0.357892925244
v -0.0831405994893 0.0588475748098 0.296082034179
v -0.0992361426542 0.0563449331486 0.292867186443
v -0.134456171775 0.0275905035328 0.293262782553
v -0.0898491866044 -0.0270466196726 0.321826130401
v -0.0494149241048 -0.0314262107173 0.333306996139
v -0.0483448689943 -0.0305525934731 0.333294977127
v -0.0456612505047 -0.0256155876088 0.332388312764
v -0.0413990398418 0.00772018453341 0.322810554056
v -0.040934396618 0.0113542775493 0.321766436226
v -0.0462934933698 0.0137151841684 0.319676471396
v -0.0724993330581 0.0458135582138 0.302895993763
v -0.168605414743 -0.0718198157502 0.316478395434
v -0.155825751619 -0.0613862092344 0.316334852554
v -0.180061511982 -0.058548955469 0.30938564559
v -0.209672954471 -0.0666900213522 0.304600150939
v -0.221151660063 -0.0698458587244 0.302745081395
v -0.209101770358 -0.0761939947915 0.307776204539
v -0.178329794694 -0.0797590198395 0.31658762098
v -0.216363695494 -0.0850819179116 0.308802308409
v -0.248046575801 -0.0813604991659 0.299713823391
v -0.267687048422 -0.0973954259111 0.299934427814
v -0.166552895063 -0.109253772004 0.328938951472
v -0.208208181359 -0.0860398511255 0.311141782167
v -0.162743454232 -0.101405958364 0.327383913693
v -0.162438293238 -0.100777297415 0.327259345061
v -0.164237493397 -0.0998294408528 0.326508135065
v -0.185022164485 -0.0888796381976 0.317830027618
v -0.185306498793 -0.0887298449006 0.317711311102
v -0.18695873335 -0.0878594129247 0.317021462816
v -0.187744541701 -0.0874454325316 0.316693368675
v -0.208576189534 -0.0764708815613 0.307995647252
v -0.22359051929 -0.0745154298157 0.303627416547
v -0.225205073259 -0.0743283796275 0.303165096536
v -0.209678797605 -0.0850265435103 0.310451618121
v -0.330052923311 -0.0621814444427 0.273142387734
v -0.328967410569 -0.0607912513934 0.272969334948
v -0.370304867376 -0.0554075030627 0.26094272156
v -0.360975337832 -0.0477906637505 0.260837931004
v -0.349578996351 -0.0492141953145 0.264134172963
v -0.255056142529 -0.070870044599 0.294617377574
v -0.264086545104 -0.0782426698602 0.294718808231
v -0.246858750061 -0.0803907313275 0.299700481564
v -0.240437190117 -0.0751480243167 0.299628353765
v -0.237665124452 -0.0728848471435 0.299597217569
v -0.237451238381 -0.0727102256753 0.299594815171
v -0.232921127126 -0.0690117402312 0.299543932335
v -0.242184457539 -0.0626289714827 0.29519662722
v -0.243690750638 -0.0615910812013 0.294489719945
v -0.137776232062 0.0316570985339 0.291136836622
v -0.091672160697 0.0692975067932 0.290618989518
v -0.0883521004106 0.0652309117921 0.292744935449
v -0.0634287112704 0.0855789313129 0.292464992564
v -0.0829539565835 0.109494540728 0.279962323477
v -0.0481520228527 0.0980511658245 0.292293402795
v -0.027716420018 0.114735254895 0.292063867324
v -0.0241254078764 0.142821427043 0.283994380209
v -0.0143908878847 0.130898043994 0.290227719686
v -0.011802547765 0.127727700658 0.291885120586
v -0.0102322700886 0.12900971099 0.29186748304
v -0.00846581662104 0.130451883595 0.291847641987
v -0.000142404893474 0.137247305482 0.291754152304
v 0.00211757720373 0.139092406054 0.291728767875
v 0.00836145305976 0.144190047754 0.291658635863
v 0.0168312573538 0.182016382535 0.281696742456
v 0.0131148778114 0.182562981143 0.280595532979
v 0.0192821777663 0.232349693015 0.26624178236
v 0.0135609559275 0.225284596871 0.267070247887
v 0.0105898433107 0.221615591083 0.267500481944
v 0.00139395158084 0.210259649743 0.268832099425
v -5.39622085876e-05 0.208471631319 0.269041765606
v -0.00489416045841 0.202494504928 0.269742653877
v -0.00110488903628 0.231062074679 0.261568946144
v -0.0130043566086 0.229801852044 0.259003882445
v -0.0600570674061 0.224818697008 0.248861142705
v -0.062966425174 0.19778294705 0.256765321749
v -0.0687856600593 0.197523794717 0.255396923623
v -0.117467900118 0.195355792003 0.243949252794
v -0.127271518585 0.167286948661 0.250463997087
v -0.128990924537 0.165883186708 0.250483309653
v -0.140290832133 0.179723943698 0.243247600081
v -0.140749879534 0.180286210546 0.242953656645
v -0.177397218086 0.150366493134 0.243365284454
v -0.310095371756 0.0420287144003 0.244855767872
v -0.388796181151 -0.0222244092117 0.245739745936
v -0.410220779063 -0.0397159363206 0.245980389891
v -0.412264073152 -0.0413841278813 0.246003340434
v -0.421304949543 -0.0487653042142 0.246104888784
v -0.424355895494 -0.0512561655552 0.246139157389
v -0.431797324532 -0.0573315167899 0.246222740509
v -0.433552718037 -0.0587646598566 0.246242457364
v -0.434416419633 -0.05946980539 0.246252158531
v -0.38981631676 -0.0647084597605 0.259046051089
v -0.386569022091 -0.068685927388 0.261125402728
v -0.382718376466 -0.0655421730361 0.261082151714
v -0.336969030812 -0.0709158146211 0.274205713342
v -0.336868016729 -0.0709093935486 0.274228853227
v -0.336561821734 -0.0705172536085 0.274180038705
v -0.33562880811 -0.0693223654165 0.274031298199
v -0.109490035846 0.0547505899359 0.290819122298
v -0.254577972884 -0.0704796560764 0.294612006712
v -0.256067007173 -0.0608948859692 0.291181282744
v -0.250775984031 -0.0673756262617 0.294569302251
v -0.38697590333 -0.0834083732976 0.265723270028
v -0.350011938088 -0.0877425341868 0.276324261239
v -0.343367390371 -0.0792330000903 0.2752649844
v -0.360394536177 -0.0771427878971 0.270351811317
v -0.38582297916 -0.0740212535606 0.263014449173
v -0.386830634894 -0.0740853065351 0.262783619691
v -0.387567022341 -0.0741321149982 0.262614930866
v -0.0891237160285 0.222434979943 0.242373784667
v -0.0880179955769 0.221080631873 0.243081814524
v -0.0868843578024 0.22197753137 0.243078219289
v -0.0575386284538 0.248221760907 0.242019016731
v 0.179795050859 0.067003079034 0.365138835304
v 0.184295966111 0.0689184634851 0.365655660898
v 0.210401377966 0.0902315131024 0.36536406122
v 0.209652491286 0.0905983867717 0.365057076025
v 0.229239338291 0.105654587737 0.365139669846
v 0.230147238904 0.10635248127 0.3651434983
v 0.257402380368 0.128604196186 0.364839056064
v 0.257378017345 0.128894906089 0.364739205756
v 0.256756446724 0.13631177285 0.362191730564
v 0.256605779086 0.138109588196 0.36157423354
v 0.25387831177 0.170654955634 0.350395858181
v 0.255855191267 0.173940133036 0.349835060182
v 0.274743145942 0.205328108173 0.344476961659
v 0.282033635666 0.217443433961 0.342408809407
v 0.26958901841 0.222178692112 0.33774628967
v 0.268231266821 0.227657826492 0.335637923884
v 0.267989284564 0.22770977554 0.33556019732
v 0.130687301787 0.115613326435 0.337093872131
v 0.132576701003 0.0958381179369 0.343944573386
v 0.0574869155091 0.0482207285494 0.34037111336
v 0.053350679196 0.0479243945363 0.339424285637
v 0.0874727934919 0.00612972588612 0.361495786515
v 0.0766036005367 -0.00222886796703 0.361451101134
v 0.090999896524 0.00180953333722 0.363777252938
v 0.0959533385295 0.00319905749361 0.364577629196
v 0.0990122318037 0.00405712873324 0.365071884636
v 0.107906030372 0.0065519894427 0.366508942983
v 0.162679366046 0.0512701814929 0.365897120141
v -0.0429015055699 -0.0840454023243 0.357708905205
v -0.0386416728374 -0.0857706613731 0.359338542921
v -0.0376357998033 -0.0849292922728 0.359320811374
v -0.0347797090988 -0.0825402934936 0.359270463116
v -0.0273056967999 -0.0762886020488 0.359138709383
v -0.0263742202157 -0.0755094617212 0.359122289037
v -0.0179843766541 -0.0684917165665 0.358974390816
v -0.0159854139873 -0.0668196698639 0.35893915258
v -0.00672080809352 0.00343023277857 0.338628732398
v -0.00933997200446 0.00129188801577 0.338657988694
v -0.0170088807427 -0.00496918279642 0.338743651018
v -0.015289521765 0.00798112818552 0.335002388536
v -0.0167426470655 0.0067495760105 0.335033186414
v -0.0214417677064 0.00276696186166 0.33513278621
v -0.0240960513342 0.00393628350886 0.334086961716
v -0.0261147200157 -0.0124033962253 0.338845364037
v -0.0342833347577 -0.0190724383895 0.338936608143
v -0.0460532711508 -0.0286816811089 0.33906807936
v -0.0526282302079 -0.0801060220517 0.353987859725
v -0.0286065104664 -0.0144377504403 0.338873197529
v -0.114243067408 -0.0887567314223 0.34124919254
v -0.110880069957 -0.0891947238217 0.342237871444
v -0.112342152063 -0.087403884154 0.341292140287
v -0.114596846458 -0.0846422087318 0.339833716908
v -0.108142048556 -0.0793723654613 0.339761616261
v -0.0494149241048 -0.0314262107173 0.339105629298
v -0.0898491866044 -0.0270466196726 0.327504234561
v -0.134456171775 0.0275905035328 0.298650714433
v -0.243690750638 -0.0615910812013 0.299870873954
v -0.242184459191 -0.062628969676 0.300585031269
v -0.232921127126 -0.0690117402312 0.304976929571
v -0.237451237194 -0.0727102246945 0.305027531284
v -0.23346062214 -0.0732299583576 0.306200722217
v -0.228699096031 -0.0719208751553 0.306978664959
v -0.225246641097 -0.0742997403979 0.308615530413
v -0.225205074601 -0.0743283784403 0.308635236892
v -0.223590521097 -0.0745154302803 0.309102408467
v -0.209101768964 -0.076193995256 0.313294731023
v -0.221151660063 -0.0698458587244 0.308211770846
v -0.179017600993 -0.0803205604968 0.322206289116
v -0.118894524447 -0.0881509304236 0.339881722338
v -0.138739295485 -0.104352651021 0.340103390134
v -0.147481475729 -0.111489965042 0.340201041014
v -0.0868760638504 -0.118596169245 0.357764589276
v -0.0934457444969 -0.110549258014 0.353515066207
v -0.0927680473181 -0.109995970632 0.353507496278
v -0.0907288511918 -0.108331124723 0.353484718302
v -0.0957287928174 -0.107752853071 0.352038302423
v -0.103025581429 -0.0988153394241 0.34731845782
v -0.103405674018 -0.0983497808215 0.347072599257
v -0.103471561725 -0.0982690778956 0.347029980589
v -0.106817585101 -0.0978518763066 0.346052281171
v -0.209672954471 -0.0666900213522 0.310087171473
v -0.180061511982 -0.058548955469 0.314925114028
v -0.155825751619 -0.0613862092344 0.321947234191
v -0.178329794694 -0.0797590198395 0.322198606242
v -0.137050379497 -0.102973781764 0.340084524753
v -0.168605414743 -0.0718198157502 0.322089984135
v -0.127602471962 -0.0952602959949 0.339978990868
v -0.127867353555 -0.0954765513235 0.339981949576
v -0.128217884463 -0.0957627327006 0.339985865061
v 0.0117472928056 0.0988825425174 0.312513609104
v 0.0164114784263 0.136801400706 0.301465814153
v 0.00987729225837 0.129287170795 0.302241389495
v 0.0122627479906 0.147375153294 0.297011851643
v 0.0083614536792 0.14419004827 0.297055429412
v 0.00211757890719 0.139092407448 0.297125174016
v -0.000142404274033 0.137247305998 0.297150418245
v -0.00846581465948 0.130451885195 0.297243391469
v -0.0102322700886 0.12900971099 0.29726312288
v -0.011802547765 0.127727700658 0.29728066302
v -0.0143908878847 0.130898043994 0.295606424735
v -0.0241254078764 0.142821427043 0.289309761367
v -0.027716420018 0.114735254895 0.297458422318
v -0.0481520228527 0.0980511658245 0.297686689741
v -0.0829539565835 0.109494540728 0.285227649165
v -0.0634287112704 0.0855789313129 0.297857331662
v -0.0883521004106 0.0652309117921 0.298135728061
v -0.0831405994893 0.0588475748098 0.301506728017
v -0.0657320255801 0.0615543752033 0.30502123157
v -0.0724993330581 0.0458135582138 0.308389910016
v -0.0462934933698 0.0137151841684 0.325340858863
v -0.0409343957921 0.0113542780139 0.327452418228
v -0.0308374706227 0.00690616111535 0.331430747911
v -0.026415569185 0.0402431705391 0.321798860962
v -0.0205049682667 0.0330035368604 0.32562206582
v -0.014360351669 0.0254772677545 0.329596641072
v -0.00823390032993 0.0736384902042 0.315615704972
v -0.0145962717678 0.0808301954707 0.311694101517
v -0.0161750208661 0.0826147310886 0.310721001913
v -0.0201928942093 0.0871563318367 0.308244487752
v -0.0223156613244 0.0895557966891 0.306936069726
v -0.0235040333081 0.0908990759703 0.306203586511
v -0.0136644884056 0.102214425969 0.305035681577
v -0.0116711860346 0.104506697506 0.304799086701
v 0.00668521129701 0.105082862285 0.309239259373
v -0.0222551480932 0.0351472547566 0.324489981913
v -0.0190111102891 0.096065879638 0.305670298966
v -0.00304540848844 0.114426231222 0.303775249674
v -0.00196102648472 0.115673256514 0.303646538945
v 0.00393444268008 0.108452157126 0.307459956017
v -0.00112727093227 0.11465202625 0.304185844255
v 0.157119504788 0.403580529025 0.250928320679
v 0.146774939802 0.416700528868 0.244092192081
v 0.114910561459 0.371725834402 0.250559865836
v 0.117811252372 0.371329756573 0.251418530035
v 0.153059074463 0.400106877031 0.251024808869
v 0.158682024381 0.395106002888 0.254053857327
v 0.144840292856 0.329530237545 0.271704105837
v 0.161876867171 0.282404792361 0.291188351339
v 0.187445024529 0.290397932355 0.295055050755
v 0.189272913936 0.291890262688 0.295034633054
v 0.190094020403 0.299125348845 0.29290931663
v 0.172014369538 0.327921363385 0.279070726084
v 0.0204167520838 0.276922850468 0.257306835108
v 0.0232263778052 0.270350472363 0.260133488691
v 0.0239515745882 0.27004429497 0.260414938418
v 0.0281197631073 0.303692796229 0.250618704821
v 0.0276313500269 0.306861014572 0.249474343183
v 0.0285110000058 0.30685113129 0.249699205075
v 0.033287471933 0.306797463861 0.250920198674
v 0.0373161631401 0.306752201213 0.25195003865
v 0.0441184017668 0.362053006179 0.235837950684
v 0.0405471403429 0.361844697348 0.235005124293
v 0.0352852771745 0.361537780084 0.233778044739
v 0.0316223578578 0.361324121916 0.232923844437
v 0.028337391788 0.361132512488 0.232157782829
v 0.0199731056345 0.360644630372 0.23020721202
v 0.0120482661212 0.296498715509 0.248887631597
v 0.0182654725179 0.281955201396 0.255142517654
v -0.0687856600593 0.197523794717 0.260421786027
v -0.062966425174 0.19778294705 0.261804723049
v -0.0600570674061 0.224818697008 0.253822886818
v -0.0868843578024 0.22197753137 0.247978134376
v -0.0880179953704 0.221080631614 0.247981569072
v -0.0891237160285 0.222434979943 0.247266346268
v -0.140749879534 0.180286210546 0.247843014911
v -0.14029083301 0.179723944782 0.248139943897
v -0.128990924537 0.165883186708 0.255449160918
v -0.127271518585 0.167286948661 0.255429954999
v -0.117467900118 0.195355792003 0.248852486587
v 0.279824824238 -0.229473769359 0.239550025318
v 0.281080962021 -0.231012356956 0.238753670574
v 0.308823377208 -0.208362820743 0.239288514413
v 0.33008403178 -0.191005140716 0.239698396947
v 0.340668393636 -0.16872730661 0.244266410757
v 0.347432449152 -0.154490406183 0.247185651395
v 0.348866100109 -0.151472875351 0.247804388487
v 0.34922691704 -0.150713430198 0.247960111021
v 0.353655999811 -0.141391153635 0.249871620146
v 0.202402429939 -0.123867978466 0.29208163134
v 0.202040056198 -0.12994912044 0.290223236431
v 0.201804052991 -0.133909577344 0.289012922251
v 0.202065596727 -0.134229930642 0.288847111142
v 0.348368321444 -0.1514144071 0.247943558218
v 0.328858621567 -0.167342568048 0.24756743227
v 0.303678833613 -0.187899917342 0.247081993074
v 0.292697972192 -0.205314743061 0.244166188888
v 0.278493103465 -0.227842603483 0.240394297532
v 0.346131431535 -0.153240654732 0.247900433415
v 0.344975845783 -0.154184101082 0.247878154966
v 0.340106412143 -0.158159617006 0.247784277513
v 0.334809261854 -0.162484330544 0.247682154167
v 0.187276983691 -0.150741607841 0.287141780229
v 0.20149263358 -0.139135629241 0.287415842607
v 0.201660729703 -0.136314742394 0.288277904646
v 0.201695038778 -0.135738988305 0.288453854918
v 0.201786911462 -0.134197197734 0.288925026119
v 0.198157854242 -0.129443509771 0.291324506096
v 0.110702912285 -0.118053467075 0.316132996283
v 0.112363439297 -0.123693663776 0.313926185598
v 0.110722385131 -0.123500908279 0.314384994153
v 0.110803023068 -0.124725408481 0.313973615928
v 0.110820331123 -0.124988234459 0.313885317934
v 0.111025396717 -0.128102189936 0.312839165705
v 0.111261828474 -0.131692469382 0.311632989958
v 0.111484219055 -0.135069483954 0.310498461066
v 0.11193452341 -0.141907431231 0.308201211289
v 0.112426050729 -0.149371339056 0.305693665979
v 0.106523321149 -0.15015186244 0.306872299836
v 0.106517492004 -0.167368740767 0.301363966097
v 0.106511815861 -0.184133723345 0.296000210891
v 0.15189111667 -0.178156802918 0.286931489342
v 0.221512117402 -0.263432487539 0.242793802338
v 0.273138280907 -0.221283718142 0.24378909909
v 0.162083709579 -0.176814333659 0.284894574152
v 0.143145359671 -0.167444511963 0.292476044577
v 0.160484373208 -0.169443074626 0.2876405516
v 0.250322251994 -0.193337373417 0.258253796991
v 0.235795270963 -0.205197529825 0.25797373249
v 0.189761737964 -0.182498877216 0.276377528612
v 0.220791017549 -0.157165870456 0.276975739653
v 0.218538746097 -0.154407162775 0.278403614169
v -0.0455008741635 -0.290623923277 0.298707170636
v -0.0481880353904 -0.310999620346 0.29283681443
v -0.0480214626789 -0.31097185778 0.292805389627
v -0.0384707550578 -0.309379903544 0.291003646096
v -0.0361420234886 -0.290447793316 0.296498763032
v -0.0423931924351 -0.267059580512 0.305496194214
v -0.0564293603611 -0.475589708857 0.242159043769
v 0.0365938065967 -0.40737176371 0.241479227792
v 0.0361709417179 -0.406853815224 0.241747311843
v -0.0499093703328 -0.469520286549 0.242523590508
v -0.0570872745081 -0.460728389206 0.247074172736
v -0.0589166776228 -0.475601061402 0.242757323103
v 0.388673622288 0.105428358275 0.32038477995
v 0.393913915235 0.096877521151 0.316380229438
v 0.40145958781 0.0845648960096 0.310613946888
v 0.400511791591 0.0983434418803 0.315252715972
v 0.400204922696 0.0987193120508 0.315447261911
v 0.395872847928 0.104025478818 0.318193671161
v 0.39521439781 0.101622857347 0.317584124455
v 0.178169180945 -0.104960267859 0.30399674284
v 0.154929335382 -0.101495914394 0.310729275888
v 0.131708910529 -0.109332429175 0.31384060602
v 0.187420163166 -0.11629138686 0.298131889541
v -0.0527764886336 -0.228211367892 0.320441077782
v -0.0633160035893 -0.313521213182 0.295690710869
v -0.0578531579233 -0.312610643295 0.294660143153
v -0.057357029397 -0.312527947782 0.294566547907
v -0.04861293601 -0.24378894311 0.314448394185
v -0.048681786709 -0.243531346968 0.314547491408
v -0.063141381863 -0.260821608857 0.312513377949
v -0.0664100056369 -0.261277558795 0.31315844768
v -0.0759626426615 -0.262610090623 0.315043678471
v -0.0787813304932 -0.284655728346 0.30867073643
v -0.0767621670849 -0.287128912342 0.30739064559
v -0.0793697341851 -0.289257789157 0.307340374504
v -0.0828891201195 -0.316783741915 0.299383186136
v -0.0735663602899 -0.315229785422 0.297624444243
v -0.0669947699588 -0.314134405297 0.296384711422
v -0.0481132332067 -0.166726487273 0.338988992348
v -0.0545674671593 -0.171995870092 0.338864561645
v -0.0655202990353 -0.180938010137 0.33865340287
v -0.0708596172463 -0.222698097725 0.326581417605
v -0.0650796341099 -0.251247790929 0.316046233316
v 0.385133760581 0.111204512957 0.323089884985
v 0.382475676786 0.109034393097 0.323038639983
v 0.289581623556 0.0658532667289 0.331699492646
v 0.33853374167 0.00589398227629 0.300665275292
v 0.372412899844 -0.00333755326912 0.289512493991
v 0.384706079756 0.0569512074001 0.305831240959
v 0.358299031835 0.089296032504 0.32257254035
v 0.352097662374 0.126708674468 0.336046017369
v 0.318032140455 0.114203746383 0.340287795516
v 0.300301553353 0.122832219168 0.347339749861
v 0.268545817765 0.128279702339 0.356767706342
v 0.269644920781 0.130202792893 0.357117158856
v 0.272033027514 0.130952442311 0.356779157429
v 0.273267860093 0.13189886843 0.356783212341
v 0.276475774531 0.134426875318 0.356815933376
v 0.275312032033 0.134993202498 0.357278786416
v 0.230566544475 0.0996894706532 0.35680896544
v 0.225380656299 0.0955978575706 0.356754514264
v 0.225162322333 0.0950288209043 0.356625246399
v 0.224590498234 0.0935384998309 0.356286691141
v 0.230350512403 0.0980776995746 0.356345444695
v 0.229240375751 0.0897951968068 0.353963523544
v 0.229133850555 0.0890004346448 0.353734962093
v 0.228991566275 0.0879388799151 0.353429675198
v 0.228032789692 0.080785643992 0.351372513892
v 0.252314180393 0.0998793264955 0.351606955954
v 0.256756573296 0.107652147938 0.353019387602
v 0.260019556338 0.113361361813 0.354056832092
v 0.260658008685 0.114478460206 0.35425982514
v 0.268439692263 0.128094013527 0.356733963797
v 0.229239338291 0.105654587737 0.359039095959
v -0.0188578690293 -0.149931161694 0.337284249595
v -0.0223308966793 -0.145677203687 0.339486047971
v -0.0233358923271 -0.146497704908 0.339466672738
v -0.0268744012274 -0.149386623708 0.339398454127
v -0.0281324123035 -0.15041369246 0.339374201003
v -0.032287011735 -0.183952482479 0.329646501778
v -0.0311061268816 -0.181474153305 0.330153851115
v -0.0337744683073 -0.201707148384 0.324324608129
v -0.0242722983186 -0.193949361494 0.324507799717
v -0.0474427922616 -0.212866277664 0.324061097566
v -0.0466473509859 -0.21409061774 0.323476793437
v -0.0451860879358 -0.211023853127 0.324104604409
v 0.414814899667 0.065299514818 0.309187942155
v 0.400939449291 0.0978196229013 0.323192007402
v 0.400511791591 0.0983434418803 0.323469828547
v 0.401459588997 0.084564894048 0.31879842293
v 0.393913915235 0.096877521151 0.324687226395
v 0.386643340949 0.0703478932103 0.318020563296
v 0.40435248724 0.0425094972079 0.304540185758
v 0.405341993614 0.0281245913962 0.299663204025
v 0.381146353043 0.00837072232682 0.299506089143
v 0.384811062183 -0.0616934586733 0.276047463565
v 0.385476502175 -0.0744157533123 0.27178783277
v 0.445236177328 0.0513656726407 0.296923499138
v 0.246782825701 -0.147366226631 0.283835119688
v 0.340106410646 -0.158159618245 0.256481580556
v 0.344975844182 -0.154184102424 0.256513200328
v 0.346131430554 -0.153240655506 0.256520704132
v 0.348368321444 -0.1514144071 0.256535229453
v 0.202065596933 -0.1342299309 0.299501957369
v 0.203473571652 -0.135954496949 0.298587288642
v 0.204006470654 -0.136607221317 0.298241099188
v 0.20924599539 -0.14302488348 0.294837324099
v 0.212916813869 -0.147521106674 0.292452634461
v 0.218538746097 -0.154407162775 0.288800434362
v 0.220791017549 -0.157165870456 0.287337281552
v 0.250322251994 -0.193337373417 0.268152778279
v 0.270719204969 -0.176684838923 0.268285226354
v 0.256129735053 -0.15881484247 0.277763046689
v 0.250695535895 -0.15215873227 0.281293288893
v 0.202739886258 -0.118204991348 0.304480281179
v 0.202402429939 -0.123867978466 0.302746392906
v 0.353655999811 -0.141391153635 0.258403731676
v 0.355600232811 -0.137298955955 0.259221500388
v 0.15189111667 -0.178156802918 0.298223658469
v 0.162083709579 -0.176814333659 0.296046587088
v 0.160484375118 -0.169443074677 0.298825246031
v 0.143145359671 -0.167444511963 0.303905202332
v 0.0661578660912 -0.13269487107 0.334778114235
v 0.0726890564365 -0.130307085879 0.333874098033
v 0.0695539536605 -0.12992222824 0.334800166795
v -0.0151181587107 -0.119528083825 0.359811212446
v -0.0160253873849 -0.126903664594 0.357672666778
v 0.061617763564 -0.136007608791 0.334875245766
v 0.0620396484874 -0.136057077236 0.334751372508
v 0.282387296764 0.131550075414 0.364374927337
v 0.288010453162 0.135967908312 0.364355821406
v 0.279073746131 0.133162590906 0.365741272016
v 0.276531103249 0.134399951216 0.366789732849
v 0.276475774531 0.134426875318 0.36681254727
v 0.273267860093 0.13189886843 0.366820969033
v 0.272033027101 0.130952445202 0.36683279003
v 0.269644920781 0.130202792893 0.367203015288
v 0.268545819675 0.128279703887 0.366866169015
v 0.268439692263 0.128094013527 0.366833643671
v 0.260658008685 0.114478460206 0.364448757567
v 0.260019556493 0.11336136522 0.364253088375
v 0.256756573296 0.107652147938 0.363253067818
v 0.252314185761 0.0998793307284 0.361891588486
v 0.28868955704 0.12848312022 0.361776184585
v 0.284668395446 0.130439991879 0.363434313845
v 0.275312030897 0.134993204666 0.367292418312
v 0.271914075972 0.136646796934 0.368693567774
v 0.231048194861 0.103282965823 0.368428204256
v 0.230566544527 0.0996894731826 0.367396416758
v -0.00209599305123 -0.100176229255 0.362698725219
v -0.00557238411035 -0.102909890721 0.362709754415
v 0.00659601021001 -0.104494690053 0.359086106463
v 0.0877525993769 -0.115064441622 0.334918340113
v 0.0925569569322 -0.111142055297 0.334949537324
v 0.0953302388182 -0.10887788516 0.334967545657
v 0.0916122711842 -0.10432391108 0.337382864996
v 0.0996746682821 -0.105330994502 0.334995756337
v 0.117642530045 -0.090661625126 0.335112431021
v 0.0930179333758 -0.0605000457314 0.351109414018
v 0.0932273468767 -0.0573818876058 0.352058088139
v 0.0655682607872 -0.0724237545547 0.354301947894
v 0.0227311697164 -0.0957198921693 0.357777131714
v 0.0116157935594 -0.101764779973 0.358678872452
v 0.0802640106532 -0.121178295134 0.334869712816
v 0.0804275824318 -0.121044751423 0.334870774951
v 0.036616122419 -0.115736023164 0.347789786102
v 0.268231266821 0.227657826492 0.324453641846
v 0.26958901841 0.222178692112 0.326572852803
v 0.282033635666 0.217443433961 0.331243377059
v 0.285898013882 0.223865252314 0.330133764402
v 0.274743145942 0.205328108173 0.333336759086
v 0.25387831177 0.170654955634 0.339327861199
v 0.256605779861 0.138109588868 0.350571302886
v 0.309655414741 0.181420512568 0.349885264781
v 0.307058170933 0.20792143474 0.340635204701
v 0.0986618795002 -0.00757529075192 0.358042302638
v 0.15859076835 0.0400754414863 0.357681371213
v 0.203976609319 0.0772936512303 0.357041187426
v 0.200078719145 0.075634886321 0.356597411668
v 0.123184481202 0.0149661140544 0.356907593592
v 0.135639445289 0.0264148334941 0.356331277876
v 0.0958250301781 -0.00410055943302 0.356200681052
v 0.0970761950903 -0.00563305606796 0.357012910414
v 0.0977302460943 -0.00643417415796 0.357437506269
v -0.000504264653376 0.00850555963667 0.327847999988
v 0.000481948669339 0.00729759050513 0.328488228479
v 0.000757215498065 0.0095354606277 0.327831686548
v -0.0105390383252 -0.0823007737722 0.354774412127
v 0.011396823686 -0.0650090068491 0.35469092244
v 0.0115246256444 -0.0617003960499 0.35364993036
v 0.0115491078579 -0.06106656308 0.35345050653
v 0.0118998170626 -0.0519871978843 0.35059385518
v -0.00876508027975 -0.0678788585876 0.350543340344
v -0.0100445101761 -0.0782803612892 0.353594911827
v -0.00796011793965 -0.076678109107 0.353600228024
v -0.0100534722983 -0.078353245271 0.353616295081
v -0.0100534750858 -0.0783532443419 0.3536162941
v -0.0159854139873 -0.0668196698639 0.348381098894
v -0.0169557903231 -0.0741776558788 0.350523318621
v -0.00779176882655 -0.0599660363305 0.348221892832
v -0.0129577866302 -0.101948023387 0.360537965058
v -0.0129555147275 -0.101946231448 0.360537956077
v -0.0125882748139 -0.0989606673783 0.359662058103
v -0.0122791610128 -0.0964476313958 0.358924788623
v -0.0150620484653 -0.0953205444667 0.357858242749
v -0.0187720879787 -0.0982442539055 0.357872081729
v -0.0202871692398 -0.0994382200598 0.357877733611
v -0.0204888119064 -0.100967188772 0.358322880501
v -0.0145521210675 -0.101740378906 0.360069026941
v -0.0212887805723 -0.107033035461 0.360088903922
v -0.0214137222624 -0.107980419494 0.360364727318
v -0.0207105964676 -0.108063008669 0.360568621704
v -0.0138076378377 -0.108873817601 0.36257035704
v -0.012955767924 -0.101948287165 0.360538559102
v -0.0138770232175 -0.109440243944 0.362736606455
v -0.013241293468 -0.108940339512 0.362734586871
v -0.0138773057857 -0.109440208016 0.362736523656
v -0.0138988105534 -0.109615019292 0.362787808818
v -0.0140725160235 -0.109593971103 0.362737228115
v -0.0494149241048 -0.0314262107173 0.328480512826
v -0.108142048556 -0.0793723654613 0.329239972278
v -0.0622759731912 -0.0851015505741 0.342651198327
v -0.0534085624946 -0.0862091891759 0.345244026399
v -0.0526282311371 -0.0801060245811 0.343460952249
v -0.0460532711508 -0.0286816811089 0.328437039949
v -0.0342833347577 -0.0190724383895 0.328284831091
v -0.0308374706227 0.00690616111535 0.320726350594
v -0.0409343957921 0.0113542780139 0.316740308305
v -0.0413990405645 0.00772018535933 0.317802028838
v -0.0456612497304 -0.025615587041 0.32754126324
v -0.0483448680651 -0.0305525926988 0.328466674878
v -0.11088006908 -0.0891947249058 0.331736297604
v -0.073286583467 -0.0940908622289 0.342793587551
v -0.0709672323491 -0.0921972914399 0.342763593707
v -0.112342152063 -0.087403884154 0.33078714481
v -0.106817585927 -0.0978518753259 0.335567609033
v -0.103471562705 -0.0982690767083 0.336545740511
v -0.114243067408 -0.0887567314223 0.330747146273
v 0.267989282654 0.227709773991 0.32437584033
v 0.268179841562 0.227865350595 0.324373376039
v 0.284900289902 0.241516303414 0.32415714714
v 0.223287114353 0.319660226476 0.283290993217
v 0.210253021927 0.3090188981 0.283459550153
v 0.192818926847 0.294785307965 0.283685007895
v 0.205954983165 0.273863108818 0.293780101636
v 0.231765960935 0.24224838363 0.310536032943
v 0.238460234217 0.234048864363 0.314881811085
v 0.238994452111 0.233934182214 0.315053570116
v 0.241564626662 0.221096500141 0.319864993892
v 0.257255725262 0.218946654581 0.324514646759
v 0.0218817473169 0.181273565292 0.277447515171
v 0.0337876357552 0.179522468073 0.281014398077
v 0.0429579138628 0.224193749453 0.268834631287
v 0.0306908065794 0.252889410544 0.2564370059
v 0.0272419989646 0.260956986116 0.252951504104
v 0.0282036812412 0.268249048961 0.25082847734
v 0.0239515744334 0.270044293473 0.249175135429
v 0.0232263778052 0.270350472363 0.248893158042
v 0.0197396115759 0.271822589153 0.247537402654
v 0.0171173649142 0.272929704792 0.24651779739
v 0.00953210758887 0.276132209343 0.243568430297
v 0.00865987933765 0.276500465192 0.24322928275
v 0.00512038671358 0.277994843087 0.241853025778
v -0.00622984704632 0.282786925182 0.237439727135
v -0.000672173756971 0.326254828674 0.224740333587
v 0.00360271417644 0.35968975859 0.214972129949
v -0.0104109547276 0.358872352508 0.211707453562
v -0.0207847585109 0.303044747555 0.227202745092
v -0.0489056110891 0.255269951839 0.235615834567
v -0.0575386284538 0.248221760907 0.235727476758
v -0.0600570674061 0.224818697008 0.242684157792
v -0.0130043566086 0.229801852044 0.252919615546
v -0.00110488903628 0.231062074679 0.255508127354
v -0.00489416045841 0.202494504928 0.263819869435
v -5.39646347311e-05 0.208471631783 0.263100289483
v 0.00139394946441 0.210259648401 0.262885032745
v 0.0105898433107 0.221615591083 0.261517904422
v 0.0135609559275 0.225284596871 0.261076197132
v 0.0192821758048 0.232349692964 0.26022563811
v 0.0131148778114 0.182562981143 0.274821050323
v 0.0168312573538 0.182016382535 0.275934439814
v 0.0122627479906 0.147375153294 0.28601996118
v 0.0183204295193 0.152320781724 0.285941623228
v -0.00304540848844 0.114426231222 0.292851425647
v -0.0116711854152 0.104506698745 0.293896241949
v -0.013861703825 0.0867760171263 0.299095622838
v -0.00685575576709 0.0844723604723 0.30160752065
v -0.00672080809352 0.00343023277857 0.327928392368
v -0.00528001968093 0.0143551707155 0.324747682637
v -0.00629780797012 0.0156018145868 0.324086956384
v -0.00771625614412 0.0143996487388 0.324119608145
v -0.0093399733982 0.00129188688013 0.327962263447
v -0.0657320255801 0.0615543752033 0.294211258402
v -0.0831405994893 0.0588475748098 0.29070430702
v -0.0724993330581 0.0458135582138 0.29761238822
v -0.0883521004106 0.0652309117921 0.287321112803
v -0.091672160697 0.0692975067932 0.28516580109
v -0.109490035846 0.0547505899359 0.285396221948
v -0.137776232062 0.0316570985339 0.285762019132
v -0.134456171775 0.0275905035328 0.287917330845
v -0.0992361426542 0.0563449331486 0.287461865257
v -0.178329794694 -0.0797590198395 0.311686258673
v -0.209101768964 -0.076193995256 0.302778954951
v -0.208576189534 -0.0764708815613 0.303001150718
v -0.179017602696 -0.0803205618389 0.311695153431
v -0.30833474222 -0.0835335210551 0.280164468613
v -0.275503581382 -0.0875637968953 0.289741356542
v -0.274856749445 -0.0870357086781 0.289732991715
v -0.265407700848 -0.0793212913219 0.289610796575
v -0.311967897608 -0.0738524063654 0.276109163955
v -0.312923359357 -0.0779131268473 0.277185637092
v -0.308668071049 -0.0831252412732 0.279948078711
v -0.328967407885 -0.0607912517032 0.267590744134
v -0.330052920884 -0.0621814451654 0.267768245537
v -0.325319334966 -0.0627298445909 0.269138436531
v -0.326656306584 -0.0610922472153 0.268270503328
v -0.254577972884 -0.0704796560764 0.289470746463
v -0.250775984031 -0.0673756262617 0.289421579118
v -0.256067007173 -0.0608948859692 0.285986760749
v -0.30018632889 -0.0553838899247 0.273086284922
v -0.349578994235 -0.0492141943337 0.258643885085
v -0.360975337832 -0.0477906637505 0.255311597759
v -0.370304867376 -0.0554075030627 0.255432247291
v -0.350011938088 -0.0877425341868 0.2710319127
v -0.316169818761 -0.0917106453663 0.280843280476
v -0.314079855893 -0.0828282664485 0.278488612865
v -0.343367387584 -0.0792329996257 0.269945406221
v -0.198564030203 -0.229732351909 0.278910065522
v -0.212780448508 -0.240628393496 0.271713927382
v -0.222418598624 -0.241530064134 0.268429111991
v -0.263836858603 -0.273367839969 0.247440919523
v -0.276614166303 -0.244985087683 0.250355440382
v -0.275363782609 -0.24648319327 0.250384661009
v -0.236257898172 -0.242824758602 0.263712487293
v -0.206535865767 -0.219968003154 0.278776155774
v -0.0998192641156 -0.449198481767 0.256356670147
v -0.0869608648939 -0.34862983968 0.285159414913
v -0.0870920293323 -0.348573622943 0.285131543893
v -0.0870033512599 -0.338769298365 0.287569268873
v -0.0868242408585 -0.318966800089 0.292492917269
v -0.0868104092082 -0.317437359362 0.292873193316
v -0.0828891212551 -0.316783739489 0.294280101358
v -0.0793697361466 -0.289257790809 0.302163502186
v -0.0866089856687 -0.295168078084 0.298410177538
v -0.0864291758669 -0.275288220779 0.303353060244
v -0.0787813304932 -0.284655728346 0.303481527637
v -0.0759626426615 -0.262610090623 0.309795373212
v -0.122870282108 -0.19514714392 0.311466986358
v -0.154485273759 -0.220007606746 0.295309256129
v -0.162378185689 -0.210339927987 0.295176672139
v -0.130804629368 -0.185428712925 0.311333706271
v -0.134636269359 -0.18073550655 0.311269342956
v -0.162577761798 -0.202151006889 0.297125776938
v -0.134939491865 -0.180364102704 0.311264249449
v -0.063141381863 -0.260821608857 0.314309797282
v -0.0708596172463 -0.222698097725 0.32122612262
v -0.065520300171 -0.180938011066 0.333186163923
v -0.0773575410869 -0.190602202682 0.327048924453
v -0.0828142897512 -0.163649096307 0.33193872727
v -0.118163411126 -0.191445893757 0.313872565092
v -0.118528779503 -0.185216567483 0.31528738138
v -0.118628969987 -0.183508355499 0.315675354084
v -0.118997380128 -0.177227152703 0.317101952964
v -0.119059840571 -0.176162196624 0.317343828522
v -0.119473242562 -0.169113943851 0.318944640556
v -0.119526033378 -0.168213868119 0.319149067868
v -0.0867807589478 -0.144057087088 0.335493088024
v -0.0856221035047 -0.149780159197 0.334454814567
v -0.0854221056601 -0.150768036647 0.334275594524
v -0.0842603091355 -0.156506617026 0.33323450798
v -0.059955098765 -0.137411228479 0.345652184977
v -0.0590006871241 -0.129946544908 0.347790061908
v -0.0588342512574 -0.128644817308 0.348162875499
v -0.0513741780301 -0.122758894037 0.351980395025
v -0.0579827652422 -0.121985132057 0.350070201489
v -0.0579814968854 -0.121984162219 0.35007084292
v -0.057657857815 -0.119443952604 0.350797992387
v -0.0570110885451 -0.114385410322 0.352246752952
v -0.0570137114643 -0.114385086716 0.352245998886
v -0.06755695437 -0.113090823637 0.349213204359
v -0.0708239654297 -0.112689771285 0.348273439605
v -0.0789905544968 -0.119520773804 0.343999108032
v -0.0763246815947 -0.119833357093 0.344769560185
v -0.142690710513 -0.170869977755 0.311134045557
v -0.173696427909 -0.132892445817 0.310613215896
v -0.250399094055 -0.195514240072 0.270845280531
v -0.247598341824 -0.209158630741 0.268382134163
v -0.264188869253 -0.206772524905 0.263695713041
v -0.297501653996 -0.233969837073 0.246424075159
v -0.102793339157 -0.472459440456 0.249694758006
v -0.282851626661 -0.250077491597 0.247121512112
v -0.0870698655828 -0.142629072217 0.335752156835
v -0.0423931924351 -0.267059580512 0.319370969245
v -0.0361420234886 -0.290447793316 0.315609770109
v -0.0343916734191 -0.276217806158 0.319663275808
v -0.0338571199426 -0.271871996219 0.320901208431
v -0.0176852736887 -0.258668934568 0.329285805328
v -0.0299172358065 -0.239841546034 0.330025293387
v -0.0373041806826 -0.228471590309 0.330471873818
v -0.0377221056752 -0.227828320673 0.330497139882
v -0.0425221074771 -0.266577256019 0.319448534755
v -0.04861293601 -0.24378894311 0.323113260412
v -0.0573570279517 -0.312527946285 0.303440684183
v -0.0578531572522 -0.312610645876 0.303262678761
v -0.0633160022472 -0.31352121313 0.301302681558
v -0.0686758895604 -0.356905661004 0.288936894504
v -0.0645750240442 -0.369270014156 0.287201538981
v -0.0595626111637 -0.384382736883 0.285080445647
v -0.0581018213148 -0.386171993776 0.285104983765
v -0.0481880353904 -0.310999620346 0.306730399661
v -0.0481132332067 -0.166726487273 0.342211184176
v -0.0669947699588 -0.314134405297 0.299982787512
v -0.0527764886336 -0.228211367892 0.325618383967
v -0.0529918077806 -0.227405769645 0.325747937085
v -0.0525667514748 -0.226513705141 0.326102265889
v -0.0448514022214 -0.164063454559 0.343902341611
v -0.0767621670849 -0.287128912342 0.303515445277
v -0.0671429969478 -0.448411579483 0.266935304653
v -0.0657158953396 -0.443906563636 0.268496035868
v -0.063663763481 -0.42834604591 0.272972449807
v -0.0583485833842 -0.388043102916 0.284566707759
v -0.0655626073121 -0.377033607014 0.284979658538
v -0.077158832402 -0.4681937729 0.258890316889
v -0.0781122361609 -0.475688670629 0.256745334818
v -0.0699024003125 -0.475651201992 0.259363811304
v -0.0684201827131 -0.475644436924 0.259836555524
v -0.0653228900922 -0.450640947935 0.266965878551
v -0.0664258606909 -0.449289968023 0.266947351023
v -0.0219831484538 -0.10077256943 0.366724943618
v -0.0219834466629 -0.100774976525 0.366724257277
v -0.0219807831188 -0.100772877498 0.366725619686
v -0.0204888126807 -0.100967190218 0.367152046143
v -0.0202871710981 -0.099438220576 0.367591896607
v -0.0187720890111 -0.0982442562284 0.368366855657
v -0.0201072122175 -0.0980895758011 0.367980538616
v -0.0201095546332 -0.0980914239545 0.367979339947
v -0.0201092793434 -0.0980893362839 0.367979940495
v -0.021628952881 -0.0979132778161 0.36754022321
v -0.021817999682 -0.0994393665416 0.367105083646
v -0.023291744311 -0.100602139253 0.366350928311
v -0.0228550453557 -0.107811124081 0.364718018555
v -0.0298668569378 -0.106987527669 0.362691918802
v -0.0437881864609 -0.132960902551 0.3518841144
v -0.050042075682 -0.137878653199 0.348687888037
v -0.0490524070148 -0.130417458113 0.350836113037
v -0.0601834199761 -0.139196983828 0.345140746712
v -0.0611296038419 -0.146597335056 0.343021295309
v -0.118894525635 -0.0881509313528 0.339026289658
v -0.179017602696 -0.0803205618389 0.321842257029
v -0.208576189534 -0.0764708815613 0.313393991313
v -0.187744541701 -0.0874454325316 0.317317611874
v -0.18695873335 -0.0878594129247 0.317465618084
v -0.185306499774 -0.0887298444877 0.317776814652
v -0.164237493397 -0.0998294408528 0.321745141449
v -0.162438293238 -0.100777297415 0.322084019074
v -0.162743452219 -0.101405957486 0.321832531342
v -0.166552895063 -0.109253772004 0.318693102701
v -0.176412544125 -0.129565595219 0.310567590978
v -0.147481475729 -0.111489965042 0.324204849353
v -0.138739297395 -0.104352652569 0.32873739563
v -0.137050380891 -0.102973782899 0.329613046086
v -0.128217886064 -0.0957627340427 0.334192418584
v -0.127867354226 -0.0954765518914 0.334374158409
v -0.127602473098 -0.095260296924 0.334511491033
v -0.248046577762 -0.0813605007662 0.299647737928
v -0.265407699558 -0.0793212902895 0.294631150739
v -0.275503580814 -0.0875637964307 0.289396751824
v -0.308334740671 -0.0835335229135 0.279952772937
v -0.300122574693 -0.0935922418468 0.280090719737
v -0.28505197885 -0.0953593248728 0.284446205808
v -0.293229316662 -0.102035488749 0.280206511718
v -0.285286635547 -0.111764127562 0.280339931747
v -0.267687048422 -0.0973954259111 0.289464767671
v -0.258240416264 -0.0896829814741 0.29436255121
v -0.257462046573 -0.0890475028047 0.294766111575
v -0.350011938088 -0.0877425341868 0.265672414861
v -0.377970461486 -0.123548420788 0.247986810316
v -0.354306660209 -0.151900415615 0.248539817814
v -0.315433645228 -0.120163605598 0.268694261234
v -0.321202127567 -0.113098046679 0.268597363078
v -0.316169818761 -0.0917106453663 0.275452976344
v -0.423964285021 -0.0790713534824 0.244299773688
v -0.382703476693 -0.129609892727 0.244992866967
v -0.384950985264 -0.115184938875 0.247823680044
v -0.386975904878 -0.0834083751043 0.254989622094
v -0.387567022341 -0.0741321149982 0.257081514159
v -0.38582297916 -0.0740212535606 0.257663055426
v -0.432794927204 -0.0682550904083 0.244151437833
v -0.432331359278 -0.0688228942324 0.244159224772
v -0.360426100613 -0.156896465396 0.245367079152
v -0.337642717318 -0.184802823923 0.245749791254
v -0.333890439731 -0.176361429717 0.249016931467
v -0.0377339625996 -0.106465623175 0.355762611635
v -0.0377357036414 -0.106466957606 0.35576171453
v -0.0228120766518 -0.11858359697 0.357558740657
v -0.0225006403087 -0.116222096152 0.358250238204
v -0.0225013767207 -0.116222010153 0.358250021452
v -0.0225005424371 -0.116221354062 0.358250455525
v -0.014072516901 -0.109593972394 0.362634952438
v -0.0215077024907 -0.108693035071 0.360454907018
v -0.0215091446523 -0.108692860337 0.360454484198
v -0.0215075093284 -0.108691570506 0.360455335878
v -0.0138076378377 -0.108873817601 0.36290079628
v -0.0207105939383 -0.108063007791 0.360870391053
v -0.0214137222624 -0.107980419494 0.360663576003
v -0.0212887805723 -0.107033035461 0.360940990123
v -0.0145521210675 -0.101740378906 0.364444410279
v -0.0204888119064 -0.100967188772 0.362717198959
v -0.021980781725 -0.100772877085 0.362283127311
v -0.0228550452525 -0.107811122223 0.360239632058
v -0.0298668569378 -0.106987527669 0.358177208241
v -0.0305428897822 -0.106908122575 0.357978362711
v -0.0304561514889 -0.106254783721 0.358169860382
v -0.0311881578372 -0.10683233006 0.357788566542
v -0.0320332224186 -0.106733070595 0.357540002828
v -0.0329017687648 -0.102762032609 0.358252388593
v -0.0372789868347 -0.106116911513 0.355997036765
v -0.0376865419224 -0.106069041173 0.355877160191
v -0.0403012135449 -0.105761925998 0.355108092231
v -0.0403046000282 -0.105764597027 0.355106328476
v -0.0403525740209 -0.106139119501 0.35499711919
v -0.0403866855461 -0.106405427046 0.354919465204
v -0.0410201664671 -0.106328670062 0.354733723585
v -0.0457806978058 -0.105751824363 0.353337904928
v -0.0464220327726 -0.110586891629 0.351920903149
v -0.0467967210499 -0.113411691174 0.351093045809
v -0.0467967794838 -0.113412111723 0.351092921714
v -0.0413646480712 -0.114040368744 0.352693154519
v -0.0414816491487 -0.114953787542 0.352426805884
v -0.0416503772048 -0.116271052629 0.352042698337
v -0.0416476149114 -0.116271391722 0.352043507121
v -0.0389873286433 -0.116597962812 0.352822465281
v -0.0342098073833 -0.117184437565 0.354221371747
v -0.0395811345823 -0.121404426518 0.351427995405
v -0.0397922941839 -0.123113593009 0.350932124153
v -0.0399144789491 -0.124102582408 0.350645194131
v -0.0334838922553 -0.124856594909 0.352536987279
v -0.0334822087183 -0.124856792305 0.352537482522
v -0.0329343881086 -0.124921026259 0.352698644159
v -0.0279267232425 -0.125508193134 0.35417183315
v -0.0325341063925 -0.117390144074 0.354712033346
v -0.0325356481808 -0.117389954783 0.354711581929
v -0.0325339080681 -0.117388584838 0.354712487551
v -0.0311910341593 -0.10683199262 0.357787720385
v -0.0377355148668 -0.106465429652 0.355762157843
v -0.154485274327 -0.220007606023 0.289588270659
v -0.122870282108 -0.19514714392 0.306035282204
v -0.126101429761 -0.191189454059 0.305979983736
v -0.127001878964 -0.190086533635 0.305964573286
v -0.130256572906 -0.186100002968 0.30590887182
v -0.130804627716 -0.185428714886 0.305899492349
v -0.162378185689 -0.210339927987 0.289453189908
v -0.16184481679 -0.210993227919 0.289462318092
v -0.158627886906 -0.214933503077 0.289517373224
v -0.15767883281 -0.216095957448 0.289533615531
v -0.0864291758669 -0.275288220779 0.297776930869
v -0.0866089856687 -0.295168078084 0.292745705827
v -0.0793697361466 -0.289257790809 0.296566226751
v -0.0787813304932 -0.284655728346 0.297907817488
v -0.0686758895604 -0.356905661004 0.283103404787
v -0.0669947699588 -0.314134405297 0.294346737659
v -0.0735663576573 -0.315229785732 0.291946692494
v -0.0784788291719 -0.352265215403 0.281092805407
v -0.0722224330735 -0.354946690163 0.282446079625
v -0.0688455940617 -0.35639399179 0.283176499017
v -0.0589166776228 -0.475601061402 0.25656839695
v -0.0570872745081 -0.460728389206 0.260880721567
v -0.0653228889566 -0.450640949277 0.260739775693
v -0.0709672323491 -0.0921972914399 0.348580335704
v -0.0622759731912 -0.0851015505741 0.353167156153
v -0.114596846458 -0.0846422087318 0.33635529527
v -0.112342153353 -0.0874038825538 0.336393882514
v -0.216363695494 -0.0850819179116 0.303321846567
v -0.208208184249 -0.0860398508157 0.305720672879
v -0.20967879585 -0.085026543407 0.30549838719
v -0.228699094638 -0.071920872884 0.302623423619
v -0.233460621831 -0.0732299569639 0.300755507284
v -0.237665122955 -0.072884845853 0.29948160502
v -0.240437190117 -0.0751480243167 0.298018643927
v -0.246858748151 -0.0803907297273 0.294629660467
v -0.326656306584 -0.0610922472153 0.273641297446
v -0.325319334966 -0.0627298445909 0.273664178612
v -0.330052920884 -0.0621814451654 0.272269961313
v -0.33562880811 -0.0693223654165 0.268679719291
v -0.336561820288 -0.0705172542279 0.268078964774
v -0.336868016213 -0.0709093916386 0.267881809492
v -0.336969029367 -0.070915812866 0.267847523543
v -0.336881096636 -0.0709261415781 0.267873387626
v -0.343280782161 -0.079122088065 0.263752711203
v -0.343367387584 -0.0792329996257 0.263696947638
v -0.314079855893 -0.0828282664485 0.27227262909
v -0.316169818761 -0.0917106453663 0.269374512677
v -0.321202127567 -0.113098046679 0.262396294458
v -0.315433645228 -0.120163605598 0.262495017332
v -0.293365201188 -0.147194266643 0.262872700813
v -0.27893018839 -0.135409195192 0.270490792789
v -0.259788764649 -0.164347341475 0.269444363515
v -0.321774001943 -0.149103417763 0.253204345263
v -0.333890439731 -0.176361429717 0.242465715837
v -0.337642717318 -0.184802823923 0.239140124615
v -0.297501653996 -0.233969837073 0.239827106283
v -0.290547013606 -0.228291911054 0.243497424511
v -0.264188869253 -0.206772524905 0.257407960638
v -0.247598341359 -0.209158633167 0.262178404631
v -0.250399094055 -0.195514240072 0.264685527844
v -0.173696427909 -0.132892445817 0.305165434
v -0.176412544125 -0.129565595219 0.305118949917
v -0.166552895063 -0.109253772004 0.31338984013
v -0.267687048422 -0.0973954259111 0.283637504832
v -0.293229316662 -0.102035488749 0.274213373193
v -0.28505197885 -0.0953593248728 0.278528971142
v -0.300122573763 -0.0935922429825 0.274095400677
v -0.264086545104 -0.0782426698602 0.289593499049
v -0.255056142529 -0.070870044599 0.294359302759
v -0.258497290241 -0.160436548399 0.270840485233
v -0.311967897608 -0.0738524063654 0.275201246204
v -0.285286635547 -0.111764127562 0.274349305726
v -0.308334740671 -0.0835335229135 0.273954856149
v -0.308668070378 -0.0831252420991 0.27394915146
v -0.312923357756 -0.0779131288088 0.273876325705
v -0.162577761798 -0.202151006889 0.291437126024
v -0.134636269359 -0.18073550655 0.305833916892
v -0.134939490213 -0.180364104717 0.305828727526
v -0.268518393059 -0.267633635475 0.240782545628
v -0.263836858603 -0.273367839969 0.240862666279
v -0.222418598624 -0.241530064134 0.262226628362
v -0.236257896365 -0.242824760254 0.257425485034
v -0.275363782609 -0.24648319327 0.243858832699
v -0.276614166303 -0.244985087683 0.2438290697
v -0.282851626661 -0.250077491597 0.240537243994
v -0.382703476693 -0.129609892727 0.238368946322
v -0.360426100613 -0.156896465396 0.238750205525
v -0.354306660209 -0.151900415615 0.241979746141
v -0.377970461486 -0.123548420788 0.241416473888
v -0.0601834199761 -0.139196983828 0.350719798764
v -0.0599551008298 -0.13741123008 0.351236024327
v -0.0842603091355 -0.156506617026 0.338740741092
v -0.0854221043179 -0.150768036905 0.33979492623
v -0.0856221035563 -0.14978016059 0.339976400418
v -0.0867807585348 -0.144057089669 0.341027736593
v -0.0870698655828 -0.142629072217 0.341290065366
v -0.119526034617 -0.16821386626 0.324583126516
v -0.119473242097 -0.169113940599 0.3243764894
v -0.119059842843 -0.176162195694 0.322758364252
v -0.11899738307 -0.177227151826 0.322513872743
v -0.118628971123 -0.183508354312 0.321071846843
v -0.118528778573 -0.18521656676 0.320679679028
v -0.118163411952 -0.191445891537 0.319249562343
v -0.0828142897512 -0.163649096307 0.337428657679
v -0.0773575410869 -0.190602202682 0.332477334523
v -0.0815831365477 -0.350934718285 0.291320269069
v -0.0869608616419 -0.348629839784 0.290176892548
v -0.0998192641156 -0.449198481767 0.261104480958
v -0.0910704252952 -0.447194080873 0.264393294943
v -0.0855597125417 -0.493568147522 0.254637156051
v -0.0823930866774 -0.497446807464 0.254684371539
v -0.0795051937233 -0.475695030687 0.261006446231
v -0.0796995535203 -0.475695917778 0.260944219368
v -0.0793800650136 -0.474752538689 0.261280377442
v -0.077158832402 -0.4681937729 0.263617493556
v -0.0655626083445 -0.377033605724 0.289951201483
v -0.0662883130691 -0.376144722152 0.289940380935
v -0.0704265469758 -0.371075982429 0.289878678481
v -0.0794998188864 -0.359962532991 0.289743392851
v -0.0797533430305 -0.361873860311 0.28918794744
v -0.079754176643 -0.35965098138 0.289739600272
v -0.0802546086316 -0.359038024394 0.289732138642
v -0.0868760633858 -0.118596169813 0.347319025486
v -0.147481475729 -0.111489965042 0.329748487506
v -0.173696427909 -0.132892445817 0.31607111032
v -0.142690710513 -0.170869977755 0.316533416341
v -0.120376719179 -0.153710133672 0.327912865772
v -0.0896156612124 -0.130054349612 0.343600059417
v -0.0763246815947 -0.119833357093 0.35037805034
v -0.0789905544968 -0.119520773804 0.349605168533
v -0.0832276631955 -0.123064933915 0.347373424371
v -0.206535864528 -0.2199680046 0.283974350382
v -0.236257898172 -0.242824758602 0.268817027809
v -0.222418600998 -0.241530064805 0.273553636909
v -0.212780449231 -0.240628395716 0.27685237093
v -0.198564030203 -0.229732351909 0.284093213189
v -0.201844136192 -0.225714695163 0.284044305699
v -0.437747268825 -0.0621891861633 0.24938591743
v -0.432794927204 -0.0682550904083 0.249459758603
v -0.343280784174 -0.0791220885296 0.275319278083
v -0.336881095552 -0.0709261433332 0.279395941992
v -0.336969029367 -0.070915812866 0.279370453445
v -0.382718375434 -0.0655421722102 0.266109266198
v -0.386569022091 -0.068685927388 0.264100231578
v -0.389816315315 -0.0647084615672 0.264051813291
v -0.434416419633 -0.05946980539 0.251123753193
v -0.321774001943 -0.149103417763 0.264804914234
v -0.259788764649 -0.164347341475 0.280795142641
v -0.258497290241 -0.160436548399 0.282178172734
v -0.27893018839 -0.135409195192 0.281873511164
v -0.293365201188 -0.147194266643 0.274342194183
v -0.315433645228 -0.120163605598 0.274013146
v -0.354306660209 -0.151900415615 0.25373155692
v -0.333890439731 -0.176361429717 0.254171514237
v -0.386975904878 -0.0834083751043 0.260314985953
v -0.384950985264 -0.115184938875 0.253071190096
v -0.377970461486 -0.123548420788 0.253221616204
v 0.279824823567 -0.229473768533 0.243625124778
v 0.278493103981 -0.227842604102 -0.363768097483
v 0.328858622187 -0.167342567583 0.251080554315
v 0.334809262267 -0.162484330183 0.251121955524
v 0.250695536102 -0.152158732579 0.275968487124
v 0.256129733762 -0.158814840921 0.272435227727
v 0.256129733762 -0.158814840921 -0.363768097483
v 0.111025397801 -0.128102191278 -0.363768097483
v 0.110820331433 -0.124988236937 -0.363768097483
v 0.110803024048 -0.124725409513 -0.363768097483
v 0.110722384925 -0.123500911015 -0.363768097483
v 0.112363438987 -0.123693663466 -0.363768097483
v 0.202402430094 -0.12386798146 -0.363768097483
v 0.202739885277 -0.118204993826 -0.363768097483
v 0.35560023436 -0.13729895482 -0.363768097483
v 0.38547650104 -0.0744157549126 -0.363768097483
v 0.22803279026 0.0807856417724 0.356758866094
v 0.22803279026 0.0807856417724 0.351372513015
v 0.228991564726 0.087938877747 -0.363768097483
v 0.229240374977 0.0897951944323 -0.363768097483
v 0.225380656299 0.0955978570544 -0.363768097483
v 0.229239337723 0.105654585414 -0.363768097483
v 0.0986618781065 -0.00757528899684 0.361415407918
v 0.0977302469718 -0.00643417524198 0.362021144908
v 0.0977302469718 -0.00643417524198 -0.363768097483
v 0.0453764842851 -0.0476917405389 0.362135037011
v 0.0453764842851 -0.0476917405389 -0.363768097483
v 0.0488411483475 -0.0519354543873 -0.363768097483
v 0.0424297594171 -0.0569725666986 -0.363768097483
v 0.0366435509514 -0.0533138019719 -0.363768097483
v 0.0338881635252 -0.0515715044274 -0.363768097483
v 0.0308668315458 -0.049661044428 -0.363768097483
v -0.0179843775317 -0.0684917171344 0.371651242343
v -0.0179843775317 -0.0684917171344 0.358974390765
v -0.0263742171185 -0.0755094619793 -0.363768097483
v -0.0273056953545 -0.0762886008099 -0.363768097483
v -0.0534085624946 -0.086209186853 -0.363768097483
v -0.0544193003077 -0.0941144169846 -0.363768097483
v -0.0472582469375 -0.0974807669007 -0.363768097483
v -0.0457429192938 -0.105467017473 -0.363768097483
v -0.0457804823953 -0.105750225999 -0.363768097483
v -0.045780698735 -0.105751821988 -0.363768097483
v -0.0403525768084 -0.106139119552 -0.363768097483
v -0.0403012154548 -0.105761927082 -0.363768097483
v -0.0376865419224 -0.106069041173 0.36459525358
v -0.0320332230896 -0.106733070286 -0.363768097483
v -0.0305428908663 -0.106908120975 -0.363768097483
v -0.0232917441561 -0.100602141886 -0.363768097483
v -0.0201092775367 -0.0980893349934 -0.363768097483
v -0.0201072144888 -0.0980895764721 -0.363768097483
v -0.0127566851484 -0.100329793295 -0.363768097483
v -0.0129555126111 -0.101946232841 -0.363768097483
v -0.012955767924 -0.101948287165 -0.363768097483
v -0.0132412936229 -0.108940338532 -0.363768097483
v -0.0138770232175 -0.109440243944 -0.363768097483
v -0.0138773423844 -0.109440497811 -0.363768097483
v -0.0225005402174 -0.116221353597 -0.363768097483
v -0.0225006408766 -0.116222095481 -0.363768097483
v -0.0228120751032 -0.118583596763 -0.363768097483
v -0.0250884840499 -0.125840985424 -0.363768097483
v -0.0279267223133 -0.125508195044 -0.363768097483
v -0.0329343871278 -0.124921026827 -0.363768097483
v -0.033482207944 -0.124856793905 -0.363768097483
v -0.0334841086983 -0.124858285777 -0.363768097483
v -0.0437881840348 -0.1329609025 -0.363768097483
v -0.0448514039765 -0.164063456004 -0.363768097483
v -0.0527764879109 -0.228211367428 -0.363768097483
v -0.0299172365292 -0.239841548976 0.319542022063
v -0.0343916745548 -0.276217804764 -0.363768097483
v -0.0636637613646 -0.428346045342 0.267491739414
v -0.0664258606909 -0.449289968023 0.261456025272
v -0.0570872753857 -0.460728388122 0.255384173207
v -0.0570872753857 -0.460728388122 -0.363768097483
v -0.0589166759709 -0.475601060318 -0.363768097483
v -0.069902398351 -0.475651200599 -0.363768097483
v -0.0810839970226 -0.499050253515 0.249187355501
v -0.0823930866774 -0.497446807464 -0.363768097483
v -0.0810839970226 -0.499050253515 -0.363768097483
v -0.0741141556057 -0.507587304001 0.244655636331
v -0.0741141556057 -0.507587304001 -0.363768097483
v -0.0726059276321 -0.509434665739 0.243675002003
v -0.0726059276321 -0.509434665739 -0.363768097483
v -0.0675425908265 -0.515636523062 -0.363768097483
v -0.0634280123863 -0.512277287992 0.240411499405
v -0.0634280123863 -0.512277287992 -0.363768097483
v 0.229454798516 -0.273161126353 -0.363768097483
v 0.249939721078 -0.256436771509 0.242591733496
v 0.249939721078 -0.256436771509 -0.363768097483
v 0.271628227854 -0.238729783246 0.242742629759
v 0.271628227854 -0.238729783246 -0.363768097483
v 0.281080962021 -0.231012356956 -0.363768097483
v 0.0501175209934 -0.0521977163645 -0.363768097483
v -0.0466473489211 -0.214090616553 -0.363768097483
v -0.0322870112704 -0.183952481189 -0.363768097483
v -0.0268744029309 -0.149386625102 0.347883525212
v -0.0268744029309 -0.149386625102 -0.363768097483
v -0.0233358934627 -0.146497705837 0.347908144168
v -0.0233358934627 -0.146497705837 -0.363768097483
v -0.0337744665522 -0.201707146939 -0.363768097483
v 0.0227311704908 -0.0957198946471 0.352467692854
v 0.0925569569322 -0.111142055297 0.329636324881
v 0.0877526008222 -0.115064440435 -0.363768097483
v 0.0802640120986 -0.121178293947 -0.363768097483
v 0.0695539523184 -0.129922229324 0.329476283089
v -0.0116591670232 -0.0914241556625 -0.363768097483
v -0.0116614788799 -0.0914259764574 -0.363768097483
v -0.0116612213989 -0.0914239003497 -0.363768097483
v -0.036795346856 -0.098843445212 -0.363768097483
v -0.0367937082284 -0.098842187334 -0.363768097483
v -0.0367938874017 -0.0988436330574 -0.363768097483
v 0.203473573253 -0.135954498859 -0.363768097483
v 0.201695039088 -0.135738984691 -0.363768097483
v 0.201660729651 -0.136314740123 -0.363768097483
v 0.198282026845 -0.141756841333 0.287353945596
v 0.194057346402 -0.145205966102 0.287272498309
v 0.187276984981 -0.150741606757 -0.363768097483
v 0.209245995907 -0.143024884048 -0.363768097483
v -0.059562611938 -0.384382735954 -0.363768097483
v -0.0686758901798 -0.356905663275 -0.363768097483
v -0.0868242406004 -0.318966797095 -0.363768097483
v -0.0869608616419 -0.348629839784 0.2991158099
v -0.0797541772625 -0.359650980606 -0.363768097483
v -0.0704265478533 -0.371075981345 -0.363768097483
v -0.102793339157 -0.472459440456 -0.363768097483
v -0.0955917138026 -0.48128039288 -0.363768097483
v -0.0893792509293 -0.488889763903 -0.363768097483
v 0.395872847928 0.104025478818 -0.363768097483
v 0.382693808195 0.120167901682 -0.363768097483
v 0.341805160051 0.170250598461 -0.363768097483
v 0.338021531839 0.174884997286 -0.363768097483
v 0.303565491676 0.140180819637 -0.363768097483
v 0.20912433364 0.0908571279501 -0.363768097483
v 0.279073743704 0.133162591112 -0.363768097483
v 0.284668393846 0.130439990588 -0.363768097483
v 0.288689554149 0.128483120272 -0.363768097483
v 0.289124265886 0.136317542684 -0.363768097483
v 0.337835451746 0.175112918545 -0.363768097483
v 0.334685148717 0.178971585413 -0.363768097483
v 0.334025707029 0.179779306329 -0.363768097483
v 0.333261799372 0.180714983084 -0.363768097483
v 0.330803583649 0.183725942784 -0.363768097483
v 0.329288826511 0.185581301814 -0.363768097483
v 0.326024263791 0.189579920302 -0.363768097483
v 0.320934810532 0.195813766532 -0.363768097483
v 0.284900289902 0.241516303414 -0.363768097483
v 0.282033638298 0.217443433961 -0.363768097483
v 0.257378014919 0.128894907224 -0.363768097483
v 0.0990122341266 0.00405712733949 -0.363768097483
v 0.095953339407 0.00319905790657 -0.363768097483
v 0.137167862493 0.120904203027 0.337021483702
v 0.137167862493 0.120904203027 0.331211273296
v 0.137167862493 0.120904203027 -0.363768097483
v 0.16663722104 0.144963654926 0.336692308482
v 0.16663722104 0.144963654926 0.330880269538
v 0.257255724952 0.218946654323 0.335680092115
v 0.23176596109 0.242248383475 0.316068361706
v 0.210253021462 0.309018897739 0.289390962684
v 0.223287114301 0.319660226372 -0.363768097483
v 0.157119503137 0.403580530006 -0.363768097483
v 0.114910563627 0.371725833214 -0.363768097483
v 0.146774939905 0.416700527526 -0.363768097483
v 0.0885212747153 0.490583584783 -0.363768097483
v 0.0567362562473 0.464633575623 0.201437719202
v 0.0567362562473 0.464633575623 -0.363768097483
v 0.0537852757688 0.462224328354 0.201470864967
v 0.0537852757688 0.462224328354 -0.363768097483
v 0.0470795925409 0.456749656684 0.201546184126
v 0.0470795925409 0.456749656684 -0.363768097483
v 0.0439526728887 0.454196768611 0.201581306114
v 0.0439526728887 0.454196768611 -0.363768097483
v 0.0397381289759 0.45075591947 0.201628644406
v 0.0397381289759 0.45075591947 -0.363768097483
v 0.0301374459486 0.442917704376 0.201736480597
v 0.0301374459486 0.442917704376 -0.363768097483
v 0.029957508129 0.442770799067 0.201738501678
v 0.029957508129 0.442770799067 -0.363768097483
v 0.026614663052 0.440041624624 0.201776048932
v 0.026614663052 0.440041624624 -0.363768097483
v 0.0123915770336 0.428429574987 0.201935804542
v 0.0123915770336 0.428429574987 -0.363768097483
v 0.000747599917278 0.418923168333 -0.363768097483
v -0.0104109548309 0.358872355657 -0.363768097483
v -0.000672172672949 0.326254827126 0.231291810053
v 0.00512038501011 0.277994842829 -0.363768097483
v 0.00953210629837 0.27613220924 -0.363768097483
v 0.0197396084271 0.271822589515 -0.363768097483
v 0.0182654734471 0.281955201034 -0.363768097483
v 0.028337389207 0.36113251223 -0.363768097483
v 0.0316223566706 0.361324121555 -0.363768097483
v 0.040547139104 0.361844697244 -0.363768097483
v 0.0441183999085 0.362053007005 -0.363768097483
v 0.0285110006253 0.306851132167 -0.363768097483
v 0.028119764243 0.303692797829 -0.363768097483
v 0.0282036807766 0.268249051697 -0.363768097483
v 0.0306908065278 0.252889412454 -0.363768097483
v 0.0122627497973 0.147375154791 -0.363768097483
v 0.0164114779101 0.136801398744 -0.363768097483
v 0.00668521289723 0.105082860323 0.303723453473
v 0.00668521289723 0.105082860323 -0.363768097483
v 0.00393444335114 0.108452156248 0.301962043545
v 0.00393444335114 0.108452156248 -0.363768097483
v -0.00112727093227 0.11465202625 0.298720858215
v -0.0190111103407 0.0960658803607 0.300193842996
v -0.0201928933833 0.0871563331272 -0.363768097483
v -0.0205049673376 0.0330035357247 0.319950504712
v -0.0205049673376 0.0330035357247 -0.363768097483
v -0.0222551484029 0.035147255118 0.318829805096
v -0.0286065115505 -0.0144377513179 0.333073273248
v -0.0286065115505 -0.0144377513179 -0.363768097483
v -0.0261147204287 -0.0124033965866 -0.363768097483
v -0.00528001962931 0.0143551706123 0.329699549095
v -0.00876507945383 -0.0678788569874 -0.363768097483
v 0.0115246233731 -0.0617003962047 0.358166601297
v 0.0375306096498 -0.0538747100252 -0.363768097483
v 0.0447467762237 -0.0469204390292 -0.363768097483
v 0.187445025458 0.290397933129 -0.363768097483
v -0.0416503763272 -0.116271053972 -0.363768097483
v -0.0467967794838 -0.113412111723 -0.363768097483
v -0.0467972072593 -0.113412061135 -0.363768097483
v -0.0467967223404 -0.113411691897 -0.363768097483
v -0.0464220327209 -0.110586892919 -0.363768097483
v -0.045782311501 -0.105751625987 -0.363768097483
v -0.0551141756145 -0.0995492078633 -0.363768097483
v -0.0519160801919 -0.09687413709 -0.363768097483
v -0.0709672306973 -0.0921972900978 -0.363768097483
v -0.0957287935917 -0.107752852142 -0.363768097483
v -0.092768046647 -0.109995970116 -0.363768097483
v -0.0789905567165 -0.119520773029 -0.363768097483
v -0.0675569548346 -0.113090820746 -0.363768097483
v -0.0579826244742 -0.121984029865 0.350070517094
v -0.0579826244742 -0.121984029865 -0.363768097483
v -0.0579814968854 -0.121984162219 -0.363768097483
v -0.0513741793206 -0.122758893366 -0.363768097483
v -0.0590006852142 -0.129946543824 -0.363768097483
v -0.0407098086222 -0.130540221694 -0.363768097483
v -0.0334838900873 -0.1248565946 -0.363768097483
v -0.0456612505047 -0.0256155876088 -0.363768097483
v -0.040934396618 0.0113542775493 -0.363768097483
v -0.0831405981471 0.0588475732096 -0.363768097483
v -0.209101770358 -0.0761939947915 -0.363768097483
v -0.22359051929 -0.0745154298157 -0.363768097483
v -0.216363694462 -0.0850819172921 -0.363768097483
v -0.248046577762 -0.0813605007662 0.294002782218
v -0.257462044766 -0.0890475013077 0.299819579191
v -0.257462044766 -0.0890475013077 -0.363768097483
v -0.258240415851 -0.0896829811127 0.299828321979
v -0.258240415851 -0.0896829811127 -0.363768097483
v -0.140749879534 0.180286210546 -0.363768097483
v -0.177397218086 0.150366493134 -0.363768097483
v -0.310095371756 0.0420287144003 -0.363768097483
v -0.388796181151 -0.0222244092117 -0.363768097483
v -0.410220779063 -0.0397159363206 -0.363768097483
v -0.412264073152 -0.0413841278813 -0.363768097483
v -0.421304949543 -0.0487653042142 -0.363768097483
v -0.424355895494 -0.0512561655552 -0.363768097483
v -0.431797324532 -0.0573315167899 -0.363768097483
v -0.433552718037 -0.0587646598566 -0.363768097483
v -0.434416419633 -0.05946980539 -0.363768097483
v -0.382718376466 -0.0655421730361 -0.363768097483
v -0.336561821734 -0.0705172536085 -0.363768097483
v -0.330052923311 -0.0621814444427 -0.363768097483
v -0.328967410208 -0.0607912509289 -0.363768097483
v -0.349578996351 -0.0492141953145 -0.363768097483
v -0.300186329458 -0.0553838903893 0.278420350532
v -0.255056141238 -0.0708700435666 -0.363768097483
v -0.237665124452 -0.0728848471435 -0.363768097483
v -0.237451238381 -0.0727102256753 -0.363768097483
v -0.0143908889687 0.130898045336 -0.363768097483
v -0.0102322702951 0.129009710784 -0.363768097483
v -0.00846581662104 0.130451883595 -0.363768097483
v -0.386830634894 -0.0740853065351 0.257327058253
v -0.386830634894 -0.0740853065351 -0.363768097483
v -0.38697590333 -0.0834083732976 -0.363768097483
v -0.0575386284538 0.248221760907 -0.363768097483
v -0.0891237160285 0.222434979943 -0.363768097483
v -0.0880179955769 0.221080631873 -0.363768097483
v 0.255855191267 0.173940133036 0.338760221991
v 0.255855191267 0.173940133036 -0.363768097483
v 0.267989284564 0.22770977554 -0.363768097483
v 0.0766036005367 -0.00222886796703 -0.363768097483
v 0.184295966111 0.0689184634851 -0.363768097483
v 0.256756446724 0.13631177285 -0.363768097483
v 0.256605779086 0.138109588196 -0.363768097483
v 0.209652489169 0.0905983878041 -0.363768097483
v -0.0376357998033 -0.0849292922728 -0.363768097483
v -0.00933997200446 0.00129188801577 -0.363768097483
v -0.0167426470655 0.0067495760105 -0.363768097483
v -0.0240960513342 0.00393628350886 -0.363768097483
v -0.042901508409 -0.0840454022727 -0.363768097483
v -0.0386416728374 -0.0857706613731 -0.363768097483
v -0.103405674018 -0.0983497808215 -0.363768097483
v -0.242184459191 -0.062628969676 -0.363768097483
v -0.228699096031 -0.0719208751553 -0.363768097483
v -0.225246641097 -0.0742997403979 0.303145269524
v -0.225246641097 -0.0742997403979 -0.363768097483
v -0.225205074601 -0.0743283784403 -0.363768097483
v -0.179017600993 -0.0803205604968 -0.363768097483
v -0.127867353555 -0.0954765513235 -0.363768097483
v -0.128217884463 -0.0957627327006 -0.363768097483
v 0.0083614536792 0.14419004827 -0.363768097483
v 0.00211757890719 0.139092407448 -0.363768097483
v -0.000142404274033 0.137247305998 -0.363768097483
v -0.0145962717678 0.0808301954707 -0.363768097483
v -0.0223156613244 0.0895557966891 -0.363768097483
v -0.0116711860346 0.104506697506 -0.363768097483
v -0.00112727093227 0.11465202625 -0.363768097483
v 0.0117472928056 0.0988825425174 -0.363768097483
v 0.189272913936 0.291890262688 -0.363768097483
v 0.190094020403 0.299125348845 -0.363768097483
v 0.033287471933 0.306797463861 -0.363768097483
v 0.0352852771745 0.361537780084 -0.363768097483
v 0.023951574898 0.270044294815 -0.363768097483
v -0.14029083301 0.179723944782 -0.363768097483
v 0.308823377208 -0.208362820743 -0.363768097483
v 0.33008403178 -0.191005140716 -0.363768097483
v 0.340668392448 -0.168727308314 -0.363768097483
v 0.347432451423 -0.154490406338 -0.363768097483
v 0.348866101038 -0.151472874267 -0.363768097483
v 0.34922691704 -0.150713430198 -0.363768097483
v 0.353655999243 -0.141391152138 -0.363768097483
v 0.202040056198 -0.12994912044 -0.363768097483
v 0.202065596727 -0.134229930642 -0.363768097483
v 0.344975845783 -0.154184101082 -0.363768097483
v 0.340106412143 -0.158159617006 -0.363768097483
v 0.328858622187 -0.167342567583 -0.363768097483
v 0.279824823567 -0.229473768533 -0.363768097483
v 0.198282026845 -0.141756841333 -0.363768097483
v 0.201786911462 -0.134197197734 -0.363768097483
v 0.111261828474 -0.131692469382 -0.363768097483
v 0.111484219055 -0.135069483954 -0.363768097483
v 0.112426050729 -0.149371339056 -0.363768097483
v 0.218538746716 -0.154407163549 -0.363768097483
v 0.194057346402 -0.145205966102 -0.363768097483
v 0.160484373208 -0.169443074626 -0.363768097483
v -0.0480214626789 -0.31097185778 -0.363768097483
v -0.0455008741635 -0.290623923277 0.312592033365
v -0.0455008741635 -0.290623923277 -0.363768097483
v 0.0361709417179 -0.406853815224 -0.363768097483
v 0.400511791591 0.0983434418803 -0.363768097483
v 0.400204922696 0.0987193120508 -0.363768097483
v 0.388673622288 0.105428358275 -0.363768097483
v -0.057357029397 -0.312527947782 -0.363768097483
v -0.048681786709 -0.243531346968 -0.363768097483
v -0.0545674671593 -0.171995870092 -0.363768097483
v -0.0655202990353 -0.180938010137 -0.363768097483
v -0.0664100056369 -0.261277558795 -0.363768097483
v 0.275312032033 0.134993202498 -0.363768097483
v 0.225162322333 0.0950288209043 -0.363768097483
v 0.229133850555 0.0890004346448 -0.363768097483
v 0.260019556338 0.113361361813 -0.363768097483
v 0.268545817765 0.128279702339 -0.363768097483
v -0.0281324123035 -0.15041369246 -0.363768097483
v -0.0311061268816 -0.181474153305 -0.363768097483
v 0.400939449291 0.0978196229013 -0.363768097483
v 0.445236177328 0.0513656726407 -0.363768097483
v 0.414814899667 0.065299514818 -0.363768097483
v 0.346131430554 -0.153240655506 -0.363768097483
v 0.204006470654 -0.136607221317 -0.363768097483
v 0.212916813869 -0.147521106674 -0.363768097483
v 0.246782827095 -0.147366228335 -0.363768097483
v 0.151891115689 -0.17815680173 -0.363768097483
v -0.0160253873849 -0.126903664594 -0.363768097483
v 0.0620396484874 -0.136057077236 -0.363768097483
v 0.0661578656782 -0.132694871431 -0.363768097483
v 0.282815618608 0.131341633816 -0.363768097483
v 0.272033027101 0.130952445202 -0.363768097483
v 0.268439692366 0.128094013888 -0.363768097483
v 0.252314183232 0.0998793262374 -0.363768097483
v 0.230566544527 0.0996894731826 -0.363768097483
v 0.0932273468767 -0.0573818876058 -0.363768097483
v 0.0116157935594 -0.101764779973 -0.363768097483
v -0.00209599305123 -0.100176229255 -0.363768097483
v 0.00659601021001 -0.104494690053 -0.363768097483
v 0.0925569569322 -0.111142055297 -0.363768097483
v 0.0970761950903 -0.00563305606796 -0.363768097483
v 0.0986618781065 -0.00757528899684 -0.363768097483
v 0.0115491078579 -0.06106656308 -0.363768097483
v 0.0118998170626 -0.0519871978843 -0.363768097483
v -0.0129577884885 -0.101948024264 -0.363768097483
v -0.0125882748139 -0.0989606673783 -0.363768097483
v -0.0122791610128 -0.0964476313958 -0.363768097483
v -0.0150620484653 -0.0953205444667 -0.363768097483
v -0.0202871692398 -0.0994382200598 -0.363768097483
v -0.0207105964676 -0.108063008669 -0.363768097483
v -0.0526282311371 -0.0801060245811 -0.363768097483
v -0.0413990405645 0.00772018535933 -0.363768097483
v -0.0483448680651 -0.0305525926988 -0.363768097483
v -0.0494149223497 -0.0314262092719 -0.363768097483
v -0.106817585927 -0.0978518753259 -0.363768097483
v 0.00865987933765 0.276500465192 -0.363768097483
v -0.0207847585109 0.303044747555 -0.363768097483
v -0.0489056110891 0.255269951839 -0.363768097483
v -5.39646347311e-05 0.208471631783 -0.363768097483
v 0.00139394946441 0.210259648401 -0.363768097483
v 0.0192821758048 0.232349692964 -0.363768097483
v -0.00685575576709 0.0844723604723 -0.363768097483
v -0.00771625614412 0.0143996487388 -0.363768097483
v -0.00672080891944 0.00343023210751 -0.363768097483
v -0.265407700848 -0.0793212913219 -0.363768097483
v -0.265407700848 -0.0793212913219 0.28889625784
v -0.312923359357 -0.0779131268473 -0.363768097483
v -0.30833474222 -0.0835335210551 -0.363768097483
v -0.118528779503 -0.185216567483 -0.363768097483
v -0.119059840571 -0.176162196624 -0.363768097483
v -0.119526033378 -0.168213868119 -0.363768097483
v -0.0867807589478 -0.144057087088 -0.363768097483
v -0.0854221056601 -0.150768036647 -0.363768097483
v -0.0588342512574 -0.128644817308 -0.363768097483
v -0.0579827650873 -0.121985130973 -0.363768097483
v -0.0708239654297 -0.112689771285 -0.363768097483
v -0.0896156618834 -0.130054352606 0.338033448215
v -0.120376718663 -0.153710132382 0.32244318406
v -0.247598341824 -0.209158630741 -0.363768097483
v -0.29054701278 -0.228291910435 0.250029839285
v -0.269439472793 -0.268341961683 0.246895459758
v -0.297501653996 -0.233969837073 -0.363768097483
v -0.269439472793 -0.268341961683 -0.363768097483
v -0.264758089841 -0.274075980654 0.246974096951
v -0.264758089841 -0.274075980654 -0.363768097483
v -0.261549024689 -0.278006622629 0.247028002349
v -0.261549024689 -0.278006622629 -0.363768097483
v -0.260474983528 -0.279322168097 0.247046043977
v -0.260474983528 -0.279322168097 -0.363768097483
v -0.256296343234 -0.284440399805 0.247116236179
v -0.256296343234 -0.284440399805 -0.363768097483
v -0.255806658855 -0.285040192588 0.247124461837
v -0.255806658855 -0.285040192588 -0.363768097483
v -0.252702059671 -0.288842878777 0.247176612462
v -0.252702059671 -0.288842878777 -0.363768097483
v -0.25160843117 -0.290182415964 0.247194983065
v -0.25160843117 -0.290182415964 -0.363768097483
v -0.248526683934 -0.293957111839 0.247246749791
v -0.248526683934 -0.293957111839 -0.363768097483
v -0.0870033512599 -0.338769298365 -0.363768097483
v -0.0868104092082 -0.317437359362 -0.363768097483
v -0.0828891212551 -0.316783739489 -0.363768097483
v -0.0787813317837 -0.284655726798 -0.363768097483
v -0.158627886906 -0.214933503077 0.295239669121
v -0.15767883281 -0.216095957448 0.295255611207
v -0.161844816429 -0.210993228435 0.295185631577
v -0.161844816429 -0.210993228435 -0.363768097483
v -0.130256572906 -0.186100002968 0.311342912453
v -0.127001878964 -0.190086533635 0.311397584356
v -0.126101430948 -0.191189452614 0.311412709967
v -0.126101430948 -0.191189452614 -0.363768097483
v -0.268518394195 -0.26763363403 0.247362279748
v -0.201844136192 -0.225714695163 0.278854966772
v -0.198564030874 -0.229732351083 -0.363768097483
v -0.212780448508 -0.240628393496 -0.363768097483
v -0.0373041806826 -0.228471590309 -0.363768097483
v -0.0578531572522 -0.312610645876 -0.363768097483
v -0.0633160022472 -0.31352121313 -0.363768097483
v -0.0581018213148 -0.386171993776 -0.363768097483
v -0.0525667514748 -0.226513705141 -0.363768097483
v -0.0655626073121 -0.377033607014 -0.363768097483
v -0.0664258606909 -0.449289968023 -0.363768097483
v -0.0201095550462 -0.0980914274131 -0.363768097483
v -0.021817999682 -0.0994393665416 -0.363768097483
v -0.050042075682 -0.137878653199 -0.363768097483
v -0.0611296038419 -0.146597335056 0.348580503934
v -0.0611296038419 -0.146597335056 -0.363768097483
v -0.137050380891 -0.102973782899 -0.363768097483
v -0.127602473098 -0.095260296924 -0.363768097483
v -0.118894525635 -0.0881509313528 -0.363768097483
v -0.185306499774 -0.0887298444877 -0.363768097483
v -0.162743452219 -0.101405957486 -0.363768097483
v -0.138739297395 -0.104352652569 -0.363768097483
v -0.274856748258 -0.0870357076973 -0.363768097483
v -0.275503580814 -0.0875637964307 -0.363768097483
v -0.300122574693 -0.0935922418468 -0.363768097483
v -0.248046577762 -0.0813605007662 -0.363768097483
v -0.432794927204 -0.0682550904083 -0.363768097483
v -0.432331359278 -0.0688228942324 -0.363768097483
v -0.423964285021 -0.0790713534824 -0.363768097483
v -0.382703476693 -0.129609892727 -0.363768097483
v -0.360426100613 -0.156896465396 -0.363768097483
v -0.337642717318 -0.184802823923 -0.363768097483
v -0.0225013769788 -0.116222010101 -0.363768097483
v -0.021980781725 -0.100772877085 -0.363768097483
v -0.0228550452525 -0.107811122223 -0.363768097483
v -0.0311881578372 -0.10683233006 -0.363768097483
v -0.0311910329204 -0.106831991794 -0.363768097483
v -0.0372789868347 -0.106116911513 -0.363768097483
v -0.0376865419224 -0.106069041173 -0.363768097483
v -0.0410201664671 -0.106328670062 -0.363768097483
v -0.0414816491487 -0.114953787542 -0.363768097483
v -0.0416476149114 -0.116271391722 -0.363768097483
v -0.0389873286433 -0.116597962812 -0.363768097483
v -0.0342098073833 -0.117184437565 -0.363768097483
v -0.0397922941839 -0.123113593009 -0.363768097483
v -0.0399144789491 -0.124102582408 -0.363768097483
v -0.0241688492138 -0.118417043719 -0.363768097483
v -0.0325339078617 -0.117388584683 -0.363768097483
v -0.0325341059795 -0.11739014588 -0.363768097483
v -0.0325356493681 -0.117389953183 -0.363768097483
v -0.0215075105672 -0.108691569938 -0.363768097483
v -0.0215077024391 -0.108693032696 -0.363768097483
v -0.0215091448588 -0.108692857601 -0.363768097483
v -0.0377355140925 -0.106465427484 -0.363768097483
v -0.0377339634255 -0.106465620904 -0.363768097483
v -0.0377357052933 -0.106466956367 -0.363768097483
v -0.154485274327 -0.220007606023 -0.363768097483
v -0.127001878964 -0.190086533635 -0.363768097483
v -0.130256572906 -0.186100002968 -0.363768097483
v -0.130804627716 -0.185428714886 -0.363768097483
v -0.158627886906 -0.214933503077 -0.363768097483
v -0.15767883281 -0.216095957448 -0.363768097483
v -0.0735663576573 -0.315229785732 -0.363768097483
v -0.0722224330735 -0.354946690163 -0.363768097483
v -0.0653228889566 -0.450640949277 -0.363768097483
v -0.112342153353 -0.0874038825538 -0.363768097483
v -0.20967879585 -0.085026543407 -0.363768097483
v -0.233460621831 -0.0732299569639 -0.363768097483
v -0.246858748151 -0.0803907297273 -0.363768097483
v -0.254577974433 -0.0704796573669 -0.363768097483
v -0.336868016213 -0.0709093916386 -0.363768097483
v -0.336881096636 -0.0709261415781 -0.363768097483
v -0.343280782161 -0.079122088065 -0.363768097483
v -0.25978876243 -0.164347341733 -0.363768097483
v -0.308668070378 -0.0831252420991 -0.363768097483
v -0.134939490213 -0.180364104717 -0.363768097483
v -0.236257896365 -0.242824760254 -0.363768097483
v -0.0599551007266 -0.137411229408 -0.363768097483
v -0.0856221035563 -0.14978016059 -0.363768097483
v -0.119473242097 -0.169113940599 -0.363768097483
v -0.11899738307 -0.177227151826 -0.363768097483
v -0.118628971123 -0.183508354312 -0.363768097483
v -0.118163411952 -0.191445891537 -0.363768097483
v -0.0910704252952 -0.447194080873 -0.363768097483
v -0.0855597125417 -0.493568147522 -0.363768097483
v -0.0793800650136 -0.474752538689 -0.363768097483
v -0.0662883130691 -0.376144722152 -0.363768097483
v -0.0869608616419 -0.348629839784 -0.363768097483
v -0.0868760633858 -0.118596169813 -0.363768097483
v -0.222418600998 -0.241530064805 -0.363768097483
v -0.201844136192 -0.225714695163 -0.363768097483
v -0.206535864528 -0.2199680046 -0.363768097483
v -0.389816315315 -0.0647084615672 -0.363768097483
v -0.437747268825 -0.0621891861633 -0.363768097483
g roof
f 2 3 4
g roof
f 4 5 6
g roof
f 6 7 8
g roof
f 8 7 9 10
g roof
f 10 11 12
g roof
f 12 13 14 1572
g roof
f 12 14 1572 15
g roof
f 15 16 17
g roof
f 15 16 17 18
g roof
f 15 16 17 18 19
g roof
f 20 21 22
g roof
f 20 22 23
g roof
f 20 23 24
g roof
f 20 24 25
g roof
f 25 26 27
g roof
f 29 30 31
g roof
f 32 33 34
g roof
f 32 34 35
g roof
f 38 39 40
g roof
f 38 41 42
g roof
f 38 42 43
g roof
f 38 43 44
g roof
f 44 45 46
g roof
f 44 46 47
g roof
f 44 47 48
g roof
f 44 48 49
g roof
f 44 49 50 51
g roof
f 52 53 54
g roof
f 55 56 57
g roof
f 57 58 59
g roof
f 57 59 60
g roof
f 57 60 61
g roof
f 57 61 62
g roof
f 63 64 65
g roof
f 65 66 67
g roof
f 67 68 69
g roof
f 69 70 71
g roof
f 74 75 76
g roof
f 74 75 76 77
g roof
f 77 78 79
g roof
f 80 81 82
g roof
f 82 83 84
g roof
f 82 83 84 85
g roof
f 82 83 84 85 86
g roof
f 87 88 89
g roof
f 87 89 90
g roof
f 87 90 91
g roof
f 92 93 94
g roof
f 94 95 96
g roof
f 97 98 1610 1611 99
g roof
f 97 99 100
g roof
f 105 106 107
g roof
f 107 108 109
g roof
f 109 110 1615 1618 1620 111
g roof
f 114 113 112
g roof
f 112 115 116
g roof
f 116 117 118
g roof
f 119 115 112
g roof
f 112 1626 1628 120 1540 121
g roof
f 112 121 122
g roof
f 112 122 123
g roof
f 123 1542 1543 124 125
g roof
f 123 125 1544 1545 126
g roof
f 123 126 127
g roof
f 123 127 128
g roof
f 129 130 131
g roof
f 132 133 134
g roof
f 135 136 137
g roof
f 135 137 138
g roof
f 135 138 139
g roof
f 135 139 140
g roof
f 135 140 141
g roof
f 135 141 142
g roof
f 135 142 143
g roof
f 135 143 144
g roof
f 135 144 145
g roof
f 145 146 147
g roof
f 147 148 149
g roof
f 147 149 150
g roof
f 150 151 152
g roof
f 150 152 153
g roof
f 150 153 154 155
g roof
f 150 155 1640 156
g roof
f 156 157 158
g roof
f 159 160 161
g roof
f 159 161 1639 162
g roof
f 163 164 165
g roof
f 166 164 163
g roof
f 163 167 152
g roof
f 163 152 151
g roof
f 163 151 168
g roof
f 168 149 148 169 170
g roof
f 168 170 171
g roof
f 168 171 172
g roof
f 168 172 173
g roof
f 168 173 174
g roof
f 168 174 175
g roof
f 176 177 178
g roof
f 176 178 179
g roof
f 179 180 181
g roof
f 179 181 182
g roof
f 179 182 183
g roof
f 179 183 184
g roof
f 185 186 187
g roof
f 185 187 188
g roof
f 185 188 189 1556
g roof
f 190 191 192
g roof
f 192 193 194
g roof
f 197 198 199
g roof
f 197 199 200
g roof
f 201 202 203
g roof
f 201 203 204
g roof
f 201 204 205
g roof
f 201 205 206
g roof
f 207 208 209
g roof
f 210 1562 1563 211 212
g roof
f 213 1 2 3 4
g roof
f 213 1 2 3 4 5 6
g roof
f 6 7 8 10 12
g roof
f 6 12 15
g roof
f 6 15 16 17 18 19
g roof
f 19 20 25
g roof
f 19 25 27
g roof
f 19 27 28
g roof
f 19 28 29
g roof
f 19 29 30 31
g roof
f 19 31 32
g roof
f 19 32 35
g roof
f 19 35 36
g roof
f 19 36 37
g roof
f 19 37 214
g roof
f 19 214 1584 215
g roof
f 216 39 38
g roof
f 38 44 51
g roof
f 217 52 54
g roof
f 62 63 65
g roof
f 65 67 68 69
g roof
f 72 73 74
g roof
f 72 73 74 75 76 77
g roof
f 72 77 79
g roof
f 72 79 80
g roof
f 72 80 82
g roof
f 91 92 94
g roof
f 91 94 96
g roof
f 91 96 1609 97
g roof
f 91 97 100
g roof
f 91 100 218
g roof
f 105 107 109
g roof
f 105 109 111
g roof
f 114 112 116
g roof
f 114 116 118
g roof
f 114 118 219
g roof
f 220 119 112
g roof
f 112 123 128
g roof
f 112 128 129
g roof
f 112 129 131
g roof
f 131 136 135
g roof
f 131 135 221
g roof
f 222 135 145
g roof
f 222 145 147
g roof
f 147 150 156
g roof
f 147 156 157 158
g roof
f 158 160 159
g roof
f 158 159 223
g roof
f 224 159 162
g roof
f 163 168 175
g roof
f 176 179 184
g roof
f 176 184 225
g roof
f 226 185 189 1556
g roof
f 190 191 192 194
g roof
f 195 196 197 200
g roof
f 195 200 201
g roof
f 195 201 206 227
g roof
f 215 38 40
g roof
f 216 38 51
g roof
f 51 217 54
g roof
f 65 69 71
g roof
f 71 72 82
g roof
f 87 91 218
g roof
f 103 104 105 111
g roof
f 228 114 219
g roof
f 220 112 131
g roof
f 132 131 221
g roof
f 132 221 222
g roof
f 222 147 156 157 158
g roof
f 224 162 163
g roof
f 224 163 165
g roof
f 166 163 175
g roof
f 175 176 225
g roof
f 175 225 226
g roof
f 175 226 189 1556
g roof
f 189 190 194
g roof
f 194 195 227
g roof
f 194 227 229
g roof
f 19 215 40
g roof
f 19 40 216
g roof
f 19 216 51
g roof
f 19 51 54
g roof
f 62 65 71
g roof
f 101 102 103 111
g roof
f 101 111 1623 112
g roof
f 131 132 134
g roof
f 131 134 230
g roof
f 131 230 231
g roof
f 232 1643 132 222
g roof
f 232 222 158
g roof
f 166 175 189 1556
g roof
f 189 194 229
g roof
f 189 229 207 209
g roof
f 189 1556 209 210
g roof
f 6 19 54
g roof
f 218 101 112
g roof
f 220 131 231
g roof
f 220 231 232
g roof
f 166 189 1556 210
g roof
f 166 210 212
g roof
f 87 218 112
g roof
f 219 1634 1636 220 232
g roof
f 233 166 212 1565
g roof
f 234 1607 87 112
g roof
f 234 112 113 86
g roof
f 82 86 113 228
g roof
f 82 228 219
g roof
f 71 82 219
g roof
f 71 219 232
g roof
f 71 232 158
g roof
f 62 71 158
g roof
f 57 62 158
g roof
f 57 158 223
g roof
f 55 57 223
g roof
f 54 55 223
g roof
f 54 223 224
g roof
f 6 54 224
g roof
f 213 6 224
g roof
f 213 224 165
g roof
f 233 213 165
g roof
f 235 169 236
g roof
f 235 236 237
g roof
f 235 237 238
g roof
f 235 238 239
g roof
f 240 241 242
g roof
f 240 242 243
g roof
f 244 235 239
g roof
f 245 240 243
g roof
f 246 245 243
g roof
f 247 244 239
g roof
f 239 246 243
g roof
f 239 243 247
g roof
f 248 249 127
g roof
f 248 127 250
g roof
f 251 252 253
g roof
f 95 254 255
g roof
f 95 254 255 256
g roof
f 256 257 258
g roof
f 256 258 259
g roof
f 259 260 261
g roof
f 259 261 262
g roof
f 259 262 263
g roof
f 259 263 264
g roof
f 259 264 265 1660 266
g roof
f 266 267 251
g roof
f 266 251 253
g roof
f 266 253 268
g roof
f 266 268 269
g roof
f 266 269 270
g roof
f 266 270 271
g roof
f 266 271 95
g roof
f 266 95 254 255 256
g roof
f 266 256 259
g roof
f 272 273 274
g roof
f 272 274 275
g roof
f 272 275 276
g roof
f 272 276 277
g roof
f 278 182 279
g roof
f 279 181 280
g roof
f 279 280 281
g roof
f 279 281 282
g roof
f 279 282 283
g roof
f 279 283 284
g roof
f 284 285 286
g roof
f 284 286 287
g roof
f 284 287 288
g roof
f 284 288 186
g roof
f 284 186 289
g roof
f 284 289 278
g roof
f 284 278 279
g roof
f 199 290 291
g roof
f 292 293 294
g roof
f 294 295 296
g roof
f 294 296 297
g roof
f 294 297 298
g roof
f 294 298 299
g roof
f 294 299 300
g roof
f 300 301 302
g roof
f 300 302 303
g roof
f 303 304 305
g roof
f 303 305 306
g roof
f 303 306 307
g roof
f 303 307 308
g roof
f 303 308 309
g roof
f 303 309 310
g roof
f 303 310 311
g roof
f 303 311 312
g roof
f 313 314 315
g roof
f 313 315 316
g roof
f 319 320 321
g roof
f 319 321 322
g roof
f 319 322 323
g roof
f 324 325 326
g roof
f 324 326 327
g roof
f 324 327 328
g roof
f 329 292 294
g roof
f 294 300 303
g roof
f 294 303 312
g roof
f 316 317 318
g roof
f 330 324 328
g roof
f 331 329 294
g roof
f 331 294 312
g roof
f 313 316 318
g roof
f 323 330 328
g roof
f 312 313 318
g roof
f 312 318 319
g roof
f 319 323 328
g roof
f 319 328 331
g roof
f 319 331 312
g roof
f 332 1690 1693 333 334
g roof
f 332 334 335
g roof
f 332 335 336
g roof
f 332 336 337
g roof
f 332 337 338
g roof
f 334 339 340
g roof
f 334 340 1695 341
g roof
f 342 1696 343 344
g roof
f 342 344 345
g roof
f 342 345 346
g roof
f 347 348 349
g roof
f 347 349 1702 1704 1706 1708 1710 1712 1714 1716 1718 350
g roof
f 347 350 351
g roof
f 347 351 352
g roof
f 352 1722 353 354
g roof
f 352 354 355
g roof
f 352 355 356
g roof
f 358 359 360
g roof
f 358 360 361
g roof
f 358 361 362
g roof
f 366 367 368
g roof
f 369 370 371 372
g roof
f 369 372 373
g roof
f 369 373 374
g roof
f 374 375 376
g roof
f 378 379 380
g roof
f 380 381 382
g roof
f 380 382 383
g roof
f 384 1737 1739 1741 385 386
g roof
f 384 386 387
g roof
f 388 389 390
g roof
f 388 390 1742 391
g roof
f 388 391 392
g roof
f 388 392 393
g roof
f 388 393 394
g roof
f 388 394 395
g roof
f 388 395 396
g roof
f 397 1744 1746 398 399
g roof
f 399 400 1747 401
g roof
f 399 401 402
g roof
f 399 402 403 404
g roof
f 399 404 405
g roof
f 405 406 407
g roof
f 405 407 408
g roof
f 409 410 411
g roof
f 409 411 412
g roof
f 415 1752 416 417
g roof
f 418 419 1
g roof
f 1 420 421
g roof
f 422 423 424
g roof
f 422 424 425
g roof
f 426 427 428
g roof
f 426 428 429
g roof
f 426 429 430
g roof
f 426 430 431
g roof
f 426 431 432
g roof
f 426 432 433
g roof
f 433 434 435
g roof
f 435 436 437
g roof
f 435 437 332
g roof
f 435 332 338
g roof
f 335 334 341
g roof
f 335 341 342
g roof
f 357 358 362
g roof
f 363 364 365 366 367 368
g roof
f 438 369 374
g roof
f 438 374 376
g roof
f 438 376 377
g roof
f 378 380 383
g roof
f 378 383 384
g roof
f 387 388 396
g roof
f 397 399 405
g roof
f 412 413 414
g roof
f 414 415 417
g roof
f 417 418 1
g roof
f 417 1 421
g roof
f 425 426 433
g roof
f 439 335 342
g roof
f 439 342 346
g roof
f 440 347 352
g roof
f 356 357 362
g roof
f 368 438 377
g roof
f 384 387 396
g roof
f 384 396 397
g roof
f 384 397 405
g roof
f 384 405 408 441
g roof
f 409 412 414
g roof
f 409 414 417
g roof
f 409 417 421 424 423
g roof
f 422 425 433
g roof
f 422 433 435
g roof
f 422 435 338
g roof
f 442 439 346
g roof
f 442 346 440
g roof
f 352 356 362 363
g roof
f 352 363 364 365 366 367 368
g roof
f 378 384 441
g roof
f 409 422 338
g roof
f 338 442 440
g roof
f 440 352 363 364 365 366 367 368
g roof
f 440 368 377
g roof
f 440 377 378
g roof
f 440 378 441
g roof
f 409 338 440
g roof
f 409 440 441 1750
g roof
f 443 421 444
g roof
f 443 444 445
g roof
f 448 449 450
g roof
f 448 450 451
g roof
f 448 451 452
g roof
f 448 452 453
g roof
f 448 453 454
g roof
f 456 457 458
g roof
f 456 458 459
g roof
f 459 460 461
g roof
f 461 462 463
g roof
f 461 462 463 464
g roof
f 464 465 466
g roof
f 464 466 467
g roof
f 464 467 468
g roof
f 464 468 469
g roof
f 464 469 470
g roof
f 464 470 471
g roof
f 464 471 472
g roof
f 472 473 474
g roof
f 472 474 475
g roof
f 472 475 476
g roof
f 477 478 479
g roof
f 477 479 480
g roof
f 481 482 483
g roof
f 481 482 483 484
g roof
f 484 485 486
g roof
f 484 486 487
g roof
f 484 487 488
g roof
f 484 488 489
g roof
f 484 489 490
g roof
f 491 492 493
g roof
f 494 495 496
g roof
f 494 496 497
g roof
f 494 497 498
g roof
f 498 499 500
g roof
f 498 500 501
g roof
f 498 501 502
g roof
f 498 502 446
g roof
f 498 446 447
g roof
f 454 455 503
g roof
f 503 456 459
g roof
f 459 461 464
g roof
f 459 464 472
g roof
f 459 472 476
g roof
f 459 476 477
g roof
f 459 477 479 480
g roof
f 480 481 484
g roof
f 480 484 490
g roof
f 491 493 494 498
g roof
f 491 498 447
g roof
f 491 447 448
g roof
f 491 448 453 454
g roof
f 491 454 455 503 490
g roof
f 503 459 480
g roof
f 503 480 490
g roof
f 504 505 506
g roof
f 504 506 507
g roof
f 504 507 508
g roof
f 504 508 509
g roof
f 504 509 510
g roof
f 510 511 512
g roof
f 510 511 512 513
g roof
f 510 513 514
g roof
f 510 514 504
g roof
f 515 516 517
g roof
f 515 517 518
g roof
f 515 518 519
g roof
f 515 519 520
g roof
f 515 520 521
g roof
f 522 523 1783 1785 524
g roof
f 522 524 525
g roof
f 526 525 527
g roof
f 526 527 528
g roof
f 526 528 529
g roof
f 526 529 530
g roof
f 526 530 531
g roof
f 526 531 532
g roof
f 526 532 533
g roof
f 526 533 534
g roof
f 526 534 520
g roof
f 526 520 535
g roof
f 535 536 537
g roof
f 526 535 537
g roof
f 522 525 526
g roof
f 538 539 540
g roof
f 543 544 545
g roof
f 543 545 546
g roof
f 543 546 547
g roof
f 543 547 548
g roof
f 543 548 549
g roof
f 543 549 550
g roof
f 551 506 552
g roof
f 553 554 555
g roof
f 553 555 556
g roof
f 556 557 558
g roof
f 556 558 559
g roof
f 560 561 562
g roof
f 560 562 563
g roof
f 560 563 564
g roof
f 560 564 565
g roof
f 560 565 566
g roof
f 560 566 381
g roof
f 560 381 567
g roof
f 560 567 568
g roof
f 560 568 569
g roof
f 560 569 570
g roof
f 560 570 571
g roof
f 560 571 572
g roof
f 560 572 573
g roof
f 560 573 574
g roof
f 560 574 575 576
g roof
f 560 576 577
g roof
f 560 577 578
g roof
f 579 580 581
g roof
f 579 581 582
g roof
f 583 584 585
g roof
f 583 585 586
g roof
f 583 586 587
g roof
f 583 587 588
g roof
f 583 588 589
g roof
f 583 589 590
g roof
f 583 590 591
g roof
f 583 591 592
g roof
f 583 592 593
g roof
f 583 593 594
g roof
f 583 594 595
g roof
f 583 595 596
g roof
f 583 596 597
g roof
f 597 598 599
g roof
f 597 599 600
g roof
f 600 601 538
g roof
f 600 601 538 540
g roof
f 602 553 556
g roof
f 578 579 582
g roof
f 582 583 597
g roof
f 597 600 540
g roof
f 603 543 550
g roof
f 552 602 556
g roof
f 559 560 578
g roof
f 559 578 582
g roof
f 582 597 540
g roof
f 582 540 541
g roof
f 582 541 542 1803 604
g roof
f 582 604 605
g roof
f 605 603 550
g roof
f 605 550 551
g roof
f 605 551 552
g roof
f 605 552 556
g roof
f 556 559 582
g roof
f 556 582 605
g roof
f 606 607 608
g roof
f 606 608 609
g roof
f 606 609 610
g roof
f 606 610 611
g roof
f 606 611 612
g roof
f 613 614 615
g roof
f 613 615 577
g roof
f 613 577 616
g roof
f 617 618 619
g roof
f 617 619 620
g roof
f 617 620 291
g roof
f 290 620 621
g roof
f 290 621 622
g roof
f 290 622 623
g roof
f 290 623 624
g roof
f 290 624 625
g roof
f 290 625 626
g roof
f 628 629 630
g roof
f 628 629 630 631
g roof
f 628 631 632
g roof
f 628 632 633
g roof
f 628 633 1694 1692 1689 634
g roof
f 628 634 635
g roof
f 628 635 636
g roof
f 636 637 638
g roof
f 638 639 640
g roof
f 638 640 641
g roof
f 638 641 642
g roof
f 638 642 643
g roof
f 638 643 644
g roof
f 638 644 617
g roof
f 638 617 291
g roof
f 638 291 290
g roof
f 638 290 626
g roof
f 638 626 627
g roof
f 638 627 628
g roof
f 638 628 636
g roof
f 645 646 647
g roof
f 645 647 648
g roof
f 645 648 649
g roof
f 645 649 650
g roof
f 645 650 651 1573
g roof
f 645 651 652
g roof
f 645 652 653
g roof
f 645 653 654
g roof
f 645 654 655
g roof
f 645 655 656
g roof
f 645 656 657
g roof
f 645 657 658
g roof
f 661 662 663
g roof
f 661 663 645
g roof
f 658 659 660
g roof
f 664 661 645
g roof
f 645 658 660
g roof
f 645 660 664
g roof
f 665 666 667
g roof
f 665 667 668
g roof
f 669 670 671
g roof
f 669 671 672
g roof
f 672 673 674
g roof
f 672 674 675
g roof
f 675 676 677
g roof
f 675 677 678
g roof
f 678 679 680
g roof
f 680 681 682
g roof
f 680 681 682 683
g roof
f 686 687 688
g roof
f 686 688 689
g roof
f 686 689 690
g roof
f 686 690 691
g roof
f 686 691 692
g roof
f 686 692 693
g roof
f 686 693 694
g roof
f 686 694 695
g roof
f 686 695 696
g roof
f 686 696 665
g roof
f 668 669 672
g roof
f 672 675 678
g roof
f 672 678 679 680
g roof
f 672 680 683
g roof
f 672 683 697
g roof
f 672 697 698
g roof
f 672 698 699
g roof
f 700 684 685
g roof
f 701 686 665
g roof
f 665 668 672
g roof
f 665 672 699
g roof
f 665 699 702
g roof
f 665 702 700
g roof
f 665 700 685
g roof
f 665 685 703
g roof
f 665 703 704
g roof
f 665 704 705
g roof
f 665 705 701
g roof
f 706 707 708
g roof
f 708 709 710
g roof
f 708 710 711
g roof
f 708 711 712
g roof
f 708 712 713
g roof
f 708 713 714
g roof
f 708 714 715
g roof
f 716 717 718
g roof
f 719 720 721
g roof
f 721 722 723
g roof
f 721 723 724
g roof
f 724 725 726
g roof
f 724 726 727
g roof
f 724 727 728
g roof
f 724 728 729
g roof
f 730 731 732
g roof
f 730 732 733
g roof
f 730 733 734
g roof
f 730 734 735
g roof
f 730 735 736
g roof
f 740 706 708
g roof
f 715 716 718
g roof
f 719 721 724
g roof
f 719 724 729
g roof
f 719 729 741
g roof
f 719 741 730
g roof
f 719 730 736
g roof
f 719 736 737
g roof
f 719 737 742
g roof
f 719 742 738
g roof
f 719 738 739 743
g roof
f 719 743 744
g roof
f 745 740 708
g roof
f 708 715 718
g roof
f 708 718 719
g roof
f 708 719 744
g roof
f 708 744 746
g roof
f 708 746 745
g roof
f 747 748 749
g roof
f 747 749 750
g roof
f 747 750 751
g roof
f 747 751 752
g roof
f 753 754 755
g roof
f 753 755 756
g roof
f 753 756 757
g roof
f 753 757 758
g roof
f 759 760 761
g roof
f 759 761 762
g roof
f 759 762 763
g roof
f 764 765 766 767
g roof
f 764 767 768
g roof
f 764 768 769
g roof
f 764 769 770
g roof
f 764 770 771
g roof
f 764 771 772
g roof
f 772 773 774
g roof
f 772 774 759
g roof
f 772 759 763
g roof
f 772 763 764
g roof
f 775 776 777
g roof
f 775 777 778
g roof
f 775 778 779
g roof
f 779 780 781
g roof
f 779 781 782
g roof
f 782 783 784
g roof
f 782 784 785
g roof
f 785 775 779
g roof
f 785 779 782
g roof
f 786 787 788
g roof
f 786 788 789
g roof
f 786 789 790
g roof
f 786 790 791
g roof
f 786 791 792
g roof
f 786 792 793
g roof
f 793 794 795
g roof
f 793 795 796
g roof
f 793 796 797
g roof
f 793 797 798
g roof
f 793 798 799
g roof
f 800 801 802
g roof
f 800 802 803
g roof
f 800 803 786
g roof
f 786 793 799
g roof
f 786 799 804
g roof
f 786 804 805
g roof
f 786 805 806
g roof
f 786 806 807
g roof
f 786 807 800
g roof
f 808 1654 1653 809 810
g roof
f 808 810 811
g roof
f 808 811 812
g roof
f 812 797 813
g roof
f 812 813 814
g roof
f 812 814 815
g roof
f 812 815 816
g roof
f 812 815 816 817
g roof
f 812 817 818
g roof
f 812 818 819
g roof
f 812 819 820
g roof
f 812 820 821
g roof
f 812 821 822
g roof
f 812 822 823
g roof
f 823 824 825
g roof
f 823 825 826
g roof
f 827 828 829
g roof
f 827 829 830
g roof
f 829 833 834
g roof
f 835 836 837
g roof
f 835 837 808
g roof
f 808 812 823
g roof
f 830 829 834
g roof
f 830 834 835
g roof
f 830 835 808
g roof
f 823 826 827
g roof
f 823 827 831
g roof
f 823 831 832
g roof
f 832 830 808
g roof
f 832 808 823
g roof
f 839 840 841 842
g roof
f 842 843 838
g roof
f 842 838 839
g roof
f 844 845 846
g roof
f 844 846 847
g roof
f 844 847 848
g roof
f 844 848 849
g roof
f 850 851 852
g roof
f 850 851 852 853
g roof
f 854 855 856
g roof
f 856 850 853
g roof
f 856 853 854
g roof
f 857 858 859
g roof
f 857 859 860
g roof
f 861 862 863
g roof
f 861 863 864
g roof
f 864 865 866
g roof
f 864 866 861
g roof
f 867 868 869 870
g roof
f 867 870 871
g roof
f 872 873 874
g roof
f 872 874 875
g roof
f 875 876 877
g roof
f 878 879 880
g roof
f 878 880 867
g roof
f 871 872 875
g roof
f 877 878 867
g roof
f 867 871 875
g roof
f 867 875 877
g roof
f 881 882 850
g roof
f 883 884 885
g roof
f 883 885 886
g roof
f 883 886 887
g roof
f 883 887 882
g roof
f 883 882 888
g roof
f 883 888 889
g roof
f 883 889 890
g roof
f 892 893 894
g roof
f 892 894 895
g roof
f 892 895 896
g roof
f 892 896 897
g roof
f 892 897 898
g roof
f 892 898 899
g roof
f 892 899 900
g roof
f 892 900 901
g roof
f 892 901 902
g roof
f 892 902 903
g roof
f 892 903 904
g roof
f 892 904 1557 905
g roof
f 1557 905 906 907
g roof
f 1557 905 907 908
g roof
f 1557 905 908 909
g roof
f 1557 905 909 910
g roof
f 1557 905 910 891
g roof
f 1557 905 891 892
g roof
f 330 911 324
g roof
f 912 913 914
g roof
f 912 914 915
g roof
f 912 915 916
g roof
f 912 916 917
g roof
f 918 919 920
g roof
f 918 920 912
g roof
f 918 912 917
g roof
f 921 922 923
g roof
f 924 925 926
g roof
f 924 926 927
g roof
f 927 928 929
g roof
f 927 929 930
g roof
f 931 932 933
g roof
f 931 933 934
g roof
f 931 934 935
g roof
f 931 935 924
g roof
f 924 927 930
g roof
f 924 930 931
g roof
f 936 937 938
g roof
f 936 938 939
g roof
f 936 939 940
g roof
f 936 940 941
g roof
f 936 941 942
g roof
f 936 942 943
g roof
f 936 943 944
g roof
f 936 944 945
g roof
f 936 945 946
g roof
f 936 946 947
g roof
f 936 947 948
g roof
f 948 949 950
g roof
f 948 950 951
g roof
f 948 951 936
g roof
f 952 953 954
g roof
f 952 954 955
g roof
f 956 957 958
g roof
f 958 959 956
g roof
f 960 961 962
g roof
f 960 962 963
g roof
f 960 963 964
g roof
f 960 964 965
g roof
f 965 966 960
g roof
f 967 968 969
g roof
f 969 970 971
g roof
f 973 974 975
g roof
f 973 975 976
g roof
f 973 976 977
g roof
f 973 977 978
g roof
f 973 978 979
g roof
f 973 979 980
g roof
f 973 980 981
g roof
f 973 981 982
g roof
f 973 982 296
g roof
f 973 296 967
g roof
f 973 967 969
g roof
f 969 970 971 972
g roof
f 969 972 973
g roof
f 983 984 985
g roof
f 983 985 986
g roof
f 987 988 989
g roof
f 987 989 990
g roof
f 987 990 991 1000
g roof
f 991 992 993
g roof
f 993 994 995
g roof
f 993 995 996
g roof
f 996 997 998
g roof
f 996 998 999
g roof
f 996 999 1000
g roof
f 1000 987 991
g roof
f 993 996 1000
g roof
f 1000 991 993
g roof
f 1001 1002 1003
g roof
f 1004 1005 1006
g roof
f 1004 1006 1007
g roof
f 1008 1816 1009 1010
g roof
f 1008 1010 1011
g roof
f 1008 1011 1012
g roof
f 1008 1012 1006
g roof
f 1013 210 209
g roof
f 1013 209 1014
g roof
f 1014 207 229
g roof
f 1014 229 1015
g roof
f 1014 1015 1016
g roof
f 1014 1016 1017
g roof
f 1017 1018 1019
g roof
f 1017 1019 1020
g roof
f 1017 1020 1021
g roof
f 1017 1021 1013
g roof
f 1017 1013 1014
g roof
f 1022 1023 1024
g roof
f 1025 1026 1027
g roof
f 1025 1027 1028
g roof
f 1025 1028 1029
g roof
f 1029 1030 1031
g roof
f 1029 1031 1032
g roof
f 1033 1034 1025
g roof
f 1025 1029 1032
g roof
f 1025 1032 1033
g roof
f 1035 1036 1030
g roof
f 1035 1030 1037
g roof
f 1038 1039 58
g roof
f 1040 1041 1042
g roof
f 1040 1042 1043
g roof
f 1040 1043 1044
g roof
f 1040 1044 1045
g roof
f 1040 1045 1046
g roof
f 1046 1047 1048
g roof
f 1046 1048 1049
g roof
f 1046 1049 1050
g roof
f 1046 1050 1051 1038
g roof
f 1046 1038 1051
g roof
f 1046 1038 58
g roof
f 1046 58 57
g roof
f 1046 57 1040
g roof
f 1052 1053 1050
g roof
f 1052 1050 1054
g roof
f 1054 1056 1055
g roof
f 1057 1058 1059
g roof
f 1057 1059 1060
g roof
f 1057 1060 1061
g roof
f 1062 1063 1064
g roof
f 1064 1065 1066
g roof
f 1064 1066 1067
g roof
f 1062 1064 1067
g roof
f 1062 1067 1068
g roof
f 1068 1057 1061
g roof
f 1061 1062 1068
g roof
f 1069 1070 1071
g roof
f 1071 1072 1069
g roof
f 1073 1074 1069
g roof
f 1073 1069 1075
g roof
f 1076 1004 1077
g roof
f 1078 1079 1080
g roof
f 1078 1080 1081
g roof
f 1078 1081 1082
g roof
f 1078 1082 1083
g roof
f 1078 1083 1084
g roof
f 1078 1084 1085
g roof
f 1078 1085 1086
g roof
f 1086 1087 1076
g roof
f 1086 1076 1077
g roof
f 1086 1077 1078
g roof
f 1088 1089 1090
g roof
f 1088 1090 1091
g roof
f 1088 1091 1092
g roof
f 1092 1093 1094
g roof
f 1092 1094 1095
g roof
f 1092 1095 1096
g roof
f 1092 1096 1097
g roof
f 1092 1097 1098
g roof
f 1092 1098 1099
g roof
f 1092 1099 1100
g roof
f 1092 1100 1101
g roof
f 1102 1103 1104
g roof
f 1102 1104 1105
g roof
f 1102 1105 1106
g roof
f 1106 1107 1108
g roof
f 1106 1108 1109
g roof
f 1106 1109 1110
g roof
f 1110 1111 1112
g roof
f 1110 1112 1113
g roof
f 1110 1113 1114
g roof
f 1110 1114 1115
g roof
f 1110 1115 1116
g roof
f 1116 1117 1118
g roof
f 1118 1119 1120
g roof
f 1118 1120 1088
g roof
f 1118 1088 1092
g roof
f 1101 1102 1106
g roof
f 1101 1106 1110
g roof
f 1101 1110 1116
g roof
f 1116 1118 1092
g roof
f 1116 1092 1101
g roof
f 1121 1122 1123
g roof
f 1121 1123 1124
g roof
f 1125 1022 1126
g roof
f 1125 1126 1127
g roof
f 1125 1127 1128
g roof
f 1128 1129 1125
g roof
f 1130 1131 1132
g roof
f 1133 1134 1135
g roof
f 1133 1135 1136
g roof
f 1136 1137 1138
g roof
f 1138 1131 1133
g roof
f 1138 1133 1136
g roof
f 1139 1140 1141
g roof
f 1139 1141 1142
g roof
f 1143 1144 1145
g roof
f 1143 1145 1146
g roof
f 1143 1146 1147
g roof
f 1147 1148 1149
g roof
f 1147 1149 1143
g roof
f 1150 1151 1152
g roof
f 1150 1152 1153
g roof
f 1153 1154 1155
g roof
f 1153 1155 1156
g roof
f 1153 1156 1157
g roof
f 1153 1157 1158
g roof
f 1153 1158 1159
g roof
f 1153 1159 1160 1150
g roof
f 1161 1162 1163
g roof
f 1161 1163 1164
g roof
f 1166 1167 1168
g roof
f 1169 1170 1171
g roof
f 1169 1171 1172
g roof
f 1173 1174 1175
g roof
f 1173 1175 1176
g roof
f 1176 1177 1178
g roof
f 1179 1180 1181
g roof
f 1182 1183 1184
g roof
f 1184 868 1185
g roof
f 1184 1185 1186
g roof
f 1187 1188 1189
g roof
f 1187 1189 1190
g roof
f 1191 1189 1188 1981 1982 1983 1185 868
g roof
f 1191 868 1192
g roof
f 1191 1192 880
g roof
f 1191 880 1193
g roof
f 1193 1194 1195
g roof
f 1193 1195 1196 1197
g roof
f 1198 1199 1200
g roof
f 1206 1207 1208
g roof
f 1206 1208 1209
g roof
f 1206 1209 1210
g roof
f 1210 1211 1212
g roof
f 1212 1211 1213
g roof
f 1212 1769 1214 1215
g roof
f 1215 1216 1217
g roof
f 1217 1218 1219
g roof
f 1217 1219 1220
g roof
f 1221 1222 1223
g roof
f 1221 1223 1224
g roof
f 1224 1225 1953 1226
g roof
f 1165 1173 1176
g roof
f 1165 1176 1177 1178
g roof
f 1165 1178 1179
g roof
f 1165 1179 1181
g roof
f 1165 1181 1182
g roof
f 1165 1182 1184
g roof
f 1165 1184 1186
g roof
f 1165 1186 1978 1977 1979 1187
g roof
f 1165 1187 1190
g roof
f 1165 1190 1191
g roof
f 1191 1193 1197
g roof
f 1191 1197 1198
g roof
f 1191 1198 1199 1200
g roof
f 1191 1200 1201
g roof
f 1191 1201 1202
g roof
f 1191 1202 1203
g roof
f 1204 1205 1206
g roof
f 1204 1205 1206 1210
g roof
f 1204 1210 1212
g roof
f 1212 1769 1214 1215 1216 1217
g roof
f 1212 1217 1220
g roof
f 1212 1220 1950 1951 1221
g roof
f 1221 1224 1226
g roof
f 1227 1173 1165
g roof
f 1227 1165 1166
g roof
f 1227 1166 1168
g roof
f 1227 1168 1985 1228
g roof
f 1172 1986 1165 1191
g roof
f 1172 1191 1203
g roof
f 1172 1203 1229
g roof
f 1229 1204 1212
g roof
f 1226 1954 1957 1959 1961 1963 1965 1967 1969 1971 1227 1228
g roof
f 1226 1228 1169
g roof
f 1226 1169 1172
g roof
f 1172 1229 1212
g roof
f 1221 1226 1172
g roof
f 1221 1172 1212
g roof
f 1230 1231 1232
g roof
f 1230 1232 1233
g roof
f 1230 1233 1234
g roof
f 1230 1234 1235
g roof
f 1230 1235 1236
g roof
f 1230 1236 1237
g roof
f 1230 1237 1238
g roof
f 1230 1238 1239 1240
g roof
f 1242 1243 255
g roof
f 1242 255 1244
g roof
f 1242 1244 1245
g roof
f 1242 1245 1246
g roof
f 1247 1875 1230 1240
g roof
f 1247 1240 1241
g roof
f 1241 1242 1246
g roof
f 1241 1246 1247 1240
g roof
f 1248 1249 1242
g roof
f 1242 1250 1251
g roof
f 1251 1252 1253
g roof
f 1251 1253 1248
g roof
f 1251 1248 1242
g roof
f 1254 1183 1180
g roof
f 1255 1256 1257
g roof
f 1255 1257 1258
g roof
f 1255 1258 1245
g roof
f 1255 1245 1259
g roof
f 1255 1259 1260
g roof
f 1255 1260 1261
g roof
f 1261 1262 1263
g roof
f 1261 1262 1263 1264
g roof
f 1261 1264 1265
g roof
f 1261 1265 1255
g roof
f 1266 1267 1268
g roof
f 1268 1269 1270
g roof
f 1270 1271 1272
g roof
f 1270 1272 1273
g roof
f 1270 1273 1274 1275
g roof
f 1270 1275 1276
g roof
f 1270 1276 1277
g roof
f 1270 1277 1266
g roof
f 1270 1266 1268
g roof
f 1278 1267 1279
g roof
f 877 1248 1280
g roof
f 877 1280 1281
g roof
f 1281 1282 1283
g roof
f 1281 1283 1284
g roof
f 1284 1194 877
g roof
f 1284 877 1281
g roof
f 1285 1286 1287
g roof
f 1285 1286 1287 1288
g roof
f 1285 1288 1289
g roof
f 1285 1289 1290
g roof
f 1285 1290 530
g roof
f 1285 530 1291
g roof
f 1285 1291 1292
g roof
f 1285 1292 1293
g roof
f 1285 1293 1294
g roof
f 1285 1294 1295
g roof
f 1295 1222 1296
g roof
f 1295 1296 1297
g roof
f 1295 1297 1298
g roof
f 1295 1298 1299
g roof
f 1295 1299 1300
g roof
f 1295 1300 1301
g roof
f 1295 1301 1285
g roof
f 1302 1303 1145
g roof
f 1302 1145 1304
g roof
f 1304 1305 1306
g roof
f 1304 1306 1307
g roof
f 1307 1308 1309
g roof
f 1307 1309 1310
g roof
f 1307 1310 1311
g roof
f 1307 1311 1312
g roof
f 1307 1312 1302
g roof
f 1307 1302 1304
g roof
f 1313 1314 1315
g roof
f 1313 1315 1316
g roof
f 1313 1316 1317
g roof
f 1313 1317 1318
g roof
f 1319 1320 1314
g roof
f 1319 1314 1321
g roof
f 1319 1321 1322
g roof
f 1319 1322 1323
g roof
f 1323 1810 1324 1325
g roof
f 1323 1325 1326
g roof
f 1323 1326 1319
g roof
f 1327 1328 1329
g roof
f 1327 1329 1315
g roof
f 71 1330 1331
g roof
f 1330 71 70
g roof
f 1330 70 1332
g roof
f 1332 1333 1334
g roof
f 1334 1335 1336
g roof
f 1334 1335 1336 1337
g roof
f 1334 1337 1338
g roof
f 1339 1337 1336
g roof
f 1339 1336 1054
g roof
f 1339 1054 1340
g roof
f 1339 1340 1341
g roof
f 1339 1341 1342
g roof
f 1343 1344 1345
g roof
f 1343 1345 1346
g roof
f 1343 1346 47
g roof
f 1343 47 1347
g roof
f 1349 1350 1351
g roof
f 1352 1353 1354
g roof
f 1352 1354 1355
g roof
f 1355 1356 1357
g roof
f 1357 1358 1359
g roof
f 1360 1361 1362
g roof
f 1360 1362 1363
g roof
f 1360 1363 1364
g roof
f 1360 1364 1365
g roof
f 1365 1366 1367 1368
g roof
f 1365 1368 1369
g roof
f 1365 1369 1370
g roof
f 1372 1373 1374
g roof
f 1372 1374 1375
g roof
f 1372 1375 1376
g roof
f 1372 1376 1377
g roof
f 1372 1377 71
g roof
f 1372 71 1378
g roof
f 1372 1378 1379
g roof
f 1380 1378 71
g roof
f 1330 1332 1334
g roof
f 1330 1334 1338
g roof
f 1330 1338 1339
g roof
f 1339 1342 1343 1347
g roof
f 1339 1347 1348
g roof
f 1339 1348 1349
g roof
f 1339 1349 1351
g roof
f 1339 1351 1381
g roof
f 1339 1381 1352
g roof
f 1339 1352 1354 1355
g roof
f 1339 1355 1357
g roof
f 1359 1360 1365
g roof
f 1359 1365 1370
g roof
f 1370 1371 1372
g roof
f 1370 1372 1379
g roof
f 1330 1339 1357
g roof
f 1357 1358 1359 1370
g roof
f 1357 1370 1379
g roof
f 1382 1330 1357
g roof
f 1331 1382 1357
g roof
f 1331 1357 1379
g roof
f 1331 1379 1380
g roof
f 1380 71 1331
g roof
f 1383 1384 1385
g roof
f 1383 1385 1386
g roof
f 1383 1386 1387
g roof
f 1383 1387 1388
g roof
f 1388 1389 1390
g roof
f 1388 1390 1391
g roof
f 1388 1391 1392
g roof
f 1388 1392 1383
g roof
f 1393 1394 1395
g roof
f 1393 1395 1396
g roof
f 1397 862 1398
g roof
f 1397 1398 1399
g roof
f 1399 1400 1401
g roof
f 1399 1401 1402
g roof
f 1399 1402 1397
g roof
f 103 1403 1404
g roof
f 103 1404 1405
g roof
f 1406 1407 669
g roof
f 1406 669 1408
g roof
f 1406 1408 1409
g roof
f 536 1413 1414
g roof
f 536 1414 548
g roof
f 536 548 1415
g roof
f 536 1415 1416
g roof
f 536 1416 1417
g roof
f 603 1418 1419
g roof
f 1419 1420 1421
g roof
f 1419 1421 1422
g roof
f 1419 1422 1423
g roof
f 1423 1424 1425
g roof
f 1423 1425 1426
g roof
f 1426 1427 1428
g roof
f 1429 1430 1431
g roof
f 1429 1431 1432
g roof
f 1429 1432 1433
g roof
f 1434 1435 1436
g roof
f 1434 1436 1437
g roof
f 1434 1437 1438
g roof
f 1434 1438 1439
g roof
f 1434 1439 1440
g roof
f 1434 1440 1441
g roof
f 1434 1441 1442
g roof
f 1442 1443 1444
g roof
f 1442 1444 1445
g roof
f 1442 1445 1446
g roof
f 1447 1448 1449
g roof
f 1410 1411 536
g roof
f 1410 536 1417
g roof
f 1410 1417 1450
g roof
f 1451 603 1419
g roof
f 1451 1419 1423
g roof
f 1423 1425 1426 1428
g roof
f 1428 1429 1433
g roof
f 1428 1433 1452
g roof
f 1453 1939 1782 1410 1450
g roof
f 1453 1450 1451
g roof
f 1453 1451 1423
g roof
f 1453 1423 1428 1457
g roof
f 1452 1434 1442
g roof
f 1452 1442 1446
g roof
f 1452 1446 1454
g roof
f 1452 1454 1447
g roof
f 1452 1447 1449
g roof
f 1452 1449 1455
g roof
f 1452 1455 1456
g roof
f 1452 1456 1457
g roof
f 1457 1428 1452
g roof
f 1458 1459 1460
g roof
f 1461 1462 1463
g roof
f 1461 1463 1464
g roof
f 1461 1464 1465
g roof
f 1461 1465 1466
g roof
f 1461 1466 1467
g roof
f 1468 1469 1470
g roof
f 1468 1470 1471
g roof
f 878 1999 1472 1473
g roof
f 878 1999 1472 1473 1474
g roof
f 1474 1475 1476
g roof
f 1476 1477 1478
g roof
f 1476 1477 1478 1479
g roof
f 1476 1479 1480
g roof
f 1476 1480 1481
g roof
f 1476 1481 1482
g roof
f 1476 1482 1483
g roof
f 1476 1483 1484
g roof
f 1476 1484 1485
g roof
f 1476 1485 1486 1474 1475
g roof
f 1486 1487 878
g roof
f 1486 878 1474
g roof
f 1486 1474 1475 1476
g roof
f 1488 1489 1490
g roof
f 1488 1490 1491
g roof
f 1488 1491 277
g roof
f 277 276 1492
g roof
f 277 1492 1493
g roof
f 1493 1494 1495
g roof
f 1496 1497 1498
g roof
f 1496 1498 1499
g roof
f 1496 1499 1500
g roof
f 1496 1500 268
g roof
f 1496 268 1501
g roof
f 1496 1501 1502
g roof
f 1502 1503 1504
g roof
f 1504 1488 277
g roof
f 1504 277 1493
g roof
f 1504 1493 1495
g roof
f 1504 1495 1496
g roof
f 1504 1496 1502
g roof
f 1505 1506 1507
g roof
f 1505 1507 1508
g roof
f 1505 1508 1509
g roof
f 1505 1509 1510
g roof
f 1510 1511 1512
g roof
f 1510 1512 1513
g roof
f 1510 1513 1505
g roof
f 1514 1515 1516
g roof
f 1514 1516 1517
g roof
f 1517 1518 1519
g roof
f 1517 1519 1514
g roof
f 1520 1521 610
g roof
f 1520 610 609
g roof
f 1520 609 608
g roof
f 1520 608 1522
g roof
f 1522 1523 1524
g roof
f 1522 1524 1525
g roof
f 1522 1525 1526
g roof
f 1527 1528 1520
g roof
f 1520 1522 1526
g roof
f 1520 1526 1527
g roof
f 1529 1530 1531
g roof
f 1531 1532 1533
g roof
f 1534 1535 1536
g roof
f 1534 1536 1529
g roof
f 1529 1531 1533
g roof
f 1529 1533 1534
g roof
f 1537 1538 1539
g roof
f 1537 1539 1161
g roof_step_or_fixture_side
f 121 1540 786 803
g roof_step_or_fixture_side
f 122 121 803 802
g roof_step_or_fixture_side
f 123 122 802 801
g roof_step_or_fixture_side
f 1542 123 801 800
g roof_step_or_fixture_side
f 1543 1542 800 807
g roof_step_or_fixture_side
f 124 1543 807 806
g roof_step_or_fixture_side
f 937 936 125 124
g roof_step_or_fixture_side
f 936 951 1544 125
g roof_step_or_fixture_side
f 951 950 1545 1544
g roof_step_or_fixture_side
f 950 949 126 1545
g roof_step_or_fixture_side
f 949 948 127 126
g roof_step_or_fixture_side
f 128 127 833 829
g roof_step_or_fixture_side
f 129 128 829 828
g roof_step_or_fixture_side
f 130 129 828 827
g roof_step_or_fixture_side
f 131 130 827 826
g roof_step_or_fixture_side
f 136 131 826 825
g roof_step_or_fixture_side
f 137 136 825 824
g roof_step_or_fixture_side
f 138 137 824 823
g roof_step_or_fixture_side
f 139 138 823 822
g roof_step_or_fixture_side
f 140 139 822 821
g roof_step_or_fixture_side
f 141 140 821 820
g roof_step_or_fixture_side
f 142 141 820 819
g roof_step_or_fixture_side
f 143 142 819 818
g roof_step_or_fixture_side
f 144 143 818 817
g roof_step_or_fixture_side
f 145 144 817 816
g roof_step_or_fixture_side
f 146 145 816 815
g roof_step_or_fixture_side
f 147 146 815 814
g roof_step_or_fixture_side
f 148 147 814 813
g roof_step_or_fixture_side
f 169 148 813 797
g roof_step_or_fixture_side
f 170 169 797 796
g roof_step_or_fixture_side
f 171 170 796 795
g roof_step_or_fixture_side
f 953 952 172 171
g roof_step_or_fixture_side
f 952 955 173 172
g facade_completed
f 174 173 1554 1555
g roof_step_or_fixture_side
f 934 933 175 174
g roof_step_or_fixture_side
f 933 932 176 175
g roof_step_or_fixture_side
f 932 931 177 176
g roof_step_or_fixture_side
f 931 930 178 177
g roof_step_or_fixture_side
f 930 929 179 178
g roof_step_or_fixture_side
f 929 928 180 179
g roof_step_or_fixture_side
f 181 180 851 850
g roof_step_or_fixture_side
f 182 181 850 882
g roof_step_or_fixture_side
f 183 182 882 887
g roof_step_or_fixture_side
f 184 183 887 886
g roof_step_or_fixture_side
f 225 184 886 885
g roof_step_or_fixture_side
f 226 225 885 884
g roof_step_or_fixture_side
f 185 226 884 883
g roof_step_or_fixture_side
f 186 185 883 890
g roof_step_or_fixture_side
f 299 298 981 187 186
g roof_step_or_fixture_side
f 981 980 188 187
g roof_step_or_fixture_side
f 1556 189 188 906 1557 905
g roof_step_or_fixture_side
f 190 189 1556 905 1557 904
g roof_step_or_fixture_side
f 191 190 904 903
g roof_step_or_fixture_side
f 192 191 903 902
g roof_step_or_fixture_side
f 193 192 902 901
g roof_step_or_fixture_side
f 194 193 901 900
g roof_step_or_fixture_side
f 195 194 900 899
g roof_step_or_fixture_side
f 196 195 899 898 325
g roof_step_or_fixture_side
f 197 196 325 324
g roof_step_or_fixture_side
f 198 197 324 911
g roof_step_or_fixture_side
f 621 620 199 198
g roof_step_or_fixture_side
f 620 619 200 199
g roof_step_or_fixture_side
f 619 618 201 200
g roof_step_or_fixture_side
f 618 617 202 201
g roof_step_or_fixture_side
f 617 644 203 202
g roof_step_or_fixture_side
f 204 203 428 427
g roof_step_or_fixture_side
f 205 204 427 1018 1017
g roof_step_or_fixture_side
f 206 205 1017 1016
g roof_step_or_fixture_side
f 227 206 1016 1015
g roof_step_or_fixture_side
f 229 227 1015
g roof_step_or_fixture_side
f 208 207 1014
g roof_step_or_fixture_side
f 209 208 1014
g roof_step_or_fixture_side
f 1562 210 1013
g roof_step_or_fixture_side
f 1563 1562 1013 1021
g roof_step_or_fixture_side
f 211 1563 1021 1020 425
g roof_step_or_fixture_side
f 212 211 425 424
g roof_step_or_fixture_side
f 1565 212 424
g roof_step_or_fixture_side
f 1565 421 233
g roof_step_or_fixture_side
f 421 420 213 233
g roof_step_or_fixture_side
f 420 1 213
g roof_step_or_fixture_side
f 2 1 419
g roof_step_or_fixture_side
f 3 2 419 418
g roof_step_or_fixture_side
f 4 3 418 417
g roof_step_or_fixture_side
f 5 4 417 416
g roof_step_or_fixture_side
f 6 5 416 1026 1025
g roof_step_or_fixture_side
f 7 6 1025 1034 1033
g roof_step_or_fixture_side
f 9 8 7 1033 1032
g roof_step_or_fixture_side
f 10 9 1032 1031
g roof_step_or_fixture_side
f 11 10 1031 1030 413
g roof_step_or_fixture_side
f 12 11 413 1030 1036
g roof_step_or_fixture_side
f 13 12 1036 1035 411 652
g roof_step_or_fixture_side
f 1572 14 13 652 651 1573
g roof_step_or_fixture_side
f 15 1572 14 651 1573 650
g roof_step_or_fixture_side
f 16 15 650 649
g roof_step_or_fixture_side
f 17 16 649 648
g roof_step_or_fixture_side
f 18 17 648 647
g roof_step_or_fixture_side
f 19 18 647 646
g roof_step_or_fixture_side
f 20 19 646 645
g roof_step_or_fixture_side
f 21 20 645 663
g roof_step_or_fixture_side
f 22 21 663 1061 1060 495
g roof_step_or_fixture_side
f 23 22 495 494
g roof_step_or_fixture_side
f 24 23 494 493
g roof_step_or_fixture_side
f 25 24 493 492
g roof_step_or_fixture_side
f 26 25 492 491
g roof_step_or_fixture_side
f 27 26 491 490
g roof_step_or_fixture_side
f 28 27 490 489
g roof_step_or_fixture_side
f 29 28 489 488
g roof_step_or_fixture_side
f 30 29 488 487
g roof_step_or_fixture_side
f 31 30 487 486
g roof_step_or_fixture_side
f 32 31 486 485
g facade_completed
f 33 32 485 1580 1581 1361 483
g roof_step_or_fixture_side
f 34 33 483 1361 1360
g roof_step_or_fixture_side
f 35 34 1360 1359
g roof_step_or_fixture_side
f 36 35 1359 1358
g roof_step_or_fixture_side
f 37 36 1358 1357
g roof_step_or_fixture_side
f 214 37 1357 1356
g roof_step_or_fixture_side
f 1584 214 1356 1355
g roof_step_or_fixture_side
f 215 1584 1355 1354
g roof_step_or_fixture_side
f 38 215 1354 1353
g roof_step_or_fixture_side
f 41 38 1353 1352
g roof_step_or_fixture_side
f 42 41 1352 1381
g roof_step_or_fixture_side
f 43 42 1381 1351
g roof_step_or_fixture_side
f 44 43 1351 1350
g roof_step_or_fixture_side
f 45 44 1350 1349
g roof_step_or_fixture_side
f 46 45 1349 1348
g roof_step_or_fixture_side
f 1279 1267 47 46
g roof_step_or_fixture_side
f 1267 1266 48 47
g roof_step_or_fixture_side
f 1266 1277 49 48
g roof_step_or_fixture_side
f 1277 1276 50 49
g roof_step_or_fixture_side
f 1276 1275 51 50
g roof_step_or_fixture_side
f 1275 1274 217 51
g facade_completed
f 52 217 1588 1589
g roof_step_or_fixture_side
f 1272 1271 53 52
g roof_step_or_fixture_side
f 54 53 1043 1042
g roof_step_or_fixture_side
f 55 54 1042 1041
g roof_step_or_fixture_side
f 56 55 1041 1040
g roof_step_or_fixture_side
f 57 56 1040
g roof_step_or_fixture_side
f 58 1039 59
g facade_completed
f 60 59 1591 1592
g roof_step_or_fixture_side
f 1051 1050 61 60
g roof_step_or_fixture_side
f 1050 1053 62 61
g roof_step_or_fixture_side
f 1053 1052 63 62
g facade_completed
f 64 63 1594 1595
g roof_step_or_fixture_side
f 1054 1055 65 64
g roof_step_or_fixture_side
f 1055 1056 1336 66 65
g roof_step_or_fixture_side
f 1336 1335 67 66
g facade_completed
f 68 67 1596 1597
g roof_step_or_fixture_side
f 1333 1332 69 68
g roof_step_or_fixture_side
f 1332 70 69
g roof_step_or_fixture_side
f 72 71 1377
g roof_step_or_fixture_side
f 73 72 1377 1376
g roof_step_or_fixture_side
f 74 73 1376 1375
g facade_completed
f 75 74 1375 1602 1603
g roof_step_or_fixture_side
f 468 467 76 75
g roof_step_or_fixture_side
f 467 466 77 76
g roof_step_or_fixture_side
f 78 77 1280 1248
g roof_step_or_fixture_side
f 79 78 1248 1253
g roof_step_or_fixture_side
f 80 79 1253 1252
g roof_step_or_fixture_side
f 81 80 1252 1251
g roof_step_or_fixture_side
f 82 81 1251 1250
g roof_step_or_fixture_side
f 83 82 1250 861 866
g roof_step_or_fixture_side
f 84 83 866 865
g roof_step_or_fixture_side
f 1239 1238 85 84
g roof_step_or_fixture_side
f 1238 1237 86 85
g roof_step_or_fixture_side
f 1237 1236 234 86
g roof_step_or_fixture_side
f 1236 1235 1607 234
g roof_step_or_fixture_side
f 1235 1234 87 1607
g roof_step_or_fixture_side
f 1234 1233 88 87
g roof_step_or_fixture_side
f 1233 1232 89 88
g roof_step_or_fixture_side
f 1232 1231 90 89
g roof_step_or_fixture_side
f 91 90 842 841
g roof_step_or_fixture_side
f 92 91 841 840
g roof_step_or_fixture_side
f 93 92 840 839
g roof_step_or_fixture_side
f 1247 1246 94 93
g roof_step_or_fixture_side
f 1246 1245 95 94
g roof_step_or_fixture_side
f 1245 1258 96 95
g roof_step_or_fixture_side
f 1258 1257 1609 96
g roof_step_or_fixture_side
f 1257 1256 97 1609
g roof_step_or_fixture_side
f 1256 1255 98 97
g roof_step_or_fixture_side
f 1255 1265 1610 98
g roof_step_or_fixture_side
f 1265 1264 1405 1610
g roof_step_or_fixture_side
f 1405 1404 1611
g roof_step_or_fixture_side
f 99 1611 848 847
g roof_step_or_fixture_side
f 100 99 847 846
g roof_step_or_fixture_side
f 218 100 846 845
g roof_step_or_fixture_side
f 101 218 845 844
g roof_step_or_fixture_side
f 102 101 844 849
g roof_step_or_fixture_side
f 1403 103 102
g roof_step_or_fixture_side
f 1263 1262 104 103
g roof_step_or_fixture_side
f 1262 1261 105 104
g roof_step_or_fixture_side
f 1261 1260 106 105
g roof_step_or_fixture_side
f 1497 1496 107 106 1260
g roof_step_or_fixture_side
f 1496 1495 108 107
g roof_step_or_fixture_side
f 1495 1494 109 108
g roof_step_or_fixture_side
f 1494 1493 110 109
g facade_completed
f 1615 110 1616 1617
g facade_completed
f 1618 1615 1617 1619
g facade_completed
f 1620 1618 1619 1621
g facade_completed
f 111 1620 1621 1622
g facade_completed
f 1623 111 1622 1624
g facade_completed
f 112 1623 1624 1625
g facade_completed
f 1626 112 1625 1627
g facade_completed
f 1628 1626 1627 1629
g facade_completed
f 120 1628 1629 1630 787
g roof_step_or_fixture_side
f 1540 120 787 786
g roof_step_or_fixture_side
f 444 421 233 165
g roof_step_or_fixture_side
f 421 443 166 233
g roof_step_or_fixture_side
f 443 445 164 166
g roof_step_or_fixture_side
f 445 444 165 164
g roof_step_or_fixture_side
f 113 114 923 922
g roof_step_or_fixture_side
f 228 113 922 921
g roof_step_or_fixture_side
f 114 228 921 923
g roof_step_or_fixture_side
f 118 117 918 917
g roof_step_or_fixture_side
f 219 118 917 916
g roof_step_or_fixture_side
f 1634 219 916 915
g roof_step_or_fixture_side
f 1636 1634 915 914
g roof_step_or_fixture_side
f 220 1636 914 913
g roof_step_or_fixture_side
f 119 220 913 912
g roof_step_or_fixture_side
f 115 119 912 920
g roof_step_or_fixture_side
f 116 115 920 919
g roof_step_or_fixture_side
f 117 116 919 918
g roof_step_or_fixture_side
f 989 988 158 157
g roof_step_or_fixture_side
f 988 987 160 158
g roof_step_or_fixture_side
f 987 1000 161 160
g roof_step_or_fixture_side
f 1000 999 1639 161
g roof_step_or_fixture_side
f 999 998 162 1639
g roof_step_or_fixture_side
f 998 997 163 162
g roof_step_or_fixture_side
f 997 996 167 163
g roof_step_or_fixture_side
f 996 995 152 167
g roof_step_or_fixture_side
f 995 994 153 152
g roof_step_or_fixture_side
f 994 993 154 153
g roof_step_or_fixture_side
f 993 992 155 154
g roof_step_or_fixture_side
f 992 991 1640 155
g roof_step_or_fixture_side
f 991 990 156 1640
g roof_step_or_fixture_side
f 990 989 157 156
g roof_step_or_fixture_side
f 1003 1002 135 222
g roof_step_or_fixture_side
f 1002 1001 221 135
g roof_step_or_fixture_side
f 1001 1003 222 221
g roof_step_or_fixture_side
f 149 168 857 860
g roof_step_or_fixture_side
f 150 149 860 859
g roof_step_or_fixture_side
f 151 150 859 858
g roof_step_or_fixture_side
f 168 151 858 857
g roof_step_or_fixture_side
f 961 960 133 132
g roof_step_or_fixture_side
f 960 966 134 133
g roof_step_or_fixture_side
f 966 965 230 134
g roof_step_or_fixture_side
f 965 964 231 230
g roof_step_or_fixture_side
f 964 963 232 231
g roof_step_or_fixture_side
f 963 962 1643 232
g roof_step_or_fixture_side
f 962 961 132 1643
g facade_completed
f 223 159 1644 1645
g facade_completed
f 224 223 1645 1646
g facade_completed
f 159 224 1646 1644
g facade_completed
f 216 40 1647 1648
g facade_completed
f 39 216 1648 1649
g facade_completed
f 40 39 1649 1647
g roof_step_or_fixture_side
f 944 943 247 243
g roof_step_or_fixture_side
f 943 942 244 247
g roof_step_or_fixture_side
f 942 941 235 244
g roof_step_or_fixture_side
f 169 235 798 797
g roof_step_or_fixture_side
f 236 169 797 812
g roof_step_or_fixture_side
f 237 236 812 811
g roof_step_or_fixture_side
f 238 237 811 810
g roof_step_or_fixture_side
f 239 238 810 809
g roof_step_or_fixture_side
f 246 239 809 1653
g roof_step_or_fixture_side
f 245 246 1653 1654
g roof_step_or_fixture_side
f 240 245 1654 808
g roof_step_or_fixture_side
f 241 240 808 837
g roof_step_or_fixture_side
f 946 945 242 241
g roof_step_or_fixture_side
f 945 944 243 242
g roof_step_or_fixture_side
f 948 947 250 127
g roof_step_or_fixture_side
f 248 250 836 835
g roof_step_or_fixture_side
f 249 248 835 834
g roof_step_or_fixture_side
f 127 249 834 833
g roof_step_or_fixture_side
f 1499 1498 1259 271 270
g roof_step_or_fixture_side
f 1259 1245 95 271
g roof_step_or_fixture_side
f 1245 1244 254 95
g roof_step_or_fixture_side
f 1244 255 254
g roof_step_or_fixture_side
f 256 255 1243
g roof_step_or_fixture_side
f 257 256 1243 1397 1402
g roof_step_or_fixture_side
f 258 257 1402 1401
g roof_step_or_fixture_side
f 259 258 1401 1400
g roof_step_or_fixture_side
f 260 259 1400 1399 874
g roof_step_or_fixture_side
f 261 260 874 873
g roof_step_or_fixture_side
f 262 261 873 1179 1178
g roof_step_or_fixture_side
f 263 262 1178 1177
g roof_step_or_fixture_side
f 264 263 1177 1176
g roof_step_or_fixture_side
f 265 264 1176 1175
g roof_step_or_fixture_side
f 1660 265 1175 1174 1489
g roof_step_or_fixture_side
f 266 1660 1489 1488
g roof_step_or_fixture_side
f 267 266 1488 1504
g roof_step_or_fixture_side
f 251 267 1504 1503
g roof_step_or_fixture_side
f 252 251 1503 1502
g roof_step_or_fixture_side
f 253 252 1502 1501
g roof_step_or_fixture_side
f 268 253 1501
g roof_step_or_fixture_side
f 268 1500 269
g roof_step_or_fixture_side
f 1500 1499 270 269
g facade_completed
f 275 274 1227 1663 1664
g facade_completed
f 276 275 1664 1665
g roof_step_or_fixture_side
f 272 277 1491
g roof_step_or_fixture_side
f 273 272 1491 1490
g roof_step_or_fixture_side
f 274 273 1490 1173 1227
g roof_step_or_fixture_side
f 181 279 881 850
g roof_step_or_fixture_side
f 280 181 850 856
g roof_step_or_fixture_side
f 281 280 856 855
g facade_completed
f 282 281 855 1666 1667
g facade_completed
f 283 282 1667 1668
g facade_completed
f 284 283 1668 1669
g roof_step_or_fixture_side
f 304 303 285 284
g roof_step_or_fixture_side
f 303 302 286 285
g roof_step_or_fixture_side
f 302 301 287 286
g roof_step_or_fixture_side
f 301 300 288 287
g roof_step_or_fixture_side
f 300 299 186 288
g roof_step_or_fixture_side
f 289 186 890 889
g roof_step_or_fixture_side
f 278 289 889 888
g roof_step_or_fixture_side
f 182 278 888 882
g roof_step_or_fixture_side
f 279 182 882 881
g roof_step_or_fixture_side
f 291 620 199
g roof_step_or_fixture_side
f 620 290 199
g roof_step_or_fixture_side
f 984 983 331 328
g roof_step_or_fixture_side
f 329 331 896 895
g roof_step_or_fixture_side
f 971 970 292 329
g roof_step_or_fixture_side
f 970 969 293 292
g roof_step_or_fixture_side
f 969 968 294 293
g roof_step_or_fixture_side
f 968 967 295 294
g roof_step_or_fixture_side
f 967 296 295
g roof_step_or_fixture_side
f 297 296 982
g roof_step_or_fixture_side
f 298 297 982 981
g facade_completed
f 305 304 284 1669 1676
g facade_completed
f 306 305 1676 1677
g facade_completed
f 307 306 1677 1678
g facade_completed
f 308 307 1678 1679
g facade_completed
f 309 308 1679 1680
g facade_completed
f 310 309 1680 1681
g facade_completed
f 311 310 1681 1682
g facade_completed
f 312 311 1682 1683
g facade_completed
f 313 312 1683 1684 1078
g roof_step_or_fixture_side
f 314 313 1078 1077
g roof_step_or_fixture_side
f 315 314 1077 1004
g roof_step_or_fixture_side
f 316 315 1004 1007
g roof_step_or_fixture_side
f 317 316 1007 1006
g roof_step_or_fixture_side
f 318 317 1006 1012
g roof_step_or_fixture_side
f 319 318 1012 1011
g roof_step_or_fixture_side
f 320 319 1011 1010
g roof_step_or_fixture_side
f 626 625 321 320
g roof_step_or_fixture_side
f 625 624 322 321
g roof_step_or_fixture_side
f 624 623 323 322
g roof_step_or_fixture_side
f 623 622 330 323
g roof_step_or_fixture_side
f 326 325 898 897
g roof_step_or_fixture_side
f 986 985 327 326
g roof_step_or_fixture_side
f 985 984 328 327
g roof_step_or_fixture_side
f 643 642 430 429
g roof_step_or_fixture_side
f 642 641 431 430
g roof_step_or_fixture_side
f 641 640 432 431
g roof_step_or_fixture_side
f 640 639 433 432
g roof_step_or_fixture_side
f 639 638 434 433
g roof_step_or_fixture_side
f 638 637 435 434
g roof_step_or_fixture_side
f 637 636 436 435
g roof_step_or_fixture_side
f 636 635 437 436
g roof_step_or_fixture_side
f 635 634 332 437
g roof_step_or_fixture_side
f 634 1689 1690 332
g roof_step_or_fixture_side
f 1689 1692 1693 1690
g roof_step_or_fixture_side
f 1692 1694 333 1693
g roof_step_or_fixture_side
f 334 333 1087 1086
g roof_step_or_fixture_side
f 339 334 1086 1085
g roof_step_or_fixture_side
f 340 339 1085 1084
g roof_step_or_fixture_side
f 1695 340 1084 1083
g roof_step_or_fixture_side
f 341 1695 1083 1082
g roof_step_or_fixture_side
f 342 341 1082 1081
g roof_step_or_fixture_side
f 1696 342 1081 1080
g roof_step_or_fixture_side
f 343 1696 1080 1079
g facade_completed
f 344 343 1079 1697 1698
g roof_step_or_fixture_side
f 747 752 345 344
g roof_step_or_fixture_side
f 752 751 346 345
g roof_step_or_fixture_side
f 751 750 440 346
g roof_step_or_fixture_side
f 750 749 347 440
g roof_step_or_fixture_side
f 749 748 348 347
g facade_completed
f 349 348 1700 1701
g facade_completed
f 1702 349 1701 1703
g facade_completed
f 1704 1702 1703 1705
g facade_completed
f 1706 1704 1705 1707
g facade_completed
f 1708 1706 1707 1709
g facade_completed
f 1710 1708 1709 1711
g facade_completed
f 1712 1710 1711 1713
g facade_completed
f 1714 1712 1713 1715
g facade_completed
f 1716 1714 1715 1717
g facade_completed
f 1718 1716 1717 1719
g facade_completed
f 350 1718 1719 1720
g facade_completed
f 351 350 1720 1721 1104
g roof_step_or_fixture_side
f 352 351 1104 1103
g roof_step_or_fixture_side
f 1722 352 1103 1102
g roof_step_or_fixture_side
f 353 1722 1102 1101
g roof_step_or_fixture_side
f 354 353 1101 1100
g roof_step_or_fixture_side
f 355 354 1100 1099
g roof_step_or_fixture_side
f 356 355 1099 1098
g roof_step_or_fixture_side
f 357 356 1098 1097
g roof_step_or_fixture_side
f 358 357 1097 1096
g roof_step_or_fixture_side
f 359 358 1096 1095
g roof_step_or_fixture_side
f 760 759 360 359
g roof_step_or_fixture_side
f 759 774 361 360
g roof_step_or_fixture_side
f 774 773 362 361
g roof_step_or_fixture_side
f 773 772 363 362
g roof_step_or_fixture_side
f 772 771 364 363
g roof_step_or_fixture_side
f 771 770 365 364
g roof_step_or_fixture_side
f 770 769 366 365
g roof_step_or_fixture_side
f 769 768 367 366
g roof_step_or_fixture_side
f 768 767 368 367
g roof_step_or_fixture_side
f 767 766 438 368
g roof_step_or_fixture_side
f 766 765 369 438
g roof_step_or_fixture_side
f 765 764 370 369
g roof_step_or_fixture_side
f 764 763 371 370
g roof_step_or_fixture_side
f 763 762 372 371
g roof_step_or_fixture_side
f 762 761 373 372
g roof_step_or_fixture_side
f 374 373 1094 1093
g roof_step_or_fixture_side
f 375 374 1093 1092
g roof_step_or_fixture_side
f 376 375 1092 1091
g roof_step_or_fixture_side
f 377 376 1091 1090
g roof_step_or_fixture_side
f 378 377 1090 1089
g roof_step_or_fixture_side
f 379 378 1089 1088
g roof_step_or_fixture_side
f 380 379 1088 1120
g roof_step_or_fixture_side
f 381 380 1120 1119
g roof_step_or_fixture_side
f 709 708 382 381
g roof_step_or_fixture_side
f 708 707 383 382
g roof_step_or_fixture_side
f 707 706 384 383
g roof_step_or_fixture_side
f 706 740 1737 384
g roof_step_or_fixture_side
f 740 745 1739 1737
g roof_step_or_fixture_side
f 745 746 1741 1739
g roof_step_or_fixture_side
f 746 744 385 1741
g roof_step_or_fixture_side
f 744 743 386 385
g roof_step_or_fixture_side
f 387 386 1121 1124
g roof_step_or_fixture_side
f 388 387 1124 1123
g roof_step_or_fixture_side
f 389 388 1123 1122
g roof_step_or_fixture_side
f 739 738 390 389
g roof_step_or_fixture_side
f 738 742 1742 390
g roof_step_or_fixture_side
f 742 737 391 1742
g roof_step_or_fixture_side
f 737 736 392 391
g roof_step_or_fixture_side
f 736 735 393 392
g roof_step_or_fixture_side
f 735 734 394 393
g roof_step_or_fixture_side
f 734 733 395 394
g roof_step_or_fixture_side
f 733 732 396 395
g roof_step_or_fixture_side
f 732 731 397 396
g roof_step_or_fixture_side
f 731 730 1744 397
g roof_step_or_fixture_side
f 730 741 1746 1744
g roof_step_or_fixture_side
f 741 729 398 1746
g roof_step_or_fixture_side
f 729 728 399 398
g roof_step_or_fixture_side
f 400 399 1064 1063
g roof_step_or_fixture_side
f 661 664 1747 400
g roof_step_or_fixture_side
f 664 660 401 1747
g roof_step_or_fixture_side
f 660 659 402 401
g roof_step_or_fixture_side
f 659 658 403 402
g roof_step_or_fixture_side
f 658 657 404 403
g roof_step_or_fixture_side
f 657 656 405 404
g roof_step_or_fixture_side
f 656 655 406 405
g roof_step_or_fixture_side
f 655 654 407 406
g roof_step_or_fixture_side
f 408 407 1129 1128
g roof_step_or_fixture_side
f 441 408 1128 1127
g roof_step_or_fixture_side
f 1750 441 1127 1126
g roof_step_or_fixture_side
f 409 1750 1126 1022
g roof_step_or_fixture_side
f 410 409 1022 1125
g roof_step_or_fixture_side
f 653 652 411 410
g roof_step_or_fixture_side
f 412 411 1035 1037
g roof_step_or_fixture_side
f 413 412 1037 1030
g roof_step_or_fixture_side
f 414 413 1030 1029
g roof_step_or_fixture_side
f 415 414 1029 1028
g roof_step_or_fixture_side
f 1752 415 1028 1027
g roof_step_or_fixture_side
f 416 1752 1027 1026
g roof_step_or_fixture_side
f 426 425 1020 1019
g roof_step_or_fixture_side
f 427 426 1019 1018
g roof_step_or_fixture_side
f 644 643 429 428 203
g roof_step_or_fixture_side
f 409 423 1023 1022
g roof_step_or_fixture_side
f 422 409 1022 1024
g roof_step_or_fixture_side
f 423 422 1024 1023
g roof_step_or_fixture_side
f 757 756 335 439
g roof_step_or_fixture_side
f 756 755 336 335
g roof_step_or_fixture_side
f 755 754 337 336
g roof_step_or_fixture_side
f 754 753 338 337
g roof_step_or_fixture_side
f 753 758 442 338
g roof_step_or_fixture_side
f 758 757 439 442
g roof_step_or_fixture_side
f 474 473 1370 1369
g roof_step_or_fixture_side
f 475 474 1369 1368
g roof_step_or_fixture_side
f 476 475 1368 1367
g roof_step_or_fixture_side
f 477 476 1367 1366
g roof_step_or_fixture_side
f 478 477 1366 1365
g roof_step_or_fixture_side
f 479 478 1365 1364
g facade_completed
f 480 479 1364 1757 1758
g facade_completed
f 481 480 1758 1759 1363
g roof_step_or_fixture_side
f 482 481 1363 1362
g roof_step_or_fixture_side
f 483 482 1362 1361
g facade_completed
f 484 483 1361 1581 1761
g facade_completed
f 485 484 1761 1580
g roof_step_or_fixture_side
f 496 495 1060 1059
g roof_step_or_fixture_side
f 1407 1406 497 496
g roof_step_or_fixture_side
f 498 497 1071 1070
g roof_step_or_fixture_side
f 499 498 1070 1069
g roof_step_or_fixture_side
f 500 499 1069 1074
g roof_step_or_fixture_side
f 695 694 501 500
g roof_step_or_fixture_side
f 694 693 502 501
g roof_step_or_fixture_side
f 693 692 446 502
g roof_step_or_fixture_side
f 692 691 447 446
g roof_step_or_fixture_side
f 691 690 448 447
g roof_step_or_fixture_side
f 690 689 449 448
g roof_step_or_fixture_side
f 689 688 450 449
g roof_step_or_fixture_side
f 451 450 1505 1513
g roof_step_or_fixture_side
f 452 451 1513 1512
g roof_step_or_fixture_side
f 453 452 1512 1219 1218
g roof_step_or_fixture_side
f 454 453 1218 1217
g roof_step_or_fixture_side
f 455 454 1217 1216
g roof_step_or_fixture_side
f 503 455 1216 1215
g roof_step_or_fixture_side
f 456 503 1215 1214
g roof_step_or_fixture_side
f 457 456 1214 1769
g facade_completed
f 458 457 1769 1770 1771 1213
g roof_step_or_fixture_side
f 459 458 1213 1211
g roof_step_or_fixture_side
f 460 459 1211 1210
g roof_step_or_fixture_side
f 461 460 1210 1209
g roof_step_or_fixture_side
f 462 461 1209 1208 1473
g roof_step_or_fixture_side
f 463 462 1473 1472
g roof_step_or_fixture_side
f 464 463 1472 1283 1282
g roof_step_or_fixture_side
f 465 464 1282 1281
g roof_step_or_fixture_side
f 466 465 1281 1280 77
g facade_completed
f 469 468 75 1603 1775 1374
g roof_step_or_fixture_side
f 470 469 1374 1373
g roof_step_or_fixture_side
f 471 470 1373 1372
g roof_step_or_fixture_side
f 472 471 1372 1371
g roof_step_or_fixture_side
f 473 472 1371 1370
g roof_step_or_fixture_side
f 672 671 507 506
g roof_step_or_fixture_side
f 671 670 508 507
g roof_step_or_fixture_side
f 509 508 1057 1068
g roof_step_or_fixture_side
f 510 509 1068 1067
g roof_step_or_fixture_side
f 511 510 1067 1066
g roof_step_or_fixture_side
f 512 511 1066 1065
g roof_step_or_fixture_side
f 727 726 513 512
g roof_step_or_fixture_side
f 726 725 514 513
g roof_step_or_fixture_side
f 504 514 1132 1131
g roof_step_or_fixture_side
f 505 504 1131 1138
g roof_step_or_fixture_side
f 506 505 1138 1137
g roof_step_or_fixture_side
f 698 697 518 517
g roof_step_or_fixture_side
f 697 683 519 518
g roof_step_or_fixture_side
f 683 682 520 519
g roof_step_or_fixture_side
f 521 520 1140 1139
g roof_step_or_fixture_side
f 700 702 515 521
g roof_step_or_fixture_side
f 702 699 516 515
g roof_step_or_fixture_side
f 699 698 517 516
g roof_step_or_fixture_side
f 530 529 1291
g roof_step_or_fixture_side
f 530 1290 531
g roof_step_or_fixture_side
f 1290 1289 532 531
g roof_step_or_fixture_side
f 1289 1288 533 532
g roof_step_or_fixture_side
f 1288 1287 534 533
g roof_step_or_fixture_side
f 520 534 1141 1140
g roof_step_or_fixture_side
f 682 681 535 520
g roof_step_or_fixture_side
f 681 680 536 535
g roof_step_or_fixture_side
f 537 536 1412
g roof_step_or_fixture_side
f 526 537 1412 1411
g roof_step_or_fixture_side
f 522 526 1411 1410
g roof_step_or_fixture_side
f 523 522 1410 1782 1302
g roof_step_or_fixture_side
f 1783 523 1302 1312
g roof_step_or_fixture_side
f 1785 1783 1312 1311
g roof_step_or_fixture_side
f 524 1785 1311 1310
g roof_step_or_fixture_side
f 525 524 1310 1446 1445 1294
g roof_step_or_fixture_side
f 527 525 1294 1293
g roof_step_or_fixture_side
f 528 527 1293 1292
g roof_step_or_fixture_side
f 529 528 1292 1291
g roof_step_or_fixture_side
f 567 381 1119 1118
g roof_step_or_fixture_side
f 568 567 1118 1117
g roof_step_or_fixture_side
f 569 568 1117 1116
g roof_step_or_fixture_side
f 570 569 1116 1115
g roof_step_or_fixture_side
f 571 570 1115 1114
g roof_step_or_fixture_side
f 572 571 1114 1113
g roof_step_or_fixture_side
f 573 572 1113 1112
g roof_step_or_fixture_side
f 574 573 1112 1111
g roof_step_or_fixture_side
f 575 574 1111 1110
g roof_step_or_fixture_side
f 576 575 1110 1109
g roof_step_or_fixture_side
f 577 576 1109 1108
g roof_step_or_fixture_side
f 777 776 578 577
g roof_step_or_fixture_side
f 776 775 579 578
g roof_step_or_fixture_side
f 775 785 580 579
g roof_step_or_fixture_side
f 785 784 581 580
g roof_step_or_fixture_side
f 784 783 582 581
g roof_step_or_fixture_side
f 783 782 583 582
g roof_step_or_fixture_side
f 782 781 584 583
g facade_completed
f 585 584 1787 1788
g facade_completed
f 586 585 1788 1789
g facade_completed
f 587 586 1789 1790
g facade_completed
f 588 587 1790 1791
g facade_completed
f 589 588 1791 1792
g facade_completed
f 590 589 1792 1793
g facade_completed
f 591 590 1793 1794
g facade_completed
f 592 591 1794 1795
g facade_completed
f 593 592 1795 1796
g facade_completed
f 594 593 1796 1797
g roof_step_or_fixture_side
f 1528 1527 595 594
g roof_step_or_fixture_side
f 1527 1526 596 595
g roof_step_or_fixture_side
f 1526 1525 597 596
g roof_step_or_fixture_side
f 1525 1524 598 597
g roof_step_or_fixture_side
f 599 598 1424 1423
g roof_step_or_fixture_side
f 600 599 1423 1422
g roof_step_or_fixture_side
f 601 600 1422 1421
g roof_step_or_fixture_side
f 538 601 1421 1420
g roof_step_or_fixture_side
f 539 538 1420 1151 1150
g roof_step_or_fixture_side
f 540 539 1150 1160
g roof_step_or_fixture_side
f 541 540 1160 1159
g roof_step_or_fixture_side
f 542 541 1159 1158
g roof_step_or_fixture_side
f 1803 542 1158 1157
g roof_step_or_fixture_side
f 604 1803 1157 1156
g roof_step_or_fixture_side
f 605 604 1156 1155
g roof_step_or_fixture_side
f 603 605 1155 1154
g roof_step_or_fixture_side
f 543 603 1451
g roof_step_or_fixture_side
f 544 543 1451 1450
g roof_step_or_fixture_side
f 545 544 1450 1417
g roof_step_or_fixture_side
f 546 545 1417 1416
g roof_step_or_fixture_side
f 547 546 1416 1415
g roof_step_or_fixture_side
f 548 547 1415
g roof_step_or_fixture_side
f 676 675 549 548
g roof_step_or_fixture_side
f 675 674 550 549
g roof_step_or_fixture_side
f 674 673 551 550
g roof_step_or_fixture_side
f 673 672 506 551
g roof_step_or_fixture_side
f 552 506 1137 1136
g roof_step_or_fixture_side
f 602 552 1136 1135
g roof_step_or_fixture_side
f 553 602 1135 1134
g roof_step_or_fixture_side
f 554 553 1134 1133
g roof_step_or_fixture_side
f 722 721 555 554
g roof_step_or_fixture_side
f 721 720 556 555
g roof_step_or_fixture_side
f 720 719 557 556
g roof_step_or_fixture_side
f 719 718 558 557
g roof_step_or_fixture_side
f 718 717 559 558
g roof_step_or_fixture_side
f 717 716 560 559
g roof_step_or_fixture_side
f 716 715 561 560
g roof_step_or_fixture_side
f 715 714 562 561
g roof_step_or_fixture_side
f 714 713 563 562
g roof_step_or_fixture_side
f 713 712 564 563
g roof_step_or_fixture_side
f 712 711 565 564
g roof_step_or_fixture_side
f 711 710 566 565
g roof_step_or_fixture_side
f 710 709 381 566
g roof_step_or_fixture_side
f 608 607 1161 1164
g roof_step_or_fixture_side
f 611 610 1324 1810
g roof_step_or_fixture_side
f 612 611 1810 1323
g roof_step_or_fixture_side
f 606 612 1323 1322 1537
g roof_step_or_fixture_side
f 607 606 1537 1161
g roof_step_or_fixture_side
f 778 777 577 615
g roof_step_or_fixture_side
f 616 577 1108 1107
g facade_completed
f 613 616 1107 1813 1814
g roof_step_or_fixture_side
f 780 779 614 613
g roof_step_or_fixture_side
f 779 778 615 614
g roof_step_or_fixture_side
f 628 627 1009 1816
g roof_step_or_fixture_side
f 629 628 1816 1008
g roof_step_or_fixture_side
f 630 629 1008 1006 317
g roof_step_or_fixture_side
f 631 630 317 1006 1005
g roof_step_or_fixture_side
f 632 631 1005 1004 315
g roof_step_or_fixture_side
f 633 632 315 1004 1076
g roof_step_or_fixture_side
f 1694 633 1076 1087 333
g roof_step_or_fixture_side
f 622 621 198 911 330
g roof_step_or_fixture_side
f 627 626 320 1010 1009
g roof_step_or_fixture_side
f 654 653 410 1125 1129 407
g roof_step_or_fixture_side
f 662 661 400 1063 1062
g roof_step_or_fixture_side
f 663 662 1062 1061
g roof_step_or_fixture_side
f 696 695 500 1074 1073
g roof_step_or_fixture_side
f 665 696 1073 1075
g roof_step_or_fixture_side
f 666 665 1075 1069 499
g roof_step_or_fixture_side
f 667 666 499 1069 1072 1409
g roof_step_or_fixture_side
f 668 667 1409 1408
g roof_step_or_fixture_side
f 669 668 1408
g roof_step_or_fixture_side
f 670 669 1058 1057 508
g roof_step_or_fixture_side
f 677 676 548 1414
g roof_step_or_fixture_side
f 678 677 1414 1413
g roof_step_or_fixture_side
f 679 678 1413 1833
g roof_step_or_fixture_side
f 680 679 1833 536
g roof_step_or_fixture_side
f 684 700 521 1139 1142 1286
g roof_step_or_fixture_side
f 685 684 1286 1285
g roof_step_or_fixture_side
f 703 685 1285 1301
g roof_step_or_fixture_side
f 704 703 1301 1300
g roof_step_or_fixture_side
f 705 704 1300 1299
g roof_step_or_fixture_side
f 701 705 1299 1298
g roof_step_or_fixture_side
f 686 701 1298 1297
g roof_step_or_fixture_side
f 687 686 1297 1296 1506
g roof_step_or_fixture_side
f 688 687 1506 1505 450
g roof_step_or_fixture_side
f 723 722 554 1133 1131 504
g roof_step_or_fixture_side
f 724 723 504 1131 1130
g roof_step_or_fixture_side
f 725 724 1130 1132 514
g roof_step_or_fixture_side
f 728 727 512 1065 1064 399
g roof_step_or_fixture_side
f 743 739 389 1122 1121 386
g facade_completed
f 748 747 344 1698 1700 348
g roof_step_or_fixture_side
f 761 760 359 1095 1094 373
g facade_completed
f 781 780 613 1814 1787 584
g facade_completed
f 789 788 1853 1854
g facade_completed
f 790 789 1854 1855
g facade_completed
f 791 790 1855 1856
g facade_completed
f 792 791 1856 1857
g facade_completed
f 793 792 1857 1858
g facade_completed
f 794 793 1858 1859
g roof_step_or_fixture_side
f 954 953 171 795 794
g roof_step_or_fixture_side
f 941 940 799 798 235
g roof_step_or_fixture_side
f 940 939 804 799
g roof_step_or_fixture_side
f 939 938 805 804
g roof_step_or_fixture_side
f 938 937 124 806 805
g facade_completed
f 788 787 1630 1853
g roof_step_or_fixture_side
f 947 946 241 837 836 250
g roof_step_or_fixture_side
f 957 956 130 827 830
g roof_step_or_fixture_side
f 956 959 831 827 130
g roof_step_or_fixture_side
f 959 958 832 831
g roof_step_or_fixture_side
f 958 957 830 832
g roof_step_or_fixture_side
f 1231 1230 843 842 90
g roof_step_or_fixture_side
f 1230 1875 838 843
g roof_step_or_fixture_side
f 1875 1247 93 839 838
g roof_step_or_fixture_side
f 1404 1403 102 849 848 1611
g roof_step_or_fixture_side
f 927 926 853 852
g facade_completed
f 854 853 1878 1879
g facade_completed
f 855 854 1879 1666
g roof_step_or_fixture_side
f 928 927 852 851 180
g roof_step_or_fixture_side
f 1241 1240 864 863
g roof_step_or_fixture_side
f 1240 1239 84 865 864
g roof_step_or_fixture_side
f 1250 1242 862 861
g roof_step_or_fixture_side
f 1242 1241 863 862
g roof_step_or_fixture_side
f 869 868 1184
g roof_step_or_fixture_side
f 870 869 1184 1183
g roof_step_or_fixture_side
f 871 870 1183 1254
g roof_step_or_fixture_side
f 872 871 1254 1180
g roof_step_or_fixture_side
f 873 872 1180 1179
g roof_step_or_fixture_side
f 875 874 1399 1398
g roof_step_or_fixture_side
f 1249 1248 876 875
g roof_step_or_fixture_side
f 1248 877 876
g roof_step_or_fixture_side
f 878 877 1194
g roof_step_or_fixture_side
f 879 878 1194 1193
g roof_step_or_fixture_side
f 880 879 1193
g roof_step_or_fixture_side
f 880 1192 867
g roof_step_or_fixture_side
f 1192 868 867
g roof_step_or_fixture_side
f 974 973 893 892
g roof_step_or_fixture_side
f 973 972 894 893
g roof_step_or_fixture_side
f 972 971 329 895 894
g roof_step_or_fixture_side
f 983 986 326 897 896 331
g roof_step_or_fixture_side
f 980 979 907 906 188
g roof_step_or_fixture_side
f 979 978 908 907
g roof_step_or_fixture_side
f 978 977 909 908
g roof_step_or_fixture_side
f 977 976 910 909
g roof_step_or_fixture_side
f 976 975 891 910
g roof_step_or_fixture_side
f 975 974 892 891
g facade_completed
f 926 925 1893 1878 853
g facade_completed
f 935 934 174 1555 1894
g facade_completed
f 924 935 1894 1895
g facade_completed
f 925 924 1895 1893
g facade_completed
f 955 954 794 1859 1554 173
g facade_completed
f 1038 1051 60 1592 1918
g facade_completed
f 1039 1038 1918 1591 59
g roof_step_or_fixture_side
f 1271 1270 1044 1043 53
g roof_step_or_fixture_side
f 1270 1269 1345 1045 1044
g roof_step_or_fixture_side
f 1345 1344 1046 1045
g roof_step_or_fixture_side
f 1344 1343 1047 1046
g roof_step_or_fixture_side
f 1343 1342 1048 1047
g roof_step_or_fixture_side
f 1342 1341 1049 1048
g roof_step_or_fixture_side
f 1341 1340 1050 1049
g roof_step_or_fixture_side
f 1340 1054 1050
g facade_completed
f 1052 1054 1595 1594 63
g roof_step_or_fixture_side
f 1056 1054 1336
g roof_step_or_fixture_side
f 669 1407 496 1059 1058
g roof_step_or_fixture_side
f 1406 1409 1072 1071 497
g facade_completed
f 1079 1078 1684 1697
g facade_completed
f 1105 1104 1721 1930
g facade_completed
f 1106 1105 1930 1931
g facade_completed
f 1107 1106 1931 1813
g roof_step_or_fixture_side
f 1287 1286 1142 1141 534
g roof_step_or_fixture_side
f 1145 1144 1304
g roof_step_or_fixture_side
f 1145 1303 1146
g roof_step_or_fixture_side
f 1147 1146 1939 1453
g roof_step_or_fixture_side
f 1148 1147 1453 1457
g roof_step_or_fixture_side
f 1149 1148 1457 1456
g roof_step_or_fixture_side
f 1143 1149 1456 1455 1305
g roof_step_or_fixture_side
f 1144 1143 1305 1304
g roof_step_or_fixture_side
f 1420 1419 1152 1151
g roof_step_or_fixture_side
f 1419 1418 1153 1152
g roof_step_or_fixture_side
f 1418 603 1154 1153
g roof_step_or_fixture_side
f 1164 1163 1428 1427
g roof_step_or_fixture_side
f 1162 1161 1313 1318
g roof_step_or_fixture_side
f 1163 1162 1318 1429 1428
g roof_step_or_fixture_side
f 878 1487 1195 1194
g roof_step_or_fixture_side
f 1487 1486 1196 1195
g roof_step_or_fixture_side
f 1486 1485 1197 1196
g roof_step_or_fixture_side
f 1485 1484 1198 1197
g roof_step_or_fixture_side
f 1484 1483 1199 1198
g roof_step_or_fixture_side
f 1483 1482 1200 1199
g roof_step_or_fixture_side
f 1482 1481 1201 1200
g roof_step_or_fixture_side
f 1481 1480 1202 1201
g roof_step_or_fixture_side
f 1480 1479 1203 1202
g roof_step_or_fixture_side
f 1479 1478 1229 1203
g roof_step_or_fixture_side
f 1478 1477 1204 1229
g roof_step_or_fixture_side
f 1477 1476 1205 1204
g roof_step_or_fixture_side
f 1476 1475 1206 1205
g roof_step_or_fixture_side
f 1475 1474 1207 1206
g roof_step_or_fixture_side
f 1474 1473 1208 1207
g facade_completed
f 1212 1213 1771 1948
g facade_completed
f 1769 1212 1948 1770
g roof_step_or_fixture_side
f 1512 1511 1220 1219
g roof_step_or_fixture_side
f 1511 1510 1950 1220
g roof_step_or_fixture_side
f 1510 1509 1951 1950
g roof_step_or_fixture_side
f 1509 1508 1221 1951
g roof_step_or_fixture_side
f 1508 1507 1222 1221
g roof_step_or_fixture_side
f 1223 1222 1443 1442
g roof_step_or_fixture_side
f 1224 1223 1442 1441
g roof_step_or_fixture_side
f 1225 1224 1441 1440
g roof_step_or_fixture_side
f 1953 1225 1440 1439
g roof_step_or_fixture_side
f 1226 1953 1439 1438
g facade_completed
f 1954 1226 1438 1955 1956
g facade_completed
f 1957 1954 1956 1958
g facade_completed
f 1959 1957 1958 1960
g facade_completed
f 1961 1959 1960 1962
g facade_completed
f 1963 1961 1962 1964
g facade_completed
f 1965 1963 1964 1966
g facade_completed
f 1967 1965 1966 1968
g facade_completed
f 1969 1967 1968 1970
g facade_completed
f 1971 1969 1970 1972
g facade_completed
f 1227 1971 1972 1663
g roof_step_or_fixture_side
f 1490 1489 1174 1173
g roof_step_or_fixture_side
f 1181 1180 1395 1394
g roof_step_or_fixture_side
f 1182 1181 1394 1393
g roof_step_or_fixture_side
f 1183 1182 1393 1396
g roof_step_or_fixture_side
f 1977 1978 1392 1391
g roof_step_or_fixture_side
f 1979 1977 1391 1390
g roof_step_or_fixture_side
f 1187 1979 1390 1389
g roof_step_or_fixture_side
f 1188 1187 1389 1388
g roof_step_or_fixture_side
f 1981 1188 1388 1387
g roof_step_or_fixture_side
f 1982 1981 1387 1386
g roof_step_or_fixture_side
f 1983 1982 1386 1385
g roof_step_or_fixture_side
f 1185 1983 1385 1384
g roof_step_or_fixture_side
f 1186 1185 1384 1383
g roof_step_or_fixture_side
f 1978 1186 1383 1392
g roof_step_or_fixture_side
f 1517 1516 1167 1166
g roof_step_or_fixture_side
f 1168 1167 1463 1462
g roof_step_or_fixture_side
f 1985 1168 1462 1461
g roof_step_or_fixture_side
f 1228 1985 1461 1467
g roof_step_or_fixture_side
f 1169 1228 1467 1466
g roof_step_or_fixture_side
f 1170 1169 1466 1465
g roof_step_or_fixture_side
f 1171 1170 1465 1464
g roof_step_or_fixture_side
f 1515 1514 1172 1171
g roof_step_or_fixture_side
f 1514 1519 1986 1172
g roof_step_or_fixture_side
f 1519 1518 1165 1986
g roof_step_or_fixture_side
f 1518 1517 1166 1165
g roof_step_or_fixture_side
f 1190 1189 1459 1458
g roof_step_or_fixture_side
f 1191 1190 1458 1460
g roof_step_or_fixture_side
f 1189 1191 1460 1459
g roof_step_or_fixture_side
f 1243 1242 862 1397
g roof_step_or_fixture_side
f 1242 1249 875 1398 862
g roof_step_or_fixture_side
f 1180 1183 1396 1395
g roof_step_or_fixture_side
f 1498 1497 1260 1259
g roof_step_or_fixture_side
f 1264 1263 103 1405
g roof_step_or_fixture_side
f 1269 1268 1346 1345
g facade_completed
f 1273 1272 52 1589 1996
g facade_completed
f 1274 1273 1996 1588 217
g roof_step_or_fixture_side
f 1268 1267 47 1346
g roof_step_or_fixture_side
f 1278 1279 46 1348 1347
g roof_step_or_fixture_side
f 1267 1278 1347 47
g roof_step_or_fixture_side
f 1472 1999 1284 1283
g roof_step_or_fixture_side
f 1999 878 1194 1284
g roof_step_or_fixture_side
f 1295 1294 1445 1444
g roof_step_or_fixture_side
f 1222 1295 1444 1443
g roof_step_or_fixture_side
f 1507 1506 1296 1222
g roof_step_or_fixture_side
f 1303 1302 1782 1939 1146
g roof_step_or_fixture_side
f 1306 1305 1455 1449
g roof_step_or_fixture_side
f 1307 1306 1449 1448
g roof_step_or_fixture_side
f 1308 1307 1448 1447
g roof_step_or_fixture_side
f 1309 1308 1447 1454
g roof_step_or_fixture_side
f 1310 1309 1454 1446
g roof_step_or_fixture_side
f 1535 1534 1316 1315
g roof_step_or_fixture_side
f 1317 1316 1431 1430
g roof_step_or_fixture_side
f 1318 1317 1430 1429
g roof_step_or_fixture_side
f 1161 1539 1314 1313
g roof_step_or_fixture_side
f 1315 1314 1471 1470
g roof_step_or_fixture_side
f 1539 1538 1321 1314
g roof_step_or_fixture_side
f 1538 1537 1322 1321
g roof_step_or_fixture_side
f 610 1521 1325 1324
g facade_completed
f 1326 1325 2011 2012
g facade_completed
f 1319 1326 2012 2013
g facade_completed
f 1320 1319 2013 2014 1468
g roof_step_or_fixture_side
f 1314 1320 1468 1471
g roof_step_or_fixture_side
f 1536 1535 1315 1329
g roof_step_or_fixture_side
f 1327 1315 1470 1469
g facade_completed
f 1328 1327 1469 2015 2016 1437
g roof_step_or_fixture_side
f 1329 1328 1437 1436
g facade_completed
f 1335 1334 2017 1596 67
g facade_completed
f 1364 1363 1759 1757
g facade_completed
f 1375 1374 1775 1602
g facade_completed
f 1334 1333 68 1597 2017
g facade_completed
f 1378 1380 2032 2033
g facade_completed
f 1379 1378 2033 2034
g facade_completed
f 1380 1379 2034 2032
g facade_completed
f 1337 1339 2035 2036
g facade_completed
f 1338 1337 2036 2037
g facade_completed
f 1339 1338 2037 2035
g facade_completed
f 1330 1382 2038 2039
g facade_completed
f 1331 1330 2039 2040
g facade_completed
f 1382 1331 2040 2038
g roof_step_or_fixture_side
f 1524 1523 1425 1424 598
g roof_step_or_fixture_side
f 1523 1522 1426 1425
g roof_step_or_fixture_side
f 1522 608 1164 1427 1426
g roof_step_or_fixture_side
f 1534 1533 1432 1431 1316
g roof_step_or_fixture_side
f 1533 1532 1433 1432
g roof_step_or_fixture_side
f 1532 1531 1452 1433
g roof_step_or_fixture_side
f 1531 1530 1434 1452
g roof_step_or_fixture_side
f 1530 1529 1435 1434
g roof_step_or_fixture_side
f 1529 1536 1329 1436 1435
g facade_completed
f 1438 1437 2016 1955
g roof_step_or_fixture_side
f 1516 1515 1171 1464 1463 1167
g facade_completed
f 1469 1468 2014 2015
g facade_completed
f 1492 276 1665 2069
g facade_completed
f 1493 1492 2069 1616 110
g facade_completed
f 1520 1528 594 1797 2078
g facade_completed
f 1521 1520 2078 2011 1325
g ground_assumed
f 1621 1624 1622
g ground_assumed
f 1621 1625 1624
g ground_assumed
f 1621 1627 1625
g ground_assumed
f 1621 1629 1627
g ground_assumed
f 1621 1630 1629
g ground_assumed
f 1621 1853 1630
g ground_assumed
f 1621 1854 1853
g ground_assumed
f 1621 1855 1854
g ground_assumed
f 1621 1856 1855
g ground_assumed
f 1621 1857 1856
g ground_assumed
f 1621 1858 1857
g ground_assumed
f 1621 1859 1858
g ground_assumed
f 1621 1554 1859
g ground_assumed
f 1621 1555 1554
g ground_assumed
f 1621 1894 1555
g ground_assumed
f 1621 1895 1894
g ground_assumed
f 1621 1893 1895
g ground_assumed
f 1621 1878 1893
g ground_assumed
f 1621 1879 1878
g ground_assumed
f 1621 1666 1879
g ground_assumed
f 1621 1667 1666
g ground_assumed
f 1621 1668 1667
g ground_assumed
f 1621 1669 1668
g ground_assumed
f 1621 1676 1669
g ground_assumed
f 1621 1677 1676
g ground_assumed
f 1621 1678 1677
g ground_assumed
f 1621 1679 1678
g ground_assumed
f 1621 1680 1679
g ground_assumed
f 1621 1681 1680
g ground_assumed
f 1621 1682 1681
g ground_assumed
f 1621 1683 1682
g ground_assumed
f 1621 1684 1683
g ground_assumed
f 1621 1697 1684
g ground_assumed
f 1621 1698 1697
g ground_assumed
f 1621 1700 1698
g ground_assumed
f 1621 1701 1700
g ground_assumed
f 1621 1703 1701
g ground_assumed
f 1621 1705 1703
g ground_assumed
f 1621 2049 1874 1876 1633 1891 1599 2031 2019 1997 1825 1936 1740 1839 1934 1851 1732 1731 1850 1707 1705
g ground_assumed
f 1621 1709 1707 1850 1731 1732 1851 1934 1839 1740 1936 1825 1997 2019 2031 1599 1891 1633 1876 1874 2049
g ground_assumed
f 1621 1711 1709
g ground_assumed
f 1621 1713 1711
g ground_assumed
f 1621 1715 1713
g ground_assumed
f 1621 1717 1715
g ground_assumed
f 1621 1719 1717
g ground_assumed
f 1621 1720 1719
g ground_assumed
f 1621 1721 1720
g ground_assumed
f 1621 1930 1721
g ground_assumed
f 1621 1931 1930
g ground_assumed
f 1621 1813 1931
g ground_assumed
f 1621 1814 1813
g ground_assumed
f 1621 1787 1814
g ground_assumed
f 1621 1788 1787
g ground_assumed
f 1621 1789 1788
g ground_assumed
f 1621 1790 1789
g ground_assumed
f 1621 1791 1790
g ground_assumed
f 1621 1792 1791
g ground_assumed
f 1621 1793 1792
g ground_assumed
f 1621 1794 1793
g ground_assumed
f 1621 1795 1794
g ground_assumed
f 1621 1796 1795
g ground_assumed
f 1621 1797 1796
g ground_assumed
f 1797 2011 2078
g ground_assumed
f 1797 2012 2011
g ground_assumed
f 1797 2013 2012
g ground_assumed
f 1797 2014 2013
g ground_assumed
f 1797 2015 2014
g ground_assumed
f 1797 2016 2015
g ground_assumed
f 1797 1955 2016
g ground_assumed
f 1797 1956 1955
g ground_assumed
f 1797 1958 1956
g ground_assumed
f 1797 1960 1958
g ground_assumed
f 1797 1962 1960
g ground_assumed
f 1797 1964 1962
g ground_assumed
f 1797 1966 1964
g ground_assumed
f 1797 1968 1966
g ground_assumed
f 1797 1970 1968
g ground_assumed
f 1797 1972 1970
g ground_assumed
f 1797 1663 1972
g ground_assumed
f 1797 1664 1663
g ground_assumed
f 1797 1665 1664
g ground_assumed
f 1797 2069 1665
g ground_assumed
f 1797 1616 2069
g ground_assumed
f 1797 1617 1616
g ground_assumed
f 1797 1619 1617
g ground_assumed
f 1797 1621 1619
