v 0.037530608720592593 -0.053874713019212886 0.36215210425956101
v 0.036643550951449784 -0.053313801971932556 0.36255965191400119
v 0.03388816192498962 -0.051571503446649444 0.3638255779991213
v 0.030866831545778732 -0.049661044428014597 0.36521368699120382
v 0.011396823685970701 -0.065009006849091167 0.36525457638696118
v -0.010539038325192571 -0.082300773772177593 0.36530064348255775
v -0.01005347229834247 -0.078353245271012492 0.36644722504206984
v -0.010053475085826432 -0.078353244341851175 0.36644722602285124
v -0.0079601830841853696 -0.076678161243263432 0.36645086756092704
v -0.010044510176064326 -0.078280361289200212 0.36646839531169983
v -0.0087650802797508004 -0.067878858587580762 0.36948957139851135
v -0.016955790323141866 -0.074177655878777352 0.36955758507802133
v -0.015985413987315782 -0.066819669863902864 0.37167804271109373
v -0.017984376654143621 -0.068491716566534869 0.37165124234330155
v -0.026374217118484949 -0.075509461979294812 0.37153875766086358
v -0.027305695354503948 -0.076288600809869073 0.37152627009405459
v -0.034779709098792258 -0.082540293493614414 0.37142606500115
v -0.037635798874101532 -0.084929290362870016 0.37138777297262432
v -0.038641671701759882 -0.085770659927754761 0.37137428712521647
v -0.042901505569934315 -0.084045402324332441 0.37301967381503581
v -0.052628230207890717 -0.080106022051748674 0.37677668031678602
v -0.053408562494561281 -0.086209186853026712 0.37501155916332446
v -0.054419300307654392 -0.094114416984556304 0.37272525511316934
v -0.054725369711700354 -0.096508255868314005 0.3720329232822166
v -0.051916080449990111 -0.096874134818749139 0.37119631525613955
v -0.055114176182303083 -0.099549205075849731 0.37115343797135669
v -0.055677530149555621 -0.10395534060758728 0.36987912124979072
v -0.047258246937486391 -0.097480766900654187 0.36980920950018298
v -0.044727326870910945 -0.097810390802278893 0.36905550016311245
v -0.045697956661297272 -0.10512803345853212 0.36694809507855197
v -0.045742919293804064 -0.10546701747320064 0.36685047093769579
v -0.045780482395273665 -0.10575022599859374 0.36676890926020961
v -0.045780698735001159 -0.10575182198802216 0.366768450822338
v -0.041020166931669162 -0.10632866804871142 0.36536465629666121
v -0.040386685546142366 -0.10640542704619137 0.36517785465917418
v -0.040352576808362552 -0.10613911955226024 0.36525485931658336
v -0.040304600028151658 -0.10576459702701972 0.36536315306850459
v -0.032901768764817228 -0.10276203260928148 0.3644355826268999
v -0.036793888124367589 -0.098843633780099305 0.36669291733701997
v -0.036795345617139166 -0.098843443973089515 0.36669335141021686
v -0.03203322308962623 -0.1067330702856009 0.3629349523021273
v -0.031191034159316896 -0.10683199261968229 0.36268761301711627
v -0.031188159127710523 -0.10683233031820227 0.36268676871919625
v -0.03045615117920485 -0.10625478155345425 0.3626853975351873
v -0.030542890866250665 -0.10690812097472588 0.36249726280930561
v -0.029866859312345981 -0.10698752803034962 0.36229872127015234
v -0.02198344666292627 -0.10077497652533685 0.362281571636417
v -0.021983148453762414 -0.10077256942969556 0.36228227021086989
v -0.023291744156110208 -0.10060214188596159 0.36267196996684231
v -0.021817999062530444 -0.099439369225856625 0.36266920906721817
v -0.021628952881013224 -0.097913277816095406 0.36311213066743642
v -0.020107212217515869 -0.098089575801053222 0.36266600304770136
v -0.018772089011083706 -0.098244256228445334 0.36227458511758687
v -0.015062049291188805 -0.095320544673223109 0.36226651473207616
v -0.012279162922705813 -0.096447629950464492 0.36119160795415772
v -0.012588277291639683 -0.098960666707201841 0.36046168204969131
v -0.011216328479726145 -0.09911961141723491 0.36005946860715282
v -0.012756685148383011 -0.10032979329484405 0.36006401117360937
v -0.01295551472754568 -0.10194623144751791 0.35959450766174939
v -0.012955767459424894 -0.10194828639101866 0.35959391077884101
v -0.013807637269913966 -0.10887381538180851 0.35758235105902858
v -0.013241293622872116 -0.10894033853169995 0.35741602338800188
v -0.013877022030192683 -0.10944024492465247 0.35741775451878244
v -0.013877341764927132 -0.10944049636602984 0.35741775539632364
v -0.013898810553441391 -0.1096150192915247 0.35736706463913526
v -0.014072516023454379 -0.10959397110336827 0.35741828718631946
v -0.022500540217407428 -0.11622135359707322 0.35744124196188587
v -0.022500640308729693 -0.11622209615182864 0.35744102846126241
v -0.022812075103201657 -0.11858359676308294 0.35676048020255796
v -0.024168847355444278 -0.11841704309937505 0.35716125989755865
v -0.025088484049872527 -0.12584098542411529 0.3550065861053337
v -0.02792672231330889 -0.12550819504394997 0.35583994924197865
v -0.032934387127838721 -0.12492102682690949 0.35731030134813591
v -0.033482207943953492 -0.12485679390481325 0.35747115228423831
v -0.033484107252933035 -0.12485828520873289 0.35747115816892672
v -0.04070980939650834 -0.13054021931948265 0.3574908387864793
v -0.043788184034778015 -0.13296090249971498 0.35749922271231566
v -0.048113233206664982 -0.16672648727287132 0.34773575753875885
v -0.044851402221383105 -0.16406345455878008 0.34775845152971446
v -0.0525667524039704 -0.22651370317964173 0.32962804140753837
v -0.052991807780594834 -0.2274057696445036 0.32944961930818151
v -0.05277648791089401 -0.22821136742770479 0.32913517929627811
v -0.04868178670904777 -0.24353134412924435 0.32315550844858593
v -0.048612936010048124 -0.24378894311031782 0.32305496281805729
v -0.042522107477144001 -0.26657725601913607 0.31416026156936161
v -0.037722105675212073 -0.2278283206732685 0.32540648532074934
v -0.01768527368871927 -0.25866893456789275 0.31035110939865512
v -0.033857119942647583 -0.27187199621875507 0.3102385948798147
v -0.034391674554766688 -0.27621780476448804 0.30897633020649862
v -0.036142023488592093 -0.29044779331585352 0.30484314809827828
v -0.038470755057830743 -0.30937990354435091 0.29934420812840379
v -0.04802146257564853 -0.31097185530226151 0.30127547927659953
v -0.048188035390403658 -0.31099962034598483 0.30130916235525435
v -0.058101820334034694 -0.38617199496306009 0.27964564810928744
v -0.059562611163722148 -0.38438273688273189 0.28059543928901526
v -0.058348583384166694 -0.38804310291574406 0.27910642379047113
v -0.065715895339596431 -0.44390656363641912 0.26300743952820388
v -0.067142996947840344 -0.44841157948349825 0.2619222999482812
v -0.04990937033283057 -0.46952028654938055 0.25071717320858589
v 0.036170940685474107 -0.40685381398485304 0.24886572501894494
v -0.056429360361095297 -0.47558970885729929 0.25043153745572289
v -0.058916675970914364 -0.47560106031791349 0.25106431964735593
v -0.068420182713084227 -0.47564443692366604 0.2534820449457641
v -0.069902398350983441 -0.47565120059863947 0.25385912627804158
v -0.078112236160941387 -0.47568867062911674 0.25594773835221091
v -0.077158832401998959 -0.46819377290012543 0.25811661463332225
v -0.07938006289716297 -0.47475253796594225 0.25657350924737854
v -0.079699553520284946 -0.47569591777769737 0.25635155671445053
v -0.079505193723275316 -0.47569503068673646 0.25630211087857158
v -0.08239308667740744 -0.4974468074635337 0.25003851212814376
v -0.067542590826515578 -0.51563652306208252 0.24038287251244272
v 0.22945479851571582 -0.27316112635277584 0.24244921104115399
v -0.046647348921098036 -0.21409061655292214 0.33211278107245618
v -0.045186085922599463 -0.21102385152725356 0.33272616475023753
v -0.024272298318562351 -0.19394936149408956 0.33287167094846998
v -0.03377446830731224 -0.20170714838413348 0.33280556029458486
v -0.031106126623535173 -0.18147415134342521 0.33863639668819412
v -0.032287011270403274 -0.18395248118897251 0.33814070626149384
v -0.018857869029345515 -0.14993116169369247 0.34565700949278955
v 0.28108096202118849 -0.23101235695591835 0.24280839646829544
v 0.2784931034650846 -0.2278426034829891 0.24449099544956571
v 0.29269797219176652 -0.20531474306128009 0.24810873119984608
v 0.3036788336127666 -0.18789991734182637 0.25090536771051258
v 0.34010641064581537 -0.15815961824467378 0.25115881003679807
v 0.24678282570124005 -0.14736622663139043 0.27851249112415621
v 0.27071920496936075 -0.1766848389230464 0.26294930365945357
v 0.25032225199351676 -0.19333737341661189 0.26280739326391189
v 0.27313828090698866 -0.22128371814240125 0.247972646026344
v 0.22151211740151597 -0.2634324875392588 0.24761346059920258
v 0.15189111666976118 -0.17815680291761465 0.29288031895073696
v 0.10651181586100884 -0.18413372334455763 0.30256750545159661
v 0.072689056436488389 -0.13030708587866283 0.32855019842822664
v 0.06615786609118432 -0.13269487106993624 0.32945265503307625
v 0.062039649468154878 -0.13605707641034329 0.32942400284677203
v 0.080427582431796193 -0.12104475142295865 0.32955193561046686
v 0.10651749200427653 -0.16736874076718622 0.30796319061463179
v 0.10652332114944169 -0.1501518624398413 0.31350431502466436
v 0.11242604974839353 -0.14937134143018249 0.31224523943948101
v 0.11193452340977184 -0.14190743123123467 0.31477385838642585
v 0.11148421920990047 -0.13506948658675116 0.31709041309007713
v 0.11126183002277178 -0.13169246979545213 0.31823447677727046
v 0.1110253978011633 -0.12810219127839753 0.31945078889993272
v 0.11082033143311611 -0.12498823693673733 0.3205057326468771
v 0.11080302404843657 -0.12472540951329253 0.32059477298897293
v 0.11072238492490169 -0.12350091101481471 0.32100960815889107
v 0.11236343929682333 -0.12369366377570019 0.32052765414343476
v 0.1107029122846246 -0.11805346707527313 0.32276828196518886
v 0.198157854242235 -0.12944350977117525 0.29672414793813073
v 0.18742016316588056 -0.11629138686033369 0.30370568419232546
v 0.1317089105291836 -0.10933242917461057 0.32020097377325385
v 0.15492933538189599 -0.10149591439424827 0.31678230009894653
v 0.11764253004527929 -0.090661625125995793 0.3298108560137985
v 0.09967466828207823 -0.10533099450188696 0.32968584587541772
v 0.091612271184222369 -0.10432391108026796 0.33207300408927992
v 0.095330238818225457 -0.10887788516001302 0.32965561979307639
v 0.087752599376870702 -0.11506444162199825 0.32960289887002253
v 0.0065960129974890775 -0.10449469036318186 0.35377137886777521
v -0.0055723841619724594 -0.10290989072129682 0.35739513480911234
v -0.011659168107267888 -0.091424154836622987 0.36265017148091944
v -0.0020959947030719439 -0.10017622879019805 0.35738566665525495
v 0.011615790462234992 -0.10176477981767507 0.3533657919502019
v 0.065568260787239943 -0.072423754554742828 0.34900655165489802
v 0.093227345637797943 -0.057381887089648531 0.34677175881137745
v 0.050117521251483055 -0.052197718790648807 0.35947132828089073
v 0.049471361098395519 -0.052707374047417675 0.35947259023682432
v 0.059589299302595933 -0.043491171780222611 0.35985064904681113
v 0.09301793337577377 -0.06050004573142443 0.3458215153881869
v 0.17816918094509165 -0.10496026785874164 0.30972057768736072
v 0.20180405299125076 -0.13390957734373604 0.29435342705261136
v 0.20204005568222874 -0.1299491237440201 0.29556802605989874
v 0.20240243009426276 -0.12386798145978334 0.29743300154786639
v 0.20273988527721831 -0.1182049938259028 0.29916973702946259
v 0.35560023281100694 -0.13729895595534533 0.25391001778569522
v 0.38547650217537827 -0.074415753312332647 0.26650943058193272
v 0.38481106218298772 -0.061693458673339391 0.27077537678299485
v 0.38114635304348254 0.0083707223268213154 0.29426878252110344
v 0.40534199361389944 0.028124591396230122 0.29443712198124955
v 0.40435248724022321 0.042509497207884377 0.29932123110458581
v 0.38664334094866254 0.070347893210322879 0.31281451381618841
v 0.393913915234756 0.096877521150988619 0.31949483321133426
v 0.38867361986216115 0.10542835786193892 0.32358844662337444
v 0.38247567678629174 0.10903439309666901 0.32633522015634908
v 0.35829903183505396 0.089296032504002879 0.32616701284359084
v 0.38470607975553289 0.056951207400116464 0.30899742201361707
v 0.28958162355624328 0.06585326672893041 0.33620302209348302
v 0.30030155335261305 0.12283221916808856 0.35180327179008342
v 0.2886895570397614 0.12848312021989008 0.35659365666910647
v 0.25231418039294662 0.099879326495547968 0.35669273195346529
v 0.22803278969229041 0.080785643992042869 0.35675886697202502
v 0.22899156472634719 0.0879388777470166 0.35881637728092847
v 0.22913385045144233 0.089000433251058469 0.35912171595121584
v 0.22924037497696895 0.089795194432257266 0.35935031606557227
v 0.23035051240334184 0.098077699574579569 0.36173264227922663
v 0.22459049823419444 0.093538499830893726 0.3617451726906965
v 0.22516232140364451 0.09502881997517211 0.36207863619661856
v 0.22538065629859069 0.095597857054402227 0.36220595989506771
v 0.22921512543104097 0.10559148271389335 0.36444206326901102
v 0.22923933772321467 0.10565458541448318 0.36445618259795926
v 0.20965249128588034 0.090598386771659545 0.36462089507689022
v 0.21040137796597627 0.090231513102410565 0.36431116792606538
v 0.18429596735004383 0.068918464517551403 0.3641295413557939
v 0.17979505085947117 0.067003079033974414 0.36466458522296841
v 0.16267936604619573 0.051270181492937571 0.36397914539449144
v 0.13563944528923494 0.026414833494138014 0.36289626496707977
v 0.12318448120240691 0.014966114054356813 0.3623974751679343
v 0.2000787191449801 0.075634886320950723 0.36225337577156136
v 0.16318123384707606 0.037895831791718154 0.35954513724279769
v 0.15859076835020461 0.040075441486305236 0.36142139280081809
v 0.15617937693803896 0.032394822889303024 0.3595657870272278
v 0.10125749918598506 -0.010754550474324054 0.35972776183556771
v 0.097076196225929043 -0.0056330574617066646 0.36244640196397548
v 0.044746775707455284 -0.046920438409785978 0.36254446704349846
v 0.042429757094204629 -0.056972566182447983 0.35990125571489995
v -0.040301215454801066 -0.10576192708196486 0.36536314656437535
v -0.037278987454134362 -0.10611691166753549 0.3644755605154017
v -0.036793709260813358 -0.09884218614676174 0.36669333762765732
v -0.020109279343353936 -0.098089336283912795 0.3626666090673627
v 0.036593806596686582 -0.4073717637098711 0.24859078195131984
v -0.028132413852064674 -0.1504136936991102 0.34787477271924544
v -0.022330896679347789 -0.14567720368684955 0.34791513636455551
v 0.080264010653246537 -0.12117829513376847 0.32955079754270927
v 0.036616122418984758 -0.11573602316423798 0.34247113409016566
v -0.011661477847450794 -0.091425977231693226 0.36265017581700559
v -0.011661222121607324 -0.091423898284858349 0.36265077961700382
v 0.3724128998441138 -0.0033375532691151248 0.29273420038357412
v 0.33853374166955202 0.005893982276293612 0.30437485858730384
v 0.20397660931901268 0.077293651230324903 0.36179001628731411
v -0.047442792261566405 -0.21286627766371119 0.33271046388548137
v 0.2243793454981565 0.085976128419979897 0.35936465271502938
v 0.061617763564035311 -0.13600760879079343 0.32954787708543837
v -0.016025387539731435 -0.12690366789759894 0.3523454771165167
v -0.015118158710718869 -0.11952808382541182 0.35448775780666691
v 0.048841149483176145 -0.051935455729466153 0.35988234733364483
v -0.037304181250383081 -0.22847158834716486 0.32509246317333995
v 0.20206559693319129 -0.13422993089962454 0.29418337385764948
v 0.20178691378477029 -0.13419719726897919 0.29426521923905885
v 0.20169503908768591 -0.13573898469120965 0.29379238107045924
v 0.20166072965106085 -0.13631474012298878 0.29361580743430965
v 0.20149263357956068 -0.13913562924110623 0.29275069206785426
v 0.18727698498133696 -0.15074160675664322 0.2926517876975584
v 0.21853874609683083 -0.15440716277507208 0.28347270176009787
v 0.21291681459154463 -0.14752110749952743 0.28712802378926089
v 0.20924599590663578 -0.14302488404792513 0.28951475231763235
v 0.20347357165240959 -0.13595449694892392 0.29326792318983091
v 0.19405734795017782 -0.14520596486298315 0.29269896163076814
v 0.19828202875486814 -0.14175683973309428 0.29272835451350521
v 0.20400647220251772 -0.13660722317534402 0.29292143676531901
v 0.18976173796423371 -0.18249887721561994 0.28179241401599264
v 0.23579527096342659 -0.20519752982526124 0.26270632281209733
v 0.22079101754881431 -0.15716587045604916 0.28200829804147531
v -0.07975417664304249 -0.35965098138023821 0.29372378743942495
v -0.079753343030477639 -0.36187386031082519 0.29300796444872351
v -0.079499818886375889 -0.35996253299093617 0.29355840658378402
v -0.064575024044220553 -0.36927001415632882 0.28674320656954816
v -0.065146733443028917 -0.36754627640272669 0.28744441302675472
v -0.068675890179809213 -0.35690566327523215 0.29177295259314268
v -0.068845594061734613 -0.35639399179001752 0.29198109716940507
v -0.072222431111938185 -0.35494668928550144 0.29331106709229271
v -0.07847882917185145 -0.35226521540343919 0.29577515439177665
v -0.073566360289926552 -0.31522978542213009 0.30644097339461707
v -0.082889120119495202 -0.31678374191531683 0.30832615070801828
v -0.086810407349882768 -0.3174373584331423 0.30911908345459826
v -0.086824240600384392 -0.31896679709494108 0.30863025204514699
v -0.087003350950179512 -0.3387692960933491 0.30230107876691603
v -0.087092029332320853 -0.34857362294268396 0.29916746997908039
v -0.081583136547720106 -0.35093471828474221 0.29699778826996426
v -0.080254608631582042 -0.35903802439398336 0.29404916311225154
v -0.073764707014922923 -0.36698721784501936 0.28982949590718726
v -0.070426547853293442 -0.37107598134468617 0.28765905915125795
v -0.066288313275531849 -0.37614472184276476 0.28496842162215108
v -0.065562608344464854 -0.3770336057236231 0.28449657569460179
v -0.091070423178815821 -0.44719408185423104 0.26843662709963712
v -0.099819264115575693 -0.44919848176662708 0.2700299432277069
v -0.10279333915672109 -0.47245944045603139 0.26330254637726841
v -0.095591713802626876 -0.48128039288020558 0.25862012369443532
v -0.089379250929280091 -0.48888976390334143 0.25458084422950178
v -0.083825834592516635 -0.44553431303766999 0.26711726148842169
v 0.35209766237357459 0.12670867446799511 0.33979799710805292
v 0.38513376058070897 0.11120451295696791 0.32635371361545445
v 0.39521439781017237 0.10162285734684263 0.3206897373023086
v 0.39587284792842803 0.10402547881826328 0.32129473178900614
v 0.38269380819490872 0.12016790168199121 0.32986360780565627
v 0.34180516005106076 0.17025059846100662 0.35644898614824178
v 0.33802153183859224 0.17488499728612189 0.35890906230992459
v 0.28912426356340326 0.13631754397432036 0.35900455686465399
v 0.29358122251591773 0.13771662579377886 0.35831454731756196
v 0.30369944865688742 0.14089283327286142 0.35674808173199563
v 0.30356549167577013 0.14018081963709428 0.35655313971217845
v 0.3180321404546082 0.1142037463829917 0.34448873826246929
v 0.20912433363973346 0.090857127950096414 0.36483933259254225
v 0.17520638969064425 0.064120034856574012 0.3649105630285443
v 0.27653110324855262 0.13439995121640608 0.36165592679746855
v 0.27907374370440668 0.13316259111206766 0.36268493341910768
v 0.28801045316232987 0.13596790831237229 0.36401800028829706
v 0.28238729666108259 0.13155007546552902 0.36402592701514358
v 0.28281561757516838 0.13134163391898454 0.36419926907984007
v 0.28466839384605697 0.13043999058839081 0.36494908807008114
v 0.28868955414903724 0.12848312027151015 0.36657645099184266
v 0.30030155335261305 0.12283221916808856 0.37127582539704979
v 0.30356549121118948 0.14018081772715155 0.36655215579783118
v 0.30369944865688742 0.14089283327286142 0.36635828845632146
v 0.29358122251591773 0.13771662579377886 0.36484897800973159
v 0.28912426588630658 0.13631754268381852 0.36418414558560458
v 0.33802153183859224 0.17488499728612189 0.36406691727652435
v 0.33783545174649082 0.17511291854489347 0.363947763951668
v 0.33468514871720706 0.17897158541265673 0.36193051931317544
v 0.33402570702896206 0.17977930632947561 0.36150825673738052
v 0.33326179937209638 0.18071498308416209 0.36101910099900819
v 0.33080358364947787 0.1837259427841528 0.35944502310446236
v 0.3292888265108464 0.18558130181379234 0.35847507330530254
v 0.3260242637912818 0.18957992030179324 0.35638466438799926
v 0.32093481053228357 0.19581376653243285 0.35312571684839572
v 0.2849002917604207 0.2415163049105728 0.32955192286030871
v 0.26817984156224456 0.22786535059480664 0.32973972917928368
v 0.26823126682145687 0.22765782649182617 0.32981879352924032
v 0.28589801388173419 0.22386525231416249 0.33543484654057121
v 0.28203363829843692 0.21744343396087223 0.33652101506341636
v 0.30705817093284388 0.20792143474037847 0.34580065143207228
v 0.30965541474096731 0.18142051256765312 0.35490727440103892
v 0.25660577986053051 0.13810958886754951 0.35550313497385405
v 0.25675644594967684 0.13631177388251914 0.35611455930851049
v 0.25737801491925216 0.12889490722447577 0.35863698338207034
v 0.25740238036818358 0.12860419618599911 0.35873585275395647
v 0.22921512687640305 0.10559148390115505 0.35905245575017414
v 0.22538065629859069 0.095597857570602962 0.36128618439426213
v 0.23056654447519492 0.099689470653179957 0.36127334560447399
v 0.23104819486137965 0.10328296582348645 0.36024642742776325
v 0.27191407597186812 0.13664679693409784 0.35978741636687656
v 0.27647577432453191 0.13442687665963607 0.36163353519690267
v 0.23014723890368288 0.10635248126990428 0.35904198616689337
v 0.2753120308973272 0.13499320466579567 0.36116256835920285
v 0.13068730178673929 0.11561332643487168 0.33128406384565462
v 0.2572557252619781 0.21894665458092649 0.3298624303517827
v 0.24156462666239137 0.22109650014120888 0.32526338709569941
v 0.18927291517533465 0.29189026366910792 0.28962661404902496
v 0.18744502452885678 0.29039793235515099 0.28964714521052654
v 0.16187686717085911 0.28240479236113242 0.28582269042392994
v 0.1448402928558859 0.3295302375454941 0.26653214966024408
v 0.23899445211102233 0.23393418221422591 0.3205247508240282
v 0.23846023421664181 0.2340488643631872 0.32035492919671549
v 0.205954983164717 0.2738631088183518 0.29954072729632258
v 0.19281892684685137 0.29478530796496449 0.28958678477471433
v 0.22328711435255441 0.31966022647570025 0.28924456201340248
v 0.15711950478841191 0.40358052902529767 0.24595769017028457
v 0.15868202438070964 0.39510600288824993 0.24905235465834749
v 0.15305907446299596 0.40010687703050796 0.24605392965429274
v 0.11491056145906732 0.37172583440162893 0.24560007879404039
v 0.1467749398020198 0.41670052886772169 0.23919027238020305
v 0.088521274715332901 0.49058358478264813 0.20108070558598989
v 0.00074759991727757664 0.41892316833278831 0.20206659127609988
v -0.010410954727643371 0.35887235250817512 0.21845194316063041
v 0.003602714176440318 0.35968975858963986 0.22168556124643241
v -0.0062298470463249154 0.28278692518216969 0.24378064857434759
v 0.0051203850101131003 0.27799484282865389 0.24814061660944581
v 0.0086598773244636676 0.27650046601766964 0.24950024241934432
v 0.0095321062983698499 0.27613220924017484 0.24983529221012096
v 0.017117364914173958 0.27292970479225559 0.25274901941075212
v 0.01973960842707026 0.27182258951469818 0.25375630286015538
v 0.023226377805184079 0.27035047236337229 0.25509567620532847
v 0.020416752083835612 0.27692285046845783 0.2522971820430816
v 0.018265473447076342 0.28195520103447425 0.2501544260869159
v 0.012048266121166105 0.29649871550948398 0.24396185155029704
v 0.019973105634547107 0.3606446303718488 0.22546298694574513
v 0.028337389207043626 0.3611325122300505 0.2273930239096067
v 0.031622356670550106 0.36132412155469074 0.22815102173913263
v 0.035285276400211896 0.36153777703836598 0.22899623095993477
v 0.040547139104041098 0.36184469724446117 0.23021039228062001
v 0.044118399908525209 0.36205300700495835 0.23103445120876065
v 0.033287473171852003 0.30679746540947767 0.24597087522752487
v 0.028511000625282938 0.30685113216713589 0.24476265609996545
v 0.027631350026948172 0.30686101457208209 0.24454014694778622
v 0.028119764242966493 0.30369279782873698 0.24567321937923739
v 0.02395157443338861 0.27004429347315073 0.25537424620254867
v 0.028203680776579674 0.26824905169715768 0.25700760815113682
v 0.027241998964571391 0.26095698611619794 0.25909538769676288
v 0.030690806527768899 0.25288941245414448 0.26253053070385851
v 0.042957913862810282 0.22419374945282569 0.2747490370687618
v 0.033787635755228647 0.17952246807342342 0.28672112825120755
v 0.021881747316878926 0.18127356529183236 0.28319326542318635
v 0.018320429519307117 0.15232078172428015 0.29154677526692985
v 0.01226274799059586 0.14737515329448456 0.29161481599535821
v 0.0098772922583733967 0.1292871707946322 0.29679355659850337
v 0.016411477910054793 0.13680139874411817 0.2960244558590166
v 0.011747294354225567 0.098882540607505176 0.30696487393331323
v -0.0019610264847174149 0.11567325651413218 0.29818697657345455
v -0.0030454084884433004 0.11442623122211633 0.29831461288306804
v -0.0068557546830669168 0.084472360575527872 0.30692556545392291
v -0.013861703825040442 0.086776017126306615 0.30444320588734797
v -0.011671185415208462 0.10450669874465615 0.2993299031736717
v -0.013664488405572028 0.10221442596865751 0.29956452332422462
v -0.023504033308063384 0.090899075970318446 0.30072267923982771
v -0.022315660343631909 0.089555799270057482 0.30144778589424431
v -0.020192893383337174 0.087156333127241581 0.30274302872249326
v -0.016175020866069936 0.082614731088581292 0.30519460496803485
v -0.014596274039127945 0.080830195573905417 0.30615790506934326
v -0.0082339003299282086 0.073638490204170792 0.31004001916817286
v -0.014360351668984139 0.025477267754486652 0.32388510811418858
v -0.026415569184959926 0.040243170539083765 0.31616574818754212
v -0.030837470622746041 0.0069061611153548932 0.32570408046383059
v -0.034283334757739967 -0.019072438389456981 0.3331370361179618
v -0.026114720015693638 -0.012403396225259827 0.33304528515419329
v -0.024096051334237027 0.0039362845928769749 0.32833312936071962
v -0.02144176770638111 0.0027669618616621905 0.32936825879412129
v -0.016742648097856184 0.0067495733778718675 0.32926882929281903
v -0.015289521816662583 0.0079811281338989654 0.32923808329309878
v -0.017008880742680928 -0.0049691827964209448 0.33294300710238234
v -0.00933997339820428 0.0012918868801322179 0.33285686894405148
v -0.0077162573313861076 0.014399646209418436 0.32907783832503762
v -0.00050426465337649281 0.0085055596366697805 0.33275762506853307
v -0.0067208080935231293 0.0034302327785697825 0.33282745009641751
v -0.015985413987315782 -0.066819669863902864 0.35294058455246141
v -0.0077917688265529451 -0.059966036330520257 0.35279615463275865
v -0.0087650794538296287 -0.067878856987358488 0.35507917621406831
v 0.011899818198192452 -0.05198719535492529 0.35515975788446152
v 0.011549108838718326 -0.061066560602249652 0.35797039004238046
v 0.011396823685970701 -0.065009006849091167 0.35919082402790126
v 0.030866832113599543 -0.049661041537290486 0.35914698624841329
v 0.03388816192498962 -0.051571503446649444 0.36051021230032887
v 0.036643548215585894 -0.053313802591373437 0.3617534444461134
v 0.042429757094204629 -0.056972566182447983 0.36436418576778129
v 0.048841149483176145 -0.051935455729466153 0.36435514786723544
v 0.00075721647884589502 0.0095354614536212814 0.33274345592621396
v 0.00048194866933919155 0.0072975905051256632 0.33338913054089142
v 0.044746775707455284 -0.046920438409785978 0.36173338313051961
v 0.097076196225929043 -0.0056330574617066646 0.36160383016758196
v 0.095825030178107812 -0.0041005594330195284 0.3608026666003033
v 0.13563944528923494 0.026414833494138014 0.36099066282952819
v 0.16267936604619573 0.051270181492937571 0.35979979434426973
v 0.10790603037212931 0.0065519894426996714 0.36041501574828305
v 0.099012234126559961 0.0040571273394945304 0.35899355430411567
v 0.095953339406997712 0.0031990579065737448 0.35850466193135772
v 0.090999896524015203 0.0018095333372192346 0.3577129717831839
v 0.076603600691551949 -0.0022288708061302402 0.35541206580801465
v 0.087472793491853898 0.0061297258861233404 0.35545444945003579
v 0.053350679195951052 0.047924394536306446 0.33360491586879382
v 0.057486915509052425 0.048220728549375202 0.33454176346998443
v 0.13257670100270119 0.095838117936852499 0.33806736100270596
v 0.037316163140074417 0.30675220121250224 0.24698994090705462
v 0.19009401962857597 0.29912535106470278 0.28752196650878392
v 0.11781125237150958 0.37132975657263118 0.24644983791134945
v -0.0062978079701198914 0.015601814586837761 0.32904782512387892
v 0.1720143695377267 0.32792136338541117 0.27382197973068639
v 0.059589299302595933 -0.043491171780222611 0.36433999665302053
v 0.049471361098395519 -0.052707374047417675 0.36475869352062745
v 0.050117521251483055 -0.052197718790648807 0.36475714440222562
v -0.095728793591702652 -0.10775285214202859 0.34612097494507804
v -0.090728851191768919 -0.1083311247234454 0.34755237129180622
v -0.092768047318081845 -0.10999597063232271 0.3475752758410412
v -0.09344574449689394 -0.11054925801420729 0.34758288778868029
v -0.086876063850362395 -0.11859616924491262 0.35178967454655719
v -0.083227663195497015 -0.1230649339146869 0.35412586779740135
v -0.078990556716465724 -0.11952077302928074 0.35405117922944418
v -0.070823967236377974 -0.11268977303974788 0.35390722710514055
v -0.067556954834611577 -0.11309082074616947 0.35484992067964027
v -0.057013711464251694 -0.11438508671614997 0.35789216818364133
v -0.057657857815036954 -0.11944395260391347 0.3593463043083302
v -0.057982624319377694 -0.12198402976178419 0.36007609832350918
v -0.057981499156638458 -0.1219841617026917 0.36007642100058779
v -0.051374179320649166 -0.12275889336626193 0.36197135104931083
v -0.058834252186582878 -0.12864481674060799 0.36198982060832219
v -0.059000685214179317 -0.12994654382437318 0.36236382254512278
v -0.059955098764997002 -0.13741122847928178 0.36450851368621906
v -0.060183419976097045 -0.13919698382791143 0.36502158216547925
v -0.049052407014841946 -0.13041745811283834 0.36499489644587002
v -0.050042077901691975 -0.13787865283782658 0.36712968164326665
v -0.04378818646092146 -0.13296090255133505 0.367119467527729
v -0.040709808622207244 -0.13054022169400603 0.36711444076498428
v -0.033484108698295094 -0.12485828577655371 0.36710263835140916
v -0.033483892255327455 -0.12485659490943042 0.36710215260651879
v -0.039914478691040062 -0.12410258535001317 0.3652579082045968
v -0.039792294958156525 -0.12311359528031081 0.36497269604605587
v -0.039581134582347709 -0.12140442651811606 0.36447979429057931
v -0.034209806092831384 -0.11718443921697679 0.36447222157419595
v -0.038987327920631823 -0.11659796214109866 0.36309367045165836
v -0.041647611917436253 -0.11627139208301449 0.36232604713029143
v -0.041650376327225389 -0.11627105397153391 0.36232524980663816
v -0.041481648374407105 -0.11495378867786378 0.36194686047332159
v -0.041364648071190932 -0.11404036874373159 0.36168447734384829
v -0.046796776954404748 -0.11341211285823194 0.36012935408214325
v -0.04679720638179511 -0.11341206319972137 0.3601292311231285
v -0.046796722340367122 -0.11341169189653362 0.36012923329117158
v -0.046422032720949108 -0.11058689291919893 0.35932100665249389
v -0.045780697805839835 -0.10575182436254554 0.35793760448194134
v -0.045782311242853063 -0.10575162882570763 0.35793713974642077
v -0.045780485750578435 -0.10575022563725323 0.35793714702485113
v -0.045742920635925971 -0.10546701979610394 0.35785611667278017
v -0.045697956661297272 -0.10512803345853212 0.35775912642642493
v -0.044727326870910945 -0.097810390802278893 0.35566541408252639
v -0.047258245543744415 -0.097480766539313674 0.35492907510662491
v -0.055677530149555621 -0.10395534060758728 0.35489624443024165
v -0.055114175614482286 -0.099549207863333697 0.35363031070535067
v -0.051916080191889737 -0.096874137090032356 0.3535739374040055
v -0.054725369711700354 -0.096508255868314005 0.35275660921723156
v -0.054419300978715342 -0.094114418429918356 0.35206883161887187
v -0.053408562494561281 -0.086209189175930026 0.34979756640603193
v -0.062275973191248044 -0.085101550574068818 0.34723278475858793
v -0.070967230697282779 -0.09219729009780421 0.34733040611196025
v -0.073286583467011043 -0.094090862228877192 0.34735645742086774
v -0.11088006907962199 -0.089194724905764855 0.3364191053724489
v -0.10347156270542134 -0.098269076708323452 0.34116302036444296
v -0.10340567443081228 -0.098349780356950051 0.34120521079252952
v -0.10302558142859426 -0.098815339424143653 0.34144859711556208
v -0.057011087822402627 -0.11438540882540781 0.35789292524363736
v -0.083140599489250663 0.058847574809782477 0.29608203417935447
v -0.09923614265418701 0.056344933148560004 0.2928671864427313
v -0.13445617177549038 0.027590503532814423 0.29326278255320437
v -0.089849186604394282 -0.027046619672648979 0.32182613040145952
v -0.049414924104758763 -0.031426210717298009 0.33330699613869125
v -0.048344868994296138 -0.030552593473138642 0.33329497712728828
v -0.045661250504665671 -0.025615587608778575 0.332388312763778
v -0.041399039841833019 0.0077201845334117069 0.32281055405623149
v -0.04093439661798115 0.011354277549301194 0.32176643622593432
v -0.046293493369772128 0.013715184168371239 0.31967647139612226
v -0.072499333058107546 0.045813558213849102 0.30289599376322723
v -0.16860541474285204 -0.0718198157501658 0.3164783954342974
v -0.15582575161911918 -0.061386209234416192 0.3163348525539354
v -0.18006151198161954 -0.058548955469019122 0.30938564559035137
v -0.20967295447062417 -0.066690021352209403 0.30460015093897885
v -0.22115166006264564 -0.069845858724419257 0.30274508139471079
v -0.20910177035768243 -0.076193994791462591 0.3077762045386227
v -0.17832979469383589 -0.079759019839463624 0.31658762098016308
v -0.21636369549400264 -0.085081917911564303 0.30880230840867606
v -0.2480465758006663 -0.081360499165936032 0.29971382339136948
v -0.26768704842228119 -0.097395425911116384 0.29993442781446139
v -0.16655289506264198 -0.10925377200379269 0.32893895147205343
v -0.2082081813587566 -0.086039851125464584 0.31114178216680288
v -0.16274345423248515 -0.10140595836367096 0.32738391369318987
v -0.16243829323849035 -0.10077729741545559 0.32725934506129661
v -0.16423749339656954 -0.099829440852837556 0.32650813506493842
v -0.1850221644853893 -0.088879638197582322 0.31783002761773427
v -0.18530649879296252 -0.088729844900636443 0.31771131110193879
v -0.18695873335009489 -0.087859412924724392 0.31702146281595595
v -0.18774454170062876 -0.087445432531601169 0.31669336867520559
v -0.20857618953397808 -0.076470881561330376 0.30799564725196343
v -0.22359051929015217 -0.074515429815685957 0.30362741654658121
v -0.22520507325852795 -0.07432837962754571 0.30316509653575135
v -0.20967879760482921 -0.085026543510258942 0.31045161812083122
v -0.33005292331053987 -0.062181444442748743 0.27314238773384114
v -0.32896741056910683 -0.060791251393444108 0.27296933494803582
v -0.37030486737606055 -0.055407503062655065 0.26094272156007592
v -0.36097533783196989 -0.047790663750544332 0.26083793100443387
v -0.3495789963514751 -0.049214195314514042 0.26413417296302516
v -0.25505614252900161 -0.070870044599026516 0.29461737757399248
v -0.26408654510433383 -0.078242669860228223 0.29471880823067903
v -0.2468587500606326 -0.080390731327534826 0.29970048156396634
v -0.24043719011742964 -0.075148024316732218 0.29962835376460883
v -0.23766512445196644 -0.072884847143468073 0.29959721756875402
v -0.23745123838142354 -0.072710225675253148 0.29959481517053937
v -0.23292112712595542 -0.069011740231240695 0.29954393233505799
v -0.24218445753935519 -0.062628971482672852 0.29519662722015799
v -0.24369075063779647 -0.061591081201267092 0.29448971994528866
v -0.13777623206185538 0.031657098533872441 0.29113683662231132
v -0.091672160696984084 0.069297506793175978 0.29061898951799908
v -0.088352100410619097 0.065230911792117971 0.29274493544889219
v -0.063428711270430538 0.085578931312931303 0.29246499256420067
v -0.08295395658348928 0.10949454072833117 0.27996232347684802
v -0.048152022852697915 0.098051165824466324 0.29229340279451477
v -0.027716420017979696 0.11473525489458128 0.29206386732442885
v -0.024125407876442392 0.14282142704271175 0.28399438020949574
v -0.014390887884726212 0.13089804399367638 0.29022771968587507
v -0.011802547764957858 0.12772770065816874 0.29188512058643057
v -0.010232270088593332 0.12900971099032993 0.29186748303976173
v -0.0084658166210380519 0.13045188359519472 0.29184764198702107
v -0.0001424048934739559 0.13724730548155931 0.29175415230432122
v 0.0021175772037289251 0.13909240605401818 0.29172876787514157
v 0.0083614530597639746 0.14419004775363495 0.29165863586268076
v 0.016831257353840379 0.18201638253532162 0.28169674245603171
v 0.01311487781139449 0.18256298114295924 0.28059553297944839
v 0.019282177766349828 0.2323496930154621 0.26624178235983598
v 0.013560955927479197 0.22528459687074109 0.26707024788715977
v 0.010589843310724382 0.22161559108280898 0.26750048194440484
v 0.0013939515808373093 0.2102596497430162 0.26883209942517422
v -5.3962208587615777e-05 0.20847163131874999 0.2690417656063393
v -0.0048941604584120044 0.20249450492771423 0.26974265387741359
v -0.0011048890362826184 0.23106207467853007 0.26156894614406845
v -0.013004356608566164 0.22980185204369641 0.25900388244454359
v -0.060057067406088196 0.22481869700782312 0.24886114270503198
v -0.062966425173988927 0.19778294704955041 0.2567653217486276
v -0.068785660059348552 0.19752379471722914 0.25539692362346078
v -0.11746790011825123 0.19535579200261941 0.24394925279384999
v -0.12727151858531921 0.16728694866149893 0.25046399708701877
v -0.12899092453722441 0.16588318670808838 0.25048330965344834
v -0.1402908321325147 0.17972394369754699 0.24324760008110916
v -0.14074987953393306 0.18028621054605434 0.2429536566452582
v -0.17739721808589573 0.15036649313374897 0.24336528445353767
v -0.31009537175563084 0.042028714400272817 0.24485576787210811
v -0.38879618115114023 -0.022224409211691193 0.24573974593605363
v -0.41022077906270793 -0.039715936320622973 0.24598038989106835
v -0.41226407315178537 -0.041384127881315548 0.24600334043378869
v -0.42130494954324432 -0.048765304214151151 0.2461048887842425
v -0.42435589549418878 -0.051256165555189893 0.24613915738938957
v -0.43179732453174341 -0.057331516789875643 0.24622274050894882
v -0.43355271803723883 -0.05876465985664648 0.24624245736379302
v -0.43441641963312477 -0.059469805390031778 0.24625215853066162
v -0.38981631675993067 -0.064708459760494247 0.25904605108895917
v -0.38656902209054972 -0.068685927388012755 0.26112540272844642
v -0.38271837646598728 -0.065542173036096871 0.26108215171433241
v -0.33696903081201868 -0.070915814621100873 0.27420571334181887
v -0.3368680167293242 -0.070909393548554411 0.27422885322696833
v -0.33656182173363974 -0.070517253608473704 0.27418003870458674
v -0.33562880811015844 -0.069322365416481929 0.27403129819903727
v -0.10949003584606448 0.054750589935890388 0.29081912229753404
v -0.25457797288436423 -0.070479656076415167 0.29461200671183863
v -0.25606700717261499 -0.060894885969163141 0.29118128274436395
v -0.25077598403123913 -0.067375626261681004 0.29456930225106148
v -0.38697590332984272 -0.083408373297643265 0.26572327002763829
v -0.35001193808804865 -0.08774253418678099 0.27632426123865694
v -0.34336739037134623 -0.079233000090275396 0.2752649843995138
v -0.36039453617667838 -0.077142787897071755 0.27035181131654801
v -0.38582297916029568 -0.074021253560597869 0.2630144491728269
v -0.38683063489366815 -0.074085306535118356 0.26278361969074177
v -0.38756702234081852 -0.074132114998208681 0.26261493086593912
v -0.089123716028460379 0.22243497994291186 0.24237378466748813
v -0.088017995576905483 0.22108063187255483 0.243081814524093
v -0.086884357802410841 0.22197753137002596 0.24307821928922296
v -0.057538628453812551 0.2482217609069261 0.24201901673136542
v 0.17979505085947117 0.067003079033974414 0.3651388353038148
v 0.18429596611116206 0.068918463485149947 0.36565566089849511
v 0.21040137796597627 0.090231513102410565 0.36536406122045539
v 0.20965249128588034 0.090598386771659545 0.36505707602468779
v 0.22923933829103549 0.10565458773738648 0.36513966984554092
v 0.23014723890368288 0.10635248126990428 0.36514349829990245
v 0.25740238036818358 0.12860419618599911 0.36483905606380923
v 0.25737801734539562 0.12889490608883414 0.36473920575566887
v 0.25675644672397796 0.13631177285011767 0.3621917305637431
v 0.25660577908622939 0.13810958819648858 0.36157423354041535
v 0.2538783117704152 0.17065495563357203 0.35039585818106267
v 0.25585519126661554 0.17394013303591691 0.34983506018174299
v 0.27474314594245325 0.20532810817314268 0.34447696165893082
v 0.28203363566581319 0.21744343396087223 0.34240880940732166
v 0.26958901840973143 0.22217869211170202 0.33774628966969727
v 0.26823126682145687 0.22765782649182617 0.33563792388395136
v 0.26798928456441995 0.22770977553992297 0.33556019731981618
v 0.13068730178673929 0.11561332643487168 0.33709387213131592
v 0.13257670100270119 0.095838117936852499 0.34394457338643081
v 0.057486915509052425 0.048220728549375202 0.34037111336034087
v 0.053350679195951052 0.047924394536306446 0.33942428563740518
v 0.087472793491853898 0.0061297258861233404 0.36149578651491621
v 0.076603600536691727 -0.002228867967026205 0.36145110113382345
v 0.090999896524015203 0.0018095333372192346 0.3637772529382754
v 0.095953338529456464 0.0031990574936131581 0.36457762919619507
v 0.099012231803656661 0.0040571287332365116 0.36507188463647572
v 0.10790603037212931 0.0065519894426996714 0.36650894298257147
v 0.16267936604619573 0.051270181492937571 0.36589712014094866
v -0.042901505569934315 -0.084045402324332441 0.35770890520542392
v -0.038641672837401497 -0.085770661373116813 0.35933854292057871
v -0.037635799803262857 -0.08492929227281272 0.35932081137375638
v -0.034779709098792258 -0.082540293493614414 0.35927046311575478
v -0.027305696799866004 -0.07628860204875082 0.35913870938260911
v -0.026374220215689349 -0.075509461721194437 0.35912228903727034
v -0.017984376654143621 -0.068491716566534869 0.35897439081645799
v -0.015985413987315782 -0.066819669863902864 0.35893915257985282
v -0.0067208080935231293 0.0034302327785697825 0.33862873239780056
v -0.0093399720044622971 0.0012918880157738316 0.33865798869382346
v -0.017008880742680928 -0.0049691827964209448 0.33874365101831805
v -0.015289521765042511 0.0079811281855190399 0.33500238853570524
v -0.016742647065454717 0.0067495760104956098 0.33503318641359919
v -0.02144176770638111 0.0027669618616621905 0.33513278620952347
v -0.024096051334237027 0.0039362835088554331 0.3340869617163606
v -0.026114720015693638 -0.012403396225259827 0.33884536403680587
v -0.034283334757739967 -0.019072438389456981 0.33893660814307397
v -0.046053271150756817 -0.028681681108912675 0.33906807935955807
v -0.052628230207890717 -0.080106022051748674 0.35398785972454622
v -0.028606510466432949 -0.014437750440310778 0.33887319752874645
v -0.11424306740759614 -0.088756731422331092 0.34124919254040215
v -0.11088006995716324 -0.089194723821743316 0.34223787144430223
v -0.11234215206298602 -0.087403884153987171 0.34129214028658511
v -0.11459684645797333 -0.084642208731751961 0.33983371690832259
v -0.10814204855600822 -0.079372365461339731 0.33976161626112367
v -0.049414924104758763 -0.031426210717298009 0.33910562929790899
v -0.089849186604394282 -0.027046619672648979 0.32750423456086564
v -0.13445617177549038 0.027590503532814423 0.29865071443283964
v -0.24369075063779647 -0.061591081201267092 0.29987087395443029
v -0.24218445919119755 -0.062628969675970286 0.30058503126860436
v -0.23292112712595542 -0.069011740231240695 0.30497692957114603
v -0.23745123719416183 -0.072710224694471748 0.30502753128370785
v -0.23346062214043647 -0.073229958357605374 0.30620072221674061
v -0.22869909603125127 -0.071920875155284683 0.30697866495859488
v -0.22524664109690964 -0.074299740397879885 0.30861553041318268
v -0.2252050746006499 -0.074328378440284018 0.30863523689239208
v -0.22359052109685471 -0.074515430280266623 0.30910240846743758
v -0.20910176896394048 -0.076193995256043257 0.31329473102265609
v -0.22115166006264564 -0.069845858724419257 0.3082117708462066
v -0.17901760099295638 -0.080320560496778839 0.32220628911603094
v -0.11889452444729678 -0.088150930423607277 0.33988172233767416
v -0.13873929548512737 -0.10435265102069693 0.34010339013427748
v -0.1474814757289602 -0.11148996504180345 0.34020104101433174
v -0.086876063850362395 -0.11859616924491262 0.35776458927554944
v -0.09344574449689394 -0.11054925801420729 0.3535150662073101
v -0.092768047318081845 -0.10999597063232271 0.35350749627841072
v -0.090728851191768919 -0.1083311247234454 0.35348471830159567
v -0.095728792817401556 -0.10775285307118991 0.35203830242345974
v -0.10302558142859426 -0.098815339424143653 0.34731845782005771
v -0.1034056740178517 -0.098349780821530716 0.3470725992568513
v -0.10347156172463993 -0.098269077895585144 0.3470299805886361
v -0.10681758510120709 -0.097851876306643534 0.34605228117110148
v -0.20967295447062417 -0.066690021352209403 0.31008717147257187
v -0.18006151198161954 -0.058548955469019122 0.31492511402843021
v -0.15582575161911918 -0.061386209234416192 0.32194723419078808
v -0.17832979469383589 -0.079759019839463624 0.32219860624241103
v -0.13705037949737853 -0.10297378176364715 0.34008452475254353
v -0.16860541474285204 -0.0718198157501658 0.32208998413520301
v -0.12760247196193356 -0.095260295994869792 0.33997899086784494
v -0.12786735355457801 -0.095476551323540229 0.33998194957559025
v -0.1282178844634585 -0.095762732700578723 0.3399858650613955
v 0.011747292805623366 0.09888254251744788 0.31251360910372322
v 0.016411478426255528 0.13680140070568098 0.30146581415324847
v 0.0098772922583733967 0.1292871707946322 0.30224138949529783
v 0.01226274799059586 0.14737515329448456 0.29701185164275296
v 0.0083614536792048551 0.14419004826983567 0.29705542941193136
v 0.0021175789071913457 0.13909240744776016 0.29712517401574157
v -0.00014240427403307537 0.13724730599776003 0.29715041824480193
v -0.0084658146594752612 0.13045188519541701 0.29724339146866768
v -0.010232270088593332 0.12900971099032993 0.29726312288037254
v -0.011802547764957858 0.12772770065816874 0.29728066301996292
v -0.014390887884726212 0.13089804399367638 0.29560642473549598
v -0.024125407876442392 0.14282142704271175 0.28930976136651237
v -0.027716420017979696 0.11473525489458128 0.29745842231757774
v -0.048152022852697915 0.098051165824466324 0.29768668974056134
v -0.08295395658348928 0.10949454072833117 0.28522764916491927
v -0.063428711270430538 0.085578931312931303 0.29785733166246003
v -0.088352100410619097 0.065230911792117971 0.29813572806137345
v -0.083140599489250663 0.058847574809782477 0.30150672801692063
v -0.065732025580122852 0.061554375203302106 0.30502123156995387
v -0.072499333058107546 0.045813558213849102 0.30838991001594135
v -0.046293493369772128 0.013715184168371239 0.32534085886315245
v -0.040934395792059979 0.011354278013881856 0.32745241822797749
v -0.030837470622746041 0.0069061611153548932 0.33143074791072125
v -0.026415569184959926 0.040243170539083765 0.32179886096206062
v -0.020504968266718916 0.03300353686038713 0.32562206582020065
v -0.014360351668984139 0.025477267754486652 0.32959664107176817
v -0.0082339003299282086 0.073638490204170792 0.3156157049724086
v -0.014596271767844718 0.080830195470665278 0.31169410151745153
v -0.016175020866069936 0.082614731088581292 0.31072100191303481
v -0.020192894209258346 0.08715633183673975 0.30824448775194818
v -0.022315661324413302 0.089555796689053807 0.30693606972589293
v -0.023504033308063384 0.090899075970318446 0.30620358651137175
v -0.013664488405572028 0.10221442596865751 0.3050356815770921
v -0.011671186034649342 0.10450669750577438 0.30479908670063249
v 0.0066852112970093962 0.10508286228473529 0.30923925937310803
v -0.022255148093183966 0.035147254756620082 0.32448998191315459
v -0.019011110289092088 0.096065879637977289 0.30567029896557357
v -0.0030454084884433004 0.11442623122211633 0.30377524967448105
v -0.0019610264847174149 0.11567325651413218 0.30364653894466048
v 0.0039344426800763631 0.10845215712601892 0.3074599560174488
v -0.0011272709322747037 0.11465202625006582 0.30418584425537187
v 0.15711950478841191 0.40358052902529767 0.25092832067937637
v 0.1467749398020198 0.41670052886772169 0.24409219208069408
v 0.11491056145906732 0.37172583440162893 0.25055986583566003
v 0.11781125237150958 0.37132975657263118 0.2514185300350662
v 0.15305907446299596 0.40010687703050796 0.251024808868898
v 0.15868202438070964 0.39510600288824993 0.25405385732661889
v 0.1448402928558859 0.3295302375454941 0.27170410583714633
v 0.16187686717085911 0.28240479236113242 0.29118835133911075
v 0.18744502452885678 0.29039793235515099 0.29505505075487098
v 0.18927291393645287 0.29189026268832652 0.29503463305429062
v 0.19009402040287707 0.29912534884503961 0.29290931663019226
v 0.1720143695377267 0.32792136338541117 0.2790707260835929
v 0.020416752083835612 0.27692285046845783 0.25730683510797742
v 0.023226377805184079 0.27035047236337229 0.26013348869130815
v 0.023951574588248831 0.27004429497013283 0.26041493841756136
v 0.028119763107324881 0.30369279622851469 0.25061870482142967
v 0.027631350026948172 0.30686101457208209 0.24947434318317288
v 0.028511000005842058 0.30685113128959463 0.24969920507505611
v 0.033287471932970242 0.30679746386087547 0.25092019867379228
v 0.037316163140074417 0.30675220121250224 0.25195003864989596
v 0.044118401766847851 0.36205300617903718 0.23583795068362393
v 0.040547140342922859 0.36184469734770136 0.23500512429250187
v 0.035285277174512998 0.36153778008395027 0.23377804473873551
v 0.031622357857811791 0.3613241219160313 0.23292384443679401
v 0.028337391788047294 0.36113251248815081 0.2321577828291268
v 0.019973105634547107 0.3606446303718488 0.23020721201951985
v 0.012048266121166105 0.29649871550948398 0.24888763159730146
v 0.018265472517915025 0.28195520139581476 0.25514251765364565
v -0.068785660059348552 0.19752379471722914 0.26042178602677407
v -0.062966425173988927 0.19778294704955041 0.2618047230488455
v -0.060057067406088196 0.22481869700782312 0.2538228868184933
v -0.086884357802410841 0.22197753137002596 0.24797813437578478
v -0.088017995370425206 0.22108063161445443 0.2479815690722266
v -0.089123716028460379 0.22243497994291186 0.24726634626811819
v -0.14074987953393306 0.18028621054605434 0.24784301491061525
v -0.14029083301005596 0.17972394478156853 0.24813994389664965
v -0.12899092453722441 0.16588318670808838 0.25544916091804731
v -0.12727151858531921 0.16728694866149893 0.25542995499868931
v -0.11746790011825123 0.19535579200261941 0.24885248658654879
v 0.27982482423762078 -0.2294737693587959 0.23955002531843109
v 0.28108096202118849 -0.23101235695591835 0.23875367057394734
v 0.3088233772078065 -0.20836282074284773 0.23928851441333751
v 0.33008403177953644 -0.19100514071589697 0.23969839694693632
v 0.34066839363553925 -0.16872730661049812 0.24426641075747649
v 0.34743244915214189 -0.15449040618292853 0.24718565139490406
v 0.34886610010881458 -0.15147287535083803 0.24780438848725431
v 0.34922691703999492 -0.15071343019769501 0.2479601110206876
v 0.35365599981076806 -0.14139115363525326 0.24987162014647502
v 0.20240242993940255 -0.1238679784658191 0.29208163134027743
v 0.20204005619842946 -0.12994912044033541 0.29022323643088294
v 0.20180405299125076 -0.13390957734373604 0.28901292225102565
v 0.20206559672671101 -0.13422993064152416 0.28884711114207318
v 0.34836832144366631 -0.1514144071004353 0.24794355821824057
v 0.32885862156732271 -0.1673425680478661 0.24756743227028108
v 0.3036788336127666 -0.18789991734182637 0.24708199307395123
v 0.29269797219176652 -0.20531474306128009 0.24416618888804806
v 0.2784931034650846 -0.2278426034829891 0.24039429753166147
v 0.34613143153466508 -0.1532406547315979 0.24790043341520598
v 0.34497584578251506 -0.15418410108162756 0.24787815496584092
v 0.34010641214279747 -0.15815961700579204 0.24778427751314996
v 0.33480926185357296 -0.16248433054396194 0.24768215416669886
v 0.18727698369083512 -0.15074160784066476 0.28714178022909331
v 0.20149263357956068 -0.13913562924110623 0.28741584260664671
v 0.20166072970268092 -0.13631474239427196 0.28827790464576231
v 0.20169503877796546 -0.13573898830461478 0.28845385491790587
v 0.20178691146186697 -0.13419719773355987 0.28892502611947618
v 0.198157854242235 -0.12944350977117525 0.2913245060964717
v 0.1107029122846246 -0.11805346707527313 0.31613299628339081
v 0.11236343929682333 -0.12369366377570019 0.31392618559762214
v 0.11072238513138197 -0.12350090827895083 0.31438499415296101
v 0.11080302306765519 -0.12472540848089106 0.31397361592773632
v 0.11082033112339566 -0.12498823445897381 0.31388531793391561
v 0.11102539671714176 -0.12810218993627562 0.31283916570490689
v 0.11126182847416959 -0.13169246938249152 0.3116329899579518
v 0.11148421905504023 -0.13506948395412741 0.3104984610661306
v 0.11193452340977184 -0.14190743123123467 0.30820121128913802
v 0.1124260507291749 -0.14937133905565914 0.30569366597904579
v 0.10652332114944169 -0.1501518624398413 0.30687229983585479
v 0.10651749200427653 -0.16736874076718622 0.30136396609664867
v 0.10651181586100884 -0.18413372334455763 0.29600021089133643
v 0.15189111666976118 -0.17815680291761465 0.28693148934180029
v 0.22151211740151597 -0.2634324875392588 0.24279380233791231
v 0.27313828090698866 -0.22128371814240125 0.24378909909007859
v 0.16208370957915066 -0.1768143336585413 0.28489457415166941
v 0.14314535967104461 -0.16744451196294216 0.29247604457676923
v 0.16048437320840411 -0.16944307462582148 0.28764055159987256
v 0.25032225199351676 -0.19333737341661189 0.25825379699148376
v 0.23579527096342659 -0.20519752982526124 0.25797373248989941
v 0.18976173796423371 -0.18249887721561994 0.27637752861180753
v 0.22079101754881431 -0.15716587045604916 0.27697573965304345
v 0.21853874609683083 -0.15440716277507208 0.27840361416864595
v -0.045500874163517786 -0.29062392327747255 0.29870717063602259
v -0.048188035390403658 -0.31099962034598483 0.29283681443044263
v -0.048021462678888675 -0.31097185778002506 0.29280538962675756
v -0.038470755057830743 -0.30937990354435091 0.29100364609604346
v -0.036142023488592093 -0.29044779331585352 0.29649876303166411
v -0.042393192435073043 -0.26705958051185891 0.30549619421429303
v -0.056429360361095297 -0.47558970885729929 0.2421590437685302
v 0.036593806596686582 -0.4073717637098711 0.24147922779218661
v 0.03617094171787557 -0.40685381522373482 0.24174731184256282
v -0.04990937033283057 -0.46952028654938055 0.24252359050811181
v -0.057087274508129143 -0.46072838920618325 0.24707417273607596
v -0.058916677622756715 -0.47560106140193503 0.24275732310312323
v 0.38867362228830454 0.10542835827489952 0.32038477994950326
v 0.393913915234756 0.096877521150988619 0.31638022943753102
v 0.40145958781003527 0.08456489600955136 0.31061394688801419
v 0.40051179159128303 0.09834344188032737 0.31525271597178101
v 0.4002049226955407 0.098719312050823349 0.31544726191077521
v 0.39587284792842803 0.10402547881826328 0.3181936711608922
v 0.39521439781017237 0.10162285734684263 0.31758412445478446
v 0.17816918094509165 -0.10496026785874164 0.30399674284037614
v 0.15492933538189599 -0.10149591439424827 0.31072927588811489
v 0.1317089105291836 -0.10933242917461057 0.31384060602010522
v 0.18742016316588056 -0.11629138686033369 0.29813188954109765
v -0.052776488633575029 -0.22821136789228544 0.32044107778230113
v -0.06331600358927561 -0.31352121318150322 0.29569071086883447
v -0.057853157923303068 -0.31261064329486188 0.29466014315293648
v -0.057357029397040162 -0.31252794778246418 0.29456654790718667
v -0.048612936010048124 -0.24378894311031782 0.31444839418517345
v -0.04868178670904777 -0.24353134696834841 0.31454749140806337
v -0.063141381862960311 -0.26082160885657568 0.31251337794903467
v -0.066410005636936997 -0.26127755879549153 0.31315844767969236
v -0.075962642661477259 -0.26261009062262047 0.31504367847148956
v -0.078781330493185975 -0.28465572834639136 0.30867073642980869
v -0.076762167084946209 -0.28712891234168475 0.30739064559007573
v -0.079369734185062463 -0.2892577891571036 0.30734037450408391
v -0.082889120119495202 -0.31678374191531683 0.29938318613608444
v -0.073566360289926552 -0.31522978542213009 0.29762444424290985
v -0.066994769958780731 -0.31413440529719222 0.29638471142189904
v -0.048113233206664982 -0.16672648727287132 0.33898899234838931
v -0.054567467159328538 -0.17199587009222911 0.33886456164533202
v -0.065520299035349325 -0.180938010136731 0.33865340286974549
v -0.070859617246308446 -0.22269809772546298 0.32658141760533715
v -0.065079634109878548 -0.25124779092867033 0.31604623331569193
v 0.38513376058070897 0.11120451295696791 0.32308988498495322
v 0.38247567678629174 0.10903439309666901 0.32303863998303711
v 0.28958162355624328 0.06585326672893041 0.33169949264641652
v 0.33853374166955202 0.005893982276293612 0.30066527529209763
v 0.3724128998441138 -0.0033375532691151248 0.28951249399104256
v 0.38470607975553289 0.056951207400116464 0.30583124095948538
v 0.35829903183505396 0.089296032504002879 0.3225725403504352
v 0.35209766237357459 0.12670867446799511 0.33604601736904732
v 0.3180321404546082 0.1142037463829917 0.34028779551633864
v 0.30030155335261305 0.12283221916808856 0.34733974986144078
v 0.26854581776489789 0.12827970233888591 0.35676770634176869
v 0.26964492078114721 0.13020279289271436 0.35711715885569645
v 0.27203302751385761 0.13095244231101441 0.35677915742912447
v 0.27326786009292359 0.1318988684297793 0.35678321234074784
v 0.27647577453101224 0.13442687531751416 0.3568159333760953
v 0.27531203203296878 0.1349932024977526 0.35727878641580274
v 0.23056654447519492 0.099689470653179957 0.35680896544049151
v 0.22538065629859069 0.095597857570602962 0.35675451426419841
v 0.22516232233280586 0.095028820904333428 0.35662524639892595
v 0.22459049823419444 0.093538499830893726 0.35628669114058686
v 0.23035051240334184 0.098077699574579569 0.35634544469513507
v 0.22924037575127007 0.08979519680678065 0.35396352354419647
v 0.22913385055468249 0.089000434644800452 0.35373496209327493
v 0.22899156627494943 0.087938879915059678 0.35342967519792118
v 0.22803278969229041 0.080785643992042869 0.35137251389233376
v 0.25231418039294662 0.099879326495547968 0.35160695595363362
v 0.25675657329639789 0.10765214793844095 0.35301938760160667
v 0.26001955633847723 0.1133613618126043 0.35405683209205874
v 0.26065800868544942 0.114478460205871 0.3542598251398591
v 0.26843969226253844 0.12809401352694064 0.3567339637967894
v 0.22923933829103549 0.10565458773738648 0.35903909595898548
v -0.018857869029345515 -0.14993116169369247 0.33728424959452535
v -0.022330896679347789 -0.14567720368684955 0.33948604797116988
v -0.023335892327099376 -0.14649770490791347 0.33946667273797126
v -0.026874401227432187 -0.14938662370776368 0.33939845412677005
v -0.028132412303462476 -0.15041369246022845 0.33937420100311833
v -0.032287011734983925 -0.18395248247947435 0.32964650177817667
v -0.031106126881635537 -0.18147415330498798 0.33015385111464807
v -0.03377446830731224 -0.20170714838413348 0.32432460812946362
v -0.024272298318562351 -0.19394936149408956 0.32450779971711952
v -0.047442792261566405 -0.21286627766371119 0.3240610975659679
v -0.046647350985900969 -0.21409061774018384 0.32347679343707825
v -0.045186087935782326 -0.21102385312747585 0.3241046044091655
v 0.41481489966685564 0.065299514818005583 0.30918794215470929
v 0.40093944929066616 0.097819622901347159 0.32319200740224302
v 0.40051179159128303 0.09834344188032737 0.3234698285470588
v 0.40145958899729695 0.084564894047988573 0.31879842293000465
v 0.393913915234756 0.096877521150988619 0.3246872263947243
v 0.38664334094866254 0.070347893210322879 0.31802056329646855
v 0.40435248724022321 0.042509497207884377 0.30454018575806846
v 0.40534199361389944 0.028124591396230122 0.29966320402474261
v 0.38114635304348254 0.0083707223268213154 0.29950608914307031
v 0.38481106218298772 -0.061693458673339391 0.27604746356503584
v 0.38547650217537827 -0.074415753312332647 0.27178783277023
v 0.44523617732764414 0.051365672640742099 0.29692349913813476
v 0.24678282570124005 -0.14736622663139043 0.2838351196878538
v 0.34010641064581537 -0.15815961824467378 0.25648158055569742
v 0.34497584418229277 -0.15418410242374944 0.25651320032839958
v 0.34613143055388362 -0.15324065550589899 0.25652070413198502
v 0.34836832144366631 -0.1514144071004353 0.25653522945281027
v 0.20206559693319129 -0.13422993089962454 0.29950195736915769
v 0.20347357165240959 -0.13595449694892392 0.29858728864221057
v 0.20400647065391553 -0.13660722131702138 0.29824109918798075
v 0.20924599539043506 -0.14302488348010431 0.29483732409924929
v 0.21291681386886363 -0.14752110667360624 0.29245263446053571
v 0.21853874609683083 -0.15440716277507208 0.28880043436179004
v 0.22079101754881431 -0.15716587045604916 0.28733728155240545
v 0.25032225199351676 -0.19333737341661189 0.26815277827885398
v 0.27071920496936075 -0.1766848389230464 0.26828522635360652
v 0.25612973505297321 -0.15881484246968439 0.27776304668916746
v 0.2506955358950968 -0.15215873226950782 0.2812932888928506
v 0.20273988625799971 -0.11820499134813928 0.30448028117912423
v 0.20240242993940255 -0.1238679784658191 0.30274639290591493
v 0.35365599981076806 -0.14139115363525326 0.25840373167581066
v 0.35560023281100694 -0.13729895595534533 0.25922150038829078
v 0.15189111666976118 -0.17815680291761465 0.29822365846865168
v 0.16208370957915066 -0.1768143336585413 0.29604658708793236
v 0.16048437511834684 -0.16944307467744155 0.29882524603050681
v 0.14314535967104461 -0.16744451196294216 0.30390520233164681
v 0.06615786609118432 -0.13269487106993624 0.33477811423511716
v 0.072689056436488389 -0.13030708587866283 0.33387409803299084
v 0.069553953660489262 -0.1299222282404327 0.33480016679504115
v -0.015118158710718869 -0.11952808382541182 0.35981121244639863
v -0.016025387384871213 -0.12690366459391428 0.35767266677827714
v 0.061617763564035311 -0.13600760879079343 0.33487524576561323
v 0.062039648487373492 -0.13605707723626448 0.33475137250772835
v 0.28238729676432267 0.13155007541390892 0.36437492733722865
v 0.28801045316232987 0.13596790831237229 0.3643558214059528
v 0.27907374613055008 0.13316259090558738 0.36574127201587686
v 0.27653110324855262 0.13439995121640608 0.36678973284942684
v 0.27647577453101224 0.13442687531751416 0.36681254727001372
v 0.27326786009292359 0.1318988684297793 0.36682096903336381
v 0.27203302710089705 0.13095244520173849 0.36683279003016533
v 0.26964492078114721 0.13020279289271436 0.36720301528753801
v 0.26854581967484065 0.12827970388748811 0.36686616901496794
v 0.26843969226253844 0.12809401352694064 0.36683364367131865
v 0.26065800868544942 0.114478460205871 0.36444875756660583
v 0.26001955649333741 0.11336136521952915 0.36425308837481513
v 0.25675657329639789 0.10765214793844095 0.36325306781811478
v 0.25231418576143422 0.099879330728393986 0.36189158848624181
v 0.2886895570397614 0.12848312021989008 0.36177618458541472
v 0.28466839544627925 0.13043999187889266 0.36343431384520541
v 0.2753120308973272 0.13499320466579567 0.36729241831226933
v 0.27191407597186812 0.13664679693409784 0.36869356777376666
v 0.23104819486137965 0.10328296582348645 0.36842820425611722
v 0.23056654452681499 0.099689473182563548 0.36739641675788554
v -0.0020959930512295961 -0.10017622925477872 0.3626987252186904
v -0.0055723841103523866 -0.10290989072129682 0.36270975441518655
v 0.0065960102100051151 -0.10449469005346143 0.3590861064630429
v 0.087752599376870702 -0.11506444162199825 0.33491834011280458
v 0.092556956932213608 -0.1111420552970085 0.33494953732358618
v 0.095330238818225457 -0.10887788516001302 0.33496754565724196
v 0.091612271184222369 -0.10432391108026796 0.33738286499565046
v 0.09967466828207823 -0.10533099450188696 0.33499575633705869
v 0.11764253004527929 -0.090661625125995793 0.33511243102085203
v 0.09301793337577377 -0.06050004573142443 0.35110941401814172
v 0.093227346876679704 -0.057381887605849259 0.35205808813948181
v 0.065568260787239943 -0.072423754554742828 0.35430194789402947
v 0.022731169716449413 -0.09571989216928814 0.35777713171449638
v 0.011615793559439395 -0.10176477997253529 0.35867887245216856
v 0.080264010653246537 -0.12117829513376847 0.33486971281642908
v 0.080427582431796193 -0.12104475142295865 0.33487077495105871
v 0.036616122418984758 -0.11573602316423798 0.34778978610151129
v 0.26823126682145687 0.22765782649182617 0.32445364184608333
v 0.26958901840973143 0.22217869211170202 0.32657285280276377
v 0.28203363566581319 0.21744343396087223 0.33124337705868523
v 0.28589801388173419 0.22386525231416249 0.33013376440197822
v 0.27474314594245325 0.20532810817314268 0.33333675908573424
v 0.2538783117704152 0.17065495563357203 0.33932786119867409
v 0.25660577986053051 0.13810958886754951 0.35057130288620764
v 0.30965541474096731 0.18142051256765312 0.34988526478108034
v 0.30705817093284388 0.20792143474037847 0.34063520470128211
v 0.098661879500230032 -0.0075752907519232781 0.35804230263765208
v 0.15859076835020461 0.040075441486305236 0.35768137121314902
v 0.20397660931901268 0.077293651230324903 0.35704118742567587
v 0.2000787191449801 0.075634886320950723 0.3565974116681036
v 0.12318448120240691 0.014966114054356813 0.35690759359177482
v 0.13563944528923494 0.026414833494138014 0.35633127787571933
v 0.095825030178107812 -0.0041005594330195284 0.35620068105165803
v 0.097076195090287434 -0.0056330560679646834 0.35701291041406485
v 0.097730246094270473 -0.0064341741579587546 0.35743750626879617
v -0.00050426465337649281 0.0085055596366697805 0.32784799998807018
v 0.00048194866933919155 0.0072975905051256632 0.32848822847852682
v 0.00075721549806450055 0.009535460627700108 0.32783168654790334
v -0.010539038325192571 -0.082300773772177593 0.35477441212681765
v 0.011396823685970701 -0.065009006849091167 0.35469092243959111
v 0.0115246256443996 -0.061700396049859697 0.35364993035959669
v 0.011549107857936931 -0.061066563080013167 0.35345050653014937
v 0.011899817062550838 -0.051987197884308882 0.35059385518006192
v -0.0087650802797508004 -0.067878858587580762 0.35054334034408358
v -0.010044510176064326 -0.078280361289200212 0.35359491182707709
v -0.0079601179396527784 -0.076678109106989328 0.35360022802357316
v -0.01005347229834247 -0.078353245271012492 0.35361629508112985
v -0.010053475085826432 -0.078353244341851175 0.35361629410034839
v -0.015985413987315782 -0.066819669863902864 0.34838109889424257
v -0.016955790323141866 -0.074177655878777352 0.3505233186210861
v -0.0077917688265529451 -0.059966036330520257 0.34822189283177801
v -0.012957786630214805 -0.10194802338674484 0.36053796505847474
v -0.01295551472754568 -0.10194623144751791 0.36053795607658196
v -0.012588274813876161 -0.098960667378262798 0.35966205810272095
v -0.012279161012763096 -0.096447631395826544 0.35892478862337684
v -0.015062048465267631 -0.095320544466742832 0.35785824274874201
v -0.018772087978682239 -0.09824425390554202 0.35787208172907176
v -0.02028716923975438 -0.099438220059783269 0.35787773361090502
v -0.020488811906435377 -0.10096718877243409 0.35832288050086614
v -0.014552121067471953 -0.10174037890575327 0.3600690269412784
v -0.021288780572255736 -0.10703303546111075 0.36008890392159015
v -0.021413722262419249 -0.10798041949357715 0.36036472731794655
v -0.020710596467644678 -0.10806300866862371 0.36056862170384796
v -0.013807637837734772 -0.10887381760147168 0.36257035703967672
v -0.012955767924005556 -0.10194828716531976 0.36053855910227911
v -0.013877023217454371 -0.10944024394387106 0.36273660645467215
v -0.013241293468011896 -0.10894033951248135 0.36273458687092164
v -0.013877305785735993 -0.1094402080163 0.36273652365607445
v -0.013898810553441391 -0.1096150192915247 0.36278780881840766
v -0.014072516023454379 -0.10959397110336827 0.36273722811521575
v -0.049414924104758763 -0.031426210717298009 0.32848051282616036
v -0.10814204855600822 -0.079372365461339731 0.32923997227806368
v -0.062275973191248044 -0.085101550574068818 0.34265119832729662
v -0.053408562494561281 -0.086209189175930026 0.34524402639948382
v -0.052628231137052041 -0.080106024581132265 0.34346095224908502
v -0.046053271150756817 -0.028681681108912675 0.32843703994897094
v -0.034283334757739967 -0.019072438389456981 0.32828483109069179
v -0.030837470622746041 0.0069061611153548932 0.32072635059442822
v -0.040934395792059979 0.011354278013881856 0.3167403083049023
v -0.041399040564514052 0.0077201853593328804 0.31780202883831871
v -0.045661249730364568 -0.025615587040957771 0.32754126323971566
v -0.048344868065134813 -0.03055259269883754 0.32846667487823206
v -0.11088006907962199 -0.089194724905764855 0.33173629760386852
v -0.073286583467011043 -0.094090862228877192 0.34279358755063882
v -0.070967232349125137 -0.09219729143992611 0.34276359370700765
v -0.11234215206298602 -0.087403884153987171 0.33078714480958815
v -0.10681758592712826 -0.097851875325862134 0.33556760903319066
v -0.10347156270542134 -0.098269076708323452 0.33654574051073938
v -0.11424306740759614 -0.088756731422331092 0.33074714627305696
v 0.26798928265447719 0.22770977399132078 0.32437584032960159
v 0.26817984156224456 0.22786535059480664 0.32437337603891897
v 0.28490028990209804 0.24151630341359068 0.32415714713972615
v 0.22328711435255441 0.31966022647570025 0.2832909932171499
v 0.21025302192673323 0.30901889810046906 0.28345955015266511
v 0.19281892684685137 0.29478530796496449 0.28368500789505524
v 0.205954983164717 0.2738631088183518 0.29378010163578605
v 0.23176596093488286 0.24224838363019907 0.31053603294301269
v 0.23846023421664181 0.2340488643631872 0.3148818110845224
v 0.23899445211102233 0.23393418221422591 0.31505357011642887
v 0.24156462666239137 0.22109650014120888 0.31986499389199519
v 0.2572557252619781 0.21894665458092649 0.32451464675851149
v 0.021881747316878926 0.18127356529183236 0.27744751517081273
v 0.033787635755228647 0.17952246807342342 0.28101439807687439
v 0.042957913862810282 0.22419374945282569 0.26883463128653279
v 0.030690806579388975 0.25288941054420178 0.25643700589966212
v 0.027241998964571391 0.26095698611619794 0.25295150410406991
v 0.028203681241160333 0.26824904896129381 0.2508284773399459
v 0.02395157443338861 0.27004429347315073 0.24917513542899963
v 0.023226377805184079 0.27035047236337229 0.2488931580423564
v 0.019739611575894739 0.27182258915335772 0.24753740265393909
v 0.017117364914173958 0.27292970479225559 0.24651779738978236
v 0.0095321075888716855 0.27613220934341498 0.24356843029675515
v 0.0086598793376465293 0.27650046519174848 0.24322928274969416
v 0.0051203867135755218 0.27799484308675426 0.24185302577807732
v -0.0062298470463249154 0.28278692518216969 0.23743972713523864
v -0.00067217375697092678 0.32625482867421352 0.2247403335869354
v 0.003602714176440318 0.35968975858963986 0.21497212994874362
v -0.010410954727643371 0.35887235250817512 0.21170745356177748
v -0.020784758510853499 0.30304474755504296 0.22720274509235749
v -0.048905611089076331 0.25526995183895917 0.23561583456668336
v -0.057538628453812551 0.2482217609069261 0.23572747675790387
v -0.060057067406088196 0.22481869700782312 0.24268415779191113
v -0.013004356608566164 0.22980185204369641 0.25291961554564574
v -0.0011048890362826184 0.23106207467853007 0.25550812735377809
v -0.0048941604584120044 0.20249450492771423 0.26381986943459579
v -5.3964634731064245e-05 0.20847163178333064 0.26310028948333442
v 0.0013939494644143011 0.21025964840089431 0.26288503274498332
v 0.010589843310724382 0.22161559108280898 0.26151790442200123
v 0.013560955927479197 0.22528459687074109 0.26107619713238894
v 0.019282175804787041 0.23234969296384203 0.26022563811042293
v 0.01311487781139449 0.18256298114295924 0.2748210503231765
v 0.016831257353840379 0.18201638253532162 0.27593443981417165
v 0.01226274799059586 0.14737515329448456 0.28601996118011697
v 0.018320429519307117 0.15232078172428015 0.28594162322783279
v -0.0030454084884433004 0.11442623122211633 0.29285142564707001
v -0.011671185415208462 0.10450669874465615 0.29389624194857994
v -0.013861703825040442 0.086776017126306615 0.29909562283806179
v -0.0068557557670884577 0.084472360472287733 0.3016075206495003
v -0.0067208080935231293 0.0034302327785697825 0.32792839236765436
v -0.0052800196809257242 0.014355170715544034 0.32474768263739262
v -0.0062978079701198914 0.015601814586837761 0.32408695638362184
v -0.0077162561441244202 0.014399648738802031 0.32411960814483076
v -0.00933997339820428 0.0012918868801322179 0.32796226344661633
v -0.065732025580122852 0.061554375203302106 0.29421125840184259
v -0.083140599489250663 0.058847574809782477 0.29070430702040351
v -0.072499333058107546 0.045813558213849102 0.29761238821991431
v -0.088352100410619097 0.065230911792117971 0.28732111280330425
v -0.091672160696984084 0.069297506793175978 0.28516580109021267
v -0.10949003584606448 0.054750589935890388 0.28539622194779696
v -0.13777623206185538 0.031657098533872441 0.28576201913203592
v -0.13445617177549038 0.027590503532814423 0.28791733084512755
v -0.09923614265418701 0.056344933148560004 0.28746186525736012
v -0.17832979469383589 -0.079759019839463624 0.3116862586732243
v -0.20910176896394048 -0.076193995256043257 0.30277895495143636
v -0.20857618953397808 -0.076470881561330376 0.30300115071815009
v -0.17901760269641881 -0.080320561838900739 0.31169515343130666
v -0.30833474221961327 -0.083533521055139656 0.28016446861332317
v -0.27550358138196274 -0.087563796895256119 0.28974135654185201
v -0.27485674944524036 -0.087035708678107906 0.28973299171544281
v -0.26540770084807358 -0.079321291321866466 0.2896107965745231
v -0.31196789760849009 -0.0738524063654101 0.27610916395471252
v -0.31292335935651761 -0.077913126847258471 0.27718563709213723
v -0.30866807104876393 -0.083125241273198897 0.27994807871112148
v -0.32896740788486301 -0.060791251703164538 0.26759074413363731
v -0.33005292088439642 -0.062181445165429776 0.26776824553736561
v -0.32531933496584348 -0.062729844590946937 0.26913843653092068
v -0.32665630658386285 -0.061092247215338832 0.2682705033279002
v -0.25457797288436423 -0.070479656076415167 0.28947074646318549
v -0.25077598403123913 -0.067375626261681004 0.28942157911760241
v -0.25606700717261499 -0.060894885969163141 0.28598676074914819
v -0.30018632889003988 -0.055383889924672976 0.27308628492168047
v -0.34957899423505212 -0.049214194333732655 0.25864388508526814
v -0.36097533783196989 -0.047790663750544332 0.25531159775860446
v -0.37030486737606055 -0.055407503062655065 0.25543224729128738
v -0.35001193808804865 -0.08774253418678099 0.27103191270027727
v -0.31616981876149136 -0.091710645366280902 0.2808432804759996
v -0.31407985589324211 -0.082828266448539342 0.27848861286547727
v -0.34336738758386226 -0.079232999625694731 0.26994540622081181
v -0.19856403020334445 -0.22973235190874733 0.27891006552232106
v -0.21278044850848216 -0.24062839349647031 0.27171392738202599
v -0.22241859862388486 -0.24153006413408284 0.26842911199125563
v -0.26383685860296663 -0.27336783996898439 0.24744091952318459
v -0.27661416630275165 -0.24498508768327532 0.25035544038244378
v -0.27536378260876238 -0.24648319327025944 0.25038466100899592
v -0.23625789817219195 -0.24282475860229241 0.26371248729317021
v -0.2065358657671624 -0.2199680031543946 0.27877615577357095
v -0.099819264115575693 -0.44919848176662708 0.2563566701472984
v -0.08696086489393276 -0.34862983968034655 0.28515941491283581
v -0.087092029332320853 -0.34857362294268396 0.28513154389310186
v -0.087003351259899955 -0.33876929836463232 0.28756926887273621
v -0.086824240858484766 -0.31896680008890532 0.29249291726881088
v -0.086810409208205402 -0.31743735936230361 0.29287319331580908
v -0.082889121255136811 -0.31678373948917332 0.29428010135783123
v -0.07936973614662525 -0.28925779080894592 0.30216350218625415
v -0.086608985668735858 -0.29516807808362117 0.29841017753785704
v -0.086429175866946595 -0.27528822077868137 0.30335306024433006
v -0.078781330493185975 -0.28465572834639136 0.30348152763712472
v -0.075962642661477259 -0.26261009062262047 0.30979537321210993
v -0.12287028210826488 -0.19514714392035501 0.31146698635774572
v -0.15448527375923629 -0.22000760674574443 0.29530925612908099
v -0.16237818568941761 -0.21033992798681178 0.29517667213867521
v -0.13080462936809953 -0.18542871292472662 0.3113337062706506
v -0.13463626935918868 -0.18073550655046636 0.31126934295624903
v -0.16257776179808137 -0.2021510068886834 0.29712577693819853
v -0.13493949186456827 -0.1803641027035785 0.31126424944874947
v -0.063141381862960311 -0.26082160885657568 0.31430979728214137
v -0.070859617246308446 -0.22269809772546298 0.32122612262032979
v -0.065520300170990933 -0.18093801106589233 0.33318616392256867
v -0.077357541086949796 -0.19060220268238862 0.32704892445275924
v -0.082814289751196465 -0.16364909630671978 0.33193872727018814
v -0.11816341112628267 -0.19144589375683299 0.31387256509154965
v -0.11852877950257212 -0.1852165674830577 0.31528738138043205
v -0.11862896998699596 -0.18350835549892286 0.31567535408360975
v -0.11899738012772876 -0.17722715270325387 0.3171019529639591
v -0.11905984057136573 -0.17616219662363866 0.31734382852230436
v -0.11947324256156686 -0.16911394385075765 0.31894464055608834
v -0.11952603337820007 -0.16821386811855202 0.31914906786762726
v -0.08678075894778256 -0.14405708708774745 0.33549308802399164
v -0.085622103504729527 -0.1497801591965279 0.33445481456678128
v -0.085422105660066375 -0.15076803664716887 0.33427559452433026
v -0.084260309135548828 -0.15650661702621171 0.33323450797960158
v -0.059955098764997002 -0.13741122847928178 0.34565218497749228
v -0.059000687124122035 -0.12994654490839472 0.34779006190756329
v -0.05883425125742156 -0.1286448173084288 0.34816287549865488
v -0.051374178030147336 -0.1227588940373229 0.35198039502515416
v -0.057982765242177978 -0.12198513205683091 0.35007020148855666
v -0.057981496885355227 -0.12198416221889245 0.35007084291958834
v -0.057657857815036954 -0.11944395260391347 0.35079799238678849
v -0.05701108854508366 -0.11438541032238991 0.35224675295189695
v -0.057013711464251694 -0.11438508671614997 0.35224599888586522
v -0.067556954370030925 -0.11309082363689359 0.34921320435941999
v -0.070823965429675395 -0.1126897712846654 0.34827343960464308
v -0.078990554496802562 -0.11952077380358184 0.34399910803238259
v -0.076324681594654456 -0.11983335709306618 0.34476956018539018
v -0.14269071051323653 -0.1708699777548833 0.31113404555668661
v -0.17369642790884751 -0.13289244581673537 0.3106132158961552
v -0.25039909405457367 -0.1955142400721202 0.27084528053149115
v -0.24759834182383741 -0.20915863074069724 0.26838213416270457
v -0.26418886925287027 -0.20677252490527076 0.26369571304060846
v -0.29750165399560785 -0.23396983707263685 0.24642407515865203
v -0.10279333915672109 -0.47245944045603139 0.24969475800573537
v -0.28285162666120811 -0.25007749159728748 0.24712151211162087
v -0.087069865582758824 -0.14262907221716545 0.33575215683503423
v -0.042393192435073043 -0.26705958051185891 0.31937096924506259
v -0.036142023488592093 -0.29044779331585352 0.31560977010933317
v -0.034391673419125073 -0.27621780615822999 0.31966327580838699
v -0.033857119942647583 -0.27187199621875507 0.32090120843095915
v -0.01768527368871927 -0.25866893456789275 0.32928580532824764
v -0.029917235806527661 -0.23984154603385952 0.33002529338672498
v -0.037304180682562277 -0.22847159030872763 0.33047187381774368
v -0.037722105675212073 -0.2278283206732685 0.33049713988209511
v -0.042522107477144001 -0.26657725601913607 0.31944853475456886
v -0.048612936010048124 -0.24378894311031782 0.32311326041249744
v -0.057357027951678102 -0.31252794628548203 0.30344068418323272
v -0.057853157252242118 -0.31261064587586551 0.30326267876110802
v -0.063316002247153697 -0.31352121312988313 0.30130268155828299
v -0.068675889560368325 -0.35690566100394894 0.28893689450350513
v -0.064575024044220553 -0.36927001415632882 0.28720153898133027
v -0.059562611163722148 -0.38438273688273189 0.28508044564705431
v -0.058101821314816088 -0.38617199377579842 0.2851049837651311
v -0.048188035390403658 -0.31099962034598483 0.30673039966108767
v -0.048113233206664982 -0.16672648727287132 0.34221118417609075
v -0.066994769958780731 -0.31413440529719222 0.29998278751237656
v -0.052776488633575029 -0.22821136789228544 0.32561838396684756
v -0.052991807780594834 -0.2274057696445036 0.32574793708464539
v -0.052566751474809083 -0.22651370514120456 0.32610226588880398
v -0.044851402221383105 -0.16406345455878008 0.34390234161066546
v -0.076762167084946209 -0.28712891234168475 0.30351544527739294
v -0.067142996947840344 -0.44841157948349825 0.26693530465292081
v -0.065715895339596431 -0.44390656363641912 0.26849603586777665
v -0.063663763480997559 -0.42834604591029102 0.27297244980650304
v -0.058348583384166694 -0.38804310291574406 0.2845667077586827
v -0.065562607312063384 -0.37703360701412492 0.28497965853782242
v -0.077158832401998959 -0.46819377290012543 0.25889031688938935
v -0.078112236160941387 -0.47568867062911674 0.25674533481755957
v -0.069902400312546215 -0.47565120199238148 0.25936381130398167
v -0.068420182713084227 -0.47564443692366604 0.25983655552404777
v -0.065322890092225847 -0.45064094793484905 0.26696587855131643
v -0.066425860690852268 -0.44928996802265925 0.26694735102296269
v -0.021983148453762414 -0.10077256942969556 0.36672494361779989
v -0.02198344666292627 -0.10077497652533685 0.36672425727730434
v -0.021980783118760491 -0.10077287749829343 0.36672561968590084
v -0.02048881268073648 -0.10096719021779614 0.367152046143294
v -0.020287171098077022 -0.099438220575984018 0.36759189660724717
v -0.018772089011083706 -0.098244256228445334 0.36836685565724059
v -0.020107212217515869 -0.098089575801053222 0.36798053861629615
v -0.020109554633205216 -0.098091423954540069 0.36797933994657245
v -0.020109279343353936 -0.098089336283912795 0.367979940494506
v -0.021628952881013224 -0.097913277816095406 0.36754022321034213
v -0.021817999681971324 -0.099439366541612811 0.36710508364590472
v -0.023291744310970426 -0.10060213925333784 0.36635092831140031
v -0.022855045355736611 -0.10781112408129231 0.36471801855465485
v -0.029866856937822605 -0.1069875276690091 0.36269191880229618
v -0.04378818646092146 -0.13296090255133505 0.35188411439994749
v -0.050042075682028821 -0.13787865319916709 0.34868788803697154
v -0.049052407014841946 -0.13041745811283834 0.35083611303667056
v -0.060183419976097045 -0.13919698382791143 0.3451407467117692
v -0.061129603841857609 -0.1465973350564409 0.34302129530878694
v -0.11889452563455848 -0.088150931352768594 0.33902628965810111
v -0.17901760269641881 -0.080320561838900739 0.32184225702858082
v -0.20857618953397808 -0.076470881561330376 0.31339399131335782
v -0.18774454170062876 -0.087445432531601169 0.31731761187430185
v -0.18695873335009489 -0.087859412924724392 0.31746561808430768
v -0.18530649977374392 -0.08872984448767586 0.31777681465214103
v -0.16423749339656954 -0.099829440852837556 0.32174514144868738
v -0.16243829323849035 -0.10077729741545559 0.32208401907438472
v -0.16274345221930231 -0.10140595748612971 0.32183253134217737
v -0.16655289506264198 -0.10925377200379269 0.31869310270078977
v -0.17641254412538798 -0.12956559521943908 0.3105675909781071
v -0.1474814757289602 -0.11148996504180345 0.32420484935276678
v -0.1387392973950701 -0.10435265256929913 0.32873739563033583
v -0.13705038089112051 -0.10297378289928877 0.32961304608594511
v -0.12821788606368079 -0.095762734042700623 0.33419241858390974
v -0.12786735422563897 -0.095476551891361033 0.33437415840862217
v -0.12760247309757519 -0.09526029692403111 0.3345114910328173
v -0.24804657776222908 -0.081360500766158306 0.29964773792808014
v -0.26540769955757176 -0.07932129028946501 0.2946311507387287
v -0.27550358081414195 -0.087563796430675467 0.28939675182387459
v -0.30833474067101108 -0.083533522913462305 0.27995277293735354
v -0.30012257469250403 -0.093592241846812529 0.28009071973718158
v -0.28505197884987715 -0.095359324872782619 0.28444620580778951
v -0.29322931666164187 -0.10203548874878209 0.28020651171772037
v -0.28528663554744205 -0.11176412756229917 0.28033993174683441
v -0.26768704842228119 -0.097395425911116384 0.28946476767142765
v -0.25824041626398891 -0.089682981474079118 0.29436255121029981
v -0.25746204657250793 -0.089047502804673509 0.29476611157541266
v -0.35001193808804865 -0.08774253418678099 0.26567241486051624
v -0.37797046148612795 -0.12354842078822183 0.24798681031637618
v -0.35430666020873086 -0.15190041561455433 0.24853981781422294
v -0.31543364522792505 -0.12016360559757867 0.26869426123398055
v -0.3212021275668685 -0.11309804667889992 0.26859736307783616
v -0.31616981876149136 -0.091710645366280902 0.27545297634427263
v -0.42396428502120059 -0.079071353482362036 0.24429977368843628
v -0.3827034766931498 -0.12960989272730053 0.24499286696709133
v -0.38495098526420368 -0.11518493887546473 0.24782368004431402
v -0.38697590487844491 -0.08340837510434583 0.25498962209353043
v -0.38756702234081852 -0.074132114998208681 0.25708151415878172
v -0.38582297916029568 -0.074021253560597869 0.25766305542648443
v -0.43279492720420709 -0.068255090408310751 0.24415143783264187
v -0.43233135927810362 -0.068822894232367995 0.24415922477232974
v -0.36042610061266195 -0.15689646539637533 0.24536707915245073
v -0.33764271731761031 -0.18480282392283109 0.24574979125395133
v -0.33389043973078136 -0.17636142971691485 0.24901693146701939
v -0.03773396259958469 -0.10646562317531 0.35576261163509632
v -0.037735703641419288 -0.10646695760582667 0.35576171452984123
v -0.022812076651803855 -0.11858359696956323 0.3575587406569104
v -0.022500640308729693 -0.11622209615182864 0.35825023820423735
v -0.022501376720696378 -0.11622201015278641 0.35825002145154933
v -0.022500542437070583 -0.11622135406165388 0.35825045552474621
v -0.014072516900995627 -0.1095939723938701 0.36263495243792815
v -0.021507702490676274 -0.10869303507101984 0.36045490701830174
v -0.021509144652286063 -0.10869286033707148 0.3604544841982808
v -0.021507509328361724 -0.1086915705062982 0.36045533587787132
v -0.013807637837734772 -0.10887381760147168 0.36290079628036026
v -0.020710593938261083 -0.10806300779108245 0.36087039105254215
v -0.021413722262419249 -0.10798041949357715 0.36066357600288951
v -0.021288780572255736 -0.10703303546111075 0.36094099012342679
v -0.014552121067471953 -0.10174037890575327 0.36444441027888691
v -0.020488811906435377 -0.10096718877243409 0.36271719895892768
v -0.021980781725018508 -0.10077287708533283 0.36228312731056816
v -0.022855045252496466 -0.10781112222296968 0.36023963205806475
v -0.029866856937822605 -0.1069875276690091 0.35817720824085764
v -0.030542889782229125 -0.10690812257494818 0.35797836271109229
v -0.03045615148892529 -0.10625478372149733 0.35816986038151388
v -0.031188157837208692 -0.10683233006010191 0.35778856654152907
v -0.03203322241856528 -0.10673307059532135 0.35754000282837772
v -0.032901768764817228 -0.10276203260928148 0.35825238859325381
v -0.037278986834693481 -0.10611691151267527 0.35599703676501204
v -0.03768654192242421 -0.10606904117305566 0.35587716019130772
v -0.040301213544858348 -0.1057619259979433 0.3551080922305675
v -0.040304600028151658 -0.10576459702701972 0.35510632847590062
v -0.040352574020878586 -0.10613911950064017 0.35499711919035809
v -0.040386685546142366 -0.10640542704619137 0.35491946520404605
v -0.041020166467088504 -0.10632867006189428 0.35473372358476574
v -0.045780697805839835 -0.10575182436254554 0.35333790492824524
v -0.046422032772569177 -0.1105868916286971 0.35192090314869645
v -0.046796721049865292 -0.11341169117385258 0.35109304580907713
v -0.046796779483788346 -0.11341211172259034 0.35109292171442075
v -0.041364648071190932 -0.11404036874373159 0.3526931545193614
v -0.041481649148708201 -0.11495378754222216 0.35242680588423181
v -0.041650377204766637 -0.11627105262941201 0.3520426983372878
v -0.04164761491140051 -0.11627139172167397 0.35204350712059734
v -0.038987328643312849 -0.11659796281215963 0.35282246528091482
v -0.034209807383333214 -0.11718443756513444 0.35422137174698409
v -0.039581134582347709 -0.12140442651811606 0.3514279954052914
v -0.039792294183855423 -0.12311359300902758 0.35093212415347413
v -0.039914478949140429 -0.12410258240766897 0.35064519413051159
v -0.033483892255327455 -0.12485659490943042 0.35253698727899607
v -0.033482208718254594 -0.12485679230459097 0.35253748252197997
v -0.032934388108620108 -0.12492102625908869 0.35269864415930402
v -0.027926723242470211 -0.12550819313400724 0.35417183314983336
v -0.03253410639246726 -0.11739014407371151 0.35471203334613671
v -0.032535648180818645 -0.11738995478290246 0.35471158192859509
v -0.032533908068145372 -0.11738858483777533 0.35471248755116225
v -0.031191034159316896 -0.10683199261968229 0.35778772038528639
v -0.037735514866810975 -0.10646542965165494 0.35576215784303133
v -0.15448527432705708 -0.22000760602306341 0.28958827065852627
v -0.12287028210826488 -0.19514714392035501 0.30603528220449555
v -0.12610142976059557 -0.19118945405936727 0.30597998373631813
v -0.12700187896403203 -0.19008653363545214 0.30596457328609483
v -0.13025657290634982 -0.18610000296841203 0.30590887182000459
v -0.13080462771625717 -0.18542871488628943 0.30589949234943326
v -0.16237818568941761 -0.21033992798681178 0.28945318990841179
v -0.16184481679038379 -0.21099322791872729 0.28946231809246598
v -0.15862788690648125 -0.21493350307690298 0.28951737322361754
v -0.15767883280978115 -0.21609595744763554 0.28953361553132323
v -0.086429175866946595 -0.27528822077868137 0.29777693086880386
v -0.086608985668735858 -0.29516807808362117 0.29274570582686715
v -0.07936973614662525 -0.28925779080894592 0.29656622675091238
v -0.078781330493185975 -0.28465572834639136 0.29790781748795708
v -0.068675889560368325 -0.35690566100394894 0.28310340478650464
v -0.066994769958780731 -0.31413440529719222 0.2943467376589235
v -0.073566357657302808 -0.31522978573185051 0.29194669249374461
v -0.07847882917185145 -0.35226521540343919 0.28109280540653714
v -0.072222433073500972 -0.3549466901630427 0.28244607962450791
v -0.068845594061734613 -0.35639399179001752 0.28317649901687575
v -0.058916677622756715 -0.47560106140193503 0.25656839695017231
v -0.057087274508129143 -0.46072838920618325 0.26088072156749342
v -0.065322888956584238 -0.45064094927697096 0.26073977569302265
v -0.070967232349125137 -0.09219729143992611 0.34858033570416402
v -0.062275973191248044 -0.085101550574068818 0.3531671561527947
v -0.11459684645797333 -0.084642208731751961 0.33635529527037367
v -0.11234215335348784 -0.087403882553764897 0.33639388251409891
v -0.21636369549400264 -0.085081917911564303 0.3033218465667451
v -0.2082081842494807 -0.08603985081574414 0.30572067287875154
v -0.20967879584974675 -0.08502654340701879 0.30549838718987005
v -0.22869909463750926 -0.071920872884001452 0.30262342361875483
v -0.23346062183071606 -0.073229956963863391 0.30075550728358719
v -0.23766512295498432 -0.072884845852966229 0.29948160501959031
v -0.24043719011742964 -0.075148024316732218 0.29801864392715816
v -0.24685874815068992 -0.080390729727312552 0.29462966046721051
v -0.32665630658386285 -0.061092247215338832 0.27364129744641702
v -0.32531933496584348 -0.062729844590946937 0.27366417861175873
v -0.33005292088439642 -0.062181445165429776 0.27226996131315434
v -0.33562880811015844 -0.069322365416481929 0.26867971929149159
v -0.33656182028827769 -0.070517254227914578 0.26807896477438053
v -0.33686801621312346 -0.07090939163861168 0.26788180949229756
v -0.33696902936665662 -0.070915812866018377 0.26784752354280589
v -0.33688109663647509 -0.070926141578118898 0.26787338762570728
v -0.3432807821606273 -0.079122088064992685 0.26375271120294169
v -0.34336738758386226 -0.079232999625694731 0.26369694763790319
v -0.31407985589324211 -0.082828266448539342 0.27227262909016609
v -0.31616981876149136 -0.091710645366280902 0.26937451267726309
v -0.3212021275668685 -0.11309804667889992 0.26239629445814433
v -0.31543364522792505 -0.12016360559757867 0.26249501733226221
v -0.29336520118791881 -0.14719426664253835 0.26287270081269554
v -0.27893018839048589 -0.13540919519238956 0.27049079278912674
v -0.25978876464916467 -0.16434734147517738 0.26944436351518425
v -0.32177400194343131 -0.14910341776337427 0.25320434526298097
v -0.33389043973078136 -0.17636142971691485 0.24246571583693277
v -0.33764271731761031 -0.18480282392283109 0.23914012461456646
v -0.29750165399560785 -0.23396983707263685 0.2398271062830149
v -0.29054701360634105 -0.22829191105410393 0.24349742451131243
v -0.26418886925287027 -0.20677252490527076 0.25740796063841032
v -0.24759834135925676 -0.20915863316684069 0.26217840463147074
v -0.25039909405457367 -0.1955142400721202 0.264685527844223
v -0.17369642790884751 -0.13289244581673537 0.30516543399999324
v -0.17641254412538798 -0.12956559521943908 0.30511894991744398
v -0.16655289506264198 -0.10925377200379269 0.31338984013029764
v -0.26768704842228119 -0.097395425911116384 0.28363750483225764
v -0.29322931666164187 -0.10203548874878209 0.27421337319288608
v -0.28505197884987715 -0.095359324872782619 0.27852897114229974
v -0.30012257376334273 -0.093592242982454138 0.27409540067720811
v -0.26408654510433383 -0.078242669860228223 0.28959349904927756
v -0.25505614252900161 -0.070870044599026516 0.29435930275908267
v -0.25849729024113194 -0.1604365483992255 0.27084048523315546
v -0.31196789760849009 -0.0738524063654101 0.27520124620420078
v -0.28528663554744205 -0.11176412756229917 0.27434930572583122
v -0.30833474067101108 -0.083533522913462305 0.27395485614880777
v -0.30866807037770294 -0.083125242099120075 0.27394915145963955
v -0.31292335775629532 -0.077913128808821272 0.27387632570526999
v -0.16257776179808137 -0.2021510068886834 0.29143712602350191
v -0.13463626935918868 -0.18073550655046636 0.3058339168924688
v -0.13493949021272592 -0.18036410471676137 0.30582872752649298
v -0.26851839305919722 -0.2676336354751811 0.24078254562793058
v -0.26383685860296663 -0.27336783996898439 0.24086266627944855
v -0.22241859862388486 -0.24153006413408284 0.26222662836211263
v -0.23625789636548941 -0.24282476025413474 0.25742548503387824
v -0.27536378260876238 -0.24648319327025944 0.24385883269881312
v -0.27661416630275165 -0.24498508768327532 0.24382906970015006
v -0.28285162666120811 -0.25007749159728748 0.24053724399369572
v -0.3827034766931498 -0.12960989272730053 0.23836894632198677
v -0.36042610061266195 -0.15689646539637533 0.23875020552490234
v -0.35430666020873086 -0.15190041561455433 0.24197974614110893
v -0.37797046148612795 -0.12354842078822183 0.24141647388843251
v -0.060183419976097045 -0.13919698382791143 0.35071979876422948
v -0.059955100829799934 -0.13741123007950407 0.35123602432717693
v -0.084260309135548828 -0.15650661702621171 0.33874074109154201
v -0.085422104317944461 -0.15076803690526924 0.33979492622988816
v -0.08562210355634961 -0.14978016059026988 0.33997640041770305
v -0.086780758534821978 -0.14405708966875108 0.3410277365925799
v -0.087069865582758824 -0.14262907221716545 0.34129006536611595
v -0.11952603461708185 -0.16821386626022936 0.32458312651566384
v -0.11947324209698618 -0.16911394059869303 0.32437648940040414
v -0.11905984284264896 -0.17616219569447733 0.32275836425211246
v -0.11899738307007295 -0.17722715182571261 0.32251387274330912
v -0.11862897112263758 -0.18350835431166115 0.3210718468426928
v -0.11852877857341079 -0.18521656676037668 0.3206796790277725
v -0.11816341195220385 -0.19144589153716982 0.31924956234266316
v -0.082814289751196465 -0.16364909630671978 0.33742865767893704
v -0.077357541086949796 -0.19060220268238862 0.33247733452264738
v -0.081583136547720106 -0.35093471828474221 0.29132026906922953
v -0.086960861641868129 -0.34862983978358669 0.29017689254845286
v -0.099819264115575693 -0.44919848176662708 0.26110448095784966
v -0.091070425295238844 -0.44719408087344964 0.26439329494274327
v -0.085559712541711325 -0.49356814752191369 0.25463715605133952
v -0.08239308667740744 -0.4974468074635337 0.25468437153870838
v -0.079505193723275316 -0.47569503068673646 0.26100644623092983
v -0.079699553520284946 -0.47569591777769737 0.26094421936812484
v -0.079380065013585993 -0.47475253868862333 0.26128037744187677
v -0.077158832401998959 -0.46819377290012543 0.26361749355639263
v -0.065562608344464854 -0.3770336057236231 0.28995120148333114
v -0.066288313069051572 -0.37614472215248523 0.28994038093517155
v -0.07042654697575218 -0.37107598242870771 0.28987867848069193
v -0.079499818886375889 -0.35996253299093617 0.28974339285050632
v -0.079753343030477639 -0.36187386031082519 0.28918794743983445
v -0.07975417664304249 -0.35965098138023821 0.28973960027209578
v -0.080254608631582042 -0.35903802439398336 0.28973213864211034
v -0.086876063385781729 -0.11859616981273342 0.34731902548600457
v -0.1474814757289602 -0.11148996504180345 0.32974848750551217
v -0.17369642790884751 -0.13289244581673537 0.31607111031955037
v -0.14269071051323653 -0.1708699777548833 0.3165334163413403
v -0.12037671917906627 -0.15371013367230293 0.32791286577226592
v -0.089615661212357367 -0.13005434961174092 0.34360005941654237
v -0.076324681594654456 -0.11983335709306618 0.35037805033977182
v -0.078990554496802562 -0.11952077380358184 0.34960516853315082
v -0.083227663195497015 -0.1230649339146869 0.34737342437116342
v -0.20653586452828065 -0.21996800459975668 0.28397435038214669
v -0.23625789817219195 -0.24282475860229241 0.26881702780911249
v -0.22241860099840821 -0.2415300648051438 0.27355363690888235
v -0.21278044923116321 -0.24062839571613345 0.27685237092975573
v -0.19856403020334445 -0.22973235190874733 0.28409321318923014
v -0.20184413619158117 -0.2257146951633868 0.28404430569909639
v -0.4377472688245444 -0.062189186163252294 0.24938591742967062
v -0.43279492720420709 -0.068255090408310751 0.24945975860250338
v -0.34328078417381014 -0.079122088529573337 0.27531927808296314
v -0.33688109555245355 -0.070926143333201394 0.2793959419922924
v -0.33696902936665662 -0.070915812866018377 0.27937045344542472
v -0.38271837543358578 -0.065542172210175692 0.26610926619820663
v -0.38656902209054972 -0.068685927388012755 0.26410023157752321
v -0.38981631531456867 -0.064708461567196812 0.26405181329082478
v -0.43441641963312477 -0.059469805390031778 0.25112375319313068
v -0.32177400194343131 -0.14910341776337427 0.26480491423371061
v -0.25978876464916467 -0.16434734147517738 0.28079514264115979
v -0.25849729024113194 -0.1604365483992255 0.28217817273422352
v -0.27893018839048589 -0.13540919519238956 0.28187351116443854
v -0.29336520118791881 -0.14719426664253835 0.2743421941831834
v -0.31543364522792505 -0.12016360559757867 0.27401314600023691
v -0.35430666020873086 -0.15190041561455433 0.25373155691966331
v -0.33389043973078136 -0.17636142971691485 0.25417151423716833
v -0.38697590487844491 -0.08340837510434583 0.26031498595329583
v -0.38495098526420368 -0.11518493887546473 0.25307119009646334
v -0.37797046148612795 -0.12354842078822183 0.25322161620388861
v 0.27982482356655985 -0.22947376853287474 0.24362512477819678
v 0.27849310398128535 -0.22784260410242999 -0.36376809748321076
v 0.32885862218676359 -0.16734256758328545 0.25108055431529075
v 0.33480926226653357 -0.16248433018262146 0.25112195552407557
v 0.25069553610157713 -0.15215873257922827 0.27596848712406413
v 0.25612973376247133 -0.15881484092108217 0.27243522772709261
v 0.25612973376247133 -0.15881484092108217 -0.36376809748321076
v 0.1110253978011633 -0.12810219127839753 -0.36376809748321076
v 0.11082033143311611 -0.12498823693673733 -0.36376809748321076
v 0.11080302404843657 -0.12472540951329253 -0.36376809748321076
v 0.11072238492490169 -0.12350091101481471 -0.36376809748321076
v 0.11236343898710288 -0.12369366346597978 -0.36376809748321076
v 0.20240243009426276 -0.12386798145978334 -0.36376809748321076
v 0.20273988527721831 -0.1182049938259028 -0.36376809748321076
v 0.35560023435960919 -0.13729895481970372 -0.36376809748321076
v 0.38547650103973663 -0.074415754912554907 -0.36376809748321076
v 0.22803279026011122 0.080785641772379721 0.35675886609448376
v 0.22803279026011122 0.080785641772379721 0.35137251301479255
v 0.22899156472634719 0.0879388777470166 -0.36376809748321076
v 0.22924037497696895 0.089795194432257266 -0.36376809748321076
v 0.22538065629859069 0.095597857054402227 -0.36376809748321076
v 0.22923933772321467 0.10565458541448318 -0.36376809748321076
v 0.098661878106488049 -0.0075752889968407839 0.36141540791789156
v 0.097730246971811721 -0.0064341752419802946 0.36202114490772441
v 0.097730246971811721 -0.0064341752419802946 -0.36376809748321076
v 0.045376484285059679 -0.047691740538921695 0.36213503701146277
v 0.045376484285059679 -0.047691740538921695 -0.36376809748321076
v 0.048841148347534523 -0.051935454387344239 -0.36376809748321076
v 0.042429759417107929 -0.056972566698648711 -0.36376809748321076
v 0.036643550951449784 -0.053313801971932556 -0.36376809748321076
v 0.033888163525211894 -0.051571504427430838 -0.36376809748321076
v 0.030866831545778732 -0.049661044428014597 -0.36376809748321076
v -0.017984377531684869 -0.068491717134355673 0.37165124234330155
v -0.017984377531684869 -0.068491717134355673 0.35897439076483795
v -0.026374217118484949 -0.075509461979294812 -0.36376809748321076
v -0.027305695354503948 -0.076288600809869073 -0.36376809748321076
v -0.053408562494561281 -0.086209186853026712 -0.36376809748321076
v -0.054419300307654392 -0.094114416984556304 -0.36376809748321076
v -0.047258246937486391 -0.097480766900654187 -0.36376809748321076
v -0.045742919293804064 -0.10546701747320064 -0.36376809748321076
v -0.045780482395273665 -0.10575022599859374 -0.36376809748321076
v -0.045780698735001159 -0.10575182198802216 -0.36376809748321076
v -0.040352576808362552 -0.10613911955226024 -0.36376809748321076
v -0.040301215454801066 -0.10576192708196486 -0.36376809748321076
v -0.03768654192242421 -0.10606904117305566 0.3645952535797452
v -0.03203322308962623 -0.1067330702856009 -0.36376809748321076
v -0.030542890866250665 -0.10690812097472588 -0.36376809748321076
v -0.023291744156110208 -0.10060214188596159 -0.36376809748321076
v -0.020109277536651367 -0.098089334993410965 -0.36376809748321076
v -0.020107214488799093 -0.098089576472114179 -0.36376809748321076
v -0.012756685148383011 -0.10032979329484405 -0.36376809748321076
v -0.01295551261112267 -0.10194623284125989 -0.36376809748321076
v -0.012955767924005556 -0.10194828716531976 -0.36376809748321076
v -0.013241293622872116 -0.10894033853169995 -0.36376809748321076
v -0.013877023217454371 -0.10944024394387106 -0.36376809748321076
v -0.013877342384368014 -0.1094404978113919 -0.36376809748321076
v -0.022500540217407428 -0.11622135359707322 -0.36376809748321076
v -0.022500640876550498 -0.11622209548076769 -0.36376809748321076
v -0.022812075103201657 -0.11858359676308294 -0.36376809748321076
v -0.025088484049872527 -0.12584098542411529 -0.36376809748321076
v -0.02792672231330889 -0.12550819504394997 -0.36376809748321076
v -0.032934387127838721 -0.12492102682690949 -0.36376809748321076
v -0.033482207943953492 -0.12485679390481325 -0.36376809748321076
v -0.033484108698295094 -0.12485828577655371 -0.36376809748321076
v -0.043788184034778015 -0.13296090249971498 -0.36376809748321076
v -0.044851403976465601 -0.16406345600414213 -0.36376809748321076
v -0.05277648791089401 -0.22821136742770479 -0.36376809748321076
v -0.029917236529208684 -0.23984154897620372 0.31954202206274529
v -0.034391674554766688 -0.27621780476448804 -0.36376809748321076
v -0.06366376136457455 -0.42834604534247028 0.26749173941391885
v -0.066425860690852268 -0.44928996802265925 0.26145602527201051
v -0.057087275385670384 -0.46072838812216171 0.25538417320723822
v -0.057087275385670384 -0.46072838812216171 -0.36376809748321076
v -0.058916675970914364 -0.47560106031791349 -0.36376809748321076
v -0.069902398350983441 -0.47565120059863947 -0.36376809748321076
v -0.081083997022577584 -0.49905025351480148 0.24918735550058835
v -0.08239308667740744 -0.4974468074635337 -0.36376809748321076
v -0.081083997022577584 -0.49905025351480148 -0.36376809748321076
v -0.074114155605725082 -0.50758730400113705 0.24465563633145493
v -0.074114155605725082 -0.50758730400113705 -0.36376809748321076
v -0.072605927632073741 -0.50943466573928975 0.24367500200302886
v -0.072605927632073741 -0.50943466573928975 -0.36376809748321076
v -0.067542590826515578 -0.51563652306208252 -0.36376809748321076
v -0.063428012386257199 -0.5122772879923172 0.24041149940491102
v -0.063428012386257199 -0.5122772879923172 -0.36376809748321076
v 0.22945479851571582 -0.27316112635277584 -0.36376809748321076
v 0.24993972107847373 -0.2564367715090099 0.24259173349590557
v 0.24993972107847373 -0.2564367715090099 -0.36376809748321076
v 0.27162822785402324 -0.23872978324623648 0.24274262975895913
v 0.27162822785402324 -0.23872978324623648 -0.36376809748321076
v 0.28108096202118849 -0.23101235695591835 -0.36376809748321076
v 0.050117520993382687 -0.052197716364505355 -0.36376809748321076
v -0.046647348921098036 -0.21409061655292214 -0.36376809748321076
v -0.032287011270403274 -0.18395248118897251 -0.36376809748321076
v -0.026874402930894607 -0.14938662510150566 0.34788352521240562
v -0.026874402930894607 -0.14938662510150566 -0.36376809748321076
v -0.023335893462740988 -0.1464977058370748 0.34790814416751731
v -0.023335893462740988 -0.1464977058370748 -0.36376809748321076
v -0.033774466552229744 -0.20170714693877145 -0.36376809748321076
v 0.022731170490750512 -0.095719894647051662 0.35246769285384572
v 0.092556956932213608 -0.1111420552970085 0.32963632488071193
v 0.087752600822232768 -0.11506444043473654 -0.36376809748321076
v 0.080264012098608589 -0.1211782939465068 -0.36376809748321076
v 0.069553952318367349 -0.12992222932445424 0.32947628308925958
v -0.011659167023246347 -0.091424155662544165 -0.36376809748321076
v -0.011661478879852262 -0.09142597645739213 -0.36376809748321076
v -0.011661221398926294 -0.091423900349661275 -0.36376809748321076
v -0.03679534685602092 -0.098843445211971276 -0.36376809748321076
v -0.036793708228411895 -0.098842187334023418 -0.36376809748321076
v -0.036793887401686556 -0.098843633057418265 -0.36376809748321076
v 0.20347357325263185 -0.13595449885886662 -0.36376809748321076
v 0.20169503908768591 -0.13573898469120965 -0.36376809748321076
v 0.20166072965106085 -0.13631474012298878 -0.36376809748321076
v 0.19828202684492541 -0.14175684133331654 0.28735394559611055
v 0.19405734640157563 -0.14520596610186493 0.28727249830870699
v 0.18727698498133696 -0.15074160675664322 -0.36376809748321076
v 0.20924599590663578 -0.14302488404792513 -0.36376809748321076
v -0.059562611938023258 -0.38438273595357059 -0.36376809748321076
v -0.068675890179809213 -0.35690566327523215 -0.36376809748321076
v -0.086824240600384392 -0.31896679709494108 -0.36376809748321076
v -0.086960861641868129 -0.34862983978358669 0.29911580990015429
v -0.079754177262483364 -0.35965098060593709 -0.36376809748321076
v -0.070426547853293442 -0.37107598134468617 -0.36376809748321076
v -0.10279333915672109 -0.47245944045603139 -0.36376809748321076
v -0.095591713802626876 -0.48128039288020558 -0.36376809748321076
v -0.089379250929280091 -0.48888976390334143 -0.36376809748321076
v 0.39587284792842803 0.10402547881826328 -0.36376809748321076
v 0.38269380819490872 0.12016790168199121 -0.36376809748321076
v 0.34180516005106076 0.17025059846100662 -0.36376809748321076
v 0.33802153183859224 0.17488499728612189 -0.36376809748321076
v 0.30356549167577013 0.14018081963709428 -0.36376809748321076
v 0.20912433363973346 0.090857127950096414 -0.36376809748321076
v 0.27907374370440668 0.13316259111206766 -0.36376809748321076
v 0.28466839384605697 0.13043999058839081 -0.36376809748321076
v 0.28868955414903724 0.12848312027151015 -0.36376809748321076
v 0.28912426588630658 0.13631754268381852 -0.36376809748321076
v 0.33783545174649082 0.17511291854489347 -0.36376809748321076
v 0.33468514871720706 0.17897158541265673 -0.36376809748321076
v 0.33402570702896206 0.17977930632947561 -0.36376809748321076
v 0.33326179937209638 0.18071498308416209 -0.36376809748321076
v 0.33080358364947787 0.1837259427841528 -0.36376809748321076
v 0.3292888265108464 0.18558130181379234 -0.36376809748321076
v 0.3260242637912818 0.18957992030179324 -0.36376809748321076
v 0.32093481053228357 0.19581376653243285 -0.36376809748321076
v 0.28490028990209804 0.24151630341359068 -0.36376809748321076
v 0.28203363829843692 0.21744343396087223 -0.36376809748321076
v 0.25737801491925216 0.12889490722447577 -0.36376809748321076
v 0.099012234126559961 0.0040571273394945304 -0.36376809748321076
v 0.095953339406997712 0.0031990579065737448 -0.36376809748321076
v 0.13716786249302187 0.12090420302685922 0.33702148370220797
v 0.13716786249302187 0.12090420302685922 0.33121127329617517
v 0.13716786249302187 0.12090420302685922 -0.36376809748321076
v 0.16663722103979819 0.1449636549255269 0.336692308482261
v 0.16663722103979819 0.1449636549255269 0.33088026953836919
v 0.25725572495225768 0.21894665432282615 0.33568009211540639
v 0.23176596108974309 0.24224838347533889 0.31606836170550368
v 0.21025302146215258 0.30901889773912855 0.28939096268426634
v 0.22328711430093431 0.31966022637246005 -0.36376809748321076
v 0.15711950313656958 0.40358053000607902 -0.36376809748321076
v 0.1149105636271104 0.3717258332143672 -0.36376809748321076
v 0.14677493990525994 0.41670052752559977 -0.36376809748321076
v 0.088521274715332901 0.49058358478264813 -0.36376809748321076
v 0.056736256247257068 0.46463357562329266 0.20143771920178444
v 0.056736256247257068 0.46463357562329266 -0.36376809748321076
v 0.053785275768836682 0.46222432835411448 0.20147086496709554
v 0.053785275768836682 0.46222432835411448 -0.36376809748321076
v 0.047079592540920444 0.45674965668419326 0.201546184125869
v 0.047079592540920444 0.45674965668419326 -0.36376809748321076
v 0.043952672888672238 0.45419676861137404 0.20158130611406899
v 0.043952672888672238 0.45419676861137404 -0.36376809748321076
v 0.039738128975889825 0.45075591946974802 0.20162864440559239
v 0.039738128975889825 0.45075591946974802 -0.36376809748321076
v 0.030137445948620292 0.44291770437578909 0.2017364805971833
v 0.030137445948620292 0.44291770437578909 -0.36376809748321076
v 0.029957508129049071 0.44277079906708799 0.20173850167791596
v 0.029957508129049071 0.44277079906708799 -0.36376809748321076
v 0.026614663052019337 0.4400416246238274 0.20177604893202303
v 0.026614663052019337 0.4400416246238274 -0.36376809748321076
v 0.012391577033624587 0.42842957498743989 0.20193580454178864
v 0.012391577033624587 0.42842957498743989 -0.36376809748321076
v 0.00074759991727757664 0.41892316833278831 -0.36376809748321076
v -0.010410954830883517 0.3588723556569996 -0.36376809748321076
v -0.00067217267294938585 0.32625482712561132 0.23129181005325275
v 0.0051203850101131003 0.27799484282865389 -0.36376809748321076
v 0.0095321062983698499 0.27613220924017484 -0.36376809748321076
v 0.01973960842707026 0.27182258951469818 -0.36376809748321076
v 0.018265473447076342 0.28195520103447425 -0.36376809748321076
v 0.028337389207043626 0.3611325122300505 -0.36376809748321076
v 0.031622356670550106 0.36132412155469074 -0.36376809748321076
v 0.040547139104041098 0.36184469724446117 -0.36376809748321076
v 0.044118399908525209 0.36205300700495835 -0.36376809748321076
v 0.028511000625282938 0.30685113216713589 -0.36376809748321076
v 0.028119764242966493 0.30369279782873698 -0.36376809748321076
v 0.028203680776579674 0.26824905169715768 -0.36376809748321076
v 0.030690806527768899 0.25288941245414448 -0.36376809748321076
v 0.012262749797298429 0.14737515479146668 -0.36376809748321076
v 0.016411477910054793 0.13680139874411817 -0.36376809748321076
v 0.0066852128972316703 0.10508286032317253 0.30372345347342145
v 0.0066852128972316703 0.10508286032317253 -0.36376809748321076
v 0.0039344433511373164 0.10845215624847766 0.30196204354513473
v 0.0039344433511373164 0.10845215624847766 -0.36376809748321076
v -0.0011272709322747037 0.11465202625006582 0.29872085821467714
v -0.019011110340712161 0.096065880360658315 0.30019384299619628
v -0.020192893383337174 0.087156333127241581 -0.36376809748321076
v -0.020504967337557595 0.033003535724745521 0.31995050471157438
v -0.020504967337557595 0.033003535724745521 -0.36376809748321076
v -0.022255148402904407 0.035147255117960602 0.31882980509550912
v -0.028606511550454489 -0.014437751317852025 0.33307327324825364
v -0.028606511550454489 -0.014437751317852025 -0.36376809748321076
v -0.026114720428654228 -0.01240339658660034 -0.36376809748321076
v -0.0052800196293056514 0.014355170612303885 0.32969954909495447
v -0.0087650794538296287 -0.067878856987358488 -0.36376809748321076
v 0.011524623373116371 -0.061700396204719919 0.35816660129656164
v 0.037530609649753917 -0.053874710025248629 -0.36376809748321076
v 0.044746776223656019 -0.046920439029226858 -0.36376809748321076
v 0.18744502545801811 0.29039793312945211 -0.36376809748321076
v -0.041650376327225389 -0.11627105397153391 -0.36376809748321076
v -0.046796779483788346 -0.11341211172259034 -0.36376809748321076
v -0.046797207259336351 -0.11341206113491843 -0.36376809748321076
v -0.046796722340367122 -0.11341169189653362 -0.36376809748321076
v -0.046422032720949108 -0.11058689291919893 -0.36376809748321076
v -0.045782311500953431 -0.10575162598660358 -0.36376809748321076
v -0.055114175614482286 -0.099549207863333697 -0.36376809748321076
v -0.051916080191889737 -0.096874137090032356 -0.36376809748321076
v -0.070967230697282779 -0.09219729009780421 -0.36376809748321076
v -0.095728793591702652 -0.10775285214202859 -0.36376809748321076
v -0.092768046647020888 -0.10999597011612197 -0.36376809748321076
v -0.078990556716465724 -0.11952077302928074 -0.36376809748321076
v -0.067556954834611577 -0.11309082074616947 -0.36376809748321076
v -0.057982624474237902 -0.12198402986502432 0.3500705170936852
v -0.057982624474237902 -0.12198402986502432 -0.36376809748321076
v -0.057981496885355227 -0.12198416221889245 -0.36376809748321076
v -0.051374179320649166 -0.12275889336626193 -0.36376809748321076
v -0.059000685214179317 -0.12994654382437318 -0.36376809748321076
v -0.040709808622207244 -0.13054022169400603 -0.36376809748321076
v -0.033483890087284376 -0.12485659459970998 -0.36376809748321076
v -0.045661250504665671 -0.025615587608778575 -0.36376809748321076
v -0.04093439661798115 0.011354277549301194 -0.36376809748321076
v -0.08314059814712875 0.058847573209560203 -0.36376809748321076
v -0.20910177035768243 -0.076193994791462591 -0.36376809748321076
v -0.22359051929015217 -0.074515429815685957 -0.36376809748321076
v -0.21636369446160117 -0.085081917292123416 -0.36376809748321076
v -0.24804657776222908 -0.081360500766158306 0.29400278221822895
v -0.25746204476580536 -0.089047501307691374 0.29981957919076352
v -0.25746204476580536 -0.089047501307691374 -0.36376809748321076
v -0.25824041585102836 -0.089682981112738591 0.29982832197934989
v -0.25824041585102836 -0.089682981112738591 -0.36376809748321076
v -0.14074987953393306 0.18028621054605434 -0.36376809748321076
v -0.17739721808589573 0.15036649313374897 -0.36376809748321076
v -0.31009537175563084 0.042028714400272817 -0.36376809748321076
v -0.38879618115114023 -0.022224409211691193 -0.36376809748321076
v -0.41022077906270793 -0.039715936320622973 -0.36376809748321076
v -0.41226407315178537 -0.041384127881315548 -0.36376809748321076
v -0.42130494954324432 -0.048765304214151151 -0.36376809748321076
v -0.42435589549418878 -0.051256165555189893 -0.36376809748321076
v -0.43179732453174341 -0.057331516789875643 -0.36376809748321076
v -0.43355271803723883 -0.05876465985664648 -0.36376809748321076
v -0.43441641963312477 -0.059469805390031778 -0.36376809748321076
v -0.38271837646598728 -0.065542173036096871 -0.36376809748321076
v -0.33656182173363974 -0.070517253608473704 -0.36376809748321076
v -0.33005292331053987 -0.062181444442748743 -0.36376809748321076
v -0.32896741020776632 -0.060791250928863443 -0.36376809748321076
v -0.3495789963514751 -0.049214195314514042 -0.36376809748321076
v -0.30018632945786067 -0.055383890389253641 0.27842035053207387
v -0.25505614123849979 -0.070870043566625046 -0.36376809748321076
v -0.23766512445196644 -0.072884847143468073 -0.36376809748321076
v -0.23745123838142354 -0.072710225675253148 -0.36376809748321076
v -0.014390888968747753 0.13089804533579827 -0.36376809748321076
v -0.010232270295073625 0.12900971078384962 -0.36376809748321076
v -0.0084658166210380519 0.13045188359519472 -0.36376809748321076
v -0.38683063489366815 -0.074085306535118356 0.25732705825250118
v -0.38683063489366815 -0.074085306535118356 -0.36376809748321076
v -0.38697590332984272 -0.083408373297643265 -0.36376809748321076
v -0.057538628453812551 0.2482217609069261 -0.36376809748321076
v -0.089123716028460379 0.22243497994291186 -0.36376809748321076
v -0.088017995576905483 0.22108063187255483 -0.36376809748321076
v 0.25585519126661554 0.17394013303591691 0.33876022199103084
v 0.25585519126661554 0.17394013303591691 -0.36376809748321076
v 0.26798928456441995 0.22770977553992297 -0.36376809748321076
v 0.076603600536691727 -0.002228867967026205 -0.36376809748321076
v 0.18429596611116206 0.068918463485149947 -0.36376809748321076
v 0.25675644672397796 0.13631177285011767 -0.36376809748321076
v 0.25660577908622939 0.13810958819648858 -0.36376809748321076
v 0.20965248916945733 0.090598387804061001 -0.36376809748321076
v -0.037635799803262857 -0.08492929227281272 -0.36376809748321076
v -0.0093399720044622971 0.0012918880157738316 -0.36376809748321076
v -0.016742647065454717 0.0067495760104956098 -0.36376809748321076
v -0.024096051334237027 0.0039362835088554331 -0.36376809748321076
v -0.04290150840903835 -0.084045402272712372 -0.36376809748321076
v -0.038641672837401497 -0.085770661373116813 -0.36376809748321076
v -0.1034056740178517 -0.098349780821530716 -0.36376809748321076
v -0.24218445919119755 -0.062628969675970286 -0.36376809748321076
v -0.22869909603125127 -0.071920875155284683 -0.36376809748321076
v -0.22524664109690964 -0.074299740397879885 0.30314526952367066
v -0.22524664109690964 -0.074299740397879885 -0.36376809748321076
v -0.2252050746006499 -0.074328378440284018 -0.36376809748321076
v -0.17901760099295638 -0.080320560496778839 -0.36376809748321076
v -0.12786735355457801 -0.095476551323540229 -0.36376809748321076
v -0.1282178844634585 -0.095762732700578723 -0.36376809748321076
v 0.0083614536792048551 0.14419004826983567 -0.36376809748321076
v 0.0021175789071913457 0.13909240744776016 -0.36376809748321076
v -0.00014240427403307537 0.13724730599776003 -0.36376809748321076
v -0.014596271767844718 0.080830195470665278 -0.36376809748321076
v -0.022315661324413302 0.089555796689053807 -0.36376809748321076
v -0.011671186034649342 0.10450669750577438 -0.36376809748321076
v -0.0011272709322747037 0.11465202625006582 -0.36376809748321076
v 0.011747292805623366 0.09888254251744788 -0.36376809748321076
v 0.18927291393645287 0.29189026268832652 -0.36376809748321076
v 0.19009402040287707 0.29912534884503961 -0.36376809748321076
v 0.033287471932970242 0.30679746386087547 -0.36376809748321076
v 0.035285277174512998 0.36153778008395027 -0.36376809748321076
v 0.023951574897969275 0.27004429481527259 -0.36376809748321076
v -0.14029083301005596 0.17972394478156853 -0.36376809748321076
v 0.3088233772078065 -0.20836282074284773 -0.36376809748321076
v 0.33008403177953644 -0.19100514071589697 -0.36376809748321076
v 0.34066839244827757 -0.16872730831396054 -0.36376809748321076
v 0.3474324514234251 -0.15449040633778874 -0.36376809748321076
v 0.34886610103797588 -0.15147287426681649 -0.36376809748321076
v 0.34922691703999492 -0.15071343019769501 -0.36376809748321076
v 0.35365599924294727 -0.14139115213827114 -0.36376809748321076
v 0.20204005619842946 -0.12994912044033541 -0.36376809748321076
v 0.20206559672671101 -0.13422993064152416 -0.36376809748321076
v 0.34497584578251506 -0.15418410108162756 -0.36376809748321076
v 0.34010641214279747 -0.15815961700579204 -0.36376809748321076
v 0.32885862218676359 -0.16734256758328545 -0.36376809748321076
v 0.27982482356655985 -0.22947376853287474 -0.36376809748321076
v 0.19828202684492541 -0.14175684133331654 -0.36376809748321076
v 0.20178691146186697 -0.13419719773355987 -0.36376809748321076
v 0.11126182847416959 -0.13169246938249152 -0.36376809748321076
v 0.11148421905504023 -0.13506948395412741 -0.36376809748321076
v 0.1124260507291749 -0.14937133905565914 -0.36376809748321076
v 0.21853874671627171 -0.15440716354937317 -0.36376809748321076
v 0.19405734640157563 -0.14520596610186493 -0.36376809748321076
v 0.16048437320840411 -0.16944307462582148 -0.36376809748321076
v -0.048021462678888675 -0.31097185778002506 -0.36376809748321076
v -0.045500874163517786 -0.29062392327747255 0.31259203336477004
v -0.045500874163517786 -0.29062392327747255 -0.36376809748321076
v 0.03617094171787557 -0.40685381522373482 -0.36376809748321076
v 0.40051179159128303 0.09834344188032737 -0.36376809748321076
v 0.4002049226955407 0.098719312050823349 -0.36376809748321076
v 0.38867362228830454 0.10542835827489952 -0.36376809748321076
v -0.057357029397040162 -0.31252794778246418 -0.36376809748321076
v -0.04868178670904777 -0.24353134696834841 -0.36376809748321076
v -0.054567467159328538 -0.17199587009222911 -0.36376809748321076
v -0.065520299035349325 -0.180938010136731 -0.36376809748321076
v -0.066410005636936997 -0.26127755879549153 -0.36376809748321076
v 0.27531203203296878 0.1349932024977526 -0.36376809748321076
v 0.22516232233280586 0.095028820904333428 -0.36376809748321076
v 0.22913385055468249 0.089000434644800452 -0.36376809748321076
v 0.26001955633847723 0.1133613618126043 -0.36376809748321076
v 0.26854581776489789 0.12827970233888591 -0.36376809748321076
v -0.028132412303462476 -0.15041369246022845 -0.36376809748321076
v -0.031106126881635537 -0.18147415330498798 -0.36376809748321076
v 0.40093944929066616 0.097819622901347159 -0.36376809748321076
v 0.44523617732764414 0.051365672640742099 -0.36376809748321076
v 0.41481489966685564 0.065299514818005583 -0.36376809748321076
v 0.34613143055388362 -0.15324065550589899 -0.36376809748321076
v 0.20400647065391553 -0.13660722131702138 -0.36376809748321076
v 0.21291681386886363 -0.14752110667360624 -0.36376809748321076
v 0.24678282709498206 -0.14736622833485286 -0.36376809748321076
v 0.15189111568897981 -0.17815680173035295 -0.36376809748321076
v -0.016025387384871213 -0.12690366459391428 -0.36376809748321076
v 0.062039648487373492 -0.13605707723626448 -0.36376809748321076
v 0.066157865678223723 -0.13269487143127673 -0.36376809748321076
v 0.28281561860756987 0.1313416338157444 -0.36376809748321076
v 0.27203302710089705 0.13095244520173849 -0.36376809748321076
v 0.26843969236577858 0.12809401388828115 -0.36376809748321076
v 0.25231418323205063 0.099879326237447594 -0.36376809748321076
v 0.23056654452681499 0.099689473182563548 -0.36376809748321076
v 0.093227346876679704 -0.057381887605849259 -0.36376809748321076
v 0.011615793559439395 -0.10176477997253529 -0.36376809748321076
v -0.0020959930512295961 -0.10017622925477872 -0.36376809748321076
v 0.0065960102100051151 -0.10449469005346143 -0.36376809748321076
v 0.092556956932213608 -0.1111420552970085 -0.36376809748321076
v 0.097076195090287434 -0.0056330560679646834 -0.36376809748321076
v 0.098661878106488049 -0.0075752889968407839 -0.36376809748321076
v 0.011549107857936931 -0.061066563080013167 -0.36376809748321076
v 0.011899817062550838 -0.051987197884308882 -0.36376809748321076
v -0.012957788488537446 -0.10194802426428609 -0.36376809748321076
v -0.012588274813876161 -0.098960667378262798 -0.36376809748321076
v -0.012279161012763096 -0.096447631395826544 -0.36376809748321076
v -0.015062048465267631 -0.095320544466742832 -0.36376809748321076
v -0.02028716923975438 -0.099438220059783269 -0.36376809748321076
v -0.020710596467644678 -0.10806300866862371 -0.36376809748321076
v -0.052628231137052041 -0.080106024581132265 -0.36376809748321076
v -0.041399040564514052 0.0077201853593328804 -0.36376809748321076
v -0.048344868065134813 -0.03055259269883754 -0.36376809748321076
v -0.049414922349676274 -0.031426209271935956 -0.36376809748321076
v -0.10681758592712826 -0.097851875325862134 -0.36376809748321076
v 0.0086598793376465293 0.27650046519174848 -0.36376809748321076
v -0.020784758510853499 0.30304474755504296 -0.36376809748321076
v -0.048905611089076331 0.25526995183895917 -0.36376809748321076
v -5.3964634731064245e-05 0.20847163178333064 -0.36376809748321076
v 0.0013939494644143011 0.21025964840089431 -0.36376809748321076
v 0.019282175804787041 0.23234969296384203 -0.36376809748321076
v -0.0068557557670884577 0.084472360472287733 -0.36376809748321076
v -0.0077162561441244202 0.014399648738802031 -0.36376809748321076
v -0.0067208089194443028 0.0034302321075088292 -0.36376809748321076
v -0.26540770084807358 -0.079321291321866466 -0.36376809748321076
v -0.26540770084807358 -0.079321291321866466 0.28889625783962697
v -0.31292335935651761 -0.077913126847258471 -0.36376809748321076
v -0.30833474221961327 -0.083533521055139656 -0.36376809748321076
v -0.11852877950257212 -0.1852165674830577 -0.36376809748321076
v -0.11905984057136573 -0.17616219662363866 -0.36376809748321076
v -0.11952603337820007 -0.16821386811855202 -0.36376809748321076
v -0.08678075894778256 -0.14405708708774745 -0.36376809748321076
v -0.085422105660066375 -0.15076803664716887 -0.36376809748321076
v -0.05883425125742156 -0.1286448173084288 -0.36376809748321076
v -0.057982765087317763 -0.12198513097280937 -0.36376809748321076
v -0.070823965429675395 -0.1126897712846654 -0.36376809748321076
v -0.089615661883418324 -0.13005435260570516 0.3380334482147247
v -0.12037671866286555 -0.15371013238180106 0.32244318405997707
v -0.24759834182383741 -0.20915863074069724 -0.36376809748321076
v -0.29054701278041989 -0.22829191043466307 0.25002983928475675
v -0.26943947279277647 -0.26834196168262719 0.24689545975760566
v -0.29750165399560785 -0.23396983707263685 -0.36376809748321076
v -0.26943947279277647 -0.26834196168262719 -0.36376809748321076
v -0.26475808984146121 -0.27407598065388677 0.24697409695145511
v -0.26475808984146121 -0.27407598065388677 -0.36376809748321076
v -0.26154902468869706 -0.27800662262883052 0.24702800234871256
v -0.26154902468869706 -0.27800662262883052 -0.36376809748321076
v -0.26047498352778892 -0.27932216809651622 0.24704604397731569
v -0.26047498352778892 -0.27932216809651622 -0.36376809748321076
v -0.25629634323435746 -0.28444039980451824 0.24711623617878206
v -0.25629634323435746 -0.28444039980451824 -0.36376809748321076
v -0.25580665885481385 -0.28504019258804236 0.24712446183747344
v -0.25580665885481385 -0.28504019258804236 -0.36376809748321076
v -0.25270205967067039 -0.28884287877673859 0.24717661246195674
v -0.25270205967067039 -0.28884287877673859 -0.36376809748321076
v -0.25160843116968218 -0.2901824159640245 0.24719498306528745
v -0.25160843116968218 -0.2901824159640245 -0.36376809748321076
v -0.24852668393391891 -0.29395711183899714 0.24724674979128511
v -0.24852668393391891 -0.29395711183899714 -0.36376809748321076
v -0.087003351259899955 -0.33876929836463232 -0.36376809748321076
v -0.086810409208205402 -0.31743735936230361 -0.36376809748321076
v -0.082889121255136811 -0.31678373948917332 -0.36376809748321076
v -0.078781331783687819 -0.28465572679778917 -0.36376809748321076
v -0.15862788690648125 -0.21493350307690298 0.2952396691213548
v -0.15767883280978115 -0.21609595744763554 0.29525561120671373
v -0.1618448164290433 -0.21099322843492802 0.29518563157670952
v -0.1618448164290433 -0.21099322843492802 -0.36376809748321076
v -0.13025657290634982 -0.18610000296841203 0.31134291245263562
v -0.12700187896403203 -0.19008653363545214 0.3113975843563625
v -0.12610143094785725 -0.19118945261400522 0.31141270996702097
v -0.12610143094785725 -0.19118945261400522 -0.36376809748321076
v -0.26851839419483886 -0.26763363402981905 0.24736227974833142
v -0.20184413619158117 -0.2257146951633868 0.27885496677220745
v -0.19856403087440541 -0.22973235108282616 -0.36376809748321076
v -0.21278044850848216 -0.24062839349647031 -0.36376809748321076
v -0.037304180682562277 -0.22847159030872763 -0.36376809748321076
v -0.057853157252242118 -0.31261064587586551 -0.36376809748321076
v -0.063316002247153697 -0.31352121312988313 -0.36376809748321076
v -0.058101821314816088 -0.38617199377579842 -0.36376809748321076
v -0.052566751474809083 -0.22651370514120456 -0.36376809748321076
v -0.065562607312063384 -0.37703360701412492 -0.36376809748321076
v -0.066425860690852268 -0.44928996802265925 -0.36376809748321076
v -0.020109555046165802 -0.098091427413084978 -0.36376809748321076
v -0.021817999681971324 -0.099439366541612811 -0.36376809748321076
v -0.050042075682028821 -0.13787865319916709 -0.36376809748321076
v -0.061129603841857609 -0.1465973350564409 0.34858050393398315
v -0.061129603841857609 -0.1465973350564409 -0.36376809748321076
v -0.13705038089112051 -0.10297378289928877 -0.36376809748321076
v -0.12760247309757519 -0.09526029692403111 -0.36376809748321076
v -0.11889452563455848 -0.088150931352768594 -0.36376809748321076
v -0.18530649977374392 -0.08872984448767586 -0.36376809748321076
v -0.16274345221930231 -0.10140595748612971 -0.36376809748321076
v -0.1387392973950701 -0.10435265256929913 -0.36376809748321076
v -0.27485674825797868 -0.087035707697326506 -0.36376809748321076
v -0.27550358081414195 -0.087563796430675467 -0.36376809748321076
v -0.30012257469250403 -0.093592241846812529 -0.36376809748321076
v -0.24804657776222908 -0.081360500766158306 -0.36376809748321076
v -0.43279492720420709 -0.068255090408310751 -0.36376809748321076
v -0.43233135927810362 -0.068822894232367995 -0.36376809748321076
v -0.42396428502120059 -0.079071353482362036 -0.36376809748321076
v -0.3827034766931498 -0.12960989272730053 -0.36376809748321076
v -0.36042610061266195 -0.15689646539637533 -0.36376809748321076
v -0.33764271731761031 -0.18480282392283109 -0.36376809748321076
v -0.022501376978796742 -0.11622201010116635 -0.36376809748321076
v -0.021980781725018508 -0.10077287708533283 -0.36376809748321076
v -0.022855045252496466 -0.10781112222296968 -0.36376809748321076
v -0.031188157837208692 -0.10683233006010191 -0.36376809748321076
v -0.031191032920435135 -0.10683199179376111 -0.36376809748321076
v -0.037278986834693481 -0.10611691151267527 -0.36376809748321076
v -0.03768654192242421 -0.10606904117305566 -0.36376809748321076
v -0.041020166467088504 -0.10632867006189428 -0.36376809748321076
v -0.041481649148708201 -0.11495378754222216 -0.36376809748321076
v -0.04164761491140051 -0.11627139172167397 -0.36376809748321076
v -0.038987328643312849 -0.11659796281215963 -0.36376809748321076
v -0.034209807383333214 -0.11718443756513444 -0.36376809748321076
v -0.039792294183855423 -0.12311359300902758 -0.36376809748321076
v -0.039914478949140429 -0.12410258240766897 -0.36376809748321076
v -0.024168849213766917 -0.11841704371881592 -0.36376809748321076
v -0.032533907861665073 -0.11738858468291509 -0.36376809748321076
v -0.032534105979506671 -0.11739014588041406 -0.36376809748321076
v -0.03253564936808033 -0.11738995318268018 -0.36376809748321076
v -0.021507510567243485 -0.10869156993847739 -0.36376809748321076
v -0.021507702439056198 -0.10869303269649647 -0.36376809748321076
v -0.021509144858766354 -0.1086928576012076 -0.36376809748321076
v -0.037735514092509879 -0.10646542748361186 -0.36376809748321076
v -0.037733963425505862 -0.10646562090402678 -0.36376809748321076
v -0.037735705293261632 -0.10646695636694492 -0.36376809748321076
v -0.15448527432705708 -0.22000760602306341 -0.36376809748321076
v -0.12700187896403203 -0.19008653363545214 -0.36376809748321076
v -0.13025657290634982 -0.18610000296841203 -0.36376809748321076
v -0.13080462771625717 -0.18542871488628943 -0.36376809748321076
v -0.15862788690648125 -0.21493350307690298 -0.36376809748321076
v -0.15767883280978115 -0.21609595744763554 -0.36376809748321076
v -0.073566357657302808 -0.31522978573185051 -0.36376809748321076
v -0.072222433073500972 -0.3549466901630427 -0.36376809748321076
v -0.065322888956584238 -0.45064094927697096 -0.36376809748321076
v -0.11234215335348784 -0.087403882553764897 -0.36376809748321076
v -0.20967879584974675 -0.08502654340701879 -0.36376809748321076
v -0.23346062183071606 -0.073229956963863391 -0.36376809748321076
v -0.24685874815068992 -0.080390729727312552 -0.36376809748321076
v -0.25457797443296643 -0.070479657366916984 -0.36376809748321076
v -0.33686801621312346 -0.07090939163861168 -0.36376809748321076
v -0.33688109663647509 -0.070926141578118898 -0.36376809748321076
v -0.3432807821606273 -0.079122088064992685 -0.36376809748321076
v -0.25978876242950155 -0.16434734173327775 -0.36376809748321076
v -0.30866807037770294 -0.083125242099120075 -0.36376809748321076
v -0.13493949021272592 -0.18036410471676137 -0.36376809748321076
v -0.23625789636548941 -0.24282476025413474 -0.36376809748321076
v -0.059955100726559782 -0.13741122940844308 -0.36376809748321076
v -0.08562210355634961 -0.14978016059026988 -0.36376809748321076
v -0.11947324209698618 -0.16911394059869303 -0.36376809748321076
v -0.11899738307007295 -0.17722715182571261 -0.36376809748321076
v -0.11862897112263758 -0.18350835431166115 -0.36376809748321076
v -0.11816341195220385 -0.19144589153716982 -0.36376809748321076
v -0.091070425295238844 -0.44719408087344964 -0.36376809748321076
v -0.085559712541711325 -0.49356814752191369 -0.36376809748321076
v -0.079380065013585993 -0.47475253868862333 -0.36376809748321076
v -0.066288313069051572 -0.37614472215248523 -0.36376809748321076
v -0.086960861641868129 -0.34862983978358669 -0.36376809748321076
v -0.086876063385781729 -0.11859616981273342 -0.36376809748321076
v -0.22241860099840821 -0.2415300648051438 -0.36376809748321076
v -0.20184413619158117 -0.2257146951633868 -0.36376809748321076
v -0.20653586452828065 -0.21996800459975668 -0.36376809748321076
v -0.38981631531456867 -0.064708461567196812 -0.36376809748321076
v -0.4377472688245444 -0.062189186163252294 -0.36376809748321076
l 2 3
l 3 4
l 2 4
l 4 5
l 5 6
l 4 6
l 6 7
l 7 8
l 6 8
l 7 9
l 9 10
l 10 11
l 11 12
l 12 13
l 13 14
l 14 1572
l 12 1572
l 12 14
l 15 1572
l 15 16
l 16 17
l 15 17
l 17 18
l 15 18
l 18 19
l 15 19
l 20 21
l 21 22
l 22 23
l 23 24
l 24 25
l 25 26
l 26 27
l 29 30
l 30 31
l 29 31
l 32 33
l 33 34
l 34 35
l 39 40
l 38 41
l 41 42
l 42 43
l 43 44
l 44 45
l 45 46
l 46 47
l 47 48
l 48 49
l 49 50
l 50 51
l 52 53
l 53 54
l 55 56
l 56 57
l 57 58
l 58 59
l 59 60
l 60 61
l 61 62
l 63 64
l 64 65
l 65 66
l 66 67
l 67 68
l 68 69
l 67 69
l 69 70
l 70 71
l 74 75
l 75 76
l 74 76
l 76 77
l 74 77
l 77 78
l 78 79
l 80 81
l 81 82
l 82 83
l 83 84
l 82 84
l 84 85
l 82 85
l 85 86
l 87 88
l 88 89
l 89 90
l 90 91
l 92 93
l 93 94
l 94 95
l 95 96
l 97 98
l 98 1610
l 1610 1611
l 99 1611
l 99 100
l 105 106
l 106 107
l 107 108
l 108 109
l 109 110
l 110 1615
l 1615 1618
l 1618 1620
l 111 1620
l 113 114
l 115 116
l 116 117
l 117 118
l 115 119
l 112 1626
l 1626 1628
l 120 1628
l 120 1540
l 121 1540
l 121 122
l 122 123
l 123 1542
l 1542 1543
l 124 1543
l 124 125
l 125 1544
l 1544 1545
l 126 1545
l 126 127
l 127 128
l 129 130
l 130 131
l 132 133
l 133 134
l 136 137
l 137 138
l 138 139
l 139 140
l 140 141
l 141 142
l 142 143
l 143 144
l 144 145
l 145 146
l 146 147
l 147 148
l 149 150
l 150 151
l 152 153
l 153 154
l 154 155
l 155 1640
l 156 1640
l 156 157
l 157 158
l 156 158
l 160 161
l 161 1639
l 162 1639
l 164 165
l 164 166
l 163 167
l 152 167
l 151 168
l 149 168
l 148 169
l 169 170
l 170 171
l 171 172
l 172 173
l 173 174
l 174 175
l 176 177
l 177 178
l 178 179
l 179 180
l 180 181
l 181 182
l 182 183
l 183 184
l 185 186
l 186 187
l 187 188
l 188 189
l 189 1556
l 185 1556
l 190 191
l 191 192
l 190 192
l 192 193
l 193 194
l 197 198
l 198 199
l 199 200
l 201 202
l 202 203
l 203 204
l 204 205
l 205 206
l 207 208
l 208 209
l 210 1562
l 1562 1563
l 211 1563
l 211 212
l 1 213
l 1 2
l 4 213
l 19 20
l 27 28
l 28 29
l 31 32
l 35 36
l 36 37
l 37 214
l 214 1584
l 215 1584
l 39 216
l 52 217
l 62 63
l 72 73
l 73 74
l 72 74
l 79 80
l 91 92
l 96 1609
l 97 1609
l 100 218
l 118 219
l 119 220
l 128 129
l 131 136
l 135 221
l 135 222
l 147 156
l 147 158
l 158 160
l 159 223
l 159 224
l 184 225
l 185 226
l 185 189
l 226 1556
l 195 196
l 196 197
l 200 201
l 206 227
l 38 215
l 51 217
l 71 72
l 103 104
l 104 105
l 114 228
l 221 222
l 162 163
l 175 176
l 225 226
l 189 226
l 175 1556
l 189 190
l 194 195
l 227 229
l 40 216
l 101 102
l 102 103
l 111 1623
l 112 1623
l 134 230
l 230 231
l 232 1643
l 132 1643
l 175 189
l 166 1556
l 207 229
l 189 209
l 209 1556
l 209 210
l 189 210
l 101 218
l 231 232
l 166 189
l 210 1556
l 219 1634
l 1634 1636
l 220 1636
l 166 233
l 212 1565
l 233 1565
l 234 1607
l 87 1607
l 86 234
l 113 228
l 54 55
l 223 224
l 213 233
l 165 233
l 169 235
l 169 236
l 236 237
l 237 238
l 238 239
l 240 241
l 241 242
l 242 243
l 235 244
l 240 245
l 245 246
l 244 247
l 239 246
l 243 247
l 248 249
l 127 249
l 127 250
l 248 250
l 251 252
l 252 253
l 95 254
l 254 255
l 95 255
l 255 256
l 95 256
l 256 257
l 257 258
l 258 259
l 259 260
l 260 261
l 261 262
l 262 263
l 263 264
l 264 265
l 265 1660
l 266 1660
l 266 267
l 251 267
l 253 268
l 268 269
l 269 270
l 270 271
l 95 271
l 272 273
l 273 274
l 274 275
l 275 276
l 276 277
l 272 277
l 182 278
l 182 279
l 181 279
l 181 280
l 280 281
l 281 282
l 282 283
l 283 284
l 284 285
l 285 286
l 286 287
l 287 288
l 186 288
l 186 289
l 278 289
l 199 290
l 290 291
l 199 291
l 292 293
l 293 294
l 294 295
l 295 296
l 296 297
l 297 298
l 298 299
l 299 300
l 300 301
l 301 302
l 302 303
l 303 304
l 304 305
l 305 306
l 306 307
l 307 308
l 308 309
l 309 310
l 310 311
l 311 312
l 313 314
l 314 315
l 315 316
l 319 320
l 320 321
l 321 322
l 322 323
l 324 325
l 325 326
l 326 327
l 327 328
l 292 329
l 316 317
l 317 318
l 329 331
l 323 330
l 312 313
l 318 319
l 328 331
l 332 1690
l 1690 1693
l 333 1693
l 333 334
l 335 336
l 336 337
l 337 338
l 334 339
l 339 340
l 340 1695
l 341 1695
l 342 1696
l 343 1696
l 343 344
l 344 345
l 345 346
l 347 348
l 348 349
l 349 1702
l 1702 1704
l 1704 1706
l 1706 1708
l 1708 1710
l 1710 1712
l 1712 1714
l 1714 1716
l 1716 1718
l 350 1718
l 350 351
l 351 352
l 352 1722
l 353 1722
l 353 354
l 354 355
l 355 356
l 358 359
l 359 360
l 360 361
l 361 362
l 366 367
l 367 368
l 366 368
l 369 370
l 370 371
l 371 372
l 372 373
l 373 374
l 374 375
l 375 376
l 378 379
l 379 380
l 380 381
l 381 382
l 382 383
l 384 1737
l 1737 1739
l 1739 1741
l 385 1741
l 385 386
l 386 387
l 388 389
l 389 390
l 390 1742
l 391 1742
l 391 392
l 392 393
l 393 394
l 394 395
l 395 396
l 397 1744
l 1744 1746
l 398 1746
l 398 399
l 399 400
l 400 1747
l 401 1747
l 401 402
l 402 403
l 403 404
l 404 405
l 405 406
l 406 407
l 407 408
l 409 410
l 410 411
l 411 412
l 415 1752
l 416 1752
l 416 417
l 1 420
l 420 421
l 422 423
l 424 425
l 426 427
l 427 428
l 428 429
l 429 430
l 430 431
l 431 432
l 432 433
l 433 434
l 434 435
l 435 436
l 436 437
l 332 437
l 341 342
l 357 358
l 363 364
l 364 365
l 365 366
l 363 368
l 369 438
l 376 377
l 383 384
l 387 388
l 412 413
l 413 414
l 414 415
l 1 417
l 425 426
l 335 439
l 347 440
l 356 357
l 368 438
l 396 397
l 408 441
l 421 424
l 409 423
l 439 442
l 346 440
l 362 363
l 352 363
l 352 368
l 409 422
l 338 442
l 377 378
l 441 1750
l 409 1750
l 421 443
l 421 444
l 444 445
l 443 445
l 448 449
l 449 450
l 450 451
l 451 452
l 452 453
l 448 453
l 453 454
l 448 454
l 456 457
l 457 458
l 458 459
l 459 460
l 460 461
l 461 462
l 462 463
l 461 463
l 463 464
l 464 465
l 465 466
l 466 467
l 467 468
l 468 469
l 469 470
l 470 471
l 471 472
l 472 473
l 473 474
l 474 475
l 475 476
l 477 478
l 478 479
l 477 479
l 479 480
l 477 480
l 481 482
l 482 483
l 481 483
l 483 484
l 484 485
l 485 486
l 486 487
l 487 488
l 488 489
l 489 490
l 491 492
l 492 493
l 494 495
l 495 496
l 496 497
l 497 498
l 498 499
l 499 500
l 500 501
l 501 502
l 446 502
l 446 447
l 454 455
l 455 503
l 454 503
l 456 503
l 476 477
l 480 481
l 493 494
l 447 448
l 490 491
l 504 505
l 505 506
l 506 507
l 507 508
l 508 509
l 509 510
l 510 511
l 511 512
l 510 512
l 512 513
l 513 514
l 504 514
l 515 516
l 516 517
l 517 518
l 518 519
l 519 520
l 520 521
l 515 521
l 522 523
l 523 1783
l 1783 1785
l 524 1785
l 524 525
l 525 527
l 527 528
l 528 529
l 529 530
l 530 531
l 531 532
l 532 533
l 533 534
l 520 534
l 520 535
l 535 536
l 536 537
l 526 537
l 522 526
l 538 539
l 539 540
l 543 544
l 544 545
l 545 546
l 546 547
l 547 548
l 548 549
l 549 550
l 506 551
l 506 552
l 553 554
l 554 555
l 555 556
l 556 557
l 557 558
l 558 559
l 560 561
l 561 562
l 562 563
l 563 564
l 564 565
l 565 566
l 381 566
l 381 567
l 567 568
l 568 569
l 569 570
l 570 571
l 571 572
l 572 573
l 573 574
l 574 575
l 575 576
l 576 577
l 577 578
l 579 580
l 580 581
l 581 582
l 583 584
l 584 585
l 585 586
l 586 587
l 587 588
l 588 589
l 589 590
l 590 591
l 591 592
l 592 593
l 593 594
l 594 595
l 595 596
l 596 597
l 597 598
l 598 599
l 599 600
l 600 601
l 538 601
l 538 600
l 553 602
l 578 579
l 582 583
l 543 603
l 552 602
l 559 560
l 540 541
l 541 542
l 542 1803
l 604 1803
l 604 605
l 603 605
l 550 551
l 606 607
l 607 608
l 608 609
l 609 610
l 610 611
l 611 612
l 606 612
l 613 614
l 614 615
l 577 615
l 577 616
l 613 616
l 617 618
l 618 619
l 619 620
l 291 620
l 290 620
l 620 621
l 621 622
l 622 623
l 623 624
l 624 625
l 625 626
l 628 629
l 629 630
l 628 630
l 630 631
l 631 632
l 632 633
l 633 1694
l 1692 1694
l 1689 1692
l 634 1689
l 634 635
l 635 636
l 636 637
l 637 638
l 638 639
l 639 640
l 640 641
l 641 642
l 642 643
l 643 644
l 617 644
l 626 627
l 627 628
l 645 646
l 646 647
l 647 648
l 648 649
l 649 650
l 650 651
l 651 1573
l 645 1573
l 645 651
l 651 652
l 652 653
l 653 654
l 654 655
l 655 656
l 656 657
l 657 658
l 661 662
l 662 663
l 645 663
l 658 659
l 659 660
l 661 664
l 660 664
l 665 666
l 666 667
l 667 668
l 669 670
l 670 671
l 671 672
l 672 673
l 673 674
l 674 675
l 675 676
l 676 677
l 677 678
l 678 679
l 679 680
l 678 680
l 680 681
l 681 682
l 680 682
l 682 683
l 686 687
l 687 688
l 688 689
l 689 690
l 690 691
l 691 692
l 692 693
l 693 694
l 694 695
l 695 696
l 665 696
l 668 669
l 683 697
l 697 698
l 698 699
l 684 700
l 684 685
l 686 701
l 699 702
l 700 702
l 685 703
l 703 704
l 704 705
l 701 705
l 706 707
l 707 708
l 708 709
l 709 710
l 710 711
l 711 712
l 712 713
l 713 714
l 714 715
l 716 717
l 717 718
l 719 720
l 720 721
l 721 722
l 722 723
l 723 724
l 724 725
l 725 726
l 726 727
l 727 728
l 728 729
l 730 731
l 731 732
l 732 733
l 733 734
l 734 735
l 735 736
l 706 740
l 715 716
l 729 741
l 730 741
l 736 737
l 737 742
l 738 742
l 738 739
l 739 743
l 743 744
l 740 745
l 718 719
l 744 746
l 745 746
l 747 748
l 748 749
l 749 750
l 750 751
l 751 752
l 747 752
l 753 754
l 754 755
l 755 756
l 756 757
l 757 758
l 753 758
l 759 760
l 760 761
l 761 762
l 762 763
l 764 765
l 765 766
l 766 767
l 767 768
l 768 769
l 769 770
l 770 771
l 771 772
l 772 773
l 773 774
l 759 774
l 763 764
l 775 776
l 776 777
l 777 778
l 778 779
l 779 780
l 780 781
l 781 782
l 782 783
l 783 784
l 784 785
l 775 785
l 786 787
l 787 788
l 788 789
l 789 790
l 790 791
l 791 792
l 792 793
l 793 794
l 794 795
l 795 796
l 796 797
l 797 798
l 798 799
l 800 801
l 801 802
l 802 803
l 786 803
l 799 804
l 804 805
l 805 806
l 806 807
l 800 807
l 808 1654
l 1653 1654
l 809 1653
l 809 810
l 810 811
l 811 812
l 797 812
l 797 813
l 813 814
l 814 815
l 812 815
l 815 816
l 812 816
l 816 817
l 817 818
l 818 819
l 819 820
l 820 821
l 821 822
l 822 823
l 823 824
l 824 825
l 825 826
l 827 828
l 828 829
l 827 830
l 829 833
l 833 834
l 835 836
l 836 837
l 808 837
l 834 835
l 826 827
l 827 831
l 831 832
l 830 832
l 839 840
l 840 841
l 841 842
l 842 843
l 838 843
l 838 839
l 844 845
l 845 846
l 846 847
l 847 848
l 848 849
l 844 849
l 850 851
l 851 852
l 850 852
l 852 853
l 854 855
l 855 856
l 850 856
l 853 854
l 857 858
l 858 859
l 859 860
l 857 860
l 861 862
l 862 863
l 863 864
l 864 865
l 865 866
l 861 866
l 867 868
l 868 869
l 869 870
l 870 871
l 872 873
l 873 874
l 874 875
l 875 876
l 876 877
l 878 879
l 879 880
l 867 880
l 871 872
l 877 878
l 881 882
l 850 882
l 850 881
l 883 884
l 884 885
l 885 886
l 886 887
l 882 887
l 882 888
l 888 889
l 889 890
l 883 890
l 892 893
l 893 894
l 894 895
l 895 896
l 896 897
l 897 898
l 898 899
l 899 900
l 900 901
l 901 902
l 902 903
l 903 904
l 904 1557
l 905 1557
l 892 905
l 905 906
l 906 907
l 907 1557
l 905 907
l 907 908
l 908 1557
l 905 908
l 908 909
l 909 1557
l 905 909
l 909 910
l 910 1557
l 905 910
l 891 910
l 891 1557
l 891 905
l 891 892
l 892 1557
l 330 911
l 324 911
l 912 913
l 913 914
l 914 915
l 915 916
l 916 917
l 918 919
l 919 920
l 912 920
l 917 918
l 921 922
l 922 923
l 921 923
l 924 925
l 925 926
l 926 927
l 927 928
l 928 929
l 929 930
l 931 932
l 932 933
l 933 934
l 934 935
l 924 935
l 930 931
l 936 937
l 937 938
l 938 939
l 939 940
l 940 941
l 941 942
l 942 943
l 943 944
l 944 945
l 945 946
l 946 947
l 947 948
l 948 949
l 949 950
l 950 951
l 936 951
l 952 953
l 953 954
l 954 955
l 952 955
l 956 957
l 957 958
l 958 959
l 956 959
l 960 961
l 961 962
l 962 963
l 963 964
l 964 965
l 965 966
l 960 966
l 967 968
l 968 969
l 969 970
l 970 971
l 969 971
l 973 974
l 974 975
l 975 976
l 976 977
l 977 978
l 978 979
l 979 980
l 980 981
l 981 982
l 296 982
l 296 967
l 971 972
l 972 973
l 983 984
l 984 985
l 985 986
l 983 986
l 987 988
l 988 989
l 989 990
l 990 991
l 991 1000
l 987 1000
l 991 992
l 992 993
l 993 994
l 994 995
l 995 996
l 996 997
l 997 998
l 998 999
l 999 1000
l 987 991
l 1001 1002
l 1002 1003
l 1001 1003
l 1004 1005
l 1005 1006
l 1006 1007
l 1004 1007
l 1008 1816
l 1009 1816
l 1009 1010
l 1010 1011
l 1011 1012
l 1006 1012
l 1006 1008
l 210 1013
l 209 1014
l 207 1014
l 229 1015
l 1015 1016
l 1016 1017
l 1017 1018
l 1018 1019
l 1019 1020
l 1020 1021
l 1013 1021
l 1022 1023
l 1023 1024
l 1022 1024
l 1025 1026
l 1026 1027
l 1027 1028
l 1028 1029
l 1029 1030
l 1030 1031
l 1031 1032
l 1033 1034
l 1025 1034
l 1032 1033
l 1035 1036
l 1030 1036
l 1030 1037
l 1035 1037
l 1038 1039
l 58 1039
l 1040 1041
l 1041 1042
l 1042 1043
l 1043 1044
l 1044 1045
l 1045 1046
l 1046 1047
l 1047 1048
l 1048 1049
l 1049 1050
l 1050 1051
l 1038 1051
l 1038 1046
l 1046 1051
l 58 1046
l 57 1046
l 57 1040
l 1052 1053
l 1050 1053
l 1050 1054
l 1052 1054
l 1054 1056
l 1055 1056
l 1054 1055
l 1057 1058
l 1058 1059
l 1059 1060
l 1060 1061
l 1062 1063
l 1063 1064
l 1064 1065
l 1065 1066
l 1066 1067
l 1067 1068
l 1057 1068
l 1061 1062
l 1069 1070
l 1070 1071
l 1071 1072
l 1069 1072
l 1073 1074
l 1069 1074
l 1069 1075
l 1073 1075
l 1004 1076
l 1004 1077
l 1078 1079
l 1079 1080
l 1080 1081
l 1081 1082
l 1082 1083
l 1083 1084
l 1084 1085
l 1085 1086
l 1086 1087
l 1076 1087
l 1077 1078
l 1088 1089
l 1089 1090
l 1090 1091
l 1091 1092
l 1092 1093
l 1093 1094
l 1094 1095
l 1095 1096
l 1096 1097
l 1097 1098
l 1098 1099
l 1099 1100
l 1100 1101
l 1102 1103
l 1103 1104
l 1104 1105
l 1105 1106
l 1106 1107
l 1107 1108
l 1108 1109
l 1109 1110
l 1110 1111
l 1111 1112
l 1112 1113
l 1113 1114
l 1114 1115
l 1115 1116
l 1116 1117
l 1117 1118
l 1118 1119
l 1119 1120
l 1088 1120
l 1101 1102
l 1121 1122
l 1122 1123
l 1123 1124
l 1121 1124
l 1022 1125
l 1022 1126
l 1126 1127
l 1127 1128
l 1128 1129
l 1125 1129
l 1130 1131
l 1131 1132
l 1130 1132
l 1133 1134
l 1134 1135
l 1135 1136
l 1136 1137
l 1137 1138
l 1131 1138
l 1131 1133
l 1139 1140
l 1140 1141
l 1141 1142
l 1139 1142
l 1143 1144
l 1144 1145
l 1145 1146
l 1146 1147
l 1147 1148
l 1148 1149
l 1143 1149
l 1150 1151
l 1151 1152
l 1152 1153
l 1153 1154
l 1154 1155
l 1155 1156
l 1156 1157
l 1157 1158
l 1158 1159
l 1159 1160
l 1150 1160
l 1161 1162
l 1162 1163
l 1163 1164
l 1161 1164
l 1166 1167
l 1167 1168
l 1169 1170
l 1170 1171
l 1171 1172
l 1173 1174
l 1174 1175
l 1175 1176
l 1176 1177
l 1177 1178
l 1176 1178
l 1179 1180
l 1180 1181
l 1182 1183
l 1183 1184
l 868 1184
l 1185 1186
l 1187 1188
l 1189 1190
l 1189 1191
l 1188 1981
l 1981 1982
l 1982 1983
l 1185 1983
l 868 1192
l 880 1192
l 880 1193
l 1193 1194
l 1194 1195
l 1195 1196
l 1196 1197
l 1198 1199
l 1199 1200
l 1198 1200
l 1206 1207
l 1207 1208
l 1208 1209
l 1209 1210
l 1210 1211
l 1211 1213
l 1212 1213
l 1212 1769
l 1214 1769
l 1214 1215
l 1212 1215
l 1215 1216
l 1216 1217
l 1215 1217
l 1217 1218
l 1218 1219
l 1219 1220
l 1221 1222
l 1222 1223
l 1223 1224
l 1224 1225
l 1225 1953
l 1226 1953
l 1178 1179
l 1181 1182
l 1186 1978
l 1977 1978
l 1977 1979
l 1187 1979
l 1190 1191
l 1197 1198
l 1200 1201
l 1201 1202
l 1202 1203
l 1204 1205
l 1205 1206
l 1204 1206
l 1220 1950
l 1950 1951
l 1221 1951
l 1173 1227
l 1165 1166
l 1168 1985
l 1228 1985
l 1172 1986
l 1165 1986
l 1203 1229
l 1204 1229
l 1226 1954
l 1954 1957
l 1957 1959
l 1959 1961
l 1961 1963
l 1963 1965
l 1965 1967
l 1967 1969
l 1969 1971
l 1227 1971
l 1169 1228
l 1230 1231
l 1231 1232
l 1232 1233
l 1233 1234
l 1234 1235
l 1235 1236
l 1236 1237
l 1237 1238
l 1238 1239
l 1239 1240
l 1242 1243
l 255 1243
l 255 1244
l 1244 1245
l 1245 1246
l 1247 1875
l 1230 1875
l 1240 1247
l 1240 1241
l 1241 1247
l 1241 1242
l 1246 1247
l 1248 1249
l 1242 1249
l 1242 1250
l 1250 1251
l 1251 1252
l 1252 1253
l 1248 1253
l 1183 1254
l 1180 1183
l 1180 1254
l 1255 1256
l 1256 1257
l 1257 1258
l 1245 1258
l 1245 1259
l 1259 1260
l 1260 1261
l 1261 1262
l 1262 1263
l 1261 1263
l 1263 1264
l 1264 1265
l 1255 1265
l 1266 1267
l 1267 1268
l 1268 1269
l 1269 1270
l 1270 1271
l 1271 1272
l 1272 1273
l 1273 1274
l 1274 1275
l 1275 1276
l 1276 1277
l 1266 1277
l 1267 1278
l 1267 1279
l 1278 1279
l 877 1248
l 1248 1280
l 1280 1281
l 1281 1282
l 1282 1283
l 1283 1284
l 1194 1284
l 877 1194
l 1285 1286
l 1286 1287
l 1285 1287
l 1287 1288
l 1288 1289
l 1289 1290
l 530 1290
l 530 1291
l 1291 1292
l 1292 1293
l 1293 1294
l 1294 1295
l 1222 1295
l 1222 1296
l 1296 1297
l 1297 1298
l 1298 1299
l 1299 1300
l 1300 1301
l 1285 1301
l 1302 1303
l 1145 1303
l 1145 1304
l 1304 1305
l 1305 1306
l 1306 1307
l 1307 1308
l 1308 1309
l 1309 1310
l 1310 1311
l 1311 1312
l 1302 1312
l 1313 1314
l 1314 1315
l 1315 1316
l 1316 1317
l 1317 1318
l 1313 1318
l 1319 1320
l 1314 1320
l 1314 1321
l 1321 1322
l 1322 1323
l 1323 1810
l 1324 1810
l 1324 1325
l 1325 1326
l 1319 1326
l 1327 1328
l 1328 1329
l 1315 1329
l 1315 1327
l 1330 1331
l 70 1332
l 1332 1333
l 1333 1334
l 1334 1335
l 1335 1336
l 1334 1336
l 1337 1338
l 1337 1339
l 1054 1336
l 1054 1340
l 1340 1341
l 1341 1342
l 1343 1344
l 1344 1345
l 1345 1346
l 47 1346
l 47 1347
l 1349 1350
l 1350 1351
l 1352 1353
l 1353 1354
l 1352 1354
l 1354 1355
l 1352 1355
l 1355 1356
l 1356 1357
l 1357 1358
l 1358 1359
l 1357 1359
l 1360 1361
l 1361 1362
l 1362 1363
l 1363 1364
l 1364 1365
l 1365 1366
l 1366 1367
l 1367 1368
l 1368 1369
l 1369 1370
l 1372 1373
l 1373 1374
l 1374 1375
l 1375 1376
l 1376 1377
l 71 1377
l 1378 1379
l 1378 1380
l 1338 1339
l 1342 1343
l 1347 1348
l 1348 1349
l 1351 1381
l 1352 1381
l 1359 1360
l 1370 1371
l 1371 1372
l 1330 1382
l 1331 1382
l 1379 1380
l 1383 1384
l 1384 1385
l 1385 1386
l 1386 1387
l 1387 1388
l 1388 1389
l 1389 1390
l 1390 1391
l 1391 1392
l 1383 1392
l 1393 1394
l 1394 1395
l 1395 1396
l 1393 1396
l 862 1397
l 862 1398
l 1398 1399
l 1399 1400
l 1400 1401
l 1401 1402
l 1397 1402
l 103 1403
l 1403 1404
l 1404 1405
l 103 1405
l 1406 1407
l 669 1407
l 669 1408
l 1408 1409
l 1406 1409
l 536 1413
l 1413 1414
l 536 1414
l 548 1414
l 536 548
l 548 1415
l 1415 1416
l 1416 1417
l 603 1418
l 1418 1419
l 1419 1420
l 1420 1421
l 1421 1422
l 1422 1423
l 1423 1424
l 1424 1425
l 1423 1425
l 1425 1426
l 1423 1426
l 1426 1427
l 1427 1428
l 1429 1430
l 1430 1431
l 1431 1432
l 1432 1433
l 1434 1435
l 1435 1436
l 1436 1437
l 1437 1438
l 1438 1439
l 1439 1440
l 1440 1441
l 1441 1442
l 1442 1443
l 1443 1444
l 1444 1445
l 1445 1446
l 1447 1448
l 1448 1449
l 1410 1411
l 536 1411
l 1417 1450
l 603 1451
l 1428 1429
l 1433 1452
l 1453 1939
l 1782 1939
l 1410 1782
l 1450 1451
l 1453 1457
l 1434 1452
l 1446 1454
l 1447 1454
l 1449 1455
l 1455 1456
l 1456 1457
l 1458 1459
l 1459 1460
l 1458 1460
l 1461 1462
l 1462 1463
l 1463 1464
l 1464 1465
l 1465 1466
l 1466 1467
l 1461 1467
l 1468 1469
l 1469 1470
l 1470 1471
l 1468 1471
l 878 1999
l 1472 1999
l 1472 1473
l 878 1473
l 1473 1474
l 1474 1475
l 1475 1476
l 1474 1476
l 1476 1477
l 1477 1478
l 1476 1478
l 1478 1479
l 1479 1480
l 1480 1481
l 1481 1482
l 1482 1483
l 1483 1484
l 1484 1485
l 1485 1486
l 1474 1486
l 1486 1487
l 878 1487
l 1476 1486
l 1488 1489
l 1489 1490
l 1490 1491
l 277 1491
l 276 1492
l 1492 1493
l 1493 1494
l 1494 1495
l 1496 1497
l 1497 1498
l 1498 1499
l 1499 1500
l 268 1500
l 268 1501
l 1501 1502
l 1502 1503
l 1503 1504
l 1488 1504
l 1495 1496
l 1505 1506
l 1506 1507
l 1507 1508
l 1508 1509
l 1509 1510
l 1510 1511
l 1511 1512
l 1512 1513
l 1505 1513
l 1514 1515
l 1515 1516
l 1516 1517
l 1517 1518
l 1518 1519
l 1514 1519
l 1520 1521
l 610 1521
l 608 1522
l 1522 1523
l 1523 1524
l 1524 1525
l 1525 1526
l 1527 1528
l 1520 1528
l 1526 1527
l 1529 1530
l 1530 1531
l 1531 1532
l 1532 1533
l 1534 1535
l 1535 1536
l 1529 1536
l 1533 1534
l 1537 1538
l 1538 1539
l 1161 1539
l 1161 1537
l 121 803
l 123 801
l 125 936
l 124 937
l 126 949
l 127 948
l 127 833
l 128 829
l 129 828
l 130 827
l 131 826
l 137 824
l 138 823
l 145 816
l 146 815
l 147 814
l 148 813
l 169 797
l 171 795
l 172 952
l 171 953
l 173 955
l 1554 1555
l 174 934
l 176 932
l 177 931
l 178 930
l 179 929
l 180 928
l 181 850
l 182 882
l 183 887
l 184 886
l 225 885
l 226 884
l 185 883
l 186 890
l 187 981
l 186 299
l 188 980
l 188 906
l 906 1557
l 905 1556
l 193 901
l 194 900
l 325 898
l 198 911
l 199 620
l 200 619
l 201 618
l 202 617
l 203 428
l 427 1018
l 205 1017
l 206 1016
l 208 1014
l 211 425
l 212 424
l 424 1565
l 421 1565
l 233 421
l 213 420
l 4 417
l 416 1026
l 6 1025
l 7 1033
l 8 9
l 9 1032
l 10 1031
l 413 1030
l 11 413
l 12 1036
l 411 1035
l 13 652
l 1572 1573
l 14 651
l 650 1573
l 19 646
l 21 663
l 495 1060
l 24 493
l 25 492
l 26 491
l 27 490
l 28 489
l 29 488
l 485 1580
l 1580 1581
l 1361 1581
l 483 1361
l 33 483
l 35 1359
l 37 1357
l 214 1356
l 215 1354
l 38 1353
l 41 1352
l 43 1351
l 44 1350
l 45 1349
l 47 1267
l 46 1279
l 48 1266
l 49 1277
l 50 1276
l 51 1275
l 217 1274
l 217 1588
l 1588 1589
l 52 1589
l 53 1271
l 52 1272
l 54 1042
l 55 1041
l 56 1040
l 59 1039
l 59 1591
l 1591 1592
l 60 1592
l 61 1050
l 60 1051
l 62 1053
l 63 1052
l 63 1594
l 1594 1595
l 64 1595
l 65 1055
l 64 1054
l 1056 1336
l 66 1336
l 67 1596
l 1596 1597
l 68 1597
l 69 1332
l 68 1333
l 74 1375
l 1375 1602
l 1602 1603
l 75 1603
l 75 468
l 77 1280
l 78 1248
l 79 1253
l 80 1252
l 81 1251
l 861 1250
l 84 865
l 85 1238
l 84 1239
l 86 1237
l 87 1234
l 88 1233
l 90 1231
l 90 842
l 91 841
l 93 839
l 94 1246
l 95 1245
l 96 1258
l 97 1256
l 98 1255
l 1264 1405
l 1405 1610
l 1404 1611
l 1405 1611
l 848 1611
l 99 847
l 100 846
l 218 845
l 101 844
l 102 849
l 102 1403
l 103 1263
l 105 1261
l 106 1260
l 1260 1497
l 108 1495
l 109 1494
l 110 1493
l 1616 1617
l 1617 1619
l 1619 1621
l 1621 1622
l 111 1622
l 1622 1624
l 1624 1625
l 1625 1627
l 1627 1629
l 1629 1630
l 120 787
l 165 444
l 166 443
l 114 923
l 113 922
l 228 921
l 117 918
l 118 917
l 219 916
l 220 913
l 119 912
l 115 920
l 116 919
l 158 988
l 160 987
l 161 1000
l 163 997
l 167 996
l 152 995
l 153 994
l 154 993
l 155 992
l 156 990
l 135 1002
l 222 1003
l 221 1001
l 168 857
l 149 860
l 150 859
l 151 858
l 133 960
l 132 961
l 134 966
l 231 964
l 232 963
l 159 1644
l 1644 1645
l 223 1645
l 1645 1646
l 224 1646
l 1644 1646
l 40 1647
l 1647 1648
l 216 1648
l 1648 1649
l 39 1649
l 1647 1649
l 235 941
l 235 798
l 239 809
l 240 808
l 241 837
l 250 836
l 248 835
l 249 834
l 1259 1498
l 1243 1397
l 257 1402
l 259 1400
l 874 1399
l 260 874
l 873 1179
l 262 1178
l 265 1175
l 1174 1489
l 266 1488
l 267 1504
l 251 1503
l 252 1502
l 253 1501
l 274 1227
l 1663 1664
l 1664 1665
l 273 1490
l 279 881
l 280 856
l 281 855
l 1666 1667
l 1667 1668
l 1668 1669
l 285 303
l 284 304
l 287 301
l 289 889
l 278 888
l 331 983
l 328 984
l 331 896
l 329 895
l 329 971
l 293 969
l 294 968
l 295 967
l 1669 1676
l 1676 1677
l 1677 1678
l 1678 1679
l 1679 1680
l 1680 1681
l 1681 1682
l 1682 1683
l 1683 1684
l 313 1078
l 314 1077
l 315 1004
l 316 1007
l 317 1006
l 318 1012
l 319 1011
l 320 1010
l 323 623
l 327 985
l 326 986
l 429 643
l 433 639
l 434 638
l 435 637
l 436 636
l 437 635
l 332 634
l 333 1087
l 334 1086
l 339 1085
l 340 1084
l 342 1081
l 343 1079
l 1697 1698
l 345 752
l 344 747
l 346 751
l 440 750
l 347 749
l 348 748
l 1700 1701
l 349 1701
l 1701 1703
l 1703 1705
l 1705 1707
l 1707 1709
l 1709 1711
l 1711 1713
l 1713 1715
l 1715 1717
l 1717 1719
l 1719 1720
l 350 1720
l 1720 1721
l 351 1104
l 352 1103
l 353 1101
l 359 760
l 362 773
l 363 772
l 368 767
l 438 766
l 371 763
l 372 762
l 373 761
l 374 1093
l 375 1092
l 377 1090
l 378 1089
l 379 1088
l 380 1120
l 381 1119
l 382 708
l 381 709
l 383 707
l 384 706
l 385 744
l 386 1121
l 387 1124
l 388 1123
l 389 1122
l 391 737
l 396 732
l 397 731
l 398 729
l 399 728
l 399 1064
l 400 1063
l 401 660
l 402 659
l 403 658
l 405 656
l 406 655
l 407 1129
l 408 1128
l 441 1127
l 409 1022
l 410 653
l 412 1037
l 414 1029
l 426 1019
l 423 1023
l 422 1024
l 335 756
l 439 757
l 336 755
l 337 754
l 338 753
l 442 758
l 473 1370
l 476 1367
l 478 1365
l 1364 1757
l 1757 1758
l 480 1758
l 1758 1759
l 1363 1759
l 481 1363
l 1581 1761
l 484 1761
l 1580 1761
l 497 1406
l 496 1407
l 497 1071
l 498 1070
l 499 1069
l 500 1074
l 500 695
l 446 692
l 447 691
l 449 689
l 450 688
l 450 1505
l 451 1513
l 1219 1512
l 453 1218
l 503 1215
l 457 1769
l 1769 1770
l 1770 1771
l 1213 1771
l 459 1211
l 460 1210
l 1208 1473
l 463 1472
l 1283 1472
l 464 1282
l 465 1281
l 1603 1775
l 1374 1775
l 469 1374
l 470 1373
l 472 1371
l 507 671
l 506 672
l 508 670
l 509 1068
l 510 1067
l 512 1065
l 513 726
l 514 725
l 514 1132
l 504 1131
l 505 1138
l 506 1137
l 517 698
l 519 683
l 520 682
l 520 1140
l 521 1139
l 516 699
l 534 1287
l 534 1141
l 536 680
l 536 1412
l 1411 1412
l 526 1411
l 523 1302
l 524 1310
l 1310 1446
l 1294 1445
l 525 1294
l 528 1292
l 567 1118
l 568 1117
l 569 1116
l 574 1111
l 575 1110
l 577 1108
l 578 776
l 577 777
l 580 785
l 581 784
l 582 783
l 584 781
l 1787 1788
l 1788 1789
l 1789 1790
l 1790 1791
l 1791 1792
l 1792 1793
l 1793 1794
l 1794 1795
l 1795 1796
l 1796 1797
l 595 1527
l 594 1528
l 596 1526
l 597 1525
l 598 1424
l 599 1423
l 1151 1420
l 539 1150
l 540 1160
l 541 1159
l 604 1156
l 605 1155
l 603 1154
l 544 1450
l 545 1417
l 549 675
l 548 676
l 551 673
l 552 1136
l 553 1134
l 555 721
l 554 722
l 556 720
l 557 719
l 558 718
l 559 717
l 561 715
l 607 1161
l 610 1324
l 612 1323
l 606 1537
l 615 778
l 616 1107
l 1813 1814
l 614 779
l 613 780
l 627 1009
l 317 630
l 631 1005
l 315 632
l 633 1076
l 662 1062
l 696 1073
l 665 1075
l 499 666
l 1072 1409
l 668 1408
l 669 1058
l 677 1414
l 678 1413
l 1413 1833
l 536 1833
l 1142 1286
l 684 1286
l 685 1285
l 687 1506
l 504 723
l 724 1130
l 1698 1700
l 1787 1814
l 1853 1854
l 789 1854
l 1854 1855
l 1855 1856
l 1856 1857
l 1857 1858
l 1858 1859
l 794 954
l 799 940
l 1630 1853
l 130 956
l 830 957
l 831 959
l 832 958
l 843 1230
l 853 926
l 852 927
l 1878 1879
l 1666 1879
l 864 1240
l 862 1242
l 869 1184
l 870 1183
l 871 1254
l 872 1180
l 876 1248
l 875 1249
l 878 1194
l 879 1193
l 867 1192
l 893 973
l 892 974
l 925 1893
l 1878 1893
l 1555 1894
l 935 1894
l 1894 1895
l 924 1895
l 1893 1895
l 1554 1859
l 1592 1918
l 1038 1918
l 1591 1918
l 1044 1270
l 1269 1345
l 1045 1345
l 1046 1344
l 1047 1343
l 1048 1342
l 1050 1340
l 1054 1595
l 1684 1697
l 1721 1930
l 1105 1930
l 1930 1931
l 1106 1931
l 1813 1931
l 1144 1304
l 1146 1303
l 1147 1453
l 1148 1457
l 1143 1305
l 1152 1419
l 1153 1418
l 1163 1428
l 1164 1427
l 1161 1313
l 1162 1318
l 1195 1487
l 1196 1486
l 1197 1485
l 1203 1479
l 1229 1478
l 1207 1474
l 1771 1948
l 1212 1948
l 1770 1948
l 1220 1511
l 1221 1508
l 1222 1507
l 1222 1443
l 1223 1442
l 1224 1441
l 1225 1440
l 1226 1438
l 1955 1956
l 1956 1958
l 1958 1960
l 1960 1962
l 1962 1964
l 1964 1966
l 1966 1968
l 1968 1970
l 1970 1972
l 1663 1972
l 1180 1395
l 1181 1394
l 1182 1393
l 1183 1396
l 1187 1389
l 1188 1388
l 1185 1384
l 1186 1383
l 1166 1517
l 1167 1463
l 1168 1462
l 1228 1467
l 1169 1466
l 1170 1465
l 1172 1514
l 1171 1515
l 1165 1518
l 1189 1459
l 1190 1458
l 1191 1460
l 1268 1346
l 1589 1996
l 1273 1996
l 1588 1996
l 1278 1347
l 1295 1444
l 1306 1449
l 1307 1448
l 1308 1447
l 1309 1454
l 1316 1534
l 1315 1535
l 1317 1430
l 1314 1539
l 1314 1471
l 1315 1470
l 1321 1538
l 1325 1521
l 2011 2012
l 2012 2013
l 2013 2014
l 1320 1468
l 1329 1536
l 1327 1469
l 2015 2016
l 1328 1437
l 1334 2017
l 1596 2017
l 1757 1759
l 1602 1775
l 1597 2017
l 1380 2032
l 2032 2033
l 1378 2033
l 2033 2034
l 1379 2034
l 2032 2034
l 1339 2035
l 2035 2036
l 1337 2036
l 2036 2037
l 1338 2037
l 2035 2037
l 1382 2038
l 2038 2039
l 1330 2039
l 2039 2040
l 1331 2040
l 2038 2040
l 1425 1523
l 1432 1533
l 1433 1532
l 1452 1531
l 1434 1530
l 1435 1529
l 1955 2016
l 2014 2015
l 1665 2069
l 1616 2069
l 1797 2078
l 1520 2078
l 2011 2078
