arm,id,source,status,topology_pass,CD,ECD,NC,p95,seconds,delta_CD_vs_initial,delta_ECD_vs_initial,delta_NC_vs_initial,delta_p95_vs_initial,delta_CD_vs_previous_F3,delta_ECD_vs_previous_F3,delta_NC_vs_previous_F3,delta_p95_vs_previous_F3
baseline,point2building_00032_z41aca4f400000f6c,real_zurich,evaluated,True,2.007534193274929,2.527005113112435,0.6413575112346531,0.19603001038591356,0.5939999999827705,0.0,0.0,0.0,0.0,0.0,0.0,0.0,0.0
baseline,point2building_00089_z41ad26d300061d2a,real_zurich,evaluated,True,2.1224056648049743,2.7774181624902154,0.6446654076601767,0.4950434244901378,0.5150000000139698,0.0,0.0,0.0,0.0,0.0,0.0,0.0,0.0
baseline,point2building_00612_z41afb9c5000028d4,real_zurich,evaluated,True,1.7885860269512333,2.6098018889956225,0.5432570160905896,0.32422669264028287,0.5779999999795109,0.0,0.0,0.0,0.0,0.0,0.0,0.0,0.0
baseline,point2building_00828_z41aca4f400001a79,real_zurich,evaluated,True,1.0022882610528128,1.5899801355670293,0.7840154039841699,0.09274734032303603,0.5309999999590218,0.0,0.0,0.0,0.0,0.0,0.0,0.0,0.0
baseline,point2building_01020_z41af1c5900042690,real_zurich,evaluated,True,0.7707906414801918,1.1051363219703716,0.6785077061294484,0.05670187973372796,0.5939999999827705,0.0,0.0,0.0,0.0,0.0,0.0,0.0,0.0
baseline,point2building_01182_z41ac39cc00001edd,real_zurich,evaluated,True,1.0058192009532516,1.3800953495038746,0.7518577863980958,0.09677391193542723,0.5,0.0,0.0,0.0,0.0,0.0,0.0,0.0,0.0
baseline,point2building_01226_z434cc37600000036,real_zurich,evaluated,True,1.7168480864025462,2.488458171204026,0.6747408155410523,0.14367662806805218,0.5160000000032596,0.0,0.0,0.0,0.0,0.0,0.0,0.0,0.0
baseline,point2building_01231_z43d783460000001b,real_zurich,evaluated,True,1.1828082326814906,1.9184931444951892,0.7441873309313948,0.4883933023843498,0.5310000000172295,0.0,0.0,0.0,0.0,0.0,0.0,0.0,0.0
baseline,point2building_01232_z43d783d80000001d,real_zurich,failed,,,,,,1.047000000020489,,,,,,,,
baseline,point2building_01234_z43eaf3bb00000000,real_zurich,evaluated,True,1.0700605182718257,1.7230453317185201,0.7511460524733459,0.17583177175867407,0.5310000000172295,0.0,0.0,0.0,0.0,0.0,0.0,0.0,0.0
baseline,point2building_01244_z45b11be700005ac6,real_zurich,evaluated,True,1.0683289562349636,1.557901079287702,0.5893694003741835,0.23232767761402176,0.5160000000032596,0.0,0.0,0.0,0.0,0.0,0.0,0.0,0.0
baseline,point2building_01496_z41acfcf900040363,real_zurich,evaluated,True,2.2382803476898365,3.2142226987051212,0.6292143212996237,0.4043870943410517,0.5150000000139698,0.0,0.0,0.0,0.0,0.0,0.0,0.0,0.0
baseline,point2building_02062_z45b11b6e00004d35,real_zurich,evaluated,True,1.1738900097715135,1.8762406094158268,0.6906940002460842,0.2099300038051485,0.5320000000065193,0.0,0.0,0.0,0.0,0.0,0.0,0.0,0.0
baseline,point2building_02073_z45b11b6f00004d43,real_zurich,evaluated,True,2.0362015137995724,2.530185323389769,0.5635778337422238,0.2593780959881181,0.5310000000172295,0.0,0.0,0.0,0.0,0.0,0.0,0.0,0.0
baseline,point2building_02308_z45b11b8c000050a2,real_zurich,evaluated,True,1.2375755959374688,1.6473291109544004,0.7161380920604071,0.09917405012522232,0.5939999999827705,0.0,0.0,0.0,0.0,0.0,0.0,0.0,0.0
baseline,point2building_02420_z4631e26b00000002,real_zurich,evaluated,True,0.4160235525278927,0.5011493173451154,0.854275399146216,0.17816244978866538,0.5619999999762513,0.0,0.0,0.0,0.0,0.0,0.0,0.0,0.0
baseline,point2building_02648_z478b924900000293,real_zurich,evaluated,True,0.9768950612541245,1.5502361432590033,0.844135368753546,0.4479718886907218,0.7660000000032596,0.0,0.0,0.0,0.0,0.0,0.0,0.0,0.0
baseline,point2building_02691_z45b11c0900005eba,real_zurich,evaluated,True,1.9279714430693513,3.229352401278184,0.6457549810881485,0.4320879790570471,0.5470000000204891,0.0,0.0,0.0,0.0,0.0,0.0,0.0,0.0
baseline,point2building_02762_z478b924b00000309,real_zurich,evaluated,True,1.3769257314247727,2.1324016668803525,0.7503431638641784,0.44880205290524244,0.5619999999762513,0.0,0.0,0.0,0.0,0.0,0.0,0.0,0.0
baseline,point2building_02842_z478b924d00000360,real_zurich,evaluated,True,0.8589662172681518,1.0446621267652523,0.722598258504541,0.6795225129659641,0.5160000000032596,0.0,0.0,0.0,0.0,0.0,0.0,0.0,0.0
baseline,point2building_02888_z5c37184f8d8a0056,real_zurich,evaluated,True,2.4649750180433037,3.3996222239091334,0.4775343264941785,3.847844898566645,0.5149999999557622,0.0,0.0,0.0,0.0,0.0,0.0,0.0,0.0
baseline,point2building_02926_z478b9252000004a9,real_zurich,evaluated,True,2.3025024207071776,3.013585465275406,0.5799770471860897,2.0265551740195553,0.5630000000237487,0.0,0.0,0.0,0.0,0.0,0.0,0.0,0.0
baseline,point2building_03024_z4b29d97200000000,real_zurich,evaluated,True,0.7011738073179543,1.127978176484349,0.6534970602969763,0.7474205904694963,0.5,0.0,0.0,0.0,0.0,0.0,0.0,0.0,0.0
baseline,point2building_03060_z4cd103de00000004,real_zurich,evaluated,True,0.2053265423681394,0.40817692149636503,0.8550327594775723,0.05741180496851832,0.7660000000032596,0.0,0.0,0.0,0.0,0.0,0.0,0.0,0.0
baseline,point2building_03096_z5061a3c42f350000,real_zurich,evaluated,True,0.5038402005833656,0.5728883805972096,0.8631712906723052,0.07594711085065312,0.5,0.0,0.0,0.0,0.0,0.0,0.0,0.0,0.0
baseline,point2building_03120_z47050adb000005fd,real_zurich,evaluated,True,0.927308488535455,1.2680226952116818,0.8048678850242044,0.281092956263134,0.5,0.0,0.0,0.0,0.0,0.0,0.0,0.0,0.0
baseline,point2building_03177_z57b4146355ea0033,real_zurich,evaluated,True,1.3803521950388102,1.8365668268584456,0.6545620937780532,0.07745433199377066,0.7660000000032596,0.0,0.0,0.0,0.0,0.0,0.0,0.0,0.0
baseline,point2building_03215_z47050ae1000007c1,real_zurich,evaluated,True,3.825000904812979,4.457947007635656,0.5677629812137166,0.17795087066672508,0.48399999999674037,0.0,0.0,0.0,0.0,0.0,0.0,0.0,0.0
baseline,point2building_03331_z4c11dac00000001b,real_zurich,evaluated,True,0.14569154957201952,0.16051151201714695,0.8934172522961727,0.10320383130996273,0.5,0.0,0.0,0.0,0.0,0.0,0.0,0.0,0.0
baseline,point2building_03541_z54fd6d3616b10066,real_zurich,evaluated,True,1.3617846201157309,1.9657210350220595,0.7442596685463501,0.4268838554861102,0.48399999999674037,0.0,0.0,0.0,0.0,0.0,0.0,0.0,0.0
baseline,point2building_03584_z45b11bd100005843,real_zurich,evaluated,True,2.7000996221929476,3.905527636892285,0.56759613648493,0.4475304502943842,0.5160000000032596,0.0,0.0,0.0,0.0,0.0,0.0,0.0,0.0
baseline,point2building_03749_z4756d98a00000752,real_zurich,evaluated,True,0.7123616035332774,0.9030381493959361,0.8392858383177072,0.0642459639404326,0.625,0.0,0.0,0.0,0.0,0.0,0.0,0.0,0.0
baseline,point2building_04146_z54feb0f4c2d60023,real_zurich,evaluated,True,1.335778904263413,2.060262932122271,0.7527529033805789,0.3897058050719207,0.48399999999674037,0.0,0.0,0.0,0.0,0.0,0.0,0.0,0.0
baseline,point2building_04198_z4cf7a30100000000,real_zurich,evaluated,True,0.3545076358570902,0.5067261669938963,0.8741474446231683,0.19660392780463196,0.5160000000032596,0.0,0.0,0.0,0.0,0.0,0.0,0.0,0.0
baseline,point2building_04264_z463f41f7000004a3,real_zurich,evaluated,True,1.771147762204348,2.2703381637935975,0.6456546033736019,0.08960190679263881,0.48399999999674037,0.0,0.0,0.0,0.0,0.0,0.0,0.0,0.0
baseline,point2building_04435_z5aa795dc967900fa,real_zurich,evaluated,True,1.2387179760098381,2.3268080485518174,0.617215591524733,2.717398561072259,0.6089999999967404,0.0,0.0,0.0,0.0,0.0,0.0,0.0,0.0
baseline,point2building_04499_z4961a69d00000000,real_zurich,evaluated,True,2.3571891148347683,3.3191704570164067,0.4400185654289187,0.8416886032256264,0.5459999999729916,0.0,0.0,0.0,0.0,0.0,0.0,0.0,0.0
baseline,point2building_04700_z5cd2c7b8e3ae0027,real_zurich,evaluated,True,1.0411877323091479,1.6113553788910138,0.7404440957394078,0.8651461945219847,0.6099999999860302,0.0,0.0,0.0,0.0,0.0,0.0,0.0,0.0
baseline,polygnn_mini_DEBY_LOD2_104575493,synthetic_mini,evaluated,True,1.0370947407017714,2.1649336587184687,0.6539059622022146,1.0517429533886693,0.6089999999967404,0.0,0.0,0.0,0.0,0.0,0.0,0.0,0.0
baseline,polygnn_mini_DEBY_LOD2_18272204,synthetic_mini,evaluated,True,0.2384543913200474,0.2315014670140783,0.9747721947445961,0.2706885637637884,0.5470000000204891,0.0,0.0,0.0,0.0,0.0,0.0,0.0,0.0
baseline,polygnn_mini_DEBY_LOD2_21464190,synthetic_mini,failed,,,,,,1.0,,,,,,,,
baseline,polygnn_mini_DEBY_LOD2_42758236,synthetic_mini,evaluated,True,0.35071461119424285,0.6570064403016115,0.954651579599521,0.8726755091985521,0.5779999999795109,0.0,0.0,0.0,0.0,0.0,0.0,0.0,0.0
baseline,polygnn_mini_DEBY_LOD2_4322128,synthetic_mini,evaluated,True,0.2478053663255702,0.410790680385113,0.9411147987110122,0.28874179391907656,0.5939999999827705,0.0,0.0,0.0,0.0,0.0,0.0,0.0,0.0
baseline,polygnn_mini_DEBY_LOD2_4374954,synthetic_mini,evaluated,True,0.1788146791315427,0.09668892636670498,0.9760960261459151,0.15257581961319708,0.5939999999827705,0.0,0.0,0.0,0.0,0.0,0.0,0.0,0.0
baseline,polygnn_mini_DEBY_LOD2_4473468,synthetic_mini,evaluated,True,0.35428537628893253,0.5837151013468241,0.9057428491435326,2.0565176602849964,0.5470000000204891,0.0,0.0,0.0,0.0,0.0,0.0,0.0,0.0
baseline,polygnn_mini_DEBY_LOD2_4616699,synthetic_mini,evaluated,True,0.2545597537063012,0.2558331532355502,0.9697163469467667,0.34348438692757377,0.5320000000065193,0.0,0.0,0.0,0.0,0.0,0.0,0.0,0.0
baseline,polygnn_mini_DEBY_LOD2_4620050,synthetic_mini,evaluated,True,0.28047788362206694,0.30279703367069954,0.9706385506024451,0.3381409426573357,0.5309999999590218,0.0,0.0,0.0,0.0,0.0,0.0,0.0,0.0
baseline,polygnn_mini_DEBY_LOD2_4672969,synthetic_mini,failed,,,,,,0.9369999999762513,,,,,,,,
baseline,polygnn_mini_DEBY_LOD2_4677715,synthetic_mini,evaluated,True,0.311533662639916,0.34054158761927966,0.9470570418044264,0.7522887879142697,0.6570000000065193,0.0,0.0,0.0,0.0,0.0,0.0,0.0,0.0
baseline,polygnn_mini_DEBY_LOD2_4681422,synthetic_mini,evaluated,True,0.20264235180945048,0.3090385065421708,0.9584721830976533,1.4144050884077102,2.375,0.0,0.0,0.0,0.0,0.0,0.0,0.0,0.0
baseline,polygnn_mini_DEBY_LOD2_4717633,synthetic_mini,evaluated,True,0.3175787360206973,0.3933048358748735,0.9576833241194764,0.4750859642012431,0.5149999999557622,0.0,0.0,0.0,0.0,0.0,0.0,0.0,0.0
baseline,polygnn_mini_DEBY_LOD2_4731695,synthetic_mini,evaluated,True,0.1868542558461737,0.10813415597511408,0.9739743954862523,0.17633325913919518,0.6089999999967404,0.0,0.0,0.0,0.0,0.0,0.0,0.0,0.0
baseline,polygnn_mini_DEBY_LOD2_4735908,synthetic_mini,evaluated,True,0.18648813090278163,0.10577470637221334,0.976126990518225,0.15781556284246606,0.7029999999795109,0.0,0.0,0.0,0.0,0.0,0.0,0.0,0.0
baseline,polygnn_mini_DEBY_LOD2_4768530,synthetic_mini,evaluated,True,0.7193292789504584,1.4520288409421966,0.8306554775540624,2.2152415591799364,0.5780000000377186,0.0,0.0,0.0,0.0,0.0,0.0,0.0,0.0
baseline,polygnn_mini_DEBY_LOD2_4773826,synthetic_mini,evaluated,True,0.9094945972287873,1.7915187260159384,0.8448961974624662,1.3004670248512653,1.0320000000065193,0.0,0.0,0.0,0.0,0.0,0.0,0.0,0.0
baseline,polygnn_mini_DEBY_LOD2_4827110,synthetic_mini,evaluated,True,0.18229845713249337,0.07878140148064734,0.9779015412715741,0.0770510926651071,1.062000000034459,0.0,0.0,0.0,0.0,0.0,0.0,0.0,0.0
baseline,polygnn_mini_DEBY_LOD2_4833066,synthetic_mini,failed,,,,,,1.0310000000172295,,,,,,,,
baseline,polygnn_mini_DEBY_LOD2_4862505,synthetic_mini,evaluated,True,0.4869647412131775,1.1381357290049094,0.8576267250058104,0.28343684118665097,0.5780000000377186,0.0,0.0,0.0,0.0,0.0,0.0,0.0,0.0
baseline,polygnn_mini_DEBY_LOD2_4869536,synthetic_mini,failed,,,,,,0.9689999999827705,,,,,,,,
baseline,polygnn_mini_DEBY_LOD2_4870013,synthetic_mini,evaluated,True,0.23618005222336855,0.24928038064642555,0.9700700401253947,0.33455478644551206,0.5310000000172295,0.0,0.0,0.0,0.0,0.0,0.0,0.0,0.0
baseline,polygnn_mini_DEBY_LOD2_4901641,synthetic_mini,evaluated,True,0.49516920726613234,1.021006016206833,0.8951198515898593,1.3761277319695178,0.625,0.0,0.0,0.0,0.0,0.0,0.0,0.0,0.0
baseline,polygnn_mini_DEBY_LOD2_4914914,synthetic_mini,evaluated,True,0.5499672057975267,1.4384687588282912,0.8120029450078594,2.660379290431598,0.9690000000409782,0.0,0.0,0.0,0.0,0.0,0.0,0.0,0.0
baseline,polygnn_mini_DEBY_LOD2_4948910,synthetic_mini,evaluated,True,0.34127811973341726,0.4949573223173675,0.9165759769819631,0.16696404520331126,0.7029999999795109,0.0,0.0,0.0,0.0,0.0,0.0,0.0,0.0
baseline,polygnn_mini_DEBY_LOD2_4967349,synthetic_mini,evaluated,True,0.2483600633348428,0.20127963485992906,0.9634373090125903,0.12277969541738928,0.625,0.0,0.0,0.0,0.0,0.0,0.0,0.0,0.0
baseline,polygnn_mini_DEBY_LOD2_5004510,synthetic_mini,evaluated,True,0.2029965391809213,0.17092637473495143,0.9664754469966745,0.16771748073762166,0.625,0.0,0.0,0.0,0.0,0.0,0.0,0.0,0.0
baseline,polygnn_mini_DEBY_LOD2_5055513,synthetic_mini,evaluated,True,0.1660572340795894,0.0973683311622324,0.9792740492325609,0.12401074067135824,0.8589999999967404,0.0,0.0,0.0,0.0,0.0,0.0,0.0,0.0
baseline,polygnn_mini_DEBY_LOD2_5056245,synthetic_mini,evaluated,True,1.2779320080855774,3.120926299476943,0.6503037692785909,2.2276970850313806,1.375,0.0,0.0,0.0,0.0,0.0,0.0,0.0,0.0
baseline,polygnn_mini_DEBY_LOD2_5056401,synthetic_mini,evaluated,True,0.5836393935151536,1.568719992881894,0.6447849674332543,1.1934457575082207,20.29699999996228,0.0,0.0,0.0,0.0,0.0,0.0,0.0,0.0
baseline,polygnn_mini_DEBY_LOD2_5092970,synthetic_mini,evaluated,True,0.18598611234860235,0.30657987385082275,0.9156035527884802,0.12016540924459927,0.8589999999967404,0.0,0.0,0.0,0.0,0.0,0.0,0.0,0.0
baseline,polygnn_mini_DEBY_LOD2_5100005,synthetic_mini,failed,,,,,,1.0,,,,,,,,
baseline,polygnn_mini_DEBY_LOD2_5137190,synthetic_mini,evaluated,True,0.15232490601666882,0.09918267352877413,0.9712580876849659,0.14651555646453918,0.7029999999795109,0.0,0.0,0.0,0.0,0.0,0.0,0.0,0.0
baseline,polygnn_mini_DEBY_LOD2_5142315,synthetic_mini,evaluated,True,0.18329347316091932,0.09672409261120896,0.9789787739736524,0.1359679578516184,0.5779999999795109,0.0,0.0,0.0,0.0,0.0,0.0,0.0,0.0
baseline,polygnn_mini_DEBY_LOD2_5184618,synthetic_mini,evaluated,True,0.6492230922084745,1.7534374905066406,0.7481387356902056,1.7939906369092538,1.0939999999827705,0.0,0.0,0.0,0.0,0.0,0.0,0.0,0.0
baseline,polygnn_mini_DEBY_LOD2_5184797,synthetic_mini,evaluated,True,0.20489766606079152,0.3247530752337119,0.9310386793353828,0.10396630652855794,1.0929999999934807,0.0,0.0,0.0,0.0,0.0,0.0,0.0,0.0
baseline,polygnn_mini_DEBY_LOD2_5271709,synthetic_mini,evaluated,True,0.2012694731962814,0.20989122305848168,0.9651372978087736,0.28453352713162566,0.48399999999674037,0.0,0.0,0.0,0.0,0.0,0.0,0.0,0.0
baseline,polygnn_mini_DEBY_LOD2_5273475,synthetic_mini,failed,,,,,,0.9529999999795109,,,,,,,,
baseline,polygnn_mini_DEBY_LOD2_8573782,synthetic_mini,evaluated,True,0.37702092195853276,1.120337314303549,0.7350636377186732,0.5521355686636888,4.688000000023749,0.0,0.0,0.0,0.0,0.0,0.0,0.0,0.0
baseline,polygnn_mini_DEBY_LOD2_8573862,synthetic_mini,evaluated,True,1.6997420942688355,3.4256136435430498,0.6022405528280778,3.8156460114005952,1.5939999999827705,0.0,0.0,0.0,0.0,0.0,0.0,0.0,0.0
F0,point2building_00032_z41aca4f400000f6c,real_zurich,evaluated,True,2.015575156548332,2.5249339304684293,0.6463966608081058,0.19603001207427712,0.5940000000409782,0.00804096327340309,-0.0020711826440056313,0.005039149573452639,1.688363560070627e-09,0.00804096327340309,-0.0020711826440056313,0.005039149573452639,1.688363560070627e-09
F0,point2building_00089_z41ad26d300061d2a,real_zurich,evaluated,True,2.1432903311061056,2.7998999084935,0.649912479278918,0.45419678442462047,0.5160000000032596,0.020884666301131283,0.022481746003284453,0.0052470716187413835,-0.0408466400655173,0.020884666301131283,0.022481746003284453,0.0052470716187413835,-0.0408466400655173
F0,point2building_00612_z41afb9c5000028d4,real_zurich,evaluated,True,1.4565931004075088,2.052471200809949,0.6013275062674983,0.3271987648357447,0.6099999999860302,-0.3319929265437245,-0.5573306881856737,0.058070490176908685,0.002972072195461861,-0.3319929265437245,-0.5573306881856737,0.058070490176908685,0.002972072195461861
F0,point2building_00828_z41aca4f400001a79,real_zurich,evaluated,True,1.0102025502671759,1.5962214560808428,0.790816625253682,0.08524066100068467,0.5470000000204891,0.007914289214363102,0.006241320513813431,0.006801221269512103,-0.007506679322351356,0.007914289214363102,0.006241320513813431,0.006801221269512103,-0.007506679322351356
F0,point2building_01020_z41af1c5900042690,real_zurich,evaluated,True,0.7685519845993081,1.1125772011019657,0.6725445947296944,0.05629895291513806,0.5790000000270084,-0.0022386568808837604,0.00744087913159408,-0.005963111399754029,-0.00040292681858989515,-0.0022386568808837604,0.00744087913159408,-0.005963111399754029,-0.00040292681858989515
F0,point2building_01182_z41ac39cc00001edd,real_zurich,evaluated,True,1.0417155224160228,1.506313746310325,0.7394682795250126,0.09648469615123391,0.5470000000204891,0.03589632146277122,0.12621839680645053,-0.012389506873083156,-0.00028921578419331684,0.03589632146277122,0.12621839680645053,-0.012389506873083156,-0.00028921578419331684
F0,point2building_01226_z434cc37600000036,real_zurich,evaluated,True,1.7370141706789313,2.4966032545703474,0.6835361026939617,0.10450694922902963,0.5310000000172295,0.02016608427638511,0.008145083366321249,0.008795287152909448,-0.039169678839022545,0.02016608427638511,0.008145083366321249,0.008795287152909448,-0.039169678839022545
F0,point2building_01231_z43d783460000001b,real_zurich,evaluated,True,1.192030263854164,2.225774427226042,0.7621255414045713,0.45321829359698396,0.5469999999622814,0.009222031172673395,0.30728128273085287,0.017938210473176563,-0.03517500878736585,0.009222031172673395,0.30728128273085287,0.017938210473176563,-0.03517500878736585
F0,point2building_01232_z43d783d80000001d,real_zurich,failed,,,,,,1.077999999979511,,,,,,,,
F0,point2building_01234_z43eaf3bb00000000,real_zurich,evaluated,True,1.0879422826263063,1.7541115675249745,0.7529425097167356,0.16505310373165105,0.5320000000065193,0.017881764354480634,0.0310662358064544,0.0017964572433897263,-0.010778668027023014,0.017881764354480634,0.0310662358064544,0.0017964572433897263,-0.010778668027023014
F0,point2building_01244_z45b11be700005ac6,real_zurich,evaluated,True,1.0227454485366798,1.4163366873099525,0.6296607956710523,0.2173917126562316,0.5310000000172295,-0.04558350769828379,-0.1415643919777494,0.04029139529686876,-0.014935964957790149,-0.04558350769828379,-0.1415643919777494,0.04029139529686876,-0.014935964957790149
F0,point2building_01496_z41acfcf900040363,real_zurich,evaluated,True,2.2164931235567438,3.1487012198474953,0.6228694711936615,0.25695316729853684,0.5160000000032596,-0.021787224133092753,-0.06552147885762594,-0.0063448501059621965,-0.14743392704251485,-0.021787224133092753,-0.06552147885762594,-0.0063448501059621965,-0.14743392704251485
F0,point2building_02062_z45b11b6e00004d35,real_zurich,evaluated,True,1.1389193964937985,1.5727560771707139,0.7282642428691533,0.20510732044636587,0.5619999999762513,-0.034970613277715,-0.30348453224511296,0.03757024262306907,-0.004822683358782637,-0.034970613277715,-0.30348453224511296,0.03757024262306907,-0.004822683358782637
F0,point2building_02073_z45b11b6f00004d43,real_zurich,evaluated,True,1.9912667867114535,2.303981022644785,0.6047878283080061,0.23031900101758596,0.5310000000172295,-0.04493472708811885,-0.2262043007449841,0.04120999456578234,-0.029059094970532162,-0.04493472708811885,-0.2262043007449841,0.04120999456578234,-0.029059094970532162
F0,point2building_02308_z45b11b8c000050a2,real_zurich,evaluated,True,1.2332565945457101,1.6341668905611277,0.7227942453549117,0.09917405141344966,0.5630000000237487,-0.00431900139175867,-0.013162220393272639,0.00665615329450453,1.2882273442427206e-09,-0.00431900139175867,-0.013162220393272639,0.00665615329450453,1.2882273442427206e-09
F0,point2building_02420_z4631e26b00000002,real_zurich,evaluated,True,0.4357296214697148,0.5671252340984477,0.8780647957069554,0.18003890520705407,0.5470000000204891,0.019706068941822086,0.06597591675333236,0.023789396560739418,0.001876455418388684,0.019706068941822086,0.06597591675333236,0.023789396560739418,0.001876455418388684
F0,point2building_02648_z478b924900000293,real_zurich,evaluated,True,1.0185949465681756,1.7306175553837608,0.8540302558897765,0.4479718882058865,0.5939999999827705,0.04169988531405111,0.18038141212475756,0.009894887136230546,-4.848352830322256e-10,0.04169988531405111,0.18038141212475756,0.009894887136230546,-4.848352830322256e-10
F0,point2building_02691_z45b11c0900005eba,real_zurich,evaluated,True,1.8731058700300718,3.1463912824741698,0.6904850402836845,0.327567563900777,0.5470000000204891,-0.054865573039279525,-0.08296111880401424,0.044730059195535965,-0.10452041515627009,-0.054865573039279525,-0.08296111880401424,0.044730059195535965,-0.10452041515627009
F0,point2building_02762_z478b924b00000309,real_zurich,evaluated,True,1.3726632026607446,2.0648509035884666,0.7532433105706796,0.44615953471972447,0.5779999999795109,-0.004262528764028106,-0.06755076329188592,0.0029001467065011832,-0.0026425181855179725,-0.004262528764028106,-0.06755076329188592,0.0029001467065011832,-0.0026425181855179725
F0,point2building_02842_z478b924d00000360,real_zurich,evaluated,True,0.9224347061516909,1.1919719059238374,0.7231211957153256,0.6795225130393177,0.5309999999590218,0.06346848888353906,0.14730977915858512,0.0005229372107846686,7.335354546000872e-11,0.06346848888353906,0.14730977915858512,0.0005229372107846686,7.335354546000872e-11
F0,point2building_02888_z5c37184f8d8a0056,real_zurich,evaluated,True,2.324051663438063,3.0733651756680307,0.5210960124988989,3.847889289149326,0.5459999999729916,-0.14092335460524064,-0.3262570482411027,0.043561686004720435,4.439058268124185e-05,-0.14092335460524064,-0.3262570482411027,0.043561686004720435,4.439058268124185e-05
F0,point2building_02926_z478b9252000004a9,real_zurich,evaluated,True,2.3733431366226587,3.138762393150956,0.5898892313469948,2.0265551729829485,0.5779999999795109,0.07084071591548113,0.1251769278755499,0.009912184160905113,-1.0366068003975215e-09,0.07084071591548113,0.1251769278755499,0.009912184160905113,-1.0366068003975215e-09
F0,point2building_03024_z4b29d97200000000,real_zurich,evaluated,True,0.6783872294581113,1.0395901972640345,0.6687150234099832,0.7485509600309093,0.5469999999622814,-0.02278657785984306,-0.0883879792203146,0.015217963113006938,0.0011303695614129916,-0.02278657785984306,-0.0883879792203146,0.015217963113006938,0.0011303695614129916
F0,point2building_03060_z4cd103de00000004,real_zurich,evaluated,True,0.19537396162140994,0.3141273632835676,0.8745913864648243,0.05767194701025834,0.5779999999795109,-0.009952580746729472,-0.09404955821279742,0.01955862698725197,0.0002601420417400191,-0.009952580746729472,-0.09404955821279742,0.01955862698725197,0.0002601420417400191
F0,point2building_03096_z5061a3c42f350000,real_zurich,evaluated,True,0.5127039153752795,0.5696321722841822,0.8897858196609161,0.07729208902451361,0.5,0.008863714791913835,-0.00325620831302742,0.02661452898861083,0.0013449781738604921,0.008863714791913835,-0.00325620831302742,0.02661452898861083,0.0013449781738604921
F0,point2building_03120_z47050adb000005fd,real_zurich,evaluated,True,0.9183253116173207,1.2748645391686397,0.8048311469968176,0.2378297516225639,0.5470000000204891,-0.008983176918134328,0.006841843956957971,-3.673802738679566e-05,-0.043263204640570124,-0.008983176918134328,0.006841843956957971,-3.673802738679566e-05,-0.043263204640570124
F0,point2building_03177_z57b4146355ea0033,real_zurich,evaluated,True,1.3806581928796866,1.8324190121260016,0.6536619902250751,0.0757942883681391,0.5939999999827705,0.00030599784087637083,-0.004147814732444077,-0.0009001035529780932,-0.0016600436256315604,0.00030599784087637083,-0.004147814732444077,-0.0009001035529780932,-0.0016600436256315604
F0,point2building_03215_z47050ae1000007c1,real_zurich,evaluated,True,3.8263526063269095,4.476916091501194,0.5732784216495475,0.17618123846670994,0.5310000000172295,0.0013517015139306032,0.01896908386553786,0.005515440435830854,-0.0017696322000151365,0.0013517015139306032,0.01896908386553786,0.005515440435830854,-0.0017696322000151365
F0,point2building_03331_z4c11dac00000001b,real_zurich,evaluated,True,0.14847147167234215,0.16264105879280424,0.9126863049489595,0.10497001298124499,0.5160000000032596,0.0027799221003226293,0.0021295467756572983,0.019269052652786778,0.0017661816712822576,0.0027799221003226293,0.0021295467756572983,0.019269052652786778,0.0017661816712822576
F0,point2building_03541_z54fd6d3616b10066,real_zurich,evaluated,True,1.3684545595145554,1.8997714982307081,0.7477395811201665,0.4095578242241867,0.5320000000065193,0.0066699393988245426,-0.0659495367913514,0.0034799125738164127,-0.017326031261923502,0.0066699393988245426,-0.0659495367913514,0.0034799125738164127,-0.017326031261923502
F0,point2building_03584_z45b11bd100005843,real_zurich,evaluated,True,2.5219195712905496,3.3833172863954077,0.623653344733454,0.37694862406542906,0.5160000000032596,-0.17818005090239808,-0.5222103504968771,0.056057208248524004,-0.07058182622895515,-0.17818005090239808,-0.5222103504968771,0.056057208248524004,-0.07058182622895515
F0,point2building_03749_z4756d98a00000752,real_zurich,evaluated,True,0.7161457286548518,0.8692773860411389,0.8463147587722561,0.06109822731042341,0.7029999999795109,0.0037841251215744443,-0.03376076335479716,0.007028920454548948,-0.003147736630009189,0.0037841251215744443,-0.03376076335479716,0.007028920454548948,-0.003147736630009189
F0,point2building_04146_z54feb0f4c2d60023,real_zurich,evaluated,True,1.305557643365278,2.032099611653173,0.7568290912878948,0.38970580701654345,0.5470000000204891,-0.030221260898134927,-0.028163320469098085,0.004076187907315898,1.9446227406128003e-09,-0.030221260898134927,-0.028163320469098085,0.004076187907315898,1.9446227406128003e-09
F0,point2building_04198_z4cf7a30100000000,real_zurich,evaluated,True,0.3527183096630828,0.4237649893775624,0.9009495803832963,0.185889675182948,0.5,-0.0017893261940074012,-0.08296117761633387,0.02680213576012802,-0.010714252621683962,-0.0017893261940074012,-0.08296117761633387,0.02680213576012802,-0.010714252621683962
F0,point2building_04264_z463f41f7000004a3,real_zurich,evaluated,True,1.7615368519894652,2.2321046148607677,0.6600385019939528,0.09033766109692358,0.5320000000065193,-0.009610910214882917,-0.03823354893282982,0.014383898620350832,0.0007357543042847692,-0.009610910214882917,-0.03823354893282982,0.014383898620350832,0.0007357543042847692
F0,point2building_04435_z5aa795dc967900fa,real_zurich,evaluated,True,1.0264584831379933,1.6649424239207695,0.6613762188912151,1.9739570800662267,0.5940000000409782,-0.21225949287184487,-0.6618656246310479,0.044160627366482075,-0.7434414810060324,-0.21225949287184487,-0.6618656246310479,0.044160627366482075,-0.7434414810060324
F0,point2building_04499_z4961a69d00000000,real_zurich,evaluated,True,2.1260228537226,2.687012626958527,0.49632638063804446,0.8414672730733557,0.5470000000204891,-0.23116626111216831,-0.6321578300578796,0.056307815209125756,-0.00022133015227077113,-0.23116626111216831,-0.6321578300578796,0.056307815209125756,-0.00022133015227077113
F0,point2building_04700_z5cd2c7b8e3ae0027,real_zurich,evaluated,True,0.8516778040720105,1.0866861265858845,0.8135985751666424,0.7830415030667843,0.5939999999827705,-0.1895099282371373,-0.5246692523051293,0.07315447942723452,-0.08210469145520038,-0.1895099282371373,-0.5246692523051293,0.07315447942723452,-0.08210469145520038
F0,polygnn_mini_DEBY_LOD2_104575493,synthetic_mini,evaluated,True,0.6415763680705269,1.1152674106047538,0.7629369017038272,0.9321587797350274,0.6869999999762513,-0.39551837263124456,-1.049666248113715,0.10903093950161258,-0.11958417365364193,-0.39551837263124456,-1.049666248113715,0.10903093950161258,-0.11958417365364193
F0,polygnn_mini_DEBY_LOD2_18272204,synthetic_mini,evaluated,True,0.23530795675631938,0.2120304727504087,0.9743993523051968,0.2684187063804944,0.6560000000172295,-0.0031464345637280122,-0.019470994263669605,-0.0003728424393992791,-0.002269857383293994,-0.0031464345637280122,-0.019470994263669605,-0.0003728424393992791,-0.002269857383293994
F0,polygnn_mini_DEBY_LOD2_21464190,synthetic_mini,failed,,,,,,0.9839999999967404,,,,,,,,
F0,polygnn_mini_DEBY_LOD2_42758236,synthetic_mini,evaluated,True,0.33403364859589413,0.5833756876456044,0.955722576155378,0.8718852633439147,0.5469999999622814,-0.016680962598348725,-0.07363075265600705,0.0010709965558570733,-0.0007902458546373836,-0.016680962598348725,-0.07363075265600705,0.0010709965558570733,-0.0007902458546373836
F0,polygnn_mini_DEBY_LOD2_4322128,synthetic_mini,evaluated,True,0.20336493004591574,0.2586894776254585,0.9610172499393799,0.27074937101793267,0.6089999999967404,-0.044440436279654466,-0.1521012027596545,0.019902451228367646,-0.01799242290114389,-0.044440436279654466,-0.1521012027596545,0.019902451228367646,-0.01799242290114389
F0,polygnn_mini_DEBY_LOD2_4374954,synthetic_mini,evaluated,True,0.17725140321180916,0.09221478781926656,0.981314601093133,0.14934368987883326,0.7650000000139698,-0.0015632759197335422,-0.0044741385474384165,0.005218574947217891,-0.00323212973436382,-0.0015632759197335422,-0.0044741385474384165,0.005218574947217891,-0.00323212973436382
F0,polygnn_mini_DEBY_LOD2_4473468,synthetic_mini,evaluated,True,0.3457895257568711,0.5413570304897752,0.9085611174421996,2.0565176586599345,0.5619999999762513,-0.008495850532061422,-0.0423580708570489,0.002818268298666937,-1.625061862853272e-09,-0.008495850532061422,-0.0423580708570489,0.002818268298666937,-1.625061862853272e-09
F0,polygnn_mini_DEBY_LOD2_4616699,synthetic_mini,evaluated,True,0.24511312521722048,0.21734128000639386,0.9731207098420078,0.3413157058762962,0.5779999999795109,-0.009446628489080705,-0.03849187322915637,0.003404362895241153,-0.0021686810512775434,-0.009446628489080705,-0.03849187322915637,0.003404362895241153,-0.0021686810512775434
F0,polygnn_mini_DEBY_LOD2_4620050,synthetic_mini,evaluated,True,0.2685941934685703,0.27714788097985465,0.9703315375712076,0.33194836920200166,0.6099999999860302,-0.011883690153496662,-0.02564915269084489,-0.0003070130312374797,-0.006192573455334027,-0.011883690153496662,-0.02564915269084489,-0.0003070130312374797,-0.006192573455334027
F0,polygnn_mini_DEBY_LOD2_4672969,synthetic_mini,failed,,,,,,1.0309999999590218,,,,,,,,
F0,polygnn_mini_DEBY_LOD2_4677715,synthetic_mini,evaluated,True,0.19056718261217365,0.12882955129266155,0.9795017522882175,0.15058872729451944,0.7810000000172295,-0.12096648002774235,-0.2117120363266181,0.03244471048379105,-0.6017000606197502,-0.12096648002774235,-0.2117120363266181,0.03244471048379105,-0.6017000606197502
F0,polygnn_mini_DEBY_LOD2_4681422,synthetic_mini,evaluated,True,0.20395495999933877,0.304107303406874,0.9580237257658314,1.41440508594271,3.827999999979511,0.0013126081898882924,-0.004931203135296824,-0.000448457331821861,-2.4650002039550145e-09,0.0013126081898882924,-0.004931203135296824,-0.000448457331821861,-2.4650002039550145e-09
F0,polygnn_mini_DEBY_LOD2_4717633,synthetic_mini,evaluated,True,0.2476431121984728,0.2608150980305531,0.9704286201494838,0.3848699389827671,0.5470000000204891,-0.06993562382222451,-0.13248973784432044,0.012745296030007403,-0.09021602521847599,-0.06993562382222451,-0.13248973784432044,0.012745296030007403,-0.09021602521847599
F0,polygnn_mini_DEBY_LOD2_4731695,synthetic_mini,evaluated,True,0.18736906763121045,0.09930306227369139,0.9739134810320507,0.1742231373495248,0.7660000000032596,0.000514811785036734,-0.008831093701422696,-6.0914454201643764e-05,-0.0021101217896703772,0.000514811785036734,-0.008831093701422696,-6.0914454201643764e-05,-0.0021101217896703772
F0,polygnn_mini_DEBY_LOD2_4735908,synthetic_mini,evaluated,True,0.18346622657440798,0.11259846077618962,0.9792748270404942,0.15550468721118993,0.7190000000409782,-0.0030219043283736535,0.006823754403976284,0.003147836522269132,-0.0023108756312761325,-0.0030219043283736535,0.006823754403976284,0.003147836522269132,-0.0023108756312761325
F0,polygnn_mini_DEBY_LOD2_4768530,synthetic_mini,evaluated,True,0.5201473322184765,0.8905922865242115,0.8900055376018426,2.156511395744249,0.6099999999860302,-0.19918194673198186,-0.5614365544179851,0.059350060047780206,-0.05873016343568738,-0.19918194673198186,-0.5614365544179851,0.059350060047780206,-0.05873016343568738
F0,polygnn_mini_DEBY_LOD2_4773826,synthetic_mini,evaluated,True,0.22810339860918216,0.3850081181440285,0.9615246970255293,0.6075109898570207,1.5150000000139698,-0.6813911986196052,-1.4065106078719098,0.11662849956306309,-0.6929560349942446,-0.6813911986196052,-1.4065106078719098,0.11662849956306309,-0.6929560349942446
F0,polygnn_mini_DEBY_LOD2_4827110,synthetic_mini,evaluated,True,0.18288097952228904,0.07310407804781607,0.9801716882700049,0.07482693579254503,1.422000000020489,0.00058252238979567,-0.005677323432831269,0.0022701469984307554,-0.002224156872562069,0.00058252238979567,-0.005677323432831269,0.0022701469984307554,-0.002224156872562069
F0,polygnn_mini_DEBY_LOD2_4833066,synthetic_mini,failed,,,,,,1.1869999999762513,,,,,,,,
F0,polygnn_mini_DEBY_LOD2_4862505,synthetic_mini,evaluated,True,0.25871658450428975,0.4317865521167096,0.9291933856565924,0.2737868312008216,0.625,-0.22824815670888776,-0.7063491768881999,0.07156666065078199,-0.009650009985829378,-0.22824815670888776,-0.7063491768881999,0.07156666065078199,-0.009650009985829378
F0,polygnn_mini_DEBY_LOD2_4869536,synthetic_mini,failed,,,,,,1.0469999999622814,,,,,,,,
F0,polygnn_mini_DEBY_LOD2_4870013,synthetic_mini,evaluated,True,0.23083768710768526,0.22541032350734502,0.9702331376363383,0.33043907360374436,0.6410000000032596,-0.005342365115683284,-0.023870057139080525,0.0001630975109436772,-0.004115712841767705,-0.005342365115683284,-0.023870057139080525,0.0001630975109436772,-0.004115712841767705
F0,polygnn_mini_DEBY_LOD2_4901641,synthetic_mini,evaluated,True,0.3228926414245884,0.5125711388930877,0.9474996094074024,0.9928436690638989,0.7029999999795109,-0.17227656584154394,-0.5084348773137454,0.052379757817543116,-0.3832840629056189,-0.17227656584154394,-0.5084348773137454,0.052379757817543116,-0.3832840629056189
F0,polygnn_mini_DEBY_LOD2_4914914,synthetic_mini,evaluated,True,0.4074177771821551,1.0264091849185903,0.8587114799557433,2.6552521817973997,1.375,-0.14254942861537157,-0.4120595739097008,0.04670853494788385,-0.005127108634198407,-0.14254942861537157,-0.4120595739097008,0.04670853494788385,-0.005127108634198407
F0,polygnn_mini_DEBY_LOD2_4948910,synthetic_mini,evaluated,True,0.24662954418252675,0.29912834973791574,0.950577629093184,0.1626216991011492,0.8589999999967404,-0.09464857555089051,-0.19582897257945175,0.03400165211122086,-0.0043423461021620535,-0.09464857555089051,-0.19582897257945175,0.03400165211122086,-0.0043423461021620535
F0,polygnn_mini_DEBY_LOD2_4967349,synthetic_mini,evaluated,True,0.2499095102724433,0.21339264346879339,0.9647002333147421,0.12240160120604077,0.7339999999967404,0.0015494469376004794,0.012113008608864329,0.0012629243021518022,-0.0003780942113485175,0.0015494469376004794,0.012113008608864329,0.0012629243021518022,-0.0003780942113485175
F0,polygnn_mini_DEBY_LOD2_5004510,synthetic_mini,evaluated,True,0.1802325185510743,0.12453683730122872,0.9734885254822491,0.13589077601481958,0.8120000000344589,-0.022764020629847004,-0.046389537433722705,0.007013078485574531,-0.03182670472280208,-0.022764020629847004,-0.046389537433722705,0.007013078485574531,-0.03182670472280208
F0,polygnn_mini_DEBY_LOD2_5055513,synthetic_mini,evaluated,True,0.16383052067559029,0.08164075140157012,0.9801264996241275,0.11842240762735318,0.9380000000237487,-0.0022267134039991032,-0.015727579760662275,0.0008524503915665615,-0.005588333044005064,-0.0022267134039991032,-0.015727579760662275,0.0008524503915665615,-0.005588333044005064
F0,polygnn_mini_DEBY_LOD2_5056245,synthetic_mini,evaluated,True,0.59658096207538,1.4016664726065602,0.7676074152127648,2.170366445328979,1.952999999979511,-0.6813510460101974,-1.719259826870383,0.11730364593417386,-0.0573306397024016,-0.6813510460101974,-1.719259826870383,0.11730364593417386,-0.0573306397024016
F0,polygnn_mini_DEBY_LOD2_5056401,synthetic_mini,evaluated,True,0.577134047362055,1.4662245374997562,0.6547617116138944,1.193397500304627,69.71899999998277,-0.006505346153098612,-0.10249545538213778,0.009976744180640096,-4.825720359358243e-05,-0.006505346153098612,-0.10249545538213778,0.009976744180640096,-4.825720359358243e-05
F0,polygnn_mini_DEBY_LOD2_5092970,synthetic_mini,evaluated,True,0.1509431882074932,0.18866276581556293,0.941986579157146,0.11612030321713002,1.327999999979511,-0.035042924141109155,-0.11791710803525982,0.02638302636866585,-0.004045106027469256,-0.035042924141109155,-0.11791710803525982,0.02638302636866585,-0.004045106027469256
F0,polygnn_mini_DEBY_LOD2_5100005,synthetic_mini,failed,,,,,,1.047000000020489,,,,,,,,
F0,polygnn_mini_DEBY_LOD2_5137190,synthetic_mini,evaluated,True,0.14693971598740183,0.075643862350206,0.9741675437119919,0.146173643798845,0.9839999999967404,-0.00538519002926699,-0.02353881117856814,0.0029094560270259695,-0.00034191266569416623,-0.00538519002926699,-0.02353881117856814,0.0029094560270259695,-0.00034191266569416623
F0,polygnn_mini_DEBY_LOD2_5142315,synthetic_mini,evaluated,True,0.1801316929150673,0.08264974574297226,0.9801880800276428,0.1336214670887403,0.6400000000139698,-0.0031617802458520083,-0.014074346868236692,0.0012093060539903888,-0.0023464907628781007,-0.0031617802458520083,-0.014074346868236692,0.0012093060539903888,-0.0023464907628781007
F0,polygnn_mini_DEBY_LOD2_5184618,synthetic_mini,evaluated,True,0.4527650273720303,0.8307390822790369,0.8307507651674418,1.745927847618107,1.5160000000032596,-0.19645806483644424,-0.9226984082276036,0.08261202947723623,-0.04806278929114671,-0.19645806483644424,-0.9226984082276036,0.08261202947723623,-0.04806278929114671
F0,polygnn_mini_DEBY_LOD2_5184797,synthetic_mini,evaluated,True,0.1711665595346985,0.1904369942375254,0.9506157547672076,0.10164448538139725,1.8599999999860302,-0.03373110652609301,-0.1343160809961865,0.019577075431824853,-0.002321821147160688,-0.03373110652609301,-0.1343160809961865,0.019577075431824853,-0.002321821147160688
F0,polygnn_mini_DEBY_LOD2_5271709,synthetic_mini,evaluated,True,0.18598662184440876,0.19411549900458241,0.9695552789566846,0.2835728615604252,0.5470000000204891,-0.015282851351872656,-0.015775724053899265,0.004417981147911032,-0.0009606655712004475,-0.015282851351872656,-0.015775724053899265,0.004417981147911032,-0.0009606655712004475
F0,polygnn_mini_DEBY_LOD2_5273475,synthetic_mini,failed,,,,,,0.9839999999967404,,,,,,,,
F0,polygnn_mini_DEBY_LOD2_8573782,synthetic_mini,evaluated,True,0.3747449113488304,1.0943565933502366,0.7376391197462882,0.5521355686699917,9.110000000044238,-0.002276010609702339,-0.025980720953312497,0.002575482027614928,6.302847133099476e-12,-0.002276010609702339,-0.025980720953312497,0.002575482027614928,6.302847133099476e-12
F0,polygnn_mini_DEBY_LOD2_8573862,synthetic_mini,evaluated,True,1.0840497708109145,1.9552184154607877,0.6880476035026813,3.503232858682728,3.0,-0.615692323457921,-1.470395228082262,0.08580705067460359,-0.31241315271786707,-0.615692323457921,-1.470395228082262,0.08580705067460359,-0.31241315271786707
F3,point2building_00032_z41aca4f400000f6c,real_zurich,evaluated,True,2.007534193274929,2.527005113112435,0.6413575112346531,0.19603001038591356,0.5780000000377186,0.0,0.0,0.0,0.0,0.0,0.0,0.0,0.0
F3,point2building_00089_z41ad26d300061d2a,real_zurich,evaluated,True,2.1224056648049743,2.7774181624902154,0.6446654076601767,0.4950434244901378,0.5469999999622814,0.0,0.0,0.0,0.0,0.0,0.0,0.0,0.0
F3,point2building_00612_z41afb9c5000028d4,real_zurich,evaluated,True,1.7885860269512333,2.6098018889956225,0.5432570160905896,0.32422669264028287,0.6410000000032596,0.0,0.0,0.0,0.0,0.0,0.0,0.0,0.0
F3,point2building_00828_z41aca4f400001a79,real_zurich,evaluated,True,1.0022882610528128,1.5899801355670293,0.7840154039841699,0.09274734032303603,0.5630000000237487,0.0,0.0,0.0,0.0,0.0,0.0,0.0,0.0
F3,point2building_01020_z41af1c5900042690,real_zurich,evaluated,True,0.7707906414801918,1.1051363219703716,0.6785077061294484,0.05670187973372796,0.5630000000237487,0.0,0.0,0.0,0.0,0.0,0.0,0.0,0.0
F3,point2building_01182_z41ac39cc00001edd,real_zurich,evaluated,True,1.0058192009532516,1.3800953495038746,0.7518577863980958,0.09677391193542723,0.5619999999762513,0.0,0.0,0.0,0.0,0.0,0.0,0.0,0.0
F3,point2building_01226_z434cc37600000036,real_zurich,evaluated,True,1.7168480864025462,2.488458171204026,0.6747408155410523,0.14367662806805218,0.6089999999967404,0.0,0.0,0.0,0.0,0.0,0.0,0.0,0.0
F3,point2building_01231_z43d783460000001b,real_zurich,evaluated,True,1.1828082326814906,1.9184931444951892,0.7441873309313948,0.4883933023843498,0.5160000000032596,0.0,0.0,0.0,0.0,0.0,0.0,0.0,0.0
F3,point2building_01232_z43d783d80000001d,real_zurich,evaluated,True,2.044222245758423,3.128366914661279,0.6820226021944509,0.53394654645906,0.5779999999795109,,,,,0.0,0.0,0.0,0.0
F3,point2building_01234_z43eaf3bb00000000,real_zurich,evaluated,True,1.0700605182718257,1.7230453317185201,0.7511460524733459,0.17583177175867407,0.5619999999762513,0.0,0.0,0.0,0.0,0.0,0.0,0.0,0.0
F3,point2building_01244_z45b11be700005ac6,real_zurich,evaluated,True,1.0683289562349636,1.557901079287702,0.5893694003741835,0.23232767761402176,0.5619999999762513,0.0,0.0,0.0,0.0,0.0,0.0,0.0,0.0
F3,point2building_01496_z41acfcf900040363,real_zurich,evaluated,True,2.2382803476898365,3.2142226987051212,0.6292143212996237,0.4043870943410517,0.5779999999795109,0.0,0.0,0.0,0.0,0.0,0.0,0.0,0.0
F3,point2building_02062_z45b11b6e00004d35,real_zurich,evaluated,True,1.1738900097715135,1.8762406094158268,0.6906940002460842,0.2099300038051485,0.5939999999827705,0.0,0.0,0.0,0.0,0.0,0.0,0.0,0.0
F3,point2building_02073_z45b11b6f00004d43,real_zurich,evaluated,True,2.0362015137995724,2.530185323389769,0.5635778337422238,0.2593780959881181,0.5470000000204891,0.0,0.0,0.0,0.0,0.0,0.0,0.0,0.0
F3,point2building_02308_z45b11b8c000050a2,real_zurich,evaluated,True,1.2375755959374688,1.6473291109544004,0.7161380920604071,0.09917405012522232,0.5929999999934807,0.0,0.0,0.0,0.0,0.0,0.0,0.0,0.0
F3,point2building_02420_z4631e26b00000002,real_zurich,evaluated,True,0.4160235525278927,0.5011493173451154,0.854275399146216,0.17816244978866538,0.5619999999762513,0.0,0.0,0.0,0.0,0.0,0.0,0.0,0.0
F3,point2building_02648_z478b924900000293,real_zurich,evaluated,True,0.9768950612541245,1.5502361432590033,0.844135368753546,0.4479718886907218,0.6089999999967404,0.0,0.0,0.0,0.0,0.0,0.0,0.0,0.0
F3,point2building_02691_z45b11c0900005eba,real_zurich,evaluated,True,1.9279714430693513,3.229352401278184,0.6457549810881485,0.4320879790570471,0.625,0.0,0.0,0.0,0.0,0.0,0.0,0.0,0.0
F3,point2building_02762_z478b924b00000309,real_zurich,evaluated,True,1.3769257314247727,2.1324016668803525,0.7503431638641784,0.44880205290524244,0.5310000000172295,0.0,0.0,0.0,0.0,0.0,0.0,0.0,0.0
F3,point2building_02842_z478b924d00000360,real_zurich,evaluated,True,0.8589662172681518,1.0446621267652523,0.722598258504541,0.6795225129659641,0.5939999999827705,0.0,0.0,0.0,0.0,0.0,0.0,0.0,0.0
F3,point2building_02888_z5c37184f8d8a0056,real_zurich,evaluated,True,2.4649750180433037,3.3996222239091334,0.4775343264941785,3.847844898566645,0.5630000000237487,0.0,0.0,0.0,0.0,0.0,0.0,0.0,0.0
F3,point2building_02926_z478b9252000004a9,real_zurich,evaluated,True,2.3025024207071776,3.013585465275406,0.5799770471860897,2.0265551740195553,0.5779999999795109,0.0,0.0,0.0,0.0,0.0,0.0,0.0,0.0
F3,point2building_03024_z4b29d97200000000,real_zurich,evaluated,True,0.7011738073179543,1.127978176484349,0.6534970602969763,0.7474205904694963,0.5939999999827705,0.0,0.0,0.0,0.0,0.0,0.0,0.0,0.0
F3,point2building_03060_z4cd103de00000004,real_zurich,evaluated,True,0.2053265423681394,0.40817692149636503,0.8550327594775723,0.05741180496851832,0.6089999999967404,0.0,0.0,0.0,0.0,0.0,0.0,0.0,0.0
F3,point2building_03096_z5061a3c42f350000,real_zurich,evaluated,True,0.5038402005833656,0.5728883805972096,0.8631712906723052,0.07594711085065312,0.5619999999762513,0.0,0.0,0.0,0.0,0.0,0.0,0.0,0.0
F3,point2building_03120_z47050adb000005fd,real_zurich,evaluated,True,0.927308488535455,1.2680226952116818,0.8048678850242044,0.281092956263134,0.5629999999655411,0.0,0.0,0.0,0.0,0.0,0.0,0.0,0.0
F3,point2building_03177_z57b4146355ea0033,real_zurich,evaluated,True,1.3803521950388102,1.8365668268584456,0.6545620937780532,0.07745433199377066,0.625,0.0,0.0,0.0,0.0,0.0,0.0,0.0,0.0
F3,point2building_03215_z47050ae1000007c1,real_zurich,evaluated,True,3.825000904812979,4.457947007635656,0.5677629812137166,0.17795087066672508,0.5150000000139698,0.0,0.0,0.0,0.0,0.0,0.0,0.0,0.0
F3,point2building_03331_z4c11dac00000001b,real_zurich,evaluated,True,0.14569154957201952,0.16051151201714695,0.8934172522961727,0.10320383130996273,0.5150000000139698,0.0,0.0,0.0,0.0,0.0,0.0,0.0,0.0
F3,point2building_03541_z54fd6d3616b10066,real_zurich,evaluated,True,1.3617846201157309,1.9657210350220595,0.7442596685463501,0.4268838554861102,0.5469999999622814,0.0,0.0,0.0,0.0,0.0,0.0,0.0,0.0
F3,point2building_03584_z45b11bd100005843,real_zurich,evaluated,True,2.7000996221929476,3.905527636892285,0.56759613648493,0.4475304502943842,0.5470000000204891,0.0,0.0,0.0,0.0,0.0,0.0,0.0,0.0
F3,point2building_03749_z4756d98a00000752,real_zurich,evaluated,True,0.7123616035332774,0.9030381493959361,0.8392858383177072,0.0642459639404326,0.6720000000204891,0.0,0.0,0.0,0.0,0.0,0.0,0.0,0.0
F3,point2building_04146_z54feb0f4c2d60023,real_zurich,evaluated,True,1.335778904263413,2.060262932122271,0.7527529033805789,0.3897058050719207,0.5310000000172295,0.0,0.0,0.0,0.0,0.0,0.0,0.0,0.0
F3,point2building_04198_z4cf7a30100000000,real_zurich,evaluated,True,0.3545076358570902,0.5067261669938963,0.8741474446231683,0.19660392780463196,0.5630000000237487,0.0,0.0,0.0,0.0,0.0,0.0,0.0,0.0
F3,point2building_04264_z463f41f7000004a3,real_zurich,evaluated,True,1.771147762204348,2.2703381637935975,0.6456546033736019,0.08960190679263881,0.5160000000032596,0.0,0.0,0.0,0.0,0.0,0.0,0.0,0.0
F3,point2building_04435_z5aa795dc967900fa,real_zurich,evaluated,True,1.2387179760098381,2.3268080485518174,0.617215591524733,2.717398561072259,0.6559999999590218,0.0,0.0,0.0,0.0,0.0,0.0,0.0,0.0
F3,point2building_04499_z4961a69d00000000,real_zurich,evaluated,True,2.3571891148347683,3.3191704570164067,0.4400185654289187,0.8416886032256264,0.5629999999655411,0.0,0.0,0.0,0.0,0.0,0.0,0.0,0.0
F3,point2building_04700_z5cd2c7b8e3ae0027,real_zurich,evaluated,True,1.0411877323091479,1.6113553788910138,0.7404440957394078,0.8651461945219847,0.6559999999590218,0.0,0.0,0.0,0.0,0.0,0.0,0.0,0.0
F3,polygnn_mini_DEBY_LOD2_104575493,synthetic_mini,evaluated,True,1.0370947407017714,2.1649336587184687,0.6539059622022146,1.0517429533886693,0.625,0.0,0.0,0.0,0.0,0.0,0.0,0.0,0.0
F3,polygnn_mini_DEBY_LOD2_18272204,synthetic_mini,evaluated,True,0.2384543913200474,0.2315014670140783,0.9747721947445961,0.2706885637637884,0.5939999999827705,0.0,0.0,0.0,0.0,0.0,0.0,0.0,0.0
F3,polygnn_mini_DEBY_LOD2_21464190,synthetic_mini,evaluated,True,0.7964770554977213,1.5110669398898269,0.833251343000809,3.9425000384834714,0.5790000000270084,,,,,0.0,0.0,0.0,0.0
F3,polygnn_mini_DEBY_LOD2_42758236,synthetic_mini,evaluated,True,0.35071461119424285,0.6570064403016115,0.954651579599521,0.8726755091985521,0.5160000000032596,0.0,0.0,0.0,0.0,0.0,0.0,0.0,0.0
F3,polygnn_mini_DEBY_LOD2_4322128,synthetic_mini,evaluated,True,0.2478053663255702,0.410790680385113,0.9411147987110122,0.28874179391907656,0.5939999999827705,0.0,0.0,0.0,0.0,0.0,0.0,0.0,0.0
F3,polygnn_mini_DEBY_LOD2_4374954,synthetic_mini,evaluated,True,0.1788146791315427,0.09668892636670498,0.9760960261459151,0.15257581961319708,0.6410000000032596,0.0,0.0,0.0,0.0,0.0,0.0,0.0,0.0
F3,polygnn_mini_DEBY_LOD2_4473468,synthetic_mini,evaluated,True,0.35428537628893253,0.5837151013468241,0.9057428491435326,2.0565176602849964,0.5470000000204891,0.0,0.0,0.0,0.0,0.0,0.0,0.0,0.0
F3,polygnn_mini_DEBY_LOD2_4616699,synthetic_mini,evaluated,True,0.2545597537063012,0.2558331532355502,0.9697163469467667,0.34348438692757377,0.6100000000442378,0.0,0.0,0.0,0.0,0.0,0.0,0.0,0.0
F3,polygnn_mini_DEBY_LOD2_4620050,synthetic_mini,evaluated,True,0.28047788362206694,0.30279703367069954,0.9706385506024451,0.3381409426573357,0.5619999999762513,0.0,0.0,0.0,0.0,0.0,0.0,0.0,0.0
F3,polygnn_mini_DEBY_LOD2_4672969,synthetic_mini,failed,,,,,,1.0630000000237487,,,,,,,,
F3,polygnn_mini_DEBY_LOD2_4677715,synthetic_mini,evaluated,True,0.311533662639916,0.34054158761927966,0.9470570418044264,0.7522887879142697,0.6869999999762513,0.0,0.0,0.0,0.0,0.0,0.0,0.0,0.0
F3,polygnn_mini_DEBY_LOD2_4681422,synthetic_mini,evaluated,True,0.20264235180945048,0.3090385065421708,0.9584721830976533,1.4144050884077102,2.3280000000377186,0.0,0.0,0.0,0.0,0.0,0.0,0.0,0.0
F3,polygnn_mini_DEBY_LOD2_4717633,synthetic_mini,evaluated,True,0.3175787360206973,0.3933048358748735,0.9576833241194764,0.4750859642012431,0.5469999999622814,0.0,0.0,0.0,0.0,0.0,0.0,0.0,0.0
F3,polygnn_mini_DEBY_LOD2_4731695,synthetic_mini,evaluated,True,0.1868542558461737,0.10813415597511408,0.9739743954862523,0.17633325913919518,0.6720000000204891,0.0,0.0,0.0,0.0,0.0,0.0,0.0,0.0
F3,polygnn_mini_DEBY_LOD2_4735908,synthetic_mini,evaluated,True,0.18648813090278163,0.10577470637221334,0.976126990518225,0.15781556284246606,0.6559999999590218,0.0,0.0,0.0,0.0,0.0,0.0,0.0,0.0
F3,polygnn_mini_DEBY_LOD2_4768530,synthetic_mini,evaluated,True,0.7193292789504584,1.4520288409421966,0.8306554775540624,2.2152415591799364,0.6089999999967404,0.0,0.0,0.0,0.0,0.0,0.0,0.0,0.0
F3,polygnn_mini_DEBY_LOD2_4773826,synthetic_mini,evaluated,True,0.9094945972287873,1.7915187260159384,0.8448961974624662,1.3004670248512653,1.0469999999622814,0.0,0.0,0.0,0.0,0.0,0.0,0.0,0.0
F3,polygnn_mini_DEBY_LOD2_4827110,synthetic_mini,evaluated,True,0.18229845713249337,0.07878140148064734,0.9779015412715741,0.0770510926651071,1.1099999999860302,0.0,0.0,0.0,0.0,0.0,0.0,0.0,0.0
F3,polygnn_mini_DEBY_LOD2_4833066,synthetic_mini,evaluated,True,0.32116186440944183,0.399057266560888,0.9655377945828005,0.48281981491939474,0.5309999999590218,,,,,0.0,0.0,0.0,0.0
F3,polygnn_mini_DEBY_LOD2_4862505,synthetic_mini,evaluated,True,0.4869647412131775,1.1381357290049094,0.8576267250058104,0.28343684118665097,0.6089999999967404,0.0,0.0,0.0,0.0,0.0,0.0,0.0,0.0
F3,polygnn_mini_DEBY_LOD2_4869536,synthetic_mini,evaluated,True,0.3420833876180375,0.44594772161780794,0.9542714949537041,0.4358218488800433,0.5779999999795109,,,,,0.0,0.0,0.0,0.0
F3,polygnn_mini_DEBY_LOD2_4870013,synthetic_mini,evaluated,True,0.23618005222336855,0.24928038064642555,0.9700700401253947,0.33455478644551206,0.5320000000065193,0.0,0.0,0.0,0.0,0.0,0.0,0.0,0.0
F3,polygnn_mini_DEBY_LOD2_4901641,synthetic_mini,evaluated,True,0.49516920726613234,1.021006016206833,0.8951198515898593,1.3761277319695178,0.6720000000204891,0.0,0.0,0.0,0.0,0.0,0.0,0.0,0.0
F3,polygnn_mini_DEBY_LOD2_4914914,synthetic_mini,evaluated,True,0.5499672057975267,1.4384687588282912,0.8120029450078594,2.660379290431598,1.1560000000172295,0.0,0.0,0.0,0.0,0.0,0.0,0.0,0.0
F3,polygnn_mini_DEBY_LOD2_4948910,synthetic_mini,evaluated,True,0.34127811973341726,0.4949573223173675,0.9165759769819631,0.16696404520331126,0.75,0.0,0.0,0.0,0.0,0.0,0.0,0.0,0.0
F3,polygnn_mini_DEBY_LOD2_4967349,synthetic_mini,evaluated,True,0.2483600633348428,0.20127963485992906,0.9634373090125903,0.12277969541738928,0.7029999999795109,0.0,0.0,0.0,0.0,0.0,0.0,0.0,0.0
F3,polygnn_mini_DEBY_LOD2_5004510,synthetic_mini,evaluated,True,0.2029965391809213,0.17092637473495143,0.9664754469966745,0.16771748073762166,0.6720000000204891,0.0,0.0,0.0,0.0,0.0,0.0,0.0,0.0
F3,polygnn_mini_DEBY_LOD2_5055513,synthetic_mini,evaluated,True,0.1660572340795894,0.0973683311622324,0.9792740492325609,0.12401074067135824,0.8130000000237487,0.0,0.0,0.0,0.0,0.0,0.0,0.0,0.0
F3,polygnn_mini_DEBY_LOD2_5056245,synthetic_mini,evaluated,True,1.2779320080855774,3.120926299476943,0.6503037692785909,2.2276970850313806,1.4209999999729916,0.0,0.0,0.0,0.0,0.0,0.0,0.0,0.0
F3,polygnn_mini_DEBY_LOD2_5056401,synthetic_mini,evaluated,True,0.5836393935151536,1.568719992881894,0.6447849674332543,1.1934457575082207,20.70300000003772,0.0,0.0,0.0,0.0,0.0,0.0,0.0,0.0
F3,polygnn_mini_DEBY_LOD2_5092970,synthetic_mini,evaluated,True,0.18598611234860235,0.30657987385082275,0.9156035527884802,0.12016540924459927,0.8589999999967404,0.0,0.0,0.0,0.0,0.0,0.0,0.0,0.0
F3,polygnn_mini_DEBY_LOD2_5100005,synthetic_mini,evaluated,True,0.4947002021537532,0.8710190309454782,0.8726151959556246,0.3797476096123803,0.5470000000204891,,,,,0.0,0.0,0.0,0.0
F3,polygnn_mini_DEBY_LOD2_5137190,synthetic_mini,evaluated,True,0.15232490601666882,0.09918267352877413,0.9712580876849659,0.14651555646453918,0.75,0.0,0.0,0.0,0.0,0.0,0.0,0.0,0.0
F3,polygnn_mini_DEBY_LOD2_5142315,synthetic_mini,evaluated,True,0.18329347316091932,0.09672409261120896,0.9789787739736524,0.1359679578516184,0.625,0.0,0.0,0.0,0.0,0.0,0.0,0.0,0.0
F3,polygnn_mini_DEBY_LOD2_5184618,synthetic_mini,evaluated,True,0.6492230922084745,1.7534374905066406,0.7481387356902056,1.7939906369092538,1.172000000020489,0.0,0.0,0.0,0.0,0.0,0.0,0.0,0.0
F3,polygnn_mini_DEBY_LOD2_5184797,synthetic_mini,evaluated,True,0.20489766606079152,0.3247530752337119,0.9310386793353828,0.10396630652855794,1.1880000000237487,0.0,0.0,0.0,0.0,0.0,0.0,0.0,0.0
F3,polygnn_mini_DEBY_LOD2_5271709,synthetic_mini,evaluated,True,0.2012694731962814,0.20989122305848168,0.9651372978087736,0.28453352713162566,0.5,0.0,0.0,0.0,0.0,0.0,0.0,0.0,0.0
F3,polygnn_mini_DEBY_LOD2_5273475,synthetic_mini,evaluated,True,0.2052909330789797,0.19889622777655147,0.97030475801497,0.35773144680259295,0.6089999999967404,,,,,0.0,0.0,0.0,0.0
F3,polygnn_mini_DEBY_LOD2_8573782,synthetic_mini,evaluated,True,0.37702092195853276,1.120337314303549,0.7350636377186732,0.5521355686636888,4.9689999999827705,0.0,0.0,0.0,0.0,0.0,0.0,0.0,0.0
F3,polygnn_mini_DEBY_LOD2_8573862,synthetic_mini,evaluated,True,1.6997420942688355,3.4256136435430498,0.6022405528280778,3.8156460114005952,1.6560000000172295,0.0,0.0,0.0,0.0,0.0,0.0,0.0,0.0
T,point2building_00032_z41aca4f400000f6c,real_zurich,evaluated,True,2.01209902571343,2.532745458724108,0.6416879164627021,0.18916335311835608,0.5459999999729916,0.004564832438501032,0.005740345611672915,0.0003304052280489467,-0.006866657267557474,0.004564832438501032,0.005740345611672915,0.0003304052280489467,-0.006866657267557474
T,point2building_00089_z41ad26d300061d2a,real_zurich,evaluated,True,2.1358943397692323,2.8233851652092983,0.6470155837442078,0.4541967844246207,0.5150000000139698,0.013488674964257985,0.04596700271908283,0.002350176084031097,-0.04084664006551708,0.013488674964257985,0.04596700271908283,0.002350176084031097,-0.04084664006551708
T,point2building_00612_z41afb9c5000028d4,real_zurich,evaluated,True,1.4624250253617688,2.046463075080548,0.6052924980909788,0.32904432015294716,0.625,-0.3261610015894645,-0.5633388139150743,0.06203548200038922,0.004817627512664291,-0.3261610015894645,-0.5633388139150743,0.06203548200038922,0.004817627512664291
T,point2building_00828_z41aca4f400001a79,real_zurich,evaluated,True,1.0082836642356177,1.5907446082913794,0.78853498609973,0.08733382863752907,0.5160000000032596,0.005995403182804893,0.0007644727243500959,0.004519582115560139,-0.005413511685506953,0.005995403182804893,0.0007644727243500959,0.004519582115560139,-0.005413511685506953
T,point2building_01020_z41af1c5900042690,real_zurich,evaluated,True,0.7673960024661942,1.1073090898671603,0.6747183305075777,0.05360753381154135,0.5320000000065193,-0.0033946390139976135,0.0021727678967886632,-0.003789375621870761,-0.00309434592218661,-0.0033946390139976135,0.0021727678967886632,-0.003789375621870761,-0.00309434592218661
T,point2building_01182_z41ac39cc00001edd,real_zurich,evaluated,True,1.0454420562931321,1.5075482182648026,0.7447450113602738,0.09215669064968106,0.5310000000172295,0.039622855339880525,0.12745286876092798,-0.007112775037821928,-0.0046172212857461675,0.039622855339880525,0.12745286876092798,-0.007112775037821928,-0.0046172212857461675
T,point2building_01226_z434cc37600000036,real_zurich,evaluated,True,1.7358427540912105,2.508563052448935,0.6772109994873206,0.10918785209652757,0.5160000000032596,0.018994667688664313,0.020104881244908945,0.0024701839462683006,-0.03448877597152461,0.018994667688664313,0.020104881244908945,0.0024701839462683006,-0.03448877597152461
T,point2building_01231_z43d783460000001b,real_zurich,evaluated,True,1.1947029381241767,2.2243738463803853,0.7612365725164407,0.45321829359698396,0.5310000000172295,0.011894705442686115,0.3058807018851961,0.01704924158504595,-0.03517500878736585,0.011894705442686115,0.3058807018851961,0.01704924158504595,-0.03517500878736585
T,point2building_01232_z43d783d80000001d,real_zurich,evaluated,True,2.1260815464240386,3.4543146924268497,0.6974214322147378,0.53394654645906,0.5149999999557622,,,,,0.08185930066561564,0.3259477777655708,0.015398830020286969,0.0
T,point2building_01234_z43eaf3bb00000000,real_zurich,evaluated,True,1.0885393484922405,1.7562410429558488,0.7528486168974713,0.14892736246559185,0.5,0.018478830220414855,0.03319571123732867,0.001702564424125419,-0.026904409293082215,0.018478830220414855,0.03319571123732867,0.001702564424125419,-0.026904409293082215
T,point2building_01244_z45b11be700005ac6,real_zurich,evaluated,True,1.0157542765322554,1.4071065435726724,0.6333079397431836,0.2233930074998978,0.5470000000204891,-0.05257467970270824,-0.15079453571502954,0.04393853936900005,-0.008934670114123966,-0.05257467970270824,-0.15079453571502954,0.04393853936900005,-0.008934670114123966
T,point2building_01496_z41acfcf900040363,real_zurich,evaluated,True,2.212161666768159,3.16753952960318,0.6235782256319036,0.26271020679028356,0.5320000000065193,-0.026118680921677573,-0.04668316910194115,-0.005636095667720165,-0.14167688755076813,-0.026118680921677573,-0.04668316910194115,-0.005636095667720165,-0.14167688755076813
T,point2building_02062_z45b11b6e00004d35,real_zurich,evaluated,True,1.1394187024028484,1.5696501882357001,0.7264317272714433,0.20736317295120835,0.5470000000204891,-0.034471307368665105,-0.3065904211801267,0.035737727025359156,-0.0025668308539401608,-0.034471307368665105,-0.3065904211801267,0.035737727025359156,-0.0025668308539401608
T,point2building_02073_z45b11b6f00004d43,real_zurich,evaluated,True,1.9876917701120758,2.304018835097467,0.6104351380626138,0.23846074536909623,0.5150000000139698,-0.04850974368749661,-0.22616648829230224,0.046857304320390036,-0.02091735061902189,-0.04850974368749661,-0.22616648829230224,0.046857304320390036,-0.02091735061902189
T,point2building_02308_z45b11b8c000050a2,real_zurich,evaluated,True,1.2330097462850622,1.6403447260406745,0.7238073083639794,0.09801928466743262,0.5619999999762513,-0.004565849652406584,-0.006984384913725883,0.007669216303572313,-0.001154765457789697,-0.004565849652406584,-0.006984384913725883,0.007669216303572313,-0.001154765457789697
T,point2building_02420_z4631e26b00000002,real_zurich,evaluated,True,0.4431993020105228,0.5742237676347794,0.8737218125590769,0.20088615878630758,0.5310000000172295,0.02717574948263013,0.07307445028966408,0.019446413412860908,0.0227237089976422,0.02717574948263013,0.07307445028966408,0.019446413412860908,0.0227237089976422
T,point2building_02648_z478b924900000293,real_zurich,evaluated,True,1.0225769802161482,1.7212516768695325,0.8536721297507353,0.4479718882058865,0.5470000000204891,0.04568191896202367,0.17101553361052924,0.009536760997189253,-4.848352830322256e-10,0.04568191896202367,0.17101553361052924,0.009536760997189253,-4.848352830322256e-10
T,point2building_02691_z45b11c0900005eba,real_zurich,evaluated,True,1.873150140097192,3.165500820235252,0.6873998264105126,0.3416228658956742,0.5630000000237487,-0.05482130297215937,-0.06385158104293209,0.04164484532236401,-0.0904651131613729,-0.05482130297215937,-0.06385158104293209,0.04164484532236401,-0.0904651131613729
T,point2building_02762_z478b924b00000309,real_zurich,evaluated,True,1.3723250143855488,2.039714387529032,0.7546756083138826,0.4461595343163382,0.5619999999762513,-0.004600717039223934,-0.09268727935132048,0.004332444449704154,-0.0026425185889042413,-0.004600717039223934,-0.09268727935132048,0.004332444449704154,-0.0026425185889042413
T,point2building_02842_z478b924d00000360,real_zurich,evaluated,True,0.9202330024958889,1.1892813461163638,0.7324046921589682,0.6904206748685578,0.5779999999795109,0.0612667852277371,0.14461921935111155,0.009806433654427238,0.01089816190259374,0.0612667852277371,0.14461921935111155,0.009806433654427238,0.01089816190259374
T,point2building_02888_z5c37184f8d8a0056,real_zurich,evaluated,True,2.318859646332876,3.0678225085867377,0.5289420044086868,3.8655493988892013,0.5320000000065193,-0.14611537171042777,-0.3317997153223957,0.05140767791450829,0.017704500322556438,-0.14611537171042777,-0.3317997153223957,0.05140767791450829,0.017704500322556438
T,point2building_02926_z478b9252000004a9,real_zurich,evaluated,True,2.4137593038381615,3.133719156423082,0.6042992537308316,2.052798762727749,0.6709999999729916,0.11125688313098392,0.12013369114767602,0.02432220654474193,0.026243588708193766,0.11125688313098392,0.12013369114767602,0.02432220654474193,0.026243588708193766
T,point2building_03024_z4b29d97200000000,real_zurich,evaluated,True,0.6722291665280501,1.0336775115803012,0.6713289236330544,0.748550959253493,0.5470000000204891,-0.02894464078990422,-0.09430066490404787,0.017831863336078113,0.0011303687839967491,-0.02894464078990422,-0.09430066490404787,0.017831863336078113,0.0011303687839967491
T,point2building_03060_z4cd103de00000004,real_zurich,evaluated,True,0.19606376143151372,0.3148085227352183,0.8733948888743964,0.056230229908915484,0.5320000000065193,-0.009262780936625692,-0.09336839876114672,0.018362129396824134,-0.0011815750596028338,-0.009262780936625692,-0.09336839876114672,0.018362129396824134,-0.0011815750596028338
T,point2building_03096_z5061a3c42f350000,real_zurich,evaluated,True,0.5170959990556522,0.5740602679144733,0.889201289860313,0.0734877846042,0.4690000000409782,0.013255798472286529,0.0011718873172636979,0.026029999188007746,-0.0024593262464531196,0.013255798472286529,0.0011718873172636979,0.026029999188007746,-0.0024593262464531196
T,point2building_03120_z47050adb000005fd,real_zurich,evaluated,False,0.9163609353572886,1.2644385984051656,0.8070957134750104,0.2421350800494753,0.6089999999967404,-0.010947553178166425,-0.0035840968065161682,0.0022278284508060464,-0.03895787621365873,-0.010947553178166425,-0.0035840968065161682,0.0022278284508060464,-0.03895787621365873
T,point2building_03177_z57b4146355ea0033,real_zurich,evaluated,True,1.3785158986012676,1.8255283107722118,0.6528619813398633,0.0747562582590717,0.5310000000172295,-0.0018362964375426838,-0.011038516086233852,-0.0017001124381899047,-0.0026980737346989636,-0.0018362964375426838,-0.011038516086233852,-0.0017001124381899047,-0.0026980737346989636
T,point2building_03215_z47050ae1000007c1,real_zurich,evaluated,True,3.828548996687878,4.459934053706956,0.576069713309124,0.1849412633329787,0.5469999999622814,0.0035480918748991286,0.001987046071299403,0.008306732095407443,0.00699039266625362,0.0035480918748991286,0.001987046071299403,0.008306732095407443,0.00699039266625362
T,point2building_03331_z4c11dac00000001b,real_zurich,evaluated,True,0.151444965634146,0.16710861707522204,0.9140335434541216,0.11168234337277828,0.5,0.005753416062126482,0.006597105058075092,0.02061629115794883,0.008478512062815552,0.005753416062126482,0.006597105058075092,0.02061629115794883,0.008478512062815552
T,point2building_03541_z54fd6d3616b10066,real_zurich,evaluated,True,1.3651877151262248,1.9107925235368326,0.7484752060918589,0.4120123264275135,0.5160000000032596,0.0034030950104939617,-0.05492851148522693,0.004215537545508852,-0.014871529058596678,0.0034030950104939617,-0.05492851148522693,0.004215537545508852,-0.014871529058596678
T,point2building_03584_z45b11bd100005843,real_zurich,evaluated,True,2.5104696378366778,3.3721413137634713,0.6315341356530255,0.37694862406542906,0.5149999999557622,-0.18962998435626988,-0.5333863231288136,0.0639379991680955,-0.07058182622895515,-0.18962998435626988,-0.5333863231288136,0.0639379991680955,-0.07058182622895515
T,point2building_03749_z4756d98a00000752,real_zurich,evaluated,True,0.7164449301637441,0.8737105606723923,0.8407551345309086,0.05990977246202082,0.6559999999590218,0.004083326630466733,-0.029327588723543796,0.0014692962132013543,-0.004336191478411779,0.004083326630466733,-0.029327588723543796,0.0014692962132013543,-0.004336191478411779
T,point2building_04146_z54feb0f4c2d60023,real_zurich,evaluated,True,1.3057579308930953,2.0324947861399094,0.763407688820639,0.38970580701654384,0.5310000000172295,-0.030020973370317616,-0.02776814598236177,0.010654785440060155,1.944623129190859e-09,-0.030020973370317616,-0.02776814598236177,0.010654785440060155,1.944623129190859e-09
T,point2building_04198_z4cf7a30100000000,real_zurich,evaluated,True,0.3544017556968879,0.42409808246269787,0.9025812554137621,0.1863944619238453,0.5470000000204891,-0.00010588016020229851,-0.08262808453119841,0.028433810790593816,-0.010209465880786667,-0.00010588016020229851,-0.08262808453119841,0.028433810790593816,-0.010209465880786667
T,point2building_04264_z463f41f7000004a3,real_zurich,evaluated,True,1.761037805532847,2.2280638376821016,0.6606058188226913,0.08628868399294455,0.5150000000139698,-0.010109956671501052,-0.04227432611149595,0.014951215449089394,-0.00331322279969426,-0.010109956671501052,-0.04227432611149595,0.014951215449089394,-0.00331322279969426
T,point2building_04435_z5aa795dc967900fa,real_zurich,evaluated,True,1.0310559727124726,1.6620090424990588,0.6633925959322378,1.9739570800662267,0.5929999999934807,-0.2076620032973655,-0.6647990060527587,0.04617700440750472,-0.7434414810060324,-0.2076620032973655,-0.6647990060527587,0.04617700440750472,-0.7434414810060324
T,point2building_04499_z4961a69d00000000,real_zurich,evaluated,True,2.1263478632744555,2.683556750306757,0.5012740687966997,0.844639675981453,0.5150000000139698,-0.23084125156031288,-0.6356137067096497,0.06125550336778096,0.0029510727558265115,-0.23084125156031288,-0.6356137067096497,0.06125550336778096,0.0029510727558265115
T,point2building_04700_z5cd2c7b8e3ae0027,real_zurich,evaluated,True,0.852045435139686,1.0860371485359366,0.8115478243969039,0.7828713560712564,0.6570000000065193,-0.18914229716946185,-0.5253182303550772,0.07110372865749603,-0.08227483845072836,-0.18914229716946185,-0.5253182303550772,0.07110372865749603,-0.08227483845072836
T,polygnn_mini_DEBY_LOD2_104575493,synthetic_mini,evaluated,True,0.6406363526574128,1.1174381380184912,0.764083034501938,0.9321004489325854,0.6089999999967404,-0.3964583880443586,-1.0474955206999774,0.1101770722997234,-0.11964250445608393,-0.3964583880443586,-1.0474955206999774,0.1101770722997234,-0.11964250445608393
T,polygnn_mini_DEBY_LOD2_18272204,synthetic_mini,evaluated,True,0.23206313215530971,0.20908330351741566,0.9765832215441228,0.2642015006018547,0.625,-0.006391259164737678,-0.022418163496662646,0.001811026799526716,-0.006487063161933704,-0.006391259164737678,-0.022418163496662646,0.001811026799526716,-0.006487063161933704
T,polygnn_mini_DEBY_LOD2_21464190,synthetic_mini,evaluated,True,0.7783209190720904,1.45015118569082,0.8328384284404904,3.9285147355413033,0.5779999999795109,,,,,-0.018156136425630853,-0.060915754199006855,-0.0004129145603186668,-0.013985302942168154
T,polygnn_mini_DEBY_LOD2_42758236,synthetic_mini,evaluated,True,0.2923625859955533,0.30683570714680825,0.973297908123891,0.4304351315092839,0.5779999999795109,-0.05835202519868954,-0.35017073315480324,0.018646328524370093,-0.44224037768926816,-0.05835202519868954,-0.35017073315480324,0.018646328524370093,-0.44224037768926816
T,polygnn_mini_DEBY_LOD2_4322128,synthetic_mini,evaluated,True,0.20213439107251852,0.2573792058523978,0.9618494615493305,0.27069883325012223,0.5929999999934807,-0.04567097525305169,-0.1534114745327152,0.020734662838318263,-0.018042960668954333,-0.04567097525305169,-0.1534114745327152,0.020734662838318263,-0.018042960668954333
T,polygnn_mini_DEBY_LOD2_4374954,synthetic_mini,evaluated,True,0.17763345152864027,0.09060997676809032,0.9781583760237547,0.14701579188775055,0.7339999999967404,-0.0011812276029024293,-0.006078949598614658,0.0020623498778395977,-0.005560027725446531,-0.0011812276029024293,-0.006078949598614658,0.0020623498778395977,-0.005560027725446531
T,polygnn_mini_DEBY_LOD2_4473468,synthetic_mini,evaluated,True,0.3513316377046436,0.5490753961248979,0.9121103554112207,1.918913657775953,0.5630000000237487,-0.002953738584288934,-0.034639705221926276,0.006367506267688006,-0.13760400250904348,-0.002953738584288934,-0.034639705221926276,0.006367506267688006,-0.13760400250904348
T,polygnn_mini_DEBY_LOD2_4616699,synthetic_mini,evaluated,True,0.24075957882088356,0.21219101631577014,0.9725527927933797,0.3385680716461503,0.6089999999967404,-0.013800174885417626,-0.043642136919780083,0.0028364458466130227,-0.0049163152814234445,-0.013800174885417626,-0.043642136919780083,0.0028364458466130227,-0.0049163152814234445
T,polygnn_mini_DEBY_LOD2_4620050,synthetic_mini,evaluated,True,0.2662129606279915,0.2751777077903411,0.9728199610641215,0.3315344287706789,0.5940000000409782,-0.014264922994075446,-0.027619325880358425,0.002181410461676414,-0.006606513886656784,-0.014264922994075446,-0.027619325880358425,0.002181410461676414,-0.006606513886656784
T,polygnn_mini_DEBY_LOD2_4672969,synthetic_mini,failed,,,,,,0.9839999999967404,,,,,,,,
T,polygnn_mini_DEBY_LOD2_4677715,synthetic_mini,evaluated,True,0.18986176322278642,0.12713847867900863,0.9785209792330085,0.14984443412332635,0.8589999999967404,-0.12167189941712958,-0.21340310894027104,0.03146393742858211,-0.6024443537909433,-0.12167189941712958,-0.21340310894027104,0.03146393742858211,-0.6024443537909433
T,polygnn_mini_DEBY_LOD2_4681422,synthetic_mini,evaluated,True,0.2022202001065108,0.3013576708908383,0.9573834300286435,1.4144270472565905,2.5320000000065193,-0.0004221517029396882,-0.007680835651332485,-0.0010887530690097957,2.1958848880343496e-05,-0.0004221517029396882,-0.007680835651332485,-0.0010887530690097957,2.1958848880343496e-05
T,polygnn_mini_DEBY_LOD2_4717633,synthetic_mini,evaluated,True,0.24588006205189322,0.25891617160535296,0.9703669961872241,0.38486994243447026,0.5310000000172295,-0.07169867396880408,-0.13438866426952056,0.012683672067747676,-0.09021602176677285,-0.07169867396880408,-0.13438866426952056,0.012683672067747676,-0.09021602176677285
T,polygnn_mini_DEBY_LOD2_4731695,synthetic_mini,evaluated,True,0.1841761872258448,0.09871322040222419,0.9766758465533597,0.17395570546342026,0.7349999999860302,-0.002678068620328905,-0.009420935572889894,0.0027014510671073966,-0.0023775536757749127,-0.002678068620328905,-0.009420935572889894,0.0027014510671073966,-0.0023775536757749127
T,polygnn_mini_DEBY_LOD2_4735908,synthetic_mini,evaluated,True,0.1829544688125595,0.11020134847991275,0.9765149719540963,0.15306577690698894,0.7030000000377186,-0.0035336620902221283,0.004426642107699413,0.0003879814358712652,-0.004749785935477119,-0.0035336620902221283,0.004426642107699413,0.0003879814358712652,-0.004749785935477119
T,polygnn_mini_DEBY_LOD2_4768530,synthetic_mini,evaluated,True,0.32929320601235806,0.4431550120648773,0.9164315355476564,0.29383837650622324,0.6720000000204891,-0.39003607293810033,-1.0088738288773194,0.085776057993594,-1.9214031826737132,-0.39003607293810033,-1.0088738288773194,0.085776057993594,-1.9214031826737132
T,polygnn_mini_DEBY_LOD2_4773826,synthetic_mini,evaluated,True,0.2163650632373489,0.3259395642563924,0.9656384368139792,0.43773418770493583,1.1709999999729916,-0.6931295339914385,-1.465579161759546,0.12074223935151296,-0.8627328371463294,-0.6931295339914385,-1.465579161759546,0.12074223935151296,-0.8627328371463294
T,polygnn_mini_DEBY_LOD2_4827110,synthetic_mini,evaluated,True,0.18181124885677624,0.06850633955068866,0.9798105398375077,0.07158667187324566,1.2179999999934807,-0.00048720827571713254,-0.010275061929958682,0.0019089985659335174,-0.005464420791861435,-0.00048720827571713254,-0.010275061929958682,0.0019089985659335174,-0.005464420791861435
T,polygnn_mini_DEBY_LOD2_4833066,synthetic_mini,evaluated,True,0.3001340179128018,0.33860479565839374,0.9663366426318946,0.4657657873892892,0.5470000000204891,,,,,-0.021027846496640024,-0.06045247090249428,0.0007988480490940253,-0.017054027530105542
T,polygnn_mini_DEBY_LOD2_4862505,synthetic_mini,evaluated,True,0.2574648396721595,0.4322575629031411,0.9245708213607704,0.27260052480771163,0.625,-0.22949990154101801,-0.7058781661017683,0.06694409635496001,-0.010836316378939337,-0.22949990154101801,-0.7058781661017683,0.06694409635496001,-0.010836316378939337
T,polygnn_mini_DEBY_LOD2_4869536,synthetic_mini,evaluated,True,0.299022294779423,0.3290365910702967,0.9651341767914698,0.4134500727812505,0.5470000000204891,,,,,-0.043061092838614534,-0.11691113054751123,0.01086268183776573,-0.022371776098792817
T,polygnn_mini_DEBY_LOD2_4870013,synthetic_mini,evaluated,True,0.22925850021366279,0.22348477077514195,0.9743445004654225,0.3284820818989777,0.6100000000442378,-0.0069215520097057615,-0.025795609871283598,0.004274460340027875,-0.006072704546534358,-0.0069215520097057615,-0.025795609871283598,0.004274460340027875,-0.006072704546534358
T,polygnn_mini_DEBY_LOD2_4901641,synthetic_mini,evaluated,True,0.2982132307130746,0.3873515188626147,0.9550376346495795,0.5987098814792743,0.6560000000172295,-0.19695597655305774,-0.6336544973442184,0.059917783059720175,-0.7774178504902435,-0.19695597655305774,-0.6336544973442184,0.059917783059720175,-0.7774178504902435
T,polygnn_mini_DEBY_LOD2_4914914,synthetic_mini,evaluated,True,0.40304980271747637,1.0257485992798592,0.8596884290402155,2.655252181352263,1.1719999999622814,-0.1469174030800503,-0.412720159548432,0.04768548403235606,-0.005127109079335224,-0.1469174030800503,-0.412720159548432,0.04768548403235606,-0.005127109079335224
T,polygnn_mini_DEBY_LOD2_4948910,synthetic_mini,evaluated,True,0.24737208352373824,0.2964100587980381,0.9500033731516977,0.162415531695007,0.7660000000032596,-0.09390603620967902,-0.1985472635193294,0.03342739616973456,-0.004548513508304264,-0.09390603620967902,-0.1985472635193294,0.03342739616973456,-0.004548513508304264
T,polygnn_mini_DEBY_LOD2_4967349,synthetic_mini,evaluated,True,0.2488826870315492,0.2127772269973475,0.964062734392423,0.12142765819833475,0.7660000000032596,0.0005226236967063869,0.011497592137418439,0.0006254253798326781,-0.0013520372190545388,0.0005226236967063869,0.011497592137418439,0.0006254253798326781,-0.0013520372190545388
T,polygnn_mini_DEBY_LOD2_5004510,synthetic_mini,evaluated,True,0.17919861576369678,0.12541464699349994,0.974359739119493,0.1352961274271915,0.7339999999967404,-0.02379792341722453,-0.045511727741451485,0.007884292122818493,-0.03242135331043017,-0.02379792341722453,-0.045511727741451485,0.007884292122818493,-0.03242135331043017
T,polygnn_mini_DEBY_LOD2_5055513,synthetic_mini,evaluated,True,0.16068181665356382,0.07845407519155814,0.9789694174716392,0.11320061418372886,0.9220000000204891,-0.005375417426025569,-0.018914255970674254,-0.00030463176092165867,-0.010810126487629385,-0.005375417426025569,-0.018914255970674254,-0.00030463176092165867,-0.010810126487629385
T,polygnn_mini_DEBY_LOD2_5056245,synthetic_mini,evaluated,True,0.5997427377215121,1.3682318400578235,0.7655009923551291,2.1698781968820904,1.5,-0.6781892703640653,-1.7526944594191196,0.11519722307653824,-0.05781888814929026,-0.6781892703640653,-1.7526944594191196,0.11519722307653824,-0.05781888814929026
T,polygnn_mini_DEBY_LOD2_5056401,synthetic_mini,evaluated,True,0.4791221366897162,1.3470839064121085,0.6452320120043156,1.1310440511270088,30.85999999998603,-0.10451725682543739,-0.2216360864697855,0.0004470445710612614,-0.0624017063812119,-0.10451725682543739,-0.2216360864697855,0.0004470445710612614,-0.0624017063812119
T,polygnn_mini_DEBY_LOD2_5092970,synthetic_mini,evaluated,True,0.15122342819885282,0.18708901361704722,0.943756668066337,0.11602358832803454,0.9070000000065193,-0.034762684149749534,-0.11949086023377553,0.0281531152778568,-0.004141820916564731,-0.034762684149749534,-0.11949086023377553,0.0281531152778568,-0.004141820916564731
T,polygnn_mini_DEBY_LOD2_5100005,synthetic_mini,evaluated,True,0.32182215893804234,0.47164557780565436,0.9280998727857414,0.3517340322666722,0.5310000000172295,,,,,-0.17287804321571087,-0.3993734531398238,0.05548467683011671,-0.028013577345708085
T,polygnn_mini_DEBY_LOD2_5137190,synthetic_mini,evaluated,True,0.1466525796617681,0.07390706500359161,0.9740981702884217,0.14616184924061776,0.7179999999934807,-0.005672326354900725,-0.025275608525182527,0.002840082603455807,-0.00035370722392141785,-0.005672326354900725,-0.025275608525182527,0.002840082603455807,-0.00035370722392141785
T,polygnn_mini_DEBY_LOD2_5142315,synthetic_mini,evaluated,True,0.17994487206917661,0.08144218910355674,0.9806812372218016,0.13324725301070958,0.6560000000172295,-0.0033486010917427034,-0.015281903507652211,0.0017024632481491553,-0.0027207048409088053,-0.0033486010917427034,-0.015281903507652211,0.0017024632481491553,-0.0027207048409088053
T,polygnn_mini_DEBY_LOD2_5184618,synthetic_mini,evaluated,True,0.45306660889171335,0.6797126750955274,0.8315968088368557,1.7458232948830144,1.2660000000032596,-0.19615648331676117,-1.0737248154111132,0.0834580731466501,-0.0481673420262394,-0.19615648331676117,-1.0737248154111132,0.0834580731466501,-0.0481673420262394
T,polygnn_mini_DEBY_LOD2_5184797,synthetic_mini,evaluated,True,0.16868848432177722,0.18051800624067754,0.9534881716000643,0.10157091721287083,1.452999999979511,-0.0362091817390143,-0.14423506899303434,0.022449492264681514,-0.002395389315687113,-0.0362091817390143,-0.14423506899303434,0.022449492264681514,-0.002395389315687113
T,polygnn_mini_DEBY_LOD2_5271709,synthetic_mini,evaluated,True,0.18566368626491525,0.19398891331228074,0.9676592410590726,0.2827108317738296,0.5629999999655411,-0.015605786931366161,-0.015902309746200938,0.0025219432502990857,-0.0018226953577960558,-0.015605786931366161,-0.015902309746200938,0.0025219432502990857,-0.0018226953577960558
T,polygnn_mini_DEBY_LOD2_5273475,synthetic_mini,evaluated,True,0.19268806452844772,0.20273448412212336,0.9702921590193662,0.35590333736855717,0.5149999999557622,,,,,-0.01260286855053197,0.0038382563455718888,-1.2598995603796403e-05,-0.001828109434035774
T,polygnn_mini_DEBY_LOD2_8573782,synthetic_mini,evaluated,True,0.37410767656975785,1.1148972033712397,0.7412166833887466,0.552128367293483,5.203000000037719,-0.00291324538877491,-0.00544011093230945,0.006153045670073354,-7.201370205822677e-06,-0.00291324538877491,-0.00544011093230945,0.006153045670073354,-7.201370205822677e-06
T,polygnn_mini_DEBY_LOD2_8573862,synthetic_mini,evaluated,True,1.0956743963224742,1.9703517639778854,0.6875619068192728,3.4986574123037775,1.9209999999729916,-0.6040676979463613,-1.4552618795651644,0.085321353991195,-0.31698859909681776,-0.6040676979463613,-1.4552618795651644,0.085321353991195,-0.31698859909681776
TK,point2building_00032_z41aca4f400000f6c,real_zurich,evaluated,True,2.0113760169465484,2.535918671601006,0.6415863309493639,0.18916335311835608,0.5630000000237487,0.0038418236716193377,0.008913558488571116,0.00022881971471078177,-0.006866657267557474,0.0038418236716193377,0.008913558488571116,0.00022881971471078177,-0.006866657267557474
TK,point2building_00089_z41ad26d300061d2a,real_zurich,evaluated,True,2.1213724075554805,2.7757278150072917,0.6448170115004306,0.4950434244901373,0.5320000000065193,-0.0010332572494937686,-0.0016903474829237375,0.00015160384025392215,-4.996003610813204e-16,-0.0010332572494937686,-0.0016903474829237375,0.00015160384025392215,-4.996003610813204e-16
TK,point2building_00612_z41afb9c5000028d4,real_zurich,evaluated,True,1.7876450895481237,2.6101666565770842,0.5428608098334248,0.3287140622661192,0.6089999999967404,-0.0009409374031095208,0.0003647675814617557,-0.000396206257164855,0.004487369625836346,-0.0009409374031095208,0.0003647675814617557,-0.000396206257164855,0.004487369625836346
TK,point2building_00828_z41aca4f400001a79,real_zurich,evaluated,True,1.0022997782772496,1.590089660667294,0.7840158240922985,0.09265621235434122,0.5630000000237487,1.1517224436818907e-05,0.00010952510026474016,4.201081286181463e-07,-9.112796869480133e-05,1.1517224436818907e-05,0.00010952510026474016,4.201081286181463e-07,-9.112796869480133e-05
TK,point2building_01020_z41af1c5900042690,real_zurich,evaluated,True,0.7700308022656746,1.1037972509799088,0.6788592368905356,0.05398210747955422,0.5459999999729916,-0.0007598392145172772,-0.0013390709904628206,0.00035153076108718206,-0.00271977225417374,-0.0007598392145172772,-0.0013390709904628206,0.00035153076108718206,-0.00271977225417374
TK,point2building_01182_z41ac39cc00001edd,real_zurich,evaluated,True,1.0049768553996676,1.3786042477017033,0.7520579022718099,0.09044260441493712,0.5620000000344589,-0.0008423455535839786,-0.0014911018021712685,0.0002001158737141573,-0.006331307520490104,-0.0008423455535839786,-0.0014911018021712685,0.0002001158737141573,-0.006331307520490104
TK,point2building_01226_z434cc37600000036,real_zurich,evaluated,True,1.7183860858811368,2.4914119471172533,0.6742381619245077,0.13491154552912354,0.5470000000204891,0.0015379994785906792,0.002953775913227208,-0.0005026536165445572,-0.008765082538928631,0.0015379994785906792,0.002953775913227208,-0.0005026536165445572,-0.008765082538928631
TK,point2building_01231_z43d783460000001b,real_zurich,evaluated,True,1.1828082326814906,1.9184931444951892,0.7441873309313948,0.4883933023843498,0.5150000000139698,0.0,0.0,0.0,0.0,0.0,0.0,0.0,0.0
TK,point2building_01232_z43d783d80000001d,real_zurich,evaluated,True,2.044222245758423,3.128366914661279,0.6820226021944509,0.53394654645906,0.5310000000172295,,,,,0.0,0.0,0.0,0.0
TK,point2building_01234_z43eaf3bb00000000,real_zurich,evaluated,True,1.0700624927599423,1.7230311525557807,0.7511960163561042,0.17583177175867407,0.5310000000172295,1.974488116562867e-06,-1.4179162739491602e-05,4.996388275835262e-05,0.0,1.974488116562867e-06,-1.4179162739491602e-05,4.996388275835262e-05,0.0
TK,point2building_01244_z45b11be700005ac6,real_zurich,evaluated,True,1.0670929264948437,1.5568881244644124,0.5890490925711074,0.23833839200828455,0.5469999999622814,-0.0012360297401199372,-0.001012954823289558,-0.0003203078030761253,0.006010714394262789,-0.0012360297401199372,-0.001012954823289558,-0.0003203078030761253,0.006010714394262789
TK,point2building_01496_z41acfcf900040363,real_zurich,evaluated,True,2.236710129622646,3.211879927045911,0.6294653330208198,0.4043870943410512,0.5309999999590218,-0.0015702180671905985,-0.0023427716592103742,0.000251011721196015,-4.996003610813204e-16,-0.0015702180671905985,-0.0023427716592103742,0.000251011721196015,-4.996003610813204e-16
TK,point2building_02062_z45b11b6e00004d35,real_zurich,evaluated,True,1.1741565011318142,1.8768557294517558,0.690693905264959,0.20987050324642703,0.5469999999622814,0.00026649136030076903,0.0006151200359290065,-9.498112518713242e-08,-5.950055872147586e-05,0.00026649136030076903,0.0006151200359290065,-9.498112518713242e-08,-5.950055872147586e-05
TK,point2building_02073_z45b11b6f00004d43,real_zurich,evaluated,True,2.0344068449872497,2.5291199902931805,0.5635784578278953,0.26496052317740176,0.5469999999622814,-0.0017946688123227084,-0.0010653330965886276,6.240856714745391e-07,0.005582427189283645,-0.0017946688123227084,-0.0010653330965886276,6.240856714745391e-07,0.005582427189283645
TK,point2building_02308_z45b11b8c000050a2,real_zurich,evaluated,True,1.2373456327681012,1.647124572097567,0.716138475627748,0.09801928536466159,0.5470000000204891,-0.00022996316936763073,-0.0002045388568334694,3.835673408891793e-07,-0.001154764760560728,-0.00022996316936763073,-0.0002045388568334694,3.835673408891793e-07,-0.001154764760560728
TK,point2building_02420_z4631e26b00000002,real_zurich,evaluated,True,0.42347098874062195,0.5087551405895614,0.8536397191548016,0.19430787215809645,0.5160000000032596,0.007447436212729253,0.0076058232444460305,-0.0006356799914143396,0.01614542236943106,0.007447436212729253,0.0076058232444460305,-0.0006356799914143396,0.01614542236943106
TK,point2building_02648_z478b924900000293,real_zurich,evaluated,True,0.9773072910613319,1.5508992682390565,0.8439874474497053,0.4479718886907218,0.5320000000065193,0.0004122298072073427,0.0006631249800532757,-0.00014792130384067015,0.0,0.0004122298072073427,0.0006631249800532757,-0.00014792130384067015,0.0
TK,point2building_02691_z45b11c0900005eba,real_zurich,evaluated,True,1.9278947780975408,3.229973952707555,0.6456590941156288,0.44398673868737126,0.5469999999622814,-7.66649718104695e-05,0.0006215514293708146,-9.588697251972089e-05,0.011898759630324163,-7.66649718104695e-05,0.0006215514293708146,-9.588697251972089e-05,0.011898759630324163
TK,point2building_02762_z478b924b00000309,real_zurich,evaluated,True,1.3769257314247727,2.1324016668803525,0.7503431638641784,0.44880205290524244,0.5160000000032596,0.0,0.0,0.0,0.0,0.0,0.0,0.0,0.0
TK,point2building_02842_z478b924d00000360,real_zurich,evaluated,True,0.8572392759815212,1.0425547712705001,0.7221047511125573,0.6878728851333039,0.5470000000204891,-0.0017269412866306455,-0.002107355494752161,-0.0004935073919836164,0.008350372167339803,-0.0017269412866306455,-0.002107355494752161,-0.0004935073919836164,0.008350372167339803
TK,point2building_02888_z5c37184f8d8a0056,real_zurich,evaluated,True,2.4656507981061218,3.400686314666204,0.4774076295455718,3.861787609889508,0.5470000000204891,0.0006757800628180988,0.0010640907570707014,-0.0001266969486066749,0.013942711322862955,0.0006757800628180988,0.0010640907570707014,-0.0001266969486066749,0.013942711322862955
TK,point2building_02926_z478b9252000004a9,real_zurich,evaluated,True,2.3009689833544194,3.015381049491449,0.5799177678616618,2.0266061880811264,0.5320000000065193,-0.001533437352758238,0.001795584216042645,-5.927932442784112e-05,5.1014061571041935e-05,-0.001533437352758238,0.001795584216042645,-5.927932442784112e-05,5.1014061571041935e-05
TK,point2building_03024_z4b29d97200000000,real_zurich,evaluated,True,0.7011738073179543,1.127978176484349,0.6534970602969763,0.7474205904694963,0.5320000000065193,0.0,0.0,0.0,0.0,0.0,0.0,0.0,0.0
TK,point2building_03060_z4cd103de00000004,real_zurich,evaluated,True,0.20603704113714766,0.4090960955779116,0.8551735365755263,0.0558648290024994,0.5470000000204891,0.0007104987690082498,0.0009191740815465699,0.0001407770979540146,-0.0015469759660189167,0.0007104987690082498,0.0009191740815465699,0.0001407770979540146,-0.0015469759660189167
TK,point2building_03096_z5061a3c42f350000,real_zurich,evaluated,True,0.5080716432821855,0.5769645714186533,0.8635514145692207,0.07305754066117282,0.5,0.0042314426988198095,0.004076190821443726,0.0003801238969154408,-0.0028895701894803005,0.0042314426988198095,0.004076190821443726,0.0003801238969154408,-0.0028895701894803005
TK,point2building_03120_z47050adb000005fd,real_zurich,evaluated,True,0.9252423655518205,1.2516178864382135,0.8048755259572232,0.27992021961532587,0.5619999999762513,-0.0020661229836345107,-0.016404808773468282,7.640933018859819e-06,-0.001172736647808148,-0.0020661229836345107,-0.016404808773468282,7.640933018859819e-06,-0.001172736647808148
TK,point2building_03177_z57b4146355ea0033,real_zurich,evaluated,True,1.379240907283066,1.834913303459078,0.6548112863783526,0.07576687128677805,0.5459999999729916,-0.0011112877557442058,-0.0016535233993675291,0.00024919260029943047,-0.001687460706992619,-0.0011112877557442058,-0.0016535233993675291,0.00024919260029943047,-0.001687460706992619
TK,point2building_03215_z47050ae1000007c1,real_zurich,evaluated,True,3.823949221534819,4.456584536473076,0.5677661110507299,0.18538731657456115,0.5160000000032596,-0.001051683278159743,-0.0013624711625803698,3.1298370133381326e-06,0.00743644590783607,-0.001051683278159743,-0.0013624711625803698,3.1298370133381326e-06,0.00743644590783607
TK,point2building_03331_z4c11dac00000001b,real_zurich,evaluated,True,0.14777391903068532,0.16281989386129064,0.8928297900585977,0.11067165003525699,0.5,0.0020823694586658004,0.0023083818441436976,-0.0005874622375749983,0.007467818725294256,0.0020823694586658004,0.0023083818441436976,-0.0005874622375749983,0.007467818725294256
TK,point2building_03541_z54fd6d3616b10066,real_zurich,evaluated,True,1.3597898986398465,1.962717576167181,0.7447091089285288,0.4268838558675,0.5160000000032596,-0.00199472147588442,-0.0030034588548786267,0.00044944038217875626,3.8138980862356675e-10,-0.00199472147588442,-0.0030034588548786267,0.00044944038217875626,3.8138980862356675e-10
TK,point2building_03584_z45b11bd100005843,real_zurich,evaluated,True,2.6997599679507878,3.9046576193786118,0.5676568577216723,0.44668595063535715,0.5459999999729916,-0.0003396542421598703,-0.0008700175136731048,6.072123674227825e-05,-0.0008444996590270537,-0.0003396542421598703,-0.0008700175136731048,6.072123674227825e-05,-0.0008444996590270537
TK,point2building_03749_z4756d98a00000752,real_zurich,evaluated,True,0.7155068635714555,0.9029697012087905,0.8423432007298446,0.06335691038626555,0.6410000000032596,0.003145260038178166,-6.844818714557555e-05,0.0030573624121373877,-0.0008890535541670463,0.003145260038178166,-6.844818714557555e-05,0.0030573624121373877,-0.0008890535541670463
TK,point2building_04146_z54feb0f4c2d60023,real_zurich,evaluated,True,1.3363976009486338,2.0608002473784657,0.7525029508393177,0.3897058055753244,0.5320000000065193,0.0006186966852208542,0.0005373152561944927,-0.00024995254126114475,5.034037076079301e-10,0.0006186966852208542,0.0005373152561944927,-0.00024995254126114475,5.034037076079301e-10
TK,point2building_04198_z4cf7a30100000000,real_zurich,evaluated,True,0.35459946189697633,0.5069022169881563,0.8742532755748498,0.1969009203375715,0.5160000000032596,9.182603988611149e-05,0.0001760499942600191,0.00010583095168148482,0.0002969925329395495,9.182603988611149e-05,0.0001760499942600191,0.00010583095168148482,0.0002969925329395495
TK,point2building_04264_z463f41f7000004a3,real_zurich,evaluated,True,1.7721308236566053,2.271454048568325,0.6450118263749275,0.08519220604254972,0.5149999999557622,0.000983061452257239,0.0011158847747272382,-0.0006427769986744325,-0.004409700750089091,0.000983061452257239,0.0011158847747272382,-0.0006427769986744325,-0.004409700750089091
TK,point2building_04435_z5aa795dc967900fa,real_zurich,evaluated,True,1.2387179760098381,2.3268080485518174,0.617215591524733,2.717398561072259,0.6100000000442378,0.0,0.0,0.0,0.0,0.0,0.0,0.0,0.0
TK,point2building_04499_z4961a69d00000000,real_zurich,evaluated,True,2.357194695564983,3.3196709824211137,0.43993183596163843,0.846416086247621,0.5630000000237487,5.58073021483807e-06,0.0005005254047070196,-8.672946728027764e-05,0.00472748302199455,5.58073021483807e-06,0.0005005254047070196,-8.672946728027764e-05,0.00472748302199455
TK,point2building_04700_z5cd2c7b8e3ae0027,real_zurich,evaluated,True,1.0434945041645567,1.610850882750575,0.7411295527673892,0.8668222892131975,0.6089999999967404,0.00230677185540884,-0.0005044961404387927,0.0006854570279813954,0.0016760946912127705,0.00230677185540884,-0.0005044961404387927,0.0006854570279813954,0.0016760946912127705
TK,polygnn_mini_DEBY_LOD2_104575493,synthetic_mini,evaluated,True,1.0370947407017714,2.1649336587184687,0.6539059622022146,1.0517429533886693,0.625,0.0,0.0,0.0,0.0,0.0,0.0,0.0,0.0
TK,polygnn_mini_DEBY_LOD2_18272204,synthetic_mini,evaluated,True,0.2384543913200474,0.2315014670140783,0.9747721947445961,0.2706885637637884,0.5780000000377186,0.0,0.0,0.0,0.0,0.0,0.0,0.0,0.0
TK,polygnn_mini_DEBY_LOD2_21464190,synthetic_mini,evaluated,True,0.7964770554977213,1.5110669398898269,0.833251343000809,3.9425000384834714,0.5779999999795109,,,,,0.0,0.0,0.0,0.0
TK,polygnn_mini_DEBY_LOD2_42758236,synthetic_mini,evaluated,True,0.35071461119424285,0.6570064403016115,0.954651579599521,0.8726755091985521,0.5320000000065193,0.0,0.0,0.0,0.0,0.0,0.0,0.0,0.0
TK,polygnn_mini_DEBY_LOD2_4322128,synthetic_mini,evaluated,True,0.2478053663255702,0.410790680385113,0.9411147987110122,0.28874179391907656,0.5779999999795109,0.0,0.0,0.0,0.0,0.0,0.0,0.0,0.0
TK,polygnn_mini_DEBY_LOD2_4374954,synthetic_mini,evaluated,True,0.1788146791315427,0.09668892636670498,0.9760960261459151,0.15257581961319708,0.6089999999967404,0.0,0.0,0.0,0.0,0.0,0.0,0.0,0.0
TK,polygnn_mini_DEBY_LOD2_4473468,synthetic_mini,evaluated,True,0.35428537628893253,0.5837151013468241,0.9057428491435326,2.0565176602849964,0.5,0.0,0.0,0.0,0.0,0.0,0.0,0.0,0.0
TK,polygnn_mini_DEBY_LOD2_4616699,synthetic_mini,evaluated,True,0.2545597537063012,0.2558331532355502,0.9697163469467667,0.34348438692757377,0.5309999999590218,0.0,0.0,0.0,0.0,0.0,0.0,0.0,0.0
TK,polygnn_mini_DEBY_LOD2_4620050,synthetic_mini,evaluated,True,0.28047788362206694,0.30279703367069954,0.9706385506024451,0.3381409426573357,0.5940000000409782,0.0,0.0,0.0,0.0,0.0,0.0,0.0,0.0
TK,polygnn_mini_DEBY_LOD2_4672969,synthetic_mini,evaluated,True,0.3075696852052071,0.37709103433904567,0.9580274897582075,0.5517981284819584,0.5619999999762513,,,,,,,,
TK,polygnn_mini_DEBY_LOD2_4677715,synthetic_mini,evaluated,True,0.31216807029189264,0.3404763055503158,0.9464795452043403,0.7522887916884492,0.6880000000237487,0.0006344076519766428,-6.528206896383448e-05,-0.0005774966000861026,3.774179524462795e-09,0.0006344076519766428,-6.528206896383448e-05,-0.0005774966000861026,3.774179524462795e-09
TK,polygnn_mini_DEBY_LOD2_4681422,synthetic_mini,evaluated,True,0.20264251572671124,0.3090378238927641,0.9584722146980429,1.4144270477982726,2.2660000000032596,1.6391726076481206e-07,-6.826494067246891e-07,3.160038963834211e-08,2.1959390562376058e-05,1.6391726076481206e-07,-6.826494067246891e-07,3.160038963834211e-08,2.1959390562376058e-05
TK,polygnn_mini_DEBY_LOD2_4717633,synthetic_mini,evaluated,True,0.3175787360206973,0.3933048358748735,0.9576833241194764,0.4750859642012431,0.5470000000204891,0.0,0.0,0.0,0.0,0.0,0.0,0.0,0.0
TK,polygnn_mini_DEBY_LOD2_4731695,synthetic_mini,evaluated,True,0.1868542558461737,0.10813415597511408,0.9739743954862523,0.17633325913919518,0.6410000000032596,0.0,0.0,0.0,0.0,0.0,0.0,0.0,0.0
TK,polygnn_mini_DEBY_LOD2_4735908,synthetic_mini,evaluated,True,0.18648813090278163,0.10577470637221334,0.976126990518225,0.15781556284246606,0.6089999999967404,0.0,0.0,0.0,0.0,0.0,0.0,0.0,0.0
TK,polygnn_mini_DEBY_LOD2_4768530,synthetic_mini,evaluated,True,0.7193292789504584,1.4520288409421966,0.8306554775540624,2.2152415591799364,0.6410000000032596,0.0,0.0,0.0,0.0,0.0,0.0,0.0,0.0
TK,polygnn_mini_DEBY_LOD2_4773826,synthetic_mini,evaluated,True,0.22683550692250862,0.38083146028840476,0.9602177403946712,0.6056228730154406,1.0939999999827705,-0.6826590903062787,-1.4106872657275336,0.11532154293220498,-0.6948441518358247,-0.6826590903062787,-1.4106872657275336,0.11532154293220498,-0.6948441518358247
TK,polygnn_mini_DEBY_LOD2_4827110,synthetic_mini,evaluated,True,0.18229845713249337,0.07878140148064734,0.9779015412715741,0.0770510926651071,1.0630000000237487,0.0,0.0,0.0,0.0,0.0,0.0,0.0,0.0
TK,polygnn_mini_DEBY_LOD2_4833066,synthetic_mini,evaluated,True,0.32116186440944183,0.399057266560888,0.9655377945828005,0.48281981491939474,0.5150000000139698,,,,,0.0,0.0,0.0,0.0
TK,polygnn_mini_DEBY_LOD2_4862505,synthetic_mini,evaluated,True,0.48710901563407727,1.1382031270797617,0.857623137980219,0.28387039398761205,0.6099999999860302,0.00014427442089975928,6.739807485223182e-05,-3.5870255913339477e-06,0.00043355280096107895,0.00014427442089975928,6.739807485223182e-05,-3.5870255913339477e-06,0.00043355280096107895
TK,polygnn_mini_DEBY_LOD2_4869536,synthetic_mini,evaluated,True,0.3420833876180375,0.44594772161780794,0.9542714949537041,0.4358218488800433,0.5160000000032596,,,,,0.0,0.0,0.0,0.0
TK,polygnn_mini_DEBY_LOD2_4870013,synthetic_mini,evaluated,True,0.23618005222336855,0.24928038064642555,0.9700700401253947,0.33455478644551206,0.5780000000377186,0.0,0.0,0.0,0.0,0.0,0.0,0.0,0.0
TK,polygnn_mini_DEBY_LOD2_4901641,synthetic_mini,evaluated,True,0.49516920726613234,1.021006016206833,0.8951198515898593,1.3761277319695178,0.625,0.0,0.0,0.0,0.0,0.0,0.0,0.0,0.0
TK,polygnn_mini_DEBY_LOD2_4914914,synthetic_mini,evaluated,True,0.5499672057975267,1.4384687588282912,0.8120029450078594,2.660379290431598,1.125,0.0,0.0,0.0,0.0,0.0,0.0,0.0,0.0
TK,polygnn_mini_DEBY_LOD2_4948910,synthetic_mini,evaluated,True,0.34127811973341726,0.4949573223173675,0.9165759769819631,0.16696404520331126,0.7189999999827705,0.0,0.0,0.0,0.0,0.0,0.0,0.0,0.0
TK,polygnn_mini_DEBY_LOD2_4967349,synthetic_mini,evaluated,True,0.2483600633348428,0.20127963485992906,0.9634373090125903,0.12277969541738928,0.6399999999557622,0.0,0.0,0.0,0.0,0.0,0.0,0.0,0.0
TK,polygnn_mini_DEBY_LOD2_5004510,synthetic_mini,evaluated,True,0.2029965391809213,0.17092637473495143,0.9664754469966745,0.16771748073762166,0.6570000000065193,0.0,0.0,0.0,0.0,0.0,0.0,0.0,0.0
TK,polygnn_mini_DEBY_LOD2_5055513,synthetic_mini,evaluated,True,0.16605683179226288,0.09747592266045874,0.9793964639792769,0.1241664730225771,0.8599999999860302,-4.0228732650637866e-07,0.00010759149822633929,0.00012241474671603747,0.0001557323512188652,-4.0228732650637866e-07,0.00010759149822633929,0.00012241474671603747,0.0001557323512188652
TK,polygnn_mini_DEBY_LOD2_5056245,synthetic_mini,evaluated,True,1.2779320080855774,3.120926299476943,0.6503037692785909,2.2276970850313806,1.4059999999590218,0.0,0.0,0.0,0.0,0.0,0.0,0.0,0.0
TK,polygnn_mini_DEBY_LOD2_5056401,synthetic_mini,evaluated,True,0.5790179328808659,1.566114720430113,0.6389509016188859,1.168880581354486,21.09399999998277,-0.0046214606342877,-0.0026052724517811043,-0.0058340658143684054,-0.024565176153734658,-0.0046214606342877,-0.0026052724517811043,-0.0058340658143684054,-0.024565176153734658
TK,polygnn_mini_DEBY_LOD2_5092970,synthetic_mini,evaluated,True,0.18598611234860235,0.30657987385082275,0.9156035527884802,0.12016540924459927,0.8599999999860302,0.0,0.0,0.0,0.0,0.0,0.0,0.0,0.0
TK,polygnn_mini_DEBY_LOD2_5100005,synthetic_mini,evaluated,True,0.4947002021537532,0.8710190309454782,0.8726151959556246,0.3797476096123803,0.5470000000204891,,,,,0.0,0.0,0.0,0.0
TK,polygnn_mini_DEBY_LOD2_5137190,synthetic_mini,evaluated,True,0.15232490601666882,0.09918267352877413,0.9712580876849659,0.14651555646453918,0.75,0.0,0.0,0.0,0.0,0.0,0.0,0.0,0.0
TK,polygnn_mini_DEBY_LOD2_5142315,synthetic_mini,evaluated,True,0.18329347316091932,0.09672409261120896,0.9789787739736524,0.1359679578516184,0.6100000000442378,0.0,0.0,0.0,0.0,0.0,0.0,0.0,0.0
TK,polygnn_mini_DEBY_LOD2_5184618,synthetic_mini,evaluated,True,0.6492230922084745,1.7534374905066406,0.7481387356902056,1.7939906369092538,1.2040000000270084,0.0,0.0,0.0,0.0,0.0,0.0,0.0,0.0
TK,polygnn_mini_DEBY_LOD2_5184797,synthetic_mini,evaluated,True,0.20489766606079152,0.3247530752337119,0.9310386793353828,0.10396630652855794,1.1869999999762513,0.0,0.0,0.0,0.0,0.0,0.0,0.0,0.0
TK,polygnn_mini_DEBY_LOD2_5271709,synthetic_mini,evaluated,True,0.2012694731962814,0.20989122305848168,0.9651372978087736,0.28453352713162566,0.5160000000032596,0.0,0.0,0.0,0.0,0.0,0.0,0.0,0.0
TK,polygnn_mini_DEBY_LOD2_5273475,synthetic_mini,evaluated,True,0.2052909330789797,0.19889622777655147,0.97030475801497,0.35773144680259295,0.5150000000139698,,,,,0.0,0.0,0.0,0.0
TK,polygnn_mini_DEBY_LOD2_8573782,synthetic_mini,evaluated,True,0.37702092195853276,1.120337314303549,0.7350636377186732,0.5521355686636888,5.061999999976251,0.0,0.0,0.0,0.0,0.0,0.0,0.0,0.0
TK,polygnn_mini_DEBY_LOD2_8573862,synthetic_mini,evaluated,True,1.6997420942688355,3.4256136435430498,0.6022405528280778,3.8156460114005952,1.7650000000139698,0.0,0.0,0.0,0.0,0.0,0.0,0.0,0.0
FULL,point2building_00032_z41aca4f400000f6c,real_zurich,evaluated,True,2.007534193274929,2.527005113112435,0.6413575112346531,0.19603001038591356,0.5630000000237487,0.0,0.0,0.0,0.0,0.0,0.0,0.0,0.0
FULL,point2building_00089_z41ad26d300061d2a,real_zurich,evaluated,True,2.1224056648049743,2.7774181624902154,0.6446654076601767,0.4950434244901378,0.5470000000204891,0.0,0.0,0.0,0.0,0.0,0.0,0.0,0.0
FULL,point2building_00612_z41afb9c5000028d4,real_zurich,evaluated,True,1.4522524313966643,2.0041984817693645,0.600108255241636,0.328466926924612,0.5929999999934807,-0.336333595554569,-0.6056034072262579,0.056851239151046395,0.004240234284329125,-0.336333595554569,-0.6056034072262579,0.056851239151046395,0.004240234284329125
FULL,point2building_00828_z41aca4f400001a79,real_zurich,evaluated,True,1.0022882610528128,1.5899801355670293,0.7840154039841699,0.09274734032303603,0.5309999999590218,0.0,0.0,0.0,0.0,0.0,0.0,0.0,0.0
FULL,point2building_01020_z41af1c5900042690,real_zurich,evaluated,True,0.7707906414801918,1.1051363219703716,0.6785077061294484,0.05670187973372796,0.5459999999729916,0.0,0.0,0.0,0.0,0.0,0.0,0.0,0.0
FULL,point2building_01182_z41ac39cc00001edd,real_zurich,evaluated,True,1.0058192009532516,1.3800953495038746,0.7518577863980958,0.09677391193542723,0.5310000000172295,0.0,0.0,0.0,0.0,0.0,0.0,0.0,0.0
FULL,point2building_01226_z434cc37600000036,real_zurich,evaluated,True,1.7168480864025462,2.488458171204026,0.6747408155410523,0.14367662806805218,0.5310000000172295,0.0,0.0,0.0,0.0,0.0,0.0,0.0,0.0
FULL,point2building_01231_z43d783460000001b,real_zurich,evaluated,True,1.1950276653828211,2.2610000531092744,0.7607299308849813,0.46254576811651904,0.5160000000032596,0.012219432701330524,0.3425069086140853,0.016542599953586534,-0.025847534267830763,0.012219432701330524,0.3425069086140853,0.016542599953586534,-0.025847534267830763
FULL,point2building_01232_z43d783d80000001d,real_zurich,evaluated,True,2.0820169258835475,3.506712001019019,0.7151784252861132,0.53394654645906,0.5160000000032596,,,,,0.03779468012512455,0.37834508635774,0.03315582309166232,0.0
FULL,point2building_01234_z43eaf3bb00000000,real_zurich,evaluated,True,1.0700605182718257,1.7230453317185201,0.7511460524733459,0.17583177175867407,0.5310000000172295,0.0,0.0,0.0,0.0,0.0,0.0,0.0,0.0
FULL,point2building_01244_z45b11be700005ac6,real_zurich,evaluated,True,1.0235609511217965,1.4290192422360477,0.6220111961074716,0.21739171580691613,0.5470000000204891,-0.04476800511316714,-0.12888183705165424,0.03264179573328807,-0.01493596180710563,-0.04476800511316714,-0.12888183705165424,0.03264179573328807,-0.01493596180710563
FULL,point2building_01496_z41acfcf900040363,real_zurich,evaluated,True,2.2382803476898365,3.2142226987051212,0.6292143212996237,0.4043870943410517,0.5310000000172295,0.0,0.0,0.0,0.0,0.0,0.0,0.0,0.0
FULL,point2building_02062_z45b11b6e00004d35,real_zurich,evaluated,True,1.1738900097715135,1.8762406094158268,0.6906940002460842,0.2099300038051485,0.5469999999622814,0.0,0.0,0.0,0.0,0.0,0.0,0.0,0.0
FULL,point2building_02073_z45b11b6f00004d43,real_zurich,evaluated,True,1.9946361689430878,2.3109411877927135,0.5960426033152066,0.20546094317465238,0.5309999999590218,-0.041565344856484554,-0.21924413559705558,0.03246476957298283,-0.053917152813465735,-0.041565344856484554,-0.21924413559705558,0.03246476957298283,-0.053917152813465735
FULL,point2building_02308_z45b11b8c000050a2,real_zurich,evaluated,True,1.2375755959374688,1.6473291109544004,0.7161380920604071,0.09917405012522232,0.5630000000237487,0.0,0.0,0.0,0.0,0.0,0.0,0.0,0.0
FULL,point2building_02420_z4631e26b00000002,real_zurich,evaluated,True,0.4292190549631918,0.5534529967877866,0.8623391492400687,0.1781624511864045,0.5470000000204891,0.0131955024352991,0.052303679442671225,0.00806375009385274,1.3977391188912947e-09,0.0131955024352991,0.052303679442671225,0.00806375009385274,1.3977391188912947e-09
FULL,point2building_02648_z478b924900000293,real_zurich,evaluated,True,0.9768950612541245,1.5502361432590033,0.844135368753546,0.4479718886907218,0.5320000000065193,0.0,0.0,0.0,0.0,0.0,0.0,0.0,0.0
FULL,point2building_02691_z45b11c0900005eba,real_zurich,evaluated,True,1.8721229321384811,3.183025859035051,0.6858285330244188,0.3428710612719245,0.5630000000237487,-0.05584851093087018,-0.04632654224313315,0.04007355193627027,-0.08921691778512258,-0.05584851093087018,-0.04632654224313315,0.04007355193627027,-0.08921691778512258
FULL,point2building_02762_z478b924b00000309,real_zurich,evaluated,True,1.3769257314247727,2.1324016668803525,0.7503431638641784,0.44880205290524244,0.5470000000204891,0.0,0.0,0.0,0.0,0.0,0.0,0.0,0.0
FULL,point2building_02842_z478b924d00000360,real_zurich,evaluated,True,0.9111636528482283,1.1519854862834626,0.7299021180718135,0.6795225113050479,0.5470000000204891,0.0521974355800765,0.10732335951821037,0.00730385956727253,-1.660916182366634e-09,0.0521974355800765,0.10732335951821037,0.00730385956727253,-1.660916182366634e-09
FULL,point2building_02888_z5c37184f8d8a0056,real_zurich,evaluated,True,2.3205842895119195,3.0956215726218845,0.5248051944623306,3.847889290339757,0.5630000000237487,-0.14439072853138413,-0.30400065128724885,0.047270867968152164,4.439177311210685e-05,-0.14439072853138413,-0.30400065128724885,0.047270867968152164,4.439177311210685e-05
FULL,point2building_02926_z478b9252000004a9,real_zurich,evaluated,True,2.3368175034898533,2.99903628234697,0.600302256871738,2.0460480801349115,0.6099999999860302,0.0343150827826757,-0.0145491829284361,0.020325209685648327,0.019492906115356146,0.0343150827826757,-0.0145491829284361,0.020325209685648327,0.019492906115356146
FULL,point2building_03024_z4b29d97200000000,real_zurich,evaluated,True,0.7011738073179543,1.127978176484349,0.6534970602969763,0.7474205904694963,0.5630000000237487,0.0,0.0,0.0,0.0,0.0,0.0,0.0,0.0
FULL,point2building_03060_z4cd103de00000004,real_zurich,evaluated,True,0.2053265423681394,0.40817692149636503,0.8550327594775723,0.05741180496851832,0.5320000000065193,0.0,0.0,0.0,0.0,0.0,0.0,0.0,0.0
FULL,point2building_03096_z5061a3c42f350000,real_zurich,evaluated,True,0.5038402005833656,0.5728883805972096,0.8631712906723052,0.07594711085065312,0.5,0.0,0.0,0.0,0.0,0.0,0.0,0.0,0.0
FULL,point2building_03120_z47050adb000005fd,real_zurich,evaluated,True,0.927308488535455,1.2680226952116818,0.8048678850242044,0.281092956263134,0.5929999999934807,0.0,0.0,0.0,0.0,0.0,0.0,0.0,0.0
FULL,point2building_03177_z57b4146355ea0033,real_zurich,evaluated,True,1.3803521950388102,1.8365668268584456,0.6545620937780532,0.07745433199377066,0.5459999999729916,0.0,0.0,0.0,0.0,0.0,0.0,0.0,0.0
FULL,point2building_03215_z47050ae1000007c1,real_zurich,evaluated,True,3.8314441188742285,4.473814503252196,0.5757290656935149,0.1750450776088907,0.5160000000032596,0.006443214061249591,0.015867495616539884,0.007966084479798297,-0.002905793057834366,0.006443214061249591,0.015867495616539884,0.007966084479798297,-0.002905793057834366
FULL,point2building_03331_z4c11dac00000001b,real_zurich,evaluated,True,0.14569154957201952,0.16051151201714695,0.8934172522961727,0.10320383130996273,0.5,0.0,0.0,0.0,0.0,0.0,0.0,0.0,0.0
FULL,point2building_03541_z54fd6d3616b10066,real_zurich,evaluated,True,1.3617846201157309,1.9657210350220595,0.7442596685463501,0.4268838554861102,0.5470000000204891,0.0,0.0,0.0,0.0,0.0,0.0,0.0,0.0
FULL,point2building_03584_z45b11bd100005843,real_zurich,evaluated,True,2.518016870894297,3.3669087153263524,0.6300291980876657,0.4274091948171091,0.5160000000032596,-0.1820827512986507,-0.5386189215659325,0.06243306160273565,-0.020121255477275113,-0.1820827512986507,-0.5386189215659325,0.06243306160273565,-0.020121255477275113
FULL,point2building_03749_z4756d98a00000752,real_zurich,evaluated,True,0.7123616035332774,0.9030381493959361,0.8392858383177072,0.0642459639404326,0.6560000000172295,0.0,0.0,0.0,0.0,0.0,0.0,0.0,0.0
FULL,point2building_04146_z54feb0f4c2d60023,real_zurich,evaluated,True,1.335778904263413,2.060262932122271,0.7527529033805789,0.3897058050719207,0.5160000000032596,0.0,0.0,0.0,0.0,0.0,0.0,0.0,0.0
FULL,point2building_04198_z4cf7a30100000000,real_zurich,evaluated,True,0.3546939930469294,0.4407368778005222,0.899529484226762,0.1966039300219517,0.5160000000032596,0.00018635718983917027,-0.0659892891933741,0.025382039603593753,2.2173197444796955e-09,0.00018635718983917027,-0.0659892891933741,0.025382039603593753,2.2173197444796955e-09
FULL,point2building_04264_z463f41f7000004a3,real_zurich,evaluated,True,1.771147762204348,2.2703381637935975,0.6456546033736019,0.08960190679263881,0.5,0.0,0.0,0.0,0.0,0.0,0.0,0.0,0.0
FULL,point2building_04435_z5aa795dc967900fa,real_zurich,evaluated,True,1.046836098193106,1.6867456122893278,0.6616807147864543,1.9965766333553403,0.5929999999934807,-0.19188187781673216,-0.6400624362624896,0.04446512326172125,-0.7208219277169188,-0.19188187781673216,-0.6400624362624896,0.04446512326172125,-0.7208219277169188
FULL,point2building_04499_z4961a69d00000000,real_zurich,evaluated,True,2.1281955901892182,2.692144474052416,0.49525666717083694,0.8414672722433109,0.5619999999762513,-0.22899352464555012,-0.6270259829639908,0.05523810174191823,-0.0002213309823155818,-0.22899352464555012,-0.6270259829639908,0.05523810174191823,-0.0002213309823155818
FULL,point2building_04700_z5cd2c7b8e3ae0027,real_zurich,evaluated,True,0.8525579701151128,1.0884283425819672,0.8102455397589544,0.7858841140527681,0.6400000000139698,-0.18862976219403504,-0.5229270363090466,0.06980144401954658,-0.07926208046921657,-0.18862976219403504,-0.5229270363090466,0.06980144401954658,-0.07926208046921657
FULL,polygnn_mini_DEBY_LOD2_104575493,synthetic_mini,evaluated,True,0.6696589335732566,1.0987600995927407,0.7618339349685495,0.9329890058689646,0.6709999999729916,-0.36743580712851487,-1.066173559125728,0.10792797276633481,-0.1187539475197047,-0.36743580712851487,-1.066173559125728,0.10792797276633481,-0.1187539475197047
FULL,polygnn_mini_DEBY_LOD2_18272204,synthetic_mini,evaluated,True,0.2384543913200474,0.2315014670140783,0.9747721947445961,0.2706885637637884,0.625,0.0,0.0,0.0,0.0,0.0,0.0,0.0,0.0
FULL,polygnn_mini_DEBY_LOD2_21464190,synthetic_mini,evaluated,True,0.7964770554977213,1.5110669398898269,0.833251343000809,3.9425000384834714,0.5470000000204891,,,,,0.0,0.0,0.0,0.0
FULL,polygnn_mini_DEBY_LOD2_42758236,synthetic_mini,evaluated,True,0.3439660133435253,0.5965993072386155,0.9591079444014041,0.6821217159121137,0.5320000000065193,-0.006748597850717575,-0.060407133062995944,0.004456364801883161,-0.1905537932864384,-0.006748597850717575,-0.060407133062995944,0.004456364801883161,-0.1905537932864384
FULL,polygnn_mini_DEBY_LOD2_4322128,synthetic_mini,evaluated,True,0.2478053663255702,0.410790680385113,0.9411147987110122,0.28874179391907656,0.5940000000409782,0.0,0.0,0.0,0.0,0.0,0.0,0.0,0.0
FULL,polygnn_mini_DEBY_LOD2_4374954,synthetic_mini,evaluated,True,0.1788146791315427,0.09668892636670498,0.9760960261459151,0.15257581961319708,0.8439999999827705,0.0,0.0,0.0,0.0,0.0,0.0,0.0,0.0
FULL,polygnn_mini_DEBY_LOD2_4473468,synthetic_mini,evaluated,True,0.35428537628893253,0.5837151013468241,0.9057428491435326,2.0565176602849964,0.5470000000204891,0.0,0.0,0.0,0.0,0.0,0.0,0.0,0.0
FULL,polygnn_mini_DEBY_LOD2_4616699,synthetic_mini,evaluated,True,0.2545597537063012,0.2558331532355502,0.9697163469467667,0.34348438692757377,0.5630000000237487,0.0,0.0,0.0,0.0,0.0,0.0,0.0,0.0
FULL,polygnn_mini_DEBY_LOD2_4620050,synthetic_mini,evaluated,True,0.28047788362206694,0.30279703367069954,0.9706385506024451,0.3381409426573357,0.5619999999762513,0.0,0.0,0.0,0.0,0.0,0.0,0.0,0.0
FULL,polygnn_mini_DEBY_LOD2_4672969,synthetic_mini,evaluated,True,0.30354161541863334,0.37763213702321974,0.958205236611185,0.5473494932772207,0.5459999999729916,,,,,,,,
FULL,polygnn_mini_DEBY_LOD2_4677715,synthetic_mini,evaluated,True,0.19681684982519548,0.13544333396420374,0.9770606700102878,0.1604742156854413,0.8279999999795109,-0.11471681281472051,-0.20509825365507592,0.030003628205861443,-0.5918145722288284,-0.11471681281472051,-0.20509825365507592,0.030003628205861443,-0.5918145722288284
FULL,polygnn_mini_DEBY_LOD2_4681422,synthetic_mini,evaluated,True,0.20264235180945048,0.3090385065421708,0.9584721830976533,1.4144050884077102,2.3589999999967404,0.0,0.0,0.0,0.0,0.0,0.0,0.0,0.0
FULL,polygnn_mini_DEBY_LOD2_4717633,synthetic_mini,evaluated,True,0.3175787360206973,0.3933048358748735,0.9576833241194764,0.4750859642012431,0.5779999999795109,0.0,0.0,0.0,0.0,0.0,0.0,0.0,0.0
FULL,polygnn_mini_DEBY_LOD2_4731695,synthetic_mini,evaluated,True,0.1868542558461737,0.10813415597511408,0.9739743954862523,0.17633325913919518,0.6410000000032596,0.0,0.0,0.0,0.0,0.0,0.0,0.0,0.0
FULL,polygnn_mini_DEBY_LOD2_4735908,synthetic_mini,evaluated,True,0.18648813090278163,0.10577470637221334,0.976126990518225,0.15781556284246606,0.625,0.0,0.0,0.0,0.0,0.0,0.0,0.0,0.0
FULL,polygnn_mini_DEBY_LOD2_4768530,synthetic_mini,evaluated,True,0.3462531158572499,0.44649630645205246,0.9134580037906902,0.2846184999438889,0.625,-0.3730761630932085,-1.0055325344901442,0.08280252623662776,-1.9306230592360474,-0.3730761630932085,-1.0055325344901442,0.08280252623662776,-1.9306230592360474
FULL,polygnn_mini_DEBY_LOD2_4773826,synthetic_mini,evaluated,True,0.21911534026751464,0.3192800525596229,0.9664536775746682,0.45393085121861465,1.2969999999622814,-0.6903792569612727,-1.4722386734563155,0.12155748011220191,-0.8465361736326507,-0.6903792569612727,-1.4722386734563155,0.12155748011220191,-0.8465361736326507
FULL,polygnn_mini_DEBY_LOD2_4827110,synthetic_mini,evaluated,True,0.18229845713249337,0.07878140148064734,0.9779015412715741,0.0770510926651071,1.0630000000237487,0.0,0.0,0.0,0.0,0.0,0.0,0.0,0.0
FULL,polygnn_mini_DEBY_LOD2_4833066,synthetic_mini,evaluated,True,0.32116186440944183,0.399057266560888,0.9655377945828005,0.48281981491939474,0.5,,,,,0.0,0.0,0.0,0.0
FULL,polygnn_mini_DEBY_LOD2_4862505,synthetic_mini,evaluated,True,0.2687379444639325,0.4349639625197856,0.9260982014581447,0.28834589151348766,0.6560000000172295,-0.218226796749245,-0.7031717664851238,0.06847147645233431,0.004909050326836695,-0.218226796749245,-0.7031717664851238,0.06847147645233431,0.004909050326836695
FULL,polygnn_mini_DEBY_LOD2_4869536,synthetic_mini,evaluated,True,0.3420833876180375,0.44594772161780794,0.9542714949537041,0.4358218488800433,0.5310000000172295,,,,,0.0,0.0,0.0,0.0
FULL,polygnn_mini_DEBY_LOD2_4870013,synthetic_mini,evaluated,True,0.23618005222336855,0.24928038064642555,0.9700700401253947,0.33455478644551206,0.5630000000237487,0.0,0.0,0.0,0.0,0.0,0.0,0.0,0.0
FULL,polygnn_mini_DEBY_LOD2_4901641,synthetic_mini,evaluated,True,0.3350444736170632,0.5111305912143005,0.9463307305235306,1.0031212481316696,0.6720000000204891,-0.16012473364906915,-0.5098754249925326,0.05121087893367127,-0.3730064838378482,-0.16012473364906915,-0.5098754249925326,0.05121087893367127,-0.3730064838378482
FULL,polygnn_mini_DEBY_LOD2_4914914,synthetic_mini,evaluated,True,0.4115120327151078,1.067760786736357,0.8562268014314904,2.6552583707850084,1.4380000000237487,-0.1384551730824189,-0.3707079720919342,0.044223856423631025,-0.005120919646589783,-0.1384551730824189,-0.3707079720919342,0.044223856423631025,-0.005120919646589783
FULL,polygnn_mini_DEBY_LOD2_4948910,synthetic_mini,evaluated,True,0.34127811973341726,0.4949573223173675,0.9165759769819631,0.16696404520331126,0.7810000000172295,0.0,0.0,0.0,0.0,0.0,0.0,0.0,0.0
FULL,polygnn_mini_DEBY_LOD2_4967349,synthetic_mini,evaluated,True,0.2483600633348428,0.20127963485992906,0.9634373090125903,0.12277969541738928,0.6709999999729916,0.0,0.0,0.0,0.0,0.0,0.0,0.0,0.0
FULL,polygnn_mini_DEBY_LOD2_5004510,synthetic_mini,evaluated,True,0.2029965391809213,0.17092637473495143,0.9664754469966745,0.16771748073762166,0.7040000000270084,0.0,0.0,0.0,0.0,0.0,0.0,0.0,0.0
FULL,polygnn_mini_DEBY_LOD2_5055513,synthetic_mini,evaluated,True,0.1660572340795894,0.0973683311622324,0.9792740492325609,0.12401074067135824,0.8119999999762513,0.0,0.0,0.0,0.0,0.0,0.0,0.0,0.0
FULL,polygnn_mini_DEBY_LOD2_5056245,synthetic_mini,evaluated,True,0.6180341145418891,1.4117297053924285,0.767749506128687,2.173444651376813,1.9219999999622814,-0.6598978935436883,-1.7091965940845146,0.11744573685009607,-0.05425243365456778,-0.6598978935436883,-1.7091965940845146,0.11744573685009607,-0.05425243365456778
FULL,polygnn_mini_DEBY_LOD2_5056401,synthetic_mini,evaluated,True,0.4862122237428079,1.4716218695502485,0.6326368691080294,1.1310503234192262,20.68700000003446,-0.09742716977234567,-0.09709812333164547,-0.012148098325224899,-0.062395434088994506,-0.09742716977234567,-0.09709812333164547,-0.012148098325224899,-0.062395434088994506
FULL,polygnn_mini_DEBY_LOD2_5092970,synthetic_mini,evaluated,True,0.18598611234860235,0.30657987385082275,0.9156035527884802,0.12016540924459927,0.8910000000032596,0.0,0.0,0.0,0.0,0.0,0.0,0.0,0.0
FULL,polygnn_mini_DEBY_LOD2_5100005,synthetic_mini,evaluated,True,0.35090000489954243,0.4965729920137553,0.9242657391146032,0.3777119893078545,0.5469999999622814,,,,,-0.14380019725421078,-0.37444603893172285,0.051650543158978546,-0.0020356203045258092
FULL,polygnn_mini_DEBY_LOD2_5137190,synthetic_mini,evaluated,True,0.15232490601666882,0.09918267352877413,0.9712580876849659,0.14651555646453918,0.7339999999967404,0.0,0.0,0.0,0.0,0.0,0.0,0.0,0.0
FULL,polygnn_mini_DEBY_LOD2_5142315,synthetic_mini,evaluated,True,0.18329347316091932,0.09672409261120896,0.9789787739736524,0.1359679578516184,0.6089999999967404,0.0,0.0,0.0,0.0,0.0,0.0,0.0,0.0
FULL,polygnn_mini_DEBY_LOD2_5184618,synthetic_mini,evaluated,True,0.4617003560406343,0.7647984789274808,0.8330028902682897,1.7462236241007123,1.5630000000237487,-0.1875227361678402,-0.9886390115791598,0.08486415457808405,-0.047767012808541454,-0.1875227361678402,-0.9886390115791598,0.08486415457808405,-0.047767012808541454
FULL,polygnn_mini_DEBY_LOD2_5184797,synthetic_mini,evaluated,True,0.20489766606079152,0.3247530752337119,0.9310386793353828,0.10396630652855794,1.172000000020489,0.0,0.0,0.0,0.0,0.0,0.0,0.0,0.0
FULL,polygnn_mini_DEBY_LOD2_5271709,synthetic_mini,evaluated,True,0.2012694731962814,0.20989122305848168,0.9651372978087736,0.28453352713162566,0.5160000000032596,0.0,0.0,0.0,0.0,0.0,0.0,0.0,0.0
FULL,polygnn_mini_DEBY_LOD2_5273475,synthetic_mini,evaluated,True,0.2052909330789797,0.19889622777655147,0.97030475801497,0.35773144680259295,0.5160000000032596,,,,,0.0,0.0,0.0,0.0
FULL,polygnn_mini_DEBY_LOD2_8573782,synthetic_mini,evaluated,True,0.37702092195853276,1.120337314303549,0.7350636377186732,0.5521355686636888,5.0,0.0,0.0,0.0,0.0,0.0,0.0,0.0,0.0
FULL,polygnn_mini_DEBY_LOD2_8573862,synthetic_mini,evaluated,True,0.9488578987885137,1.859091281903177,0.6572781595041939,2.9228316214560968,2.5619999999762513,-0.7508841954803218,-1.5665223616398727,0.055037606676116124,-0.8928143899444985,-0.7508841954803218,-1.5665223616398727,0.055037606676116124,-0.8928143899444985
Hoff,point2building_00032_z41aca4f400000f6c,real_zurich,evaluated,True,2.007534193274929,2.527005113112435,0.6413575112346531,0.19603001038591356,0.5320000000065193,0.0,0.0,0.0,0.0,0.0,0.0,0.0,0.0
Hoff,point2building_00089_z41ad26d300061d2a,real_zurich,evaluated,True,2.1224056648049743,2.7774181624902154,0.6446654076601767,0.4950434244901378,0.5160000000032596,0.0,0.0,0.0,0.0,0.0,0.0,0.0,0.0
Hoff,point2building_00612_z41afb9c5000028d4,real_zurich,evaluated,True,1.4522524313966643,2.0041984817693645,0.600108255241636,0.328466926924612,0.5939999999827705,-0.336333595554569,-0.6056034072262579,0.056851239151046395,0.004240234284329125,-0.336333595554569,-0.6056034072262579,0.056851239151046395,0.004240234284329125
Hoff,point2building_00828_z41aca4f400001a79,real_zurich,evaluated,True,1.0022882610528128,1.5899801355670293,0.7840154039841699,0.09274734032303603,0.5150000000139698,0.0,0.0,0.0,0.0,0.0,0.0,0.0,0.0
Hoff,point2building_01020_z41af1c5900042690,real_zurich,evaluated,True,0.7707906414801918,1.1051363219703716,0.6785077061294484,0.05670187973372796,0.5620000000344589,0.0,0.0,0.0,0.0,0.0,0.0,0.0,0.0
Hoff,point2building_01182_z41ac39cc00001edd,real_zurich,evaluated,True,1.0058192009532516,1.3800953495038746,0.7518577863980958,0.09677391193542723,0.5469999999622814,0.0,0.0,0.0,0.0,0.0,0.0,0.0,0.0
Hoff,point2building_01226_z434cc37600000036,real_zurich,evaluated,True,1.7168480864025462,2.488458171204026,0.6747408155410523,0.14367662806805218,0.5,0.0,0.0,0.0,0.0,0.0,0.0,0.0,0.0
Hoff,point2building_01231_z43d783460000001b,real_zurich,evaluated,True,1.1950276653828211,2.2610000531092744,0.7607299308849813,0.46254576811651904,0.5309999999590218,0.012219432701330524,0.3425069086140853,0.016542599953586534,-0.025847534267830763,0.012219432701330524,0.3425069086140853,0.016542599953586534,-0.025847534267830763
Hoff,point2building_01232_z43d783d80000001d,real_zurich,evaluated,True,2.0820169258835475,3.506712001019019,0.7151784252861132,0.53394654645906,0.5,,,,,0.03779468012512455,0.37834508635774,0.03315582309166232,0.0
Hoff,point2building_01234_z43eaf3bb00000000,real_zurich,evaluated,True,1.0700605182718257,1.7230453317185201,0.7511460524733459,0.17583177175867407,0.5,0.0,0.0,0.0,0.0,0.0,0.0,0.0,0.0
Hoff,point2building_01244_z45b11be700005ac6,real_zurich,evaluated,True,1.0235609511217965,1.4290192422360477,0.6220111961074716,0.21739171580691613,0.5310000000172295,-0.04476800511316714,-0.12888183705165424,0.03264179573328807,-0.01493596180710563,-0.04476800511316714,-0.12888183705165424,0.03264179573328807,-0.01493596180710563
Hoff,point2building_01496_z41acfcf900040363,real_zurich,evaluated,True,2.2382803476898365,3.2142226987051212,0.6292143212996237,0.4043870943410517,0.48399999999674037,0.0,0.0,0.0,0.0,0.0,0.0,0.0,0.0
Hoff,point2building_02062_z45b11b6e00004d35,real_zurich,evaluated,True,1.1738900097715135,1.8762406094158268,0.6906940002460842,0.2099300038051485,0.5309999999590218,0.0,0.0,0.0,0.0,0.0,0.0,0.0,0.0
Hoff,point2building_02073_z45b11b6f00004d43,real_zurich,evaluated,True,1.9946361689430878,2.3109411877927135,0.5960426033152066,0.20546094317465238,0.5160000000032596,-0.041565344856484554,-0.21924413559705558,0.03246476957298283,-0.053917152813465735,-0.041565344856484554,-0.21924413559705558,0.03246476957298283,-0.053917152813465735
Hoff,point2building_02308_z45b11b8c000050a2,real_zurich,evaluated,True,1.2375755959374688,1.6473291109544004,0.7161380920604071,0.09917405012522232,0.5939999999827705,0.0,0.0,0.0,0.0,0.0,0.0,0.0,0.0
Hoff,point2building_02420_z4631e26b00000002,real_zurich,evaluated,True,0.4292190549631918,0.5534529967877866,0.8623391492400687,0.1781624511864045,0.5779999999795109,0.0131955024352991,0.052303679442671225,0.00806375009385274,1.3977391188912947e-09,0.0131955024352991,0.052303679442671225,0.00806375009385274,1.3977391188912947e-09
Hoff,point2building_02648_z478b924900000293,real_zurich,evaluated,True,0.9768950612541245,1.5502361432590033,0.844135368753546,0.4479718886907218,0.5310000000172295,0.0,0.0,0.0,0.0,0.0,0.0,0.0,0.0
Hoff,point2building_02691_z45b11c0900005eba,real_zurich,evaluated,True,1.8721229321384811,3.183025859035051,0.6858285330244188,0.3428710612719245,0.5469999999622814,-0.05584851093087018,-0.04632654224313315,0.04007355193627027,-0.08921691778512258,-0.05584851093087018,-0.04632654224313315,0.04007355193627027,-0.08921691778512258
Hoff,point2building_02762_z478b924b00000309,real_zurich,evaluated,True,1.3769257314247727,2.1324016668803525,0.7503431638641784,0.44880205290524244,0.5320000000065193,0.0,0.0,0.0,0.0,0.0,0.0,0.0,0.0
Hoff,point2building_02842_z478b924d00000360,real_zurich,evaluated,True,0.9111636528482283,1.1519854862834626,0.7299021180718135,0.6795225113050479,0.5310000000172295,0.0521974355800765,0.10732335951821037,0.00730385956727253,-1.660916182366634e-09,0.0521974355800765,0.10732335951821037,0.00730385956727253,-1.660916182366634e-09
Hoff,point2building_02888_z5c37184f8d8a0056,real_zurich,evaluated,True,2.3205842895119195,3.0956215726218845,0.5248051944623306,3.847889290339757,0.5149999999557622,-0.14439072853138413,-0.30400065128724885,0.047270867968152164,4.439177311210685e-05,-0.14439072853138413,-0.30400065128724885,0.047270867968152164,4.439177311210685e-05
Hoff,point2building_02926_z478b9252000004a9,real_zurich,evaluated,True,2.3368175034898533,2.99903628234697,0.600302256871738,2.0460480801349115,0.5939999999827705,0.0343150827826757,-0.0145491829284361,0.020325209685648327,0.019492906115356146,0.0343150827826757,-0.0145491829284361,0.020325209685648327,0.019492906115356146
Hoff,point2building_03024_z4b29d97200000000,real_zurich,evaluated,True,0.7011738073179543,1.127978176484349,0.6534970602969763,0.7474205904694963,0.5310000000172295,0.0,0.0,0.0,0.0,0.0,0.0,0.0,0.0
Hoff,point2building_03060_z4cd103de00000004,real_zurich,evaluated,True,0.2053265423681394,0.40817692149636503,0.8550327594775723,0.05741180496851832,0.5310000000172295,0.0,0.0,0.0,0.0,0.0,0.0,0.0,0.0
Hoff,point2building_03096_z5061a3c42f350000,real_zurich,evaluated,True,0.5038402005833656,0.5728883805972096,0.8631712906723052,0.07594711085065312,0.4529999999795109,0.0,0.0,0.0,0.0,0.0,0.0,0.0,0.0
Hoff,point2building_03120_z47050adb000005fd,real_zurich,evaluated,True,0.927308488535455,1.2680226952116818,0.8048678850242044,0.281092956263134,0.5780000000377186,0.0,0.0,0.0,0.0,0.0,0.0,0.0,0.0
Hoff,point2building_03177_z57b4146355ea0033,real_zurich,evaluated,True,1.3803521950388102,1.8365668268584456,0.6545620937780532,0.07745433199377066,0.5620000000344589,0.0,0.0,0.0,0.0,0.0,0.0,0.0,0.0
Hoff,point2building_03215_z47050ae1000007c1,real_zurich,evaluated,True,3.8314441188742285,4.473814503252196,0.5757290656935149,0.1750450776088907,0.5,0.006443214061249591,0.015867495616539884,0.007966084479798297,-0.002905793057834366,0.006443214061249591,0.015867495616539884,0.007966084479798297,-0.002905793057834366
Hoff,point2building_03331_z4c11dac00000001b,real_zurich,evaluated,True,0.14569154957201952,0.16051151201714695,0.8934172522961727,0.10320383130996273,0.48399999999674037,0.0,0.0,0.0,0.0,0.0,0.0,0.0,0.0
Hoff,point2building_03541_z54fd6d3616b10066,real_zurich,evaluated,True,1.3617846201157309,1.9657210350220595,0.7442596685463501,0.4268838554861102,0.5310000000172295,0.0,0.0,0.0,0.0,0.0,0.0,0.0,0.0
Hoff,point2building_03584_z45b11bd100005843,real_zurich,evaluated,True,2.518016870894297,3.3669087153263524,0.6300291980876657,0.4274091948171091,0.5,-0.1820827512986507,-0.5386189215659325,0.06243306160273565,-0.020121255477275113,-0.1820827512986507,-0.5386189215659325,0.06243306160273565,-0.020121255477275113
Hoff,point2building_03749_z4756d98a00000752,real_zurich,evaluated,True,0.7123616035332774,0.9030381493959361,0.8392858383177072,0.0642459639404326,0.6089999999967404,0.0,0.0,0.0,0.0,0.0,0.0,0.0,0.0
Hoff,point2building_04146_z54feb0f4c2d60023,real_zurich,evaluated,True,1.335778904263413,2.060262932122271,0.7527529033805789,0.3897058050719207,0.5,0.0,0.0,0.0,0.0,0.0,0.0,0.0,0.0
Hoff,point2building_04198_z4cf7a30100000000,real_zurich,evaluated,True,0.3546939930469294,0.4407368778005222,0.899529484226762,0.1966039300219517,0.5,0.00018635718983917027,-0.0659892891933741,0.025382039603593753,2.2173197444796955e-09,0.00018635718983917027,-0.0659892891933741,0.025382039603593753,2.2173197444796955e-09
Hoff,point2building_04264_z463f41f7000004a3,real_zurich,evaluated,True,1.771147762204348,2.2703381637935975,0.6456546033736019,0.08960190679263881,0.5,0.0,0.0,0.0,0.0,0.0,0.0,0.0,0.0
Hoff,point2building_04435_z5aa795dc967900fa,real_zurich,evaluated,True,1.046836098193106,1.6867456122893278,0.6616807147864543,1.9965766333553403,0.6089999999967404,-0.19188187781673216,-0.6400624362624896,0.04446512326172125,-0.7208219277169188,-0.19188187781673216,-0.6400624362624896,0.04446512326172125,-0.7208219277169188
Hoff,point2building_04499_z4961a69d00000000,real_zurich,evaluated,True,2.1281955901892182,2.692144474052416,0.49525666717083694,0.8414672722433109,0.5160000000032596,-0.22899352464555012,-0.6270259829639908,0.05523810174191823,-0.0002213309823155818,-0.22899352464555012,-0.6270259829639908,0.05523810174191823,-0.0002213309823155818
Hoff,point2building_04700_z5cd2c7b8e3ae0027,real_zurich,evaluated,True,0.8525579701151128,1.0884283425819672,0.8102455397589544,0.7858841140527681,0.5940000000409782,-0.18862976219403504,-0.5229270363090466,0.06980144401954658,-0.07926208046921657,-0.18862976219403504,-0.5229270363090466,0.06980144401954658,-0.07926208046921657
Hoff,polygnn_mini_DEBY_LOD2_104575493,synthetic_mini,evaluated,True,0.6696589335732566,1.0987600995927407,0.7618339349685495,0.9329890058689646,0.6399999999557622,-0.36743580712851487,-1.066173559125728,0.10792797276633481,-0.1187539475197047,-0.36743580712851487,-1.066173559125728,0.10792797276633481,-0.1187539475197047
Hoff,polygnn_mini_DEBY_LOD2_18272204,synthetic_mini,evaluated,True,0.2384543913200474,0.2315014670140783,0.9747721947445961,0.2706885637637884,0.5940000000409782,0.0,0.0,0.0,0.0,0.0,0.0,0.0,0.0
Hoff,polygnn_mini_DEBY_LOD2_21464190,synthetic_mini,evaluated,True,0.7964770554977213,1.5110669398898269,0.833251343000809,3.9425000384834714,0.5160000000032596,,,,,0.0,0.0,0.0,0.0
Hoff,polygnn_mini_DEBY_LOD2_42758236,synthetic_mini,evaluated,True,0.3439660133435253,0.5965993072386155,0.9591079444014041,0.6821217159121137,0.5160000000032596,-0.006748597850717575,-0.060407133062995944,0.004456364801883161,-0.1905537932864384,-0.006748597850717575,-0.060407133062995944,0.004456364801883161,-0.1905537932864384
Hoff,polygnn_mini_DEBY_LOD2_4322128,synthetic_mini,evaluated,True,0.2478053663255702,0.410790680385113,0.9411147987110122,0.28874179391907656,0.5780000000377186,0.0,0.0,0.0,0.0,0.0,0.0,0.0,0.0
Hoff,polygnn_mini_DEBY_LOD2_4374954,synthetic_mini,evaluated,True,0.1788146791315427,0.09668892636670498,0.9760960261459151,0.15257581961319708,0.7029999999795109,0.0,0.0,0.0,0.0,0.0,0.0,0.0,0.0
Hoff,polygnn_mini_DEBY_LOD2_4473468,synthetic_mini,evaluated,True,0.35428537628893253,0.5837151013468241,0.9057428491435326,2.0565176602849964,0.5630000000237487,0.0,0.0,0.0,0.0,0.0,0.0,0.0,0.0
Hoff,polygnn_mini_DEBY_LOD2_4616699,synthetic_mini,evaluated,True,0.2545597537063012,0.2558331532355502,0.9697163469467667,0.34348438692757377,0.5469999999622814,0.0,0.0,0.0,0.0,0.0,0.0,0.0,0.0
Hoff,polygnn_mini_DEBY_LOD2_4620050,synthetic_mini,evaluated,True,0.28047788362206694,0.30279703367069954,0.9706385506024451,0.3381409426573357,0.5469999999622814,0.0,0.0,0.0,0.0,0.0,0.0,0.0,0.0
Hoff,polygnn_mini_DEBY_LOD2_4672969,synthetic_mini,evaluated,True,0.30354161541863334,0.37763213702321974,0.958205236611185,0.5473494932772207,0.5310000000172295,,,,,,,,
Hoff,polygnn_mini_DEBY_LOD2_4677715,synthetic_mini,evaluated,True,0.19681684982519548,0.13544333396420374,0.9770606700102878,0.1604742156854413,0.8129999999655411,-0.11471681281472051,-0.20509825365507592,0.030003628205861443,-0.5918145722288284,-0.11471681281472051,-0.20509825365507592,0.030003628205861443,-0.5918145722288284
Hoff,polygnn_mini_DEBY_LOD2_4681422,synthetic_mini,evaluated,True,0.20264235180945048,0.3090385065421708,0.9584721830976533,1.4144050884077102,2.2810000000172295,0.0,0.0,0.0,0.0,0.0,0.0,0.0,0.0
Hoff,polygnn_mini_DEBY_LOD2_4717633,synthetic_mini,evaluated,True,0.3175787360206973,0.3933048358748735,0.9576833241194764,0.4750859642012431,0.5310000000172295,0.0,0.0,0.0,0.0,0.0,0.0,0.0,0.0
Hoff,polygnn_mini_DEBY_LOD2_4731695,synthetic_mini,evaluated,True,0.1868542558461737,0.10813415597511408,0.9739743954862523,0.17633325913919518,0.6400000000139698,0.0,0.0,0.0,0.0,0.0,0.0,0.0,0.0
Hoff,polygnn_mini_DEBY_LOD2_4735908,synthetic_mini,evaluated,True,0.18648813090278163,0.10577470637221334,0.976126990518225,0.15781556284246606,0.6099999999860302,0.0,0.0,0.0,0.0,0.0,0.0,0.0,0.0
Hoff,polygnn_mini_DEBY_LOD2_4768530,synthetic_mini,evaluated,True,0.3462531158572499,0.44649630645205246,0.9134580037906902,0.2846184999438889,0.6099999999860302,-0.3730761630932085,-1.0055325344901442,0.08280252623662776,-1.9306230592360474,-0.3730761630932085,-1.0055325344901442,0.08280252623662776,-1.9306230592360474
Hoff,polygnn_mini_DEBY_LOD2_4773826,synthetic_mini,evaluated,True,0.21911534026751464,0.3192800525596229,0.9664536775746682,0.45393085121861465,1.25,-0.6903792569612727,-1.4722386734563155,0.12155748011220191,-0.8465361736326507,-0.6903792569612727,-1.4722386734563155,0.12155748011220191,-0.8465361736326507
Hoff,polygnn_mini_DEBY_LOD2_4827110,synthetic_mini,evaluated,True,0.18229845713249337,0.07878140148064734,0.9779015412715741,0.0770510926651071,1.062999999965541,0.0,0.0,0.0,0.0,0.0,0.0,0.0,0.0
Hoff,polygnn_mini_DEBY_LOD2_4833066,synthetic_mini,evaluated,True,0.32116186440944183,0.399057266560888,0.9655377945828005,0.48281981491939474,0.5,,,,,0.0,0.0,0.0,0.0
Hoff,polygnn_mini_DEBY_LOD2_4862505,synthetic_mini,evaluated,True,0.2687379444639325,0.4349639625197856,0.9260982014581447,0.28834589151348766,0.6720000000204891,-0.218226796749245,-0.7031717664851238,0.06847147645233431,0.004909050326836695,-0.218226796749245,-0.7031717664851238,0.06847147645233431,0.004909050326836695
Hoff,polygnn_mini_DEBY_LOD2_4869536,synthetic_mini,evaluated,True,0.3420833876180375,0.44594772161780794,0.9542714949537041,0.4358218488800433,0.5,,,,,0.0,0.0,0.0,0.0
Hoff,polygnn_mini_DEBY_LOD2_4870013,synthetic_mini,evaluated,True,0.23618005222336855,0.24928038064642555,0.9700700401253947,0.33455478644551206,0.5780000000377186,0.0,0.0,0.0,0.0,0.0,0.0,0.0,0.0
Hoff,polygnn_mini_DEBY_LOD2_4901641,synthetic_mini,evaluated,True,0.3350444736170632,0.5111305912143005,0.9463307305235306,1.0031212481316696,0.7029999999795109,-0.16012473364906915,-0.5098754249925326,0.05121087893367127,-0.3730064838378482,-0.16012473364906915,-0.5098754249925326,0.05121087893367127,-0.3730064838378482
Hoff,polygnn_mini_DEBY_LOD2_4914914,synthetic_mini,evaluated,True,0.4115120327151078,1.067760786736357,0.8562268014314904,2.6552583707850084,1.4369999999762513,-0.1384551730824189,-0.3707079720919342,0.044223856423631025,-0.005120919646589783,-0.1384551730824189,-0.3707079720919342,0.044223856423631025,-0.005120919646589783
Hoff,polygnn_mini_DEBY_LOD2_4948910,synthetic_mini,evaluated,True,0.34127811973341726,0.4949573223173675,0.9165759769819631,0.16696404520331126,0.7339999999967404,0.0,0.0,0.0,0.0,0.0,0.0,0.0,0.0
Hoff,polygnn_mini_DEBY_LOD2_4967349,synthetic_mini,evaluated,True,0.2483600633348428,0.20127963485992906,0.9634373090125903,0.12277969541738928,0.6559999999590218,0.0,0.0,0.0,0.0,0.0,0.0,0.0,0.0
Hoff,polygnn_mini_DEBY_LOD2_5004510,synthetic_mini,evaluated,True,0.2029965391809213,0.17092637473495143,0.9664754469966745,0.16771748073762166,0.7189999999827705,0.0,0.0,0.0,0.0,0.0,0.0,0.0,0.0
Hoff,polygnn_mini_DEBY_LOD2_5055513,synthetic_mini,evaluated,True,0.1660572340795894,0.0973683311622324,0.9792740492325609,0.12401074067135824,0.8130000000237487,0.0,0.0,0.0,0.0,0.0,0.0,0.0,0.0
Hoff,polygnn_mini_DEBY_LOD2_5056245,synthetic_mini,evaluated,True,0.6180341145418891,1.4117297053924285,0.767749506128687,2.173444651376813,1.797000000020489,-0.6598978935436883,-1.7091965940845146,0.11744573685009607,-0.05425243365456778,-0.6598978935436883,-1.7091965940845146,0.11744573685009607,-0.05425243365456778
Hoff,polygnn_mini_DEBY_LOD2_5056401,synthetic_mini,evaluated,True,0.4862122237428079,1.4716218695502485,0.6326368691080294,1.1310503234192262,19.780999999959022,-0.09742716977234567,-0.09709812333164547,-0.012148098325224899,-0.062395434088994506,-0.09742716977234567,-0.09709812333164547,-0.012148098325224899,-0.062395434088994506
Hoff,polygnn_mini_DEBY_LOD2_5092970,synthetic_mini,evaluated,True,0.18598611234860235,0.30657987385082275,0.9156035527884802,0.12016540924459927,0.8440000000409782,0.0,0.0,0.0,0.0,0.0,0.0,0.0,0.0
Hoff,polygnn_mini_DEBY_LOD2_5100005,synthetic_mini,evaluated,True,0.35090000489954243,0.4965729920137553,0.9242657391146032,0.3777119893078545,0.5459999999729916,,,,,-0.14380019725421078,-0.37444603893172285,0.051650543158978546,-0.0020356203045258092
Hoff,polygnn_mini_DEBY_LOD2_5137190,synthetic_mini,evaluated,True,0.15232490601666882,0.09918267352877413,0.9712580876849659,0.14651555646453918,0.75,0.0,0.0,0.0,0.0,0.0,0.0,0.0,0.0
Hoff,polygnn_mini_DEBY_LOD2_5142315,synthetic_mini,evaluated,True,0.18329347316091932,0.09672409261120896,0.9789787739736524,0.1359679578516184,0.6400000000139698,0.0,0.0,0.0,0.0,0.0,0.0,0.0,0.0
Hoff,polygnn_mini_DEBY_LOD2_5184618,synthetic_mini,evaluated,True,0.4617003560406343,0.7647984789274808,0.8330028902682897,1.7462236241007123,1.5780000000377186,-0.1875227361678402,-0.9886390115791598,0.08486415457808405,-0.047767012808541454,-0.1875227361678402,-0.9886390115791598,0.08486415457808405,-0.047767012808541454
Hoff,polygnn_mini_DEBY_LOD2_5184797,synthetic_mini,evaluated,True,0.20489766606079152,0.3247530752337119,0.9310386793353828,0.10396630652855794,1.1560000000172295,0.0,0.0,0.0,0.0,0.0,0.0,0.0,0.0
Hoff,polygnn_mini_DEBY_LOD2_5271709,synthetic_mini,evaluated,True,0.2012694731962814,0.20989122305848168,0.9651372978087736,0.28453352713162566,0.5,0.0,0.0,0.0,0.0,0.0,0.0,0.0,0.0
Hoff,polygnn_mini_DEBY_LOD2_5273475,synthetic_mini,evaluated,True,0.2052909330789797,0.19889622777655147,0.97030475801497,0.35773144680259295,0.4850000000442378,,,,,0.0,0.0,0.0,0.0
Hoff,polygnn_mini_DEBY_LOD2_8573782,synthetic_mini,evaluated,True,0.37702092195853276,1.120337314303549,0.7350636377186732,0.5521355686636888,5.077999999979511,0.0,0.0,0.0,0.0,0.0,0.0,0.0,0.0
Hoff,polygnn_mini_DEBY_LOD2_8573862,synthetic_mini,evaluated,True,0.9488578987885137,1.859091281903177,0.6572781595041939,2.9228316214560968,2.625,-0.7508841954803218,-1.5665223616398727,0.055037606676116124,-0.8928143899444985,-0.7508841954803218,-1.5665223616398727,0.055037606676116124,-0.8928143899444985
v051,point2building_00032_z41aca4f400000f6c,real_zurich,evaluated,False,2.0028128731916657,3.0763939575976256,0.6291531970176325,0.20536301658386527,1.1560000000172295,-0.004721320083263425,0.5493888444851907,-0.012204314217020618,0.009333006197951715,-0.004721320083263425,0.5493888444851907,-0.012204314217020618,0.009333006197951715
v051,point2building_00089_z41ad26d300061d2a,real_zurich,evaluated,True,2.3834908887994732,3.6358663141415715,0.4501849173395178,1.2987823532550051,0.625,0.26108522399449896,0.858448151651356,-0.19448049032065884,0.8037389287648673,0.26108522399449896,0.858448151651356,-0.19448049032065884,0.8037389287648673
v051,point2building_00612_z41afb9c5000028d4,real_zurich,evaluated,False,1.286370417694757,1.5674068085065747,0.6859027069019618,0.2132361565545277,1.0150000000139698,-0.5022156092564762,-1.0423950804890478,0.14264569081137213,-0.11099053608575515,-0.5022156092564762,-1.0423950804890478,0.14264569081137213,-0.11099053608575515
v051,point2building_00828_z41aca4f400001a79,real_zurich,evaluated,True,1.0092208979622908,1.6659234785376955,0.791723270323154,0.10597223672418703,0.5779999999795109,0.006932636909477985,0.07594334297066618,0.007707866338984126,0.013224896401151001,0.006932636909477985,0.07594334297066618,0.007707866338984126,0.013224896401151001
v051,point2building_01020_z41af1c5900042690,real_zurich,evaluated,True,0.7689947476653902,1.103583501294795,0.6838082989530905,0.057474848675404554,0.5779999999795109,-0.001795893814801608,-0.001552820675576605,0.005300592823642036,0.0007729689416765967,-0.001795893814801608,-0.001552820675576605,0.005300592823642036,0.0007729689416765967
v051,point2building_01182_z41ac39cc00001edd,real_zurich,evaluated,True,1.0482876130453165,1.5763671540414597,0.731523643103561,0.09225472504868465,0.6559999999590218,0.04246841209206487,0.19627180453758508,-0.020334143294534757,-0.004519186886742577,0.04246841209206487,0.19627180453758508,-0.020334143294534757,-0.004519186886742577
v051,point2building_01226_z434cc37600000036,real_zurich,evaluated,False,1.9395603996318842,3.242753129657668,0.6197209651784705,0.09966106230110056,0.6089999999967404,0.22271231322933804,0.754294958453642,-0.055019850362581724,-0.04401556576695162,0.22271231322933804,0.754294958453642,-0.055019850362581724,-0.04401556576695162
v051,point2building_01231_z43d783460000001b,real_zurich,evaluated,False,1.7912998624119791,3.1519427828969424,0.6978170702841975,0.3390844215691042,0.6089999999967404,0.6084916297304885,1.2334496384017533,-0.04637026064719729,-0.14930888081524563,0.6084916297304885,1.2334496384017533,-0.04637026064719729,-0.14930888081524563
v051,point2building_01232_z43d783d80000001d,real_zurich,evaluated,False,2.344816715707057,4.029787874305287,0.6132236781657963,0.4370118903678173,0.46899999998277053,,,,,0.30059446994863404,0.9014209596440077,-0.06879892402865462,-0.09693465609124274
v051,point2building_01234_z43eaf3bb00000000,real_zurich,evaluated,True,1.1705817486646701,2.2303762088543193,0.7410390762014447,0.1084986898454834,0.5779999999795109,0.10052123039284444,0.5073308771357992,-0.010106976271901158,-0.06733308191319066,0.10052123039284444,0.5073308771357992,-0.010106976271901158,-0.06733308191319066
v051,point2building_01244_z45b11be700005ac6,real_zurich,evaluated,True,0.9760268547360911,1.2277223422437697,0.6889512871735015,0.21034790007055687,0.5470000000204891,-0.09230210149887252,-0.3301787370439322,0.09958188679931801,-0.02197977754346489,-0.09230210149887252,-0.3301787370439322,0.09958188679931801,-0.02197977754346489
v051,point2building_01496_z41acfcf900040363,real_zurich,evaluated,False,2.489860300113367,3.9499522751929783,0.4394502519063254,1.0590476004135212,0.5929999999934807,0.25157995242353026,0.7357295764878571,-0.18976406939329832,0.6546605060724695,0.25157995242353026,0.7357295764878571,-0.18976406939329832,0.6546605060724695
v051,point2building_02062_z45b11b6e00004d35,real_zurich,evaluated,False,1.1253700087493181,1.4610842489830707,0.7517333456095907,0.17379812919525603,0.6089999999967404,-0.048520001022195336,-0.41515636043275617,0.061039345363506525,-0.03613187460989248,-0.048520001022195336,-0.41515636043275617,0.061039345363506525,-0.03613187460989248
v051,point2building_02073_z45b11b6f00004d43,real_zurich,evaluated,True,2.697880069006094,3.044936561236806,0.6273704086381315,0.17593049402534183,0.5470000000204891,0.6616785552065214,0.5147512378470367,0.06379257489590773,-0.08344760196277629,0.6616785552065214,0.5147512378470367,0.06379257489590773,-0.08344760196277629
v051,point2building_02308_z45b11b8c000050a2,real_zurich,evaluated,True,1.2632435241206015,1.9693199906097938,0.707824585882446,0.10929067392642342,0.5630000000237487,0.025667928183132682,0.3219908796553934,-0.008313506177961116,0.010116623801201097,0.025667928183132682,0.3219908796553934,-0.008313506177961116,0.010116623801201097
v051,point2building_02420_z4631e26b00000002,real_zurich,evaluated,False,0.7300951529915752,1.3699647730547375,0.5413565842219341,2.213473532469324,0.46899999998277053,0.31407160046368254,0.8688154557096222,-0.31291881492428186,2.035311082680659,0.31407160046368254,0.8688154557096222,-0.31291881492428186,2.035311082680659
v051,point2building_02648_z478b924900000293,real_zurich,evaluated,False,1.6562274327978423,3.352306340421508,0.708611563956866,0.22402168667399666,0.7959999999729916,0.6793323715437178,1.8020701971625046,-0.13552380479668003,-0.22395020201672514,0.6793323715437178,1.8020701971625046,-0.13552380479668003,-0.22395020201672514
v051,point2building_02691_z45b11c0900005eba,real_zurich,evaluated,False,2.1726572890430917,4.129932483799001,0.6233581309197523,0.33253767784876664,0.6410000000032596,0.24468584597374043,0.900580082520817,-0.02239685016839621,-0.09955030120828046,0.24468584597374043,0.900580082520817,-0.02239685016839621,-0.09955030120828046
v051,point2building_02762_z478b924b00000309,real_zurich,evaluated,False,1.3782345506535334,2.529559932115916,0.7475908209458997,0.21160299883877748,0.5630000000237487,0.0013088192287606937,0.3971582652355634,-0.0027523429182787496,-0.23719905406646496,0.0013088192287606937,0.3971582652355634,-0.0027523429182787496,-0.23719905406646496
v051,point2building_02842_z478b924d00000360,real_zurich,evaluated,False,0.978425849821313,1.2562343927039772,0.6683853940973729,0.5088307999169156,0.75,0.11945963255316117,0.2115722659387249,-0.054212864407168104,-0.1706917130490485,0.11945963255316117,0.2115722659387249,-0.054212864407168104,-0.1706917130490485
v051,point2building_02888_z5c37184f8d8a0056,real_zurich,evaluated,False,2.3880495658980125,3.218157697558543,0.5564556111006571,0.8855645776239283,0.5779999999795109,-0.07692545214529112,-0.1814645263505903,0.07892128460647863,-2.9622803209427166,-0.07692545214529112,-0.1814645263505903,0.07892128460647863,-2.9622803209427166
v051,point2building_02926_z478b9252000004a9,real_zurich,evaluated,False,2.6935397347220564,3.589970047576384,0.5230859800106915,0.8077712399340036,0.8439999999827705,0.39103731401487885,0.5763845823009777,-0.05689106717539816,-1.2187839340855517,0.39103731401487885,0.5763845823009777,-0.05689106717539816,-1.2187839340855517
v051,point2building_03024_z4b29d97200000000,real_zurich,evaluated,False,0.6469678706185471,0.9043452025687633,0.688737977614992,0.2843331390592137,0.6709999999729916,-0.05420593669940721,-0.2236329739155858,0.03524091731801571,-0.46308745141028257,-0.05420593669940721,-0.2236329739155858,0.03524091731801571,-0.46308745141028257
v051,point2building_03060_z4cd103de00000004,real_zurich,evaluated,True,0.18864361465758078,0.23185977703046123,0.9199199787981834,0.0700139337195695,0.5779999999795109,-0.016682927710558626,-0.1763171444659038,0.06488721932061114,0.012602128751051184,-0.016682927710558626,-0.1763171444659038,0.06488721932061114,0.012602128751051184
v051,point2building_03096_z5061a3c42f350000,real_zurich,failed,,,,,,1.077999999979511,,,,,,,,
v051,point2building_03120_z47050adb000005fd,real_zurich,evaluated,False,0.9404502946237366,2.7159966161977427,0.7923550306161072,0.17040276538056323,1.2179999999934807,0.013141806088281638,1.447973920986061,-0.01251285440809713,-0.11069019088257079,0.013141806088281638,1.447973920986061,-0.01251285440809713,-0.11069019088257079
v051,point2building_03177_z57b4146355ea0033,real_zurich,evaluated,True,1.3778443201148798,1.8443959431867958,0.6545435876501842,0.07739983470224998,0.5939999999827705,-0.002507874923930453,0.00782911632835015,-1.8506127869022393e-05,-5.4497291520683167e-05,-0.002507874923930453,0.00782911632835015,-1.8506127869022393e-05,-5.4497291520683167e-05
v051,point2building_03215_z47050ae1000007c1,real_zurich,evaluated,False,4.341105790590739,5.824416987730466,0.3992745292003236,0.8593155286209047,0.6880000000237487,0.5161048857777604,1.3664699800948092,-0.16848845201339302,0.6813646579541796,0.5161048857777604,1.3664699800948092,-0.16848845201339302,0.6813646579541796
v051,point2building_03331_z4c11dac00000001b,real_zurich,evaluated,True,0.15897300872190556,0.1923116725171021,0.9364455335618525,0.14392796283284262,0.48399999999674037,0.013281459149886043,0.031800160499955155,0.0430282812656797,0.04072413152287989,0.013281459149886043,0.031800160499955155,0.0430282812656797,0.04072413152287989
v051,point2building_03541_z54fd6d3616b10066,real_zurich,evaluated,False,1.7515103745377534,2.9796996508112703,0.5989281211176488,0.38452537650827473,0.7650000000139698,0.3897257544220225,1.0139786157892108,-0.14533154742870125,-0.042358478977835456,0.3897257544220225,1.0139786157892108,-0.14533154742870125,-0.042358478977835456
v051,point2building_03584_z45b11bd100005843,real_zurich,evaluated,False,3.808407390861838,4.7405203445428,0.49116849797532236,0.25707717081368,0.5470000000204891,1.1083077686688902,0.8349927076505148,-0.07642763850960765,-0.19045327948070423,1.1083077686688902,0.8349927076505148,-0.07642763850960765,-0.19045327948070423
v051,point2building_03749_z4756d98a00000752,real_zurich,evaluated,True,0.7909423257803928,1.0055956254100005,0.8335397296466966,0.05069499813027372,1.3280000000377186,0.07858072224711543,0.1025574760140644,-0.0057461086710105524,-0.013550965810158876,0.07858072224711543,0.1025574760140644,-0.0057461086710105524,-0.013550965810158876
v051,point2building_04146_z54feb0f4c2d60023,real_zurich,evaluated,False,1.5086005213236255,3.0686078908660086,0.6972120747249861,0.35715328553776776,0.5940000000409782,0.1728216170602126,1.0083449587437374,-0.05554082865559273,-0.032552519534152946,0.1728216170602126,1.0083449587437374,-0.05554082865559273,-0.032552519534152946
v051,point2building_04198_z4cf7a30100000000,real_zurich,evaluated,False,0.4024639157690407,1.5196971314075713,0.6476688421100291,0.5534037025029955,0.8439999999827705,0.047956279911950506,1.012970964413675,-0.22647860251313923,0.35679977469836355,0.047956279911950506,1.012970964413675,-0.22647860251313923,0.35679977469836355
v051,point2building_04264_z463f41f7000004a3,real_zurich,evaluated,False,2.071231378126625,2.7571203082123903,0.6463345625262427,0.1255174609480816,0.5160000000032596,0.30008361592227706,0.48678214441879275,0.0006799591526407411,0.0359155541554428,0.30008361592227706,0.48678214441879275,0.0006799591526407411,0.0359155541554428
v051,point2building_04435_z5aa795dc967900fa,real_zurich,evaluated,True,0.8223095005567631,1.2933951239840524,0.7310801656277092,1.4929948078805027,0.8589999999967404,-0.416408475453075,-1.033412924567765,0.11386457410297612,-1.2244037531917564,-0.416408475453075,-1.033412924567765,0.11386457410297612,-1.2244037531917564
v051,point2building_04499_z4961a69d00000000,real_zurich,evaluated,True,2.1751859559266027,2.455258804736219,0.49329258290107747,0.8337331758408378,0.46899999998277053,-0.18200315890816565,-0.8639116522801875,0.05327401747215876,-0.007955427384788605,-0.18200315890816565,-0.8639116522801875,0.05327401747215876,-0.007955427384788605
v051,point2building_04700_z5cd2c7b8e3ae0027,real_zurich,evaluated,False,0.9627716529283044,1.9137671897624369,0.7761647686883187,0.6081840974055771,1.8439999999827705,-0.0784160793808435,0.3024118108714231,0.0357206729489109,-0.2569620971164076,-0.0784160793808435,0.3024118108714231,0.0357206729489109,-0.2569620971164076
v051,polygnn_mini_DEBY_LOD2_104575493,synthetic_mini,evaluated,False,0.5006304940858188,1.073862457497175,0.7928253243422618,1.0426452439449212,1.2190000000409782,-0.5364642466159526,-1.0910712012212938,0.1389193621400472,-0.009097709443748103,-0.5364642466159526,-1.0910712012212938,0.1389193621400472,-0.009097709443748103
v051,polygnn_mini_DEBY_LOD2_18272204,synthetic_mini,evaluated,False,0.218170173263779,1.3647388514936505,0.9426655360379466,0.26786886511364916,1.7189999999827705,-0.0202842180562684,1.1332373844795722,-0.03210665870664953,-0.0028196986501392574,-0.0202842180562684,1.1332373844795722,-0.03210665870664953,-0.0028196986501392574
v051,polygnn_mini_DEBY_LOD2_21464190,synthetic_mini,evaluated,False,0.4936722249142511,1.3538634699190246,0.7960988490160041,0.8361588640512594,0.7820000000065193,,,,,-0.3028048305834702,-0.15720346997080226,-0.03715249398480491,-3.1063411744322122
v051,polygnn_mini_DEBY_LOD2_42758236,synthetic_mini,evaluated,False,0.22028728003935447,0.5374586212791446,0.9670004782580521,0.4073295429819605,0.6089999999967404,-0.1304273311548884,-0.11954781902246692,0.012348898658531171,-0.4653459662165916,-0.1304273311548884,-0.11954781902246692,0.012348898658531171,-0.4653459662165916
v051,polygnn_mini_DEBY_LOD2_4322128,synthetic_mini,evaluated,False,0.15664412019133644,0.9304786618157553,0.935810249792465,0.2569415983398316,1.4839999999967404,-0.09116124613423376,0.5196879814306423,-0.005304548918547258,-0.03180019557924496,-0.09116124613423376,0.5196879814306423,-0.005304548918547258,-0.03180019557924496
v051,polygnn_mini_DEBY_LOD2_4374954,synthetic_mini,evaluated,False,0.16310052315180953,0.1239611031020533,0.977596862663326,0.12629634331636033,1.9369999999762513,-0.015714155979733163,0.02727217673534832,0.0015008365174109528,-0.026279476296836746,-0.015714155979733163,0.02727217673534832,0.0015008365174109528,-0.026279476296836746
v051,polygnn_mini_DEBY_LOD2_4473468,synthetic_mini,evaluated,False,0.19136662208211122,0.7376777698977737,0.9405383252126769,0.32318351247880095,1.2810000000172295,-0.1629187542068213,0.15396266855094953,0.03479547606914424,-1.7333341478061954,-0.1629187542068213,0.15396266855094953,0.03479547606914424,-1.7333341478061954
v051,polygnn_mini_DEBY_LOD2_4616699,synthetic_mini,evaluated,False,0.20991661086613883,0.7063036201919665,0.9536504329929296,0.3363565774018406,1.3440000000409782,-0.04464314284016235,0.45047046695641624,-0.016065913953837052,-0.007127809525733164,-0.04464314284016235,0.45047046695641624,-0.016065913953837052,-0.007127809525733164
v051,polygnn_mini_DEBY_LOD2_4620050,synthetic_mini,evaluated,False,0.2129108261045212,0.717708195936083,0.9459208094053628,0.3320609547333281,1.422000000020489,-0.06756705751754574,0.4149111622653835,-0.024717741197082255,-0.006079987924007602,-0.06756705751754574,0.4149111622653835,-0.024717741197082255,-0.006079987924007602
v051,polygnn_mini_DEBY_LOD2_4672969,synthetic_mini,evaluated,True,0.29940445380495,0.9252118202556225,0.8722331652834739,0.5474529151361636,0.5470000000204891,,,,,,,,
v051,polygnn_mini_DEBY_LOD2_4677715,synthetic_mini,evaluated,False,0.22965769786595963,0.26387689754462207,0.9572486363833885,0.42534351341695553,2.062999999965541,-0.08187596477395637,-0.0766646900746576,0.010191594578962127,-0.32694527449731414,-0.08187596477395637,-0.0766646900746576,0.010191594578962127,-0.32694527449731414
v051,polygnn_mini_DEBY_LOD2_4681422,synthetic_mini,evaluated,True,0.19986332534250006,0.28896632029468666,0.9607133317591787,1.4156724473711197,17.375,-0.0027790264669504128,-0.020072186247484136,0.0022411486615254717,0.0012673589634095705,-0.0027790264669504128,-0.020072186247484136,0.0022411486615254717,0.0012673589634095705
v051,polygnn_mini_DEBY_LOD2_4717633,synthetic_mini,evaluated,False,0.2277374063262268,0.8708315653019861,0.9563333475968111,0.3803975007156123,0.8599999999860302,-0.0898413296944705,0.4775267294271126,-0.0013499765226653304,-0.09468846348563081,-0.0898413296944705,0.4775267294271126,-0.0013499765226653304,-0.09468846348563081
v051,polygnn_mini_DEBY_LOD2_4731695,synthetic_mini,evaluated,True,0.17597661523675312,0.06850844961157262,0.9766640249166461,0.16522263777002935,1.687000000034459,-0.010877640609420591,-0.03962570636354146,0.0026896294303937474,-0.011110621369165824,-0.010877640609420591,-0.03962570636354146,0.0026896294303937474,-0.011110621369165824
v051,polygnn_mini_DEBY_LOD2_4735908,synthetic_mini,evaluated,True,0.17253218443791402,0.04972294609374629,0.9781441079793407,0.13991982075121223,1.547000000020489,-0.013955946464867613,-0.05605176027846705,0.0020171174611156584,-0.01789574209125383,-0.013955946464867613,-0.05605176027846705,0.0020171174611156584,-0.01789574209125383
v051,polygnn_mini_DEBY_LOD2_4768530,synthetic_mini,evaluated,False,0.1744633434355894,0.7238784424322953,0.949523501952991,0.25664187141406936,1.3439999999827705,-0.5448659355148691,-0.7281503985099014,0.11886802439892852,-1.958599687765867,-0.5448659355148691,-0.7281503985099014,0.11886802439892852,-1.958599687765867
v051,polygnn_mini_DEBY_LOD2_4773826,synthetic_mini,evaluated,False,0.2025070227559379,0.6026865117442576,0.9693731622996407,0.31635593420807034,5.0939999999827705,-0.7069875744728494,-1.188832214271681,0.12447696483717441,-0.9841110906431949,-0.7069875744728494,-1.188832214271681,0.12447696483717441,-0.9841110906431949
v051,polygnn_mini_DEBY_LOD2_4827110,synthetic_mini,evaluated,True,0.1768779047665256,0.05331262710900608,0.9793014106468307,0.06282954643262129,5.046999999962281,-0.005420552365967779,-0.02546877437164126,0.0013998693752566016,-0.01422154623248581,-0.005420552365967779,-0.02546877437164126,0.0013998693752566016,-0.01422154623248581
v051,polygnn_mini_DEBY_LOD2_4833066,synthetic_mini,evaluated,True,0.26933581616802754,0.7458377849770684,0.9638193364089651,0.466501914858393,0.6410000000032596,,,,,-0.05182604824141429,0.3467805184161804,-0.0017184581738354243,-0.016317900061001755
v051,polygnn_mini_DEBY_LOD2_4862505,synthetic_mini,evaluated,False,0.18844185247114034,1.1101469510170785,0.9191153384918713,0.2840581608577589,1.922000000020489,-0.29852288874203714,-0.02798877798783095,0.06148861348606094,0.000621319671107956,-0.29852288874203714,-0.02798877798783095,0.06148861348606094,0.000621319671107956
v051,polygnn_mini_DEBY_LOD2_4869536,synthetic_mini,evaluated,False,0.24059730275879102,0.8345389268261626,0.9544539225860494,0.41071996358430707,0.7660000000032596,,,,,-0.10148608485924651,0.38859120520835466,0.00018242763234532777,-0.02510188529573626
v051,polygnn_mini_DEBY_LOD2_4870013,synthetic_mini,evaluated,False,0.21423909079314288,1.5930169379154189,0.9364267296357068,0.39438987246301904,1.6089999999967404,-0.02194096143022567,1.3437365572689934,-0.03364331048968783,0.05983508601750698,-0.02194096143022567,1.3437365572689934,-0.03364331048968783,0.05983508601750698
v051,polygnn_mini_DEBY_LOD2_4901641,synthetic_mini,evaluated,False,0.18199145297540265,1.2265786404480052,0.9513033802928896,0.2171334695752462,2.719000000040978,-0.3131777542907297,0.20557262424117217,0.05618352870303034,-1.1589942623942715,-0.3131777542907297,0.20557262424117217,0.05618352870303034,-1.1589942623942715
v051,polygnn_mini_DEBY_LOD2_4914914,synthetic_mini,evaluated,True,0.26707546863065,0.5961383157520397,0.9145109862799596,2.652170532253571,4.922000000020489,-0.28289173716687666,-0.8423304430762515,0.10250804127210023,-0.008208758178027242,-0.28289173716687666,-0.8423304430762515,0.10250804127210023,-0.008208758178027242
v051,polygnn_mini_DEBY_LOD2_4948910,synthetic_mini,evaluated,True,0.14875753890528942,0.04064884188996177,0.9793252344289882,0.1291359956792899,2.452999999979511,-0.19252058082812784,-0.45430848042740574,0.06274925744702509,-0.03782804952402136,-0.19252058082812784,-0.45430848042740574,0.06274925744702509,-0.03782804952402136
v051,polygnn_mini_DEBY_LOD2_4967349,synthetic_mini,evaluated,False,0.23864632638804512,0.2172770477260671,0.9652766727143308,0.12218956792112212,2.0,-0.009713736946797696,0.01599741286613804,0.0018393637017405373,-0.0005901274962671621,-0.009713736946797696,0.01599741286613804,0.0018393637017405373,-0.0005901274962671621
v051,polygnn_mini_DEBY_LOD2_5004510,synthetic_mini,evaluated,True,0.17494823397908704,0.11184766073840798,0.9750999637508269,0.14210405559230796,2.0,-0.028048305201834267,-0.05907871399654345,0.008624516754152323,-0.0256134251453137,-0.028048305201834267,-0.05907871399654345,0.008624516754152323,-0.0256134251453137
v051,polygnn_mini_DEBY_LOD2_5055513,synthetic_mini,evaluated,False,0.15149798832946354,1.037379813340208,0.9823458507361854,0.09623232099048538,4.297000000020489,-0.014559245750125849,0.9400114821779755,0.003071801503624516,-0.027778419680872857,-0.014559245750125849,0.9400114821779755,0.003071801503624516,-0.027778419680872857
v051,polygnn_mini_DEBY_LOD2_5056245,synthetic_mini,evaluated,True,0.4130841078940346,0.9474620295574304,0.7807604080241859,1.8506902009309756,7.672000000020489,-0.8648479001915428,-2.1734642699195126,0.130456638745595,-0.37700688410040506,-0.8648479001915428,-2.1734642699195126,0.130456638745595,-0.37700688410040506
v051,polygnn_mini_DEBY_LOD2_5056401,synthetic_mini,failed,,,,,,180.01600000000326,,,,,,,,
v051,polygnn_mini_DEBY_LOD2_5092970,synthetic_mini,evaluated,True,0.11567277730133008,0.04809295267817722,0.9700100687945707,0.08946142598920033,3.89000000001397,-0.07031333504727227,-0.25848692117264555,0.05440651600609059,-0.030703983255398942,-0.07031333504727227,-0.25848692117264555,0.05440651600609059,-0.030703983255398942
v051,polygnn_mini_DEBY_LOD2_5100005,synthetic_mini,evaluated,False,0.17894294239737119,0.8348867395995836,0.9203745270178726,0.3594467468169162,1.0459999999729916,,,,,-0.315757259756382,-0.036132291345894574,0.047759331062247945,-0.020300862795464114
v051,polygnn_mini_DEBY_LOD2_5137190,synthetic_mini,evaluated,True,0.14180902462369682,0.044849231834726985,0.975607461672868,0.142371320524713,2.297000000020489,-0.010515881392971993,-0.05433344169404715,0.004349373987902139,-0.004144235939826185,-0.010515881392971993,-0.05433344169404715,0.004349373987902139,-0.004144235939826185
v051,polygnn_mini_DEBY_LOD2_5142315,synthetic_mini,evaluated,False,0.16561159039780826,0.3420144375420039,0.9775328943795647,0.12380346453674096,1.5310000000172295,-0.017681882763111056,0.24529034493079493,-0.0014458795940877067,-0.012164493314877428,-0.017681882763111056,0.24529034493079493,-0.0014458795940877067,-0.012164493314877428
v051,polygnn_mini_DEBY_LOD2_5184618,synthetic_mini,evaluated,True,0.21520250158311802,0.22709673759345655,0.9245129265757102,1.741439017940254,6.23399999999674,-0.4340205906253565,-1.526340752913184,0.17637419088550454,-0.05255161896899985,-0.4340205906253565,-1.526340752913184,0.17637419088550454,-0.05255161896899985
v051,polygnn_mini_DEBY_LOD2_5184797,synthetic_mini,evaluated,True,0.13631665565466045,0.06499563569912624,0.9727187789899734,0.08916848408615421,6.23499999998603,-0.06858101040613107,-0.25975743953458563,0.04168009965459063,-0.014797822442403727,-0.06858101040613107,-0.25975743953458563,0.04168009965459063,-0.014797822442403727
v051,polygnn_mini_DEBY_LOD2_5271709,synthetic_mini,evaluated,False,0.17023459480950986,0.7547330841112724,0.9564328133130359,0.30487272230844015,0.7810000000172295,-0.031034878386771547,0.5448418610527908,-0.008704484495737685,0.020339195176814484,-0.031034878386771547,0.5448418610527908,-0.008704484495737685,0.020339195176814484
v051,polygnn_mini_DEBY_LOD2_5273475,synthetic_mini,evaluated,False,0.18156392768177096,0.8831785479536034,0.936312395537388,0.3598573525666637,0.9219999999622814,,,,,-0.023727005397208734,0.6842823201770519,-0.03399236247758197,0.0021259057640707346
v051,polygnn_mini_DEBY_LOD2_8573782,synthetic_mini,evaluated,False,0.1239511119134915,0.1214188709205753,0.9519213060093735,0.09329729514107782,46.81300000002375,-0.25306981004504125,-0.9989184433829739,0.2168576682907003,-0.45883827352261103,-0.25306981004504125,-0.9989184433829739,0.2168576682907003,-0.45883827352261103
v051,polygnn_mini_DEBY_LOD2_8573862,synthetic_mini,evaluated,False,0.2135287298961417,0.2199859933617317,0.9102619926590856,1.0378410625351913,9.60999999998603,-1.4862133643726938,-3.205627650181318,0.3080214398310078,-2.7778049488654037,-1.4862133643726938,-3.205627650181318,0.3080214398310078,-2.7778049488654037
Traw,point2building_00032_z41aca4f400000f6c,real_zurich,failed,,,,,,1.0630000000237487,,,,,,,,
Traw,point2building_00089_z41ad26d300061d2a,real_zurich,failed,,,,,,1.0,,,,,,,,
Traw,point2building_00612_z41afb9c5000028d4,real_zurich,failed,,,,,,1.0929999999934807,,,,,,,,
Traw,point2building_00828_z41aca4f400001a79,real_zurich,failed,,,,,,1.0,,,,,,,,
Traw,point2building_01020_z41af1c5900042690,real_zurich,failed,,,,,,1.0619999999762513,,,,,,,,
Traw,point2building_01182_z41ac39cc00001edd,real_zurich,failed,,,,,,1.1869999999762513,,,,,,,,
Traw,point2building_01226_z434cc37600000036,real_zurich,failed,,,,,,1.0619999999762513,,,,,,,,
Traw,point2building_01231_z43d783460000001b,real_zurich,failed,,,,,,1.0160000000032596,,,,,,,,
Traw,point2building_01232_z43d783d80000001d,real_zurich,failed,,,,,,1.047000000020489,,,,,,,,
Traw,point2building_01234_z43eaf3bb00000000,real_zurich,failed,,,,,,1.1089999999967404,,,,,,,,
Traw,point2building_01244_z45b11be700005ac6,real_zurich,failed,,,,,,1.1560000000172295,,,,,,,,
Traw,point2building_01496_z41acfcf900040363,real_zurich,failed,,,,,,1.0320000000065193,,,,,,,,
Traw,point2building_02062_z45b11b6e00004d35,real_zurich,failed,,,,,,1.0630000000237487,,,,,,,,
Traw,point2building_02073_z45b11b6f00004d43,real_zurich,failed,,,,,,1.1099999999860302,,,,,,,,
Traw,point2building_02308_z45b11b8c000050a2,real_zurich,failed,,,,,,1.125,,,,,,,,
Traw,point2building_02420_z4631e26b00000002,real_zurich,failed,,,,,,1.125,,,,,,,,
Traw,point2building_02648_z478b924900000293,real_zurich,failed,,,,,,1.3910000000032596,,,,,,,,
Traw,point2building_02691_z45b11c0900005eba,real_zurich,failed,,,,,,1.047000000020489,,,,,,,,
Traw,point2building_02762_z478b924b00000309,real_zurich,failed,,,,,,1.125,,,,,,,,
Traw,point2building_02842_z478b924d00000360,real_zurich,failed,,,,,,1.0630000000237487,,,,,,,,
Traw,point2building_02888_z5c37184f8d8a0056,real_zurich,failed,,,,,,1.0619999999762513,,,,,,,,
Traw,point2building_02926_z478b9252000004a9,real_zurich,failed,,,,,,1.1880000000237487,,,,,,,,
Traw,point2building_03024_z4b29d97200000000,real_zurich,failed,,,,,,1.062000000034459,,,,,,,,
Traw,point2building_03060_z4cd103de00000004,real_zurich,failed,,,,,,1.375,,,,,,,,
Traw,point2building_03096_z5061a3c42f350000,real_zurich,failed,,,,,,1.0619999999762513,,,,,,,,
Traw,point2building_03120_z47050adb000005fd,real_zurich,failed,,,,,,1.2040000000270084,,,,,,,,
Traw,point2building_03177_z57b4146355ea0033,real_zurich,failed,,,,,,1.077999999979511,,,,,,,,
Traw,point2building_03215_z47050ae1000007c1,real_zurich,failed,,,,,,1.0,,,,,,,,
Traw,point2building_03331_z4c11dac00000001b,real_zurich,failed,,,,,,1.0160000000032596,,,,,,,,
Traw,point2building_03541_z54fd6d3616b10066,real_zurich,failed,,,,,,1.25,,,,,,,,
Traw,point2building_03584_z45b11bd100005843,real_zurich,failed,,,,,,1.1880000000237487,,,,,,,,
Traw,point2building_03749_z4756d98a00000752,real_zurich,failed,,,,,,1.0929999999934807,,,,,,,,
Traw,point2building_04146_z54feb0f4c2d60023,real_zurich,failed,,,,,,1.0780000000377186,,,,,,,,
Traw,point2building_04198_z4cf7a30100000000,real_zurich,failed,,,,,,1.077999999979511,,,,,,,,
Traw,point2building_04264_z463f41f7000004a3,real_zurich,failed,,,,,,1.0,,,,,,,,
Traw,point2building_04435_z5aa795dc967900fa,real_zurich,failed,,,,,,1.0939999999827705,,,,,,,,
Traw,point2building_04499_z4961a69d00000000,real_zurich,failed,,,,,,1.0,,,,,,,,
Traw,point2building_04700_z5cd2c7b8e3ae0027,real_zurich,failed,,,,,,1.187999999965541,,,,,,,,
Traw,polygnn_mini_DEBY_LOD2_104575493,synthetic_mini,failed,,,,,,1.172000000020489,,,,,,,,
Traw,polygnn_mini_DEBY_LOD2_18272204,synthetic_mini,failed,,,,,,1.0469999999622814,,,,,,,,
Traw,polygnn_mini_DEBY_LOD2_21464190,synthetic_mini,failed,,,,,,1.0310000000172295,,,,,,,,
Traw,polygnn_mini_DEBY_LOD2_42758236,synthetic_mini,failed,,,,,,1.062999999965541,,,,,,,,
Traw,polygnn_mini_DEBY_LOD2_4322128,synthetic_mini,failed,,,,,,1.0469999999622814,,,,,,,,
Traw,polygnn_mini_DEBY_LOD2_4374954,synthetic_mini,failed,,,,,,1.0929999999934807,,,,,,,,
Traw,polygnn_mini_DEBY_LOD2_4473468,synthetic_mini,failed,,,,,,1.0630000000237487,,,,,,,,
Traw,polygnn_mini_DEBY_LOD2_4616699,synthetic_mini,failed,,,,,,1.202999999979511,,,,,,,,
Traw,polygnn_mini_DEBY_LOD2_4620050,synthetic_mini,failed,,,,,,1.1089999999967404,,,,,,,,
Traw,polygnn_mini_DEBY_LOD2_4672969,synthetic_mini,failed,,,,,,1.0,,,,,,,,
Traw,polygnn_mini_DEBY_LOD2_4677715,synthetic_mini,failed,,,,,,1.2030000000377186,,,,,,,,
Traw,polygnn_mini_DEBY_LOD2_4681422,synthetic_mini,failed,,,,,,1.6399999999557622,,,,,,,,
Traw,polygnn_mini_DEBY_LOD2_4717633,synthetic_mini,failed,,,,,,1.1089999999967404,,,,,,,,
Traw,polygnn_mini_DEBY_LOD2_4731695,synthetic_mini,failed,,,,,,1.0619999999762513,,,,,,,,
Traw,polygnn_mini_DEBY_LOD2_4735908,synthetic_mini,failed,,,,,,1.0780000000377186,,,,,,,,
Traw,polygnn_mini_DEBY_LOD2_4768530,synthetic_mini,failed,,,,,,1.1560000000172295,,,,,,,,
Traw,polygnn_mini_DEBY_LOD2_4773826,synthetic_mini,failed,,,,,,1.2339999999967404,,,,,,,,
Traw,polygnn_mini_DEBY_LOD2_4827110,synthetic_mini,failed,,,,,,1.2660000000032596,,,,,,,,
Traw,polygnn_mini_DEBY_LOD2_4833066,synthetic_mini,failed,,,,,,1.0310000000172295,,,,,,,,
Traw,polygnn_mini_DEBY_LOD2_4862505,synthetic_mini,failed,,,,,,1.1570000000065193,,,,,,,,
Traw,polygnn_mini_DEBY_LOD2_4869536,synthetic_mini,failed,,,,,,1.1100000000442378,,,,,,,,
Traw,polygnn_mini_DEBY_LOD2_4870013,synthetic_mini,failed,,,,,,1.0320000000065193,,,,,,,,
Traw,polygnn_mini_DEBY_LOD2_4901641,synthetic_mini,failed,,,,,,1.1099999999860302,,,,,,,,
Traw,polygnn_mini_DEBY_LOD2_4914914,synthetic_mini,failed,,,,,,1.2040000000270084,,,,,,,,
Traw,polygnn_mini_DEBY_LOD2_4948910,synthetic_mini,failed,,,,,,1.125,,,,,,,,
Traw,polygnn_mini_DEBY_LOD2_4967349,synthetic_mini,failed,,,,,,1.1869999999762513,,,,,,,,
Traw,polygnn_mini_DEBY_LOD2_5004510,synthetic_mini,failed,,,,,,1.0939999999827705,,,,,,,,
Traw,polygnn_mini_DEBY_LOD2_5055513,synthetic_mini,failed,,,,,,1.187000000034459,,,,,,,,
Traw,polygnn_mini_DEBY_LOD2_5056245,synthetic_mini,failed,,,,,,1.2820000000065193,,,,,,,,
Traw,polygnn_mini_DEBY_LOD2_5056401,synthetic_mini,failed,,,,,,8.40600000001723,,,,,,,,
Traw,polygnn_mini_DEBY_LOD2_5092970,synthetic_mini,failed,,,,,,1.125,,,,,,,,
Traw,polygnn_mini_DEBY_LOD2_5100005,synthetic_mini,failed,,,,,,1.1399999999557622,,,,,,,,
Traw,polygnn_mini_DEBY_LOD2_5137190,synthetic_mini,failed,,,,,,1.0780000000377186,,,,,,,,
Traw,polygnn_mini_DEBY_LOD2_5142315,synthetic_mini,failed,,,,,,1.1089999999967404,,,,,,,,
Traw,polygnn_mini_DEBY_LOD2_5184618,synthetic_mini,failed,,,,,,1.25,,,,,,,,
Traw,polygnn_mini_DEBY_LOD2_5184797,synthetic_mini,failed,,,,,,1.2190000000409782,,,,,,,,
Traw,polygnn_mini_DEBY_LOD2_5271709,synthetic_mini,failed,,,,,,1.0469999999622814,,,,,,,,
Traw,polygnn_mini_DEBY_LOD2_5273475,synthetic_mini,failed,,,,,,1.0150000000139698,,,,,,,,
Traw,polygnn_mini_DEBY_LOD2_8573782,synthetic_mini,failed,,,,,,2.73499999998603,,,,,,,,
Traw,polygnn_mini_DEBY_LOD2_8573862,synthetic_mini,failed,,,,,,1.4219999999622814,,,,,,,,
